timestamp,total_balance
2025-12-03T01:12:27.436657,1539.78320683
2025-12-03T01:13:28.773143,1537.11038664
2025-12-03T01:14:43.231900,1536.80945649
2025-12-03T01:15:44.479219,1535.10332180
2025-12-03T01:16:45.701388,1534.43065823
2025-12-03T01:17:46.986196,1534.12385029
2025-12-03T01:18:48.295063,1538.57060026
2025-12-03T01:19:49.555375,1537.09021368
2025-12-03T01:20:50.781369,1535.57923497
2025-12-03T01:21:52.028234,1522.02446153
2025-12-03T01:22:53.213392,1520.39338026
2025-12-03T01:23:54.488099,1522.54744574
2025-12-03T01:24:55.837376,1527.48991121
2025-12-03T01:25:57.058978,1527.68945833
2025-12-03T01:26:58.309380,1529.25470459
2025-12-03T01:27:59.618314,1528.62759513
2025-12-03T01:29:00.861424,1529.88098653
2025-12-03T01:30:02.138590,1531.62571072
2025-12-03T01:31:03.464158,1531.37923214
2025-12-03T01:32:04.654530,1526.13812100
2025-12-03T01:33:05.923788,1526.73251069
2025-12-03T01:34:07.189776,1525.20438998
2025-12-03T01:35:08.373227,1524.38206033
2025-12-03T01:36:09.664912,1523.87380075
2025-12-03T01:37:10.991700,1523.62909977
2025-12-03T01:38:12.230582,1520.61823355
2025-12-03T01:39:13.479412,1522.79869585
2025-12-03T01:40:14.754381,1523.97530599
2025-12-03T01:41:16.020609,1523.06502525
2025-12-03T01:42:17.289119,1523.93868731
2025-12-03T01:43:18.576027,1521.55075015
2025-12-03T01:44:19.829358,1518.79178934
2025-12-03T01:45:21.438976,1515.27713473
2025-12-03T01:46:22.739195,1513.39785657
2025-12-03T01:47:23.996455,1515.95267678
2025-12-03T01:48:25.467605,1515.98280694
2025-12-03T01:49:26.765375,1513.75050310
2025-12-03T01:50:28.013292,1514.58233761
2025-12-03T01:51:29.273355,1519.01996942
2025-12-03T01:52:30.547076,1520.43456011
2025-12-03T01:53:31.752479,1525.85762044
2025-12-03T01:54:33.058615,1523.02866557
2025-12-03T01:55:34.485371,1523.89366539
2025-12-03T01:56:35.718702,1522.62989047
2025-12-03T01:57:36.981377,1520.65330030
2025-12-03T01:58:38.221391,1520.27663108
2025-12-03T01:59:39.493381,1520.70167154
2025-12-03T02:00:40.783315,1519.51119250
2025-12-03T02:01:44.173430,1520.05010217
2025-12-03T02:02:45.413387,1518.04572660
2025-12-03T02:03:46.769846,1518.95488589
2025-12-03T02:04:48.045372,1520.41653418
2025-12-03T02:05:49.283195,1519.96528204
2025-12-03T02:06:50.549386,1519.25574221
2025-12-03T02:07:51.837746,1516.83995626
2025-12-03T02:08:53.075048,1518.15685080
2025-12-03T02:09:54.368307,1517.73030925
2025-12-03T02:10:55.665831,1514.27054682
2025-12-03T02:11:56.958077,1511.83389133
2025-12-03T02:12:58.197391,1514.00091615
2025-12-03T02:13:59.501318,1513.88232440
2025-12-03T02:15:00.747202,1510.45706784
2025-12-03T02:16:02.069373,1505.98445577
2025-12-03T02:17:03.347521,1508.02692765
2025-12-03T02:18:04.625263,1512.04276946
2025-12-03T02:19:05.877424,1513.95333369
2025-12-03T02:20:07.166947,1517.75186663
2025-12-03T02:21:08.418028,1517.29839244
2025-12-03T02:22:09.709369,1517.07953208
2025-12-03T02:23:11.010370,1517.03781605
2025-12-03T02:24:12.222375,1516.08666925
2025-12-03T02:25:13.487047,1514.80709866
2025-12-03T02:26:14.791066,1513.15342341
2025-12-03T02:27:16.045329,1512.57321530
2025-12-03T02:28:17.371434,1517.19328600
2025-12-03T02:29:18.677213,1518.51672098
2025-12-03T02:30:19.861394,1515.08554324
2025-12-03T02:31:21.144727,1515.09181592
2025-12-03T02:32:22.401052,1517.55418472
2025-12-03T02:33:23.629397,1523.40665617
2025-12-03T02:34:24.883403,1520.83211049
2025-12-03T02:35:26.136968,1519.52146404
2025-12-03T02:36:27.386171,1526.25901169
2025-12-03T02:37:28.637385,1525.59165372
2025-12-03T02:38:29.891646,1529.52227479
2025-12-03T02:39:31.093375,1529.13454497
2025-12-03T02:40:32.386522,1528.53762742
2025-12-03T02:41:33.634845,1525.07993784
2025-12-03T02:42:34.902655,1526.11144566
2025-12-03T02:43:36.149381,1526.89048395
2025-12-03T02:44:37.429816,1524.72731222
2025-12-03T02:45:38.690062,1522.01048358
2025-12-03T02:46:39.973651,1522.24769702
2025-12-03T02:47:41.269389,1522.00719673
2025-12-03T02:48:42.485393,1520.72494504
2025-12-03T02:49:43.725413,1519.09334638
2025-12-03T02:50:44.949378,1522.47476130
2025-12-03T02:51:46.230474,1524.57485675
2025-12-03T02:52:47.503983,1524.58022513
2025-12-03T02:53:48.739753,1525.97149863
2025-12-03T02:54:49.991747,1525.39625444
2025-12-03T02:55:51.237350,1524.68908820
2025-12-03T02:56:52.520892,1525.49297448
2025-12-03T02:57:53.861387,1526.16060859
2025-12-03T02:58:55.133375,1525.47816702
2025-12-03T02:59:56.426673,1527.52040447
2025-12-03T03:00:57.621406,1522.14298661
2025-12-03T03:01:58.869418,1524.97884844
2025-12-03T03:03:00.148372,1520.52755435
2025-12-03T03:04:01.365380,1519.86701985
2025-12-03T03:05:02.692318,1519.73423199
2025-12-03T03:06:03.968041,1519.19250386
2025-12-03T03:07:05.248147,1518.92729862
2025-12-03T03:08:06.541392,1519.39780751
2025-12-03T03:09:07.861394,1517.89316381
2025-12-03T03:10:09.078602,1517.78186367
2025-12-03T03:11:10.293379,1518.25852202
2025-12-03T03:12:11.565387,1517.22151269
2025-12-03T03:13:12.835411,1519.32656647
2025-12-03T03:14:14.141355,1522.75420678
2025-12-03T03:15:15.373978,1521.82286698
2025-12-03T03:16:16.597395,1521.94872283
2025-12-03T03:17:17.845419,1521.09776249
2025-12-03T03:18:19.112454,1523.20124618
2025-12-03T03:19:20.352163,1522.74164991
2025-12-03T03:20:21.589384,1521.66266771
2025-12-03T03:21:22.868090,1519.78926698
2025-12-03T03:22:24.125341,1521.36648879
2025-12-03T03:23:25.411651,1520.56144961
2025-12-03T03:24:26.698573,1521.81005718
2025-12-03T03:25:27.893407,1519.97629715
2025-12-03T03:26:29.149355,1519.96346291
2025-12-03T03:27:30.419231,1518.40207881
2025-12-03T03:28:31.692251,1516.96974883
2025-12-03T03:29:32.933368,1517.82340108
2025-12-03T03:30:34.197362,1517.43620060
2025-12-03T03:31:35.405375,1516.68934407
2025-12-03T03:32:36.638778,1517.77427746
2025-12-03T03:33:37.899103,1517.89861388
2025-12-03T03:34:39.092543,1517.77219544
2025-12-03T03:35:40.350308,1517.87128716
2025-12-03T03:36:41.623661,1513.40206759
2025-12-03T03:37:42.805360,1512.46896890
2025-12-03T03:38:44.071928,1515.00536155
2025-12-03T03:39:45.364078,1514.06593601
2025-12-03T03:40:46.600254,1514.38903309
2025-12-03T03:41:47.861385,1515.78419058
2025-12-03T03:42:49.091323,1515.56520952
2025-12-03T03:43:50.389883,1513.70159998
2025-12-03T03:44:51.675723,1513.75507997
2025-12-03T03:45:52.909371,1514.52806382
2025-12-03T03:46:54.123527,1514.04003692
2025-12-03T03:47:55.348717,1512.71355958
2025-12-03T03:48:56.611656,1513.06417306
2025-12-03T03:49:57.845416,1514.74942216
2025-12-03T03:50:59.112915,1517.85146289
2025-12-03T03:52:00.410312,1517.60094534
2025-12-03T03:53:01.719440,1517.48567212
2025-12-03T03:54:03.042611,1515.79086025
2025-12-03T03:55:04.296703,1516.06433189
2025-12-03T03:56:05.469378,1512.48120629
2025-12-03T03:57:06.788383,1515.45726444
2025-12-03T03:58:08.045364,1512.77344839
2025-12-03T03:59:09.304301,1511.61757925
2025-12-03T04:00:10.589320,1509.32624488
2025-12-03T04:01:11.851797,1506.99837475
2025-12-03T04:02:13.095185,1503.72899376
2025-12-03T04:03:14.311412,1501.20833336
2025-12-03T04:04:15.509376,1498.06809784
2025-12-03T04:05:16.726392,1503.53711058
2025-12-03T04:06:18.030476,1506.00686326
2025-12-03T04:07:19.295828,1504.76836042
2025-12-03T04:08:20.502524,1506.63101851
2025-12-03T04:09:21.693389,1506.23071686
2025-12-03T04:10:22.977654,1506.37411599
2025-12-03T04:11:24.242645,1505.88470882
2025-12-03T04:12:25.440290,1509.45879858
2025-12-03T04:13:26.717385,1509.98425145
2025-12-03T04:14:27.925372,1511.50478632
2025-12-03T04:15:29.167356,1511.02160651
2025-12-03T04:16:30.443942,1508.09206308
2025-12-03T04:17:31.637370,1505.11006293
2025-12-03T04:18:32.832876,1505.23722278
2025-12-03T04:19:34.045378,1505.19854209
2025-12-03T04:20:35.299717,1506.75865250
2025-12-03T04:21:36.565352,1505.30206315
2025-12-03T04:22:37.796900,1506.15758979
2025-12-03T04:23:39.048056,1505.44005091
2025-12-03T04:24:40.346533,1506.47546133
2025-12-03T04:25:41.589366,1506.05952805
2025-12-03T04:26:42.840003,1505.97273017
2025-12-03T04:27:44.085375,1508.52842606
2025-12-03T04:28:45.396828,1510.27614537
2025-12-03T04:29:46.676669,1508.63591106
2025-12-03T04:30:47.893391,1511.19127863
2025-12-03T04:31:49.129486,1509.85058650
2025-12-03T04:32:50.361683,1513.33038598
2025-12-03T04:33:51.629367,1515.85825202
2025-12-03T04:34:52.821370,1514.25316027
2025-12-03T04:35:54.029367,1511.93507881
2025-12-03T04:36:55.278627,1508.85051242
2025-12-03T04:37:56.501368,1509.22614635
2025-12-03T04:38:57.733375,1505.72947574
2025-12-03T04:39:58.981391,1505.63791791
2025-12-03T04:41:00.213029,1503.08294608
2025-12-03T04:42:01.453381,1501.24082117
2025-12-03T04:43:02.677368,1500.72178311
2025-12-03T04:44:03.925390,1499.74254358
2025-12-03T04:45:05.133399,1499.22735513
2025-12-03T04:46:06.397369,1495.44191579
2025-12-03T04:47:07.616050,1494.31544310
2025-12-03T04:48:08.853372,1494.35088634
2025-12-03T04:49:10.064750,1494.70213901
2025-12-03T04:50:11.310294,1495.37833625
2025-12-03T04:51:12.533367,1494.59580527
2025-12-03T04:52:13.813395,1493.96495650
2025-12-03T04:53:15.090241,1494.70626214
2025-12-03T04:54:16.285473,1494.03603695
2025-12-03T04:55:17.525377,1491.88390666
2025-12-03T04:56:18.757380,1493.63125779
2025-12-03T04:57:20.013694,1491.23461632
2025-12-03T04:58:21.300459,1493.49757578
2025-12-03T04:59:22.574299,1490.24831914
2025-12-03T05:00:23.823154,1491.14179225
2025-12-03T05:01:25.778393,1483.48933166
2025-12-03T05:02:27.071952,1483.39675690
2025-12-03T05:03:28.274841,1490.69544157
2025-12-03T05:04:29.517369,1484.13775182
2025-12-03T05:05:30.709384,1486.41345517
2025-12-03T05:06:31.975993,1492.78042544
2025-12-03T05:07:33.189368,1492.76287625
2025-12-03T05:08:34.412262,1494.24514780
2025-12-03T05:09:35.606379,1496.49886568
2025-12-03T05:10:36.885379,1493.38752229
2025-12-03T05:11:38.165363,1493.41267268
2025-12-03T05:12:39.420634,1489.26039685
2025-12-03T05:13:40.685423,1488.68424082
2025-12-03T05:14:41.894427,1490.15915155
2025-12-03T05:15:43.122625,1489.10785697
2025-12-03T05:16:44.381371,1485.61624319
2025-12-03T05:17:45.662756,1487.47213363
2025-12-03T05:18:46.869408,1487.90783006
2025-12-03T05:19:48.108373,1490.82366172
2025-12-03T05:20:49.405390,1489.33719381
2025-12-03T05:21:50.625646,1492.69738097
2025-12-03T05:22:51.861371,1491.57572719
2025-12-03T05:23:53.143876,1493.54705620
2025-12-03T05:24:54.380416,1495.90921250
2025-12-03T05:25:55.618898,1498.21375253
2025-12-03T05:26:56.853365,1498.55500412
2025-12-03T05:27:58.062040,1495.81848794
2025-12-03T05:28:59.317374,1493.83861286
2025-12-03T05:30:00.597739,1494.21805572
2025-12-03T05:31:01.845377,1494.22312096
2025-12-03T05:32:03.117417,1491.06558274
2025-12-03T05:33:04.351139,1490.70359207
2025-12-03T05:34:05.629639,1486.79262028
2025-12-03T05:35:06.901411,1488.58981787
2025-12-03T05:36:08.177608,1485.31688115
2025-12-03T05:37:09.409822,1487.00726084
2025-12-03T05:38:10.692627,1486.24559184
2025-12-03T05:39:11.947777,1487.06297536
2025-12-03T05:40:13.160336,1487.53258503
2025-12-03T05:41:14.447701,1488.89499779
2025-12-03T05:42:15.700693,1487.04770496
2025-12-03T05:43:16.869403,1487.21187101
2025-12-03T05:44:18.140153,1486.99979925
2025-12-03T05:45:19.341375,1485.53648250
2025-12-03T05:46:20.565362,1484.82313929
2025-12-03T05:47:21.815778,1481.35560910
2025-12-03T05:48:23.053380,1483.16684225
2025-12-03T05:49:24.309372,1487.59139064
2025-12-03T05:50:25.588939,1484.76821485
2025-12-03T05:51:26.821664,1486.85453527
2025-12-03T05:52:27.997357,1488.22468287
2025-12-03T05:53:29.237369,1490.69536895
2025-12-03T05:54:30.485364,1490.74155862
2025-12-03T05:55:31.748841,1488.12643443
2025-12-03T05:56:32.981369,1486.88098516
2025-12-03T05:57:34.276321,1485.05099629
2025-12-03T05:58:35.497931,1484.94826944
2025-12-03T05:59:36.733180,1486.66621402
2025-12-03T06:00:37.970876,1483.96400784
2025-12-03T06:01:39.853387,1483.58970581
2025-12-03T06:02:41.145559,1483.54505554
2025-12-03T06:03:42.431771,1483.56386508
2025-12-03T06:04:43.605370,1485.80243496
2025-12-03T06:05:44.853386,1491.16254411
2025-12-03T06:06:46.138199,1489.85504318
2025-12-03T06:07:47.333374,1492.05474635
2025-12-03T06:08:48.541391,1491.56733715
2025-12-03T06:09:49.765375,1491.94599833
2025-12-03T06:10:50.965367,1491.65106053
2025-12-03T06:11:52.224015,1491.54263517
2025-12-03T06:12:53.491009,1486.21777732
2025-12-03T06:13:54.709391,1487.85748219
2025-12-03T06:14:55.995939,1485.90801926
2025-12-03T06:15:57.269377,1487.76223333
2025-12-03T06:16:58.474937,1489.05809426
2025-12-03T06:17:59.755980,1491.71106293
2025-12-03T06:19:01.047124,1495.44934265
2025-12-03T06:20:02.253421,1500.95013846
2025-12-03T06:21:03.585094,1499.85535439
2025-12-03T06:22:04.864375,1498.78926137
2025-12-03T06:23:06.069388,1501.53357747
2025-12-03T06:24:07.282310,1502.62734312
2025-12-03T06:25:08.557377,1501.33317150
2025-12-03T06:26:09.789384,1501.36087160
2025-12-03T06:27:11.029384,1498.73302293
2025-12-03T06:28:12.313711,1498.78597568
2025-12-03T06:29:13.493386,1499.87605663
2025-12-03T06:30:14.725358,1503.94543630
2025-12-03T06:31:15.973364,1500.43348821
2025-12-03T06:32:17.237367,1496.40399574
2025-12-03T06:33:18.526840,1498.37116949
2025-12-03T06:34:19.804595,1499.01495479
2025-12-03T06:35:20.989380,1496.24957693
2025-12-03T06:36:22.250309,1499.50650353
2025-12-03T06:37:23.483399,1499.70858991
2025-12-03T06:38:24.671511,1497.53115297
2025-12-03T06:39:25.954449,1498.90006161
2025-12-03T06:40:27.209348,1499.45378254
2025-12-03T06:41:28.447226,1501.46566958
2025-12-03T06:42:29.711724,1500.95677120
2025-12-03T06:43:30.941350,1501.49575830
2025-12-03T06:44:32.177237,1503.97402553
2025-12-03T06:45:33.400305,1508.35940065
2025-12-03T06:46:34.681602,1509.80251884
2025-12-03T06:47:35.893375,1507.46304617
2025-12-03T06:48:37.178678,1509.04552113
2025-12-03T06:49:38.445373,1506.57761154
2025-12-03T06:50:39.716181,1504.14471628
2025-12-03T06:51:40.949379,1506.51531081
2025-12-03T06:52:42.237378,1506.14810218
2025-12-03T06:53:43.403372,1506.68919971
2025-12-03T06:54:44.653366,1504.51613293
2025-12-03T06:55:45.901369,1500.93640683
2025-12-03T06:56:47.141048,1500.18596189
2025-12-03T06:57:48.460603,1500.38217499
2025-12-03T06:58:49.729396,1499.01412662
2025-12-03T06:59:50.926253,1499.07556681
2025-12-03T07:00:52.245376,1499.80007369
2025-12-03T07:01:53.534559,1501.50424803
2025-12-03T07:02:54.741369,1500.95929865
2025-12-03T07:03:55.997382,1499.09128591
2025-12-03T07:04:57.280503,1496.70177350
2025-12-03T07:05:58.461373,1493.76735941
2025-12-03T07:06:59.720318,1494.94767320
2025-12-03T07:08:00.984225,1495.33545583
2025-12-03T07:09:02.245641,1493.20013396
2025-12-03T07:10:03.541377,1495.53014646
2025-12-03T07:11:04.855407,1497.08512396
2025-12-03T07:12:06.070800,1496.33502577
2025-12-03T07:13:07.308514,1496.30861228
2025-12-03T07:14:08.528237,1499.65104151
2025-12-03T07:15:09.717372,1500.19334744
2025-12-03T07:16:10.936250,1496.74103983
2025-12-03T07:17:12.173384,1497.20313029
2025-12-03T07:18:13.376318,1495.77437174
2025-12-03T07:19:14.685387,1499.16720309
2025-12-03T07:20:15.931624,1498.24229698
2025-12-03T07:21:17.135643,1498.79833161
2025-12-03T07:22:18.420403,1498.04154716
2025-12-03T07:23:19.696297,1498.36790151
2025-12-03T07:24:20.861379,1497.62821010
2025-12-03T07:25:22.069359,1499.10744974
2025-12-03T07:26:23.317396,1497.40626767
2025-12-03T07:27:24.509380,1499.78017882
2025-12-03T07:28:25.801950,1498.74944578
2025-12-03T07:29:27.128007,1497.58957908
2025-12-03T07:30:28.397375,1496.45101863
2025-12-03T07:31:29.652254,1497.40135380
2025-12-03T07:32:30.971327,1501.16593899
2025-12-03T07:33:32.181375,1501.73412808
2025-12-03T07:34:33.437968,1502.09373765
2025-12-03T07:35:34.700669,1500.13511221
2025-12-03T07:36:35.925371,1501.78008008
2025-12-03T07:37:37.148374,1499.98181109
2025-12-03T07:38:38.421376,1499.75559257
2025-12-03T07:39:39.622719,1500.17778762
2025-12-03T07:40:40.916225,1498.20332831
2025-12-03T07:41:42.140167,1498.45243283
2025-12-03T07:42:43.398733,1499.15051176
2025-12-03T07:43:44.644191,1501.02739293
2025-12-03T07:44:45.855855,1500.92303475
2025-12-03T07:45:47.091100,1500.85227125
2025-12-03T07:46:48.375325,1515.56042749
2025-12-03T07:47:49.657354,1511.80890164
2025-12-03T07:48:50.901397,1513.09321225
2025-12-03T07:49:52.085374,1513.84320423
2025-12-03T07:50:53.309370,1514.71613350
2025-12-03T07:51:54.553820,1513.63925232
2025-12-03T07:52:55.765369,1512.67960923
2025-12-03T07:53:57.044479,1513.08634753
2025-12-03T07:54:58.323245,1511.30410311
2025-12-03T07:55:59.560913,1513.98112516
2025-12-03T07:57:00.771989,1517.89899679
2025-12-03T07:58:02.069377,1514.70882009
2025-12-03T07:59:03.366982,1513.57605662
2025-12-03T08:00:04.584608,1516.34229225
2025-12-03T08:01:05.829265,1511.62849033
2025-12-03T08:02:07.125365,1511.70797961
2025-12-03T08:03:08.381400,1512.14213476
2025-12-03T08:04:09.605801,1514.52205842
2025-12-03T08:05:10.869436,1515.43146751
2025-12-03T08:06:12.117370,1518.02645265
2025-12-03T08:07:13.365347,1518.58204835
2025-12-03T08:08:14.625100,1520.04843767
2025-12-03T08:09:15.917369,1520.80005945
2025-12-03T08:10:17.125373,1517.83303881
2025-12-03T08:11:18.429375,1518.50622357
2025-12-03T08:12:19.712132,1517.52138105
2025-12-03T08:13:20.941387,1518.65188753
2025-12-03T08:14:22.159946,1526.58469986
2025-12-03T08:15:23.453378,1524.49684313
2025-12-03T08:16:24.719538,1529.77321175
2025-12-03T08:17:25.965374,1525.96538329
2025-12-03T08:18:27.245129,1522.32302167
2025-12-03T08:19:28.469217,1523.57051430
2025-12-03T08:20:29.787123,1525.06749767
2025-12-03T08:21:31.053929,1524.92271719
2025-12-03T08:22:32.285381,1525.73864970
2025-12-03T08:23:33.599034,1526.84434302
2025-12-03T08:24:34.865937,1525.56415190
2025-12-03T08:25:36.085369,1525.96972888
2025-12-03T08:26:37.307996,1529.39846197
2025-12-03T08:27:38.558141,1526.72628671
2025-12-03T08:28:39.804957,1529.60647028
2025-12-03T08:29:41.059281,1533.84396034
2025-12-03T08:30:42.336334,1541.14813525
2025-12-03T08:31:43.549363,1539.65434659
2025-12-03T08:32:44.833569,1543.42386057
2025-12-03T08:33:46.138195,1543.15423957
2025-12-03T08:34:47.357536,1543.70907003
2025-12-03T08:35:48.619964,1546.08330631
2025-12-03T08:36:49.907386,1548.60945388
2025-12-03T08:37:51.125381,1551.70760353
2025-12-03T08:38:52.420817,1549.77242218
2025-12-03T08:39:53.716650,1549.80353233
2025-12-03T08:40:54.959818,1549.99683664
2025-12-03T08:41:56.197385,1549.55953573
2025-12-03T08:42:57.435966,1553.44723026
2025-12-03T08:43:58.674427,1553.21089875
2025-12-03T08:44:59.925359,1555.24161236
2025-12-03T08:46:01.292222,1558.69763846
2025-12-03T08:47:02.485371,1557.99510536
2025-12-03T08:48:03.739106,1575.71757365
2025-12-03T08:49:05.005391,1573.53283404
2025-12-03T08:50:06.215855,1567.89698975
2025-12-03T08:51:07.517384,1568.64382687
2025-12-03T08:52:08.804772,1569.71999422
2025-12-03T08:53:10.065346,1567.45635921
2025-12-03T08:54:11.357444,1567.50716709
2025-12-03T08:55:12.629416,1570.34392691
2025-12-03T08:56:13.845376,1565.62666904
2025-12-03T08:57:15.093430,1567.02511537
2025-12-03T08:58:16.307523,1572.16932065
2025-12-03T08:59:17.541857,1572.02983423
2025-12-03T09:00:18.832344,1565.72547971
2025-12-03T09:01:20.779177,1565.43160409
2025-12-03T09:02:21.992588,1558.22444982
2025-12-03T09:03:23.283417,1559.96250501
2025-12-03T09:04:24.533370,1555.76987010
2025-12-03T09:05:25.725381,1556.98550149
2025-12-03T09:06:26.965372,1557.68428321
2025-12-03T09:07:28.258891,1559.08658078
2025-12-03T09:08:29.479376,1555.26257827
2025-12-03T09:09:30.701394,1554.85204773
2025-12-03T09:10:32.001350,1556.16968552
2025-12-03T09:11:33.205387,1558.69920949
2025-12-03T09:12:34.413383,1560.82896864
2025-12-03T09:13:35.614138,1558.30169246
2025-12-03T09:14:36.885376,1557.70578092
2025-12-03T09:15:38.138219,1560.60667802
2025-12-03T09:16:39.400042,1561.61498482
2025-12-03T09:17:40.612542,1560.00074153
2025-12-03T09:18:41.877410,1560.54137464
2025-12-03T09:19:43.101388,1557.35156341
2025-12-03T09:20:44.354677,1558.45005335
2025-12-03T09:21:45.637474,1557.47059101
2025-12-03T09:22:46.869370,1556.15247323
2025-12-03T09:23:48.125075,1555.62915314
2025-12-03T09:24:49.374830,1553.90295850
2025-12-03T09:25:50.660214,1551.24599172
2025-12-03T09:26:51.933183,1552.29988137
2025-12-03T09:27:53.149377,1552.77399974
2025-12-03T09:28:54.394746,1551.40499058
2025-12-03T09:29:55.661382,1549.64342762
2025-12-03T09:30:56.917364,1553.38896043
2025-12-03T09:31:58.173378,1551.35490897
2025-12-03T09:32:59.335317,1553.03732229
2025-12-03T09:34:00.570325,1551.75691491
2025-12-03T09:35:01.853842,1553.24427425
2025-12-03T09:36:03.107140,1551.06792278
2025-12-03T09:37:04.349378,1549.39628615
2025-12-03T09:38:05.614011,1548.97260195
2025-12-03T09:39:06.797600,1548.14521659
2025-12-03T09:40:08.082731,1545.50858356
2025-12-03T09:41:09.373382,1547.31332237
2025-12-03T09:42:10.525382,1547.31175895
2025-12-03T09:43:11.800384,1546.79029212
2025-12-03T09:44:13.113713,1548.74280415
2025-12-03T09:45:14.341395,1551.53818435
2025-12-03T09:46:15.550310,1553.53717342
2025-12-03T09:47:16.819345,1553.64581686
2025-12-03T09:48:18.029082,1550.25356850
2025-12-03T09:49:19.253369,1550.56011728
2025-12-03T09:50:20.520985,1548.42922161
2025-12-03T09:51:21.763237,1548.39022967
2025-12-03T09:52:23.042859,1549.61358226
2025-12-03T09:53:24.280424,1549.74189929
2025-12-03T09:54:25.512070,1548.24137925
2025-12-03T09:55:26.815378,1548.27257819
2025-12-03T09:56:28.119234,1548.95591640
2025-12-03T09:57:29.339309,1549.50818138
2025-12-03T09:58:30.549375,1551.20673736
2025-12-03T09:59:31.797366,1552.68543278
2025-12-03T10:00:33.035383,1550.61311597
2025-12-03T10:01:35.007436,1549.93640863
2025-12-03T10:02:36.245371,1550.15216404
2025-12-03T10:03:37.492260,1552.05780906
2025-12-03T10:04:38.741373,1551.47689370
2025-12-03T10:05:39.999682,1549.60656476
2025-12-03T10:06:41.262299,1547.46432576
2025-12-03T10:07:42.541384,1548.34783939
2025-12-03T10:08:43.791845,1548.26530765
2025-12-03T10:09:45.013397,1548.91534182
2025-12-03T10:10:46.264532,1548.63471918
2025-12-03T10:11:47.566998,1547.28036508
2025-12-03T10:12:48.793168,1544.91819539
2025-12-03T10:13:50.065167,1542.08410883
2025-12-03T10:14:51.325009,1542.22213202
2025-12-03T10:15:52.493369,1542.30671360
2025-12-03T10:16:53.721348,1540.19848366
2025-12-03T10:17:55.002880,1540.93404219
2025-12-03T10:18:56.231738,1544.08763617
2025-12-03T10:19:57.522797,1544.24295728
2025-12-03T10:20:58.781384,1545.61502957
2025-12-03T10:22:00.029388,1546.26971827
2025-12-03T10:23:01.311399,1544.73065200
2025-12-03T10:24:02.541365,1546.19433385
2025-12-03T10:25:03.774360,1543.42739422
2025-12-03T10:26:05.058687,1542.72845706
2025-12-03T10:27:06.342843,1539.77619853
2025-12-03T10:28:07.553380,1540.84447709
2025-12-03T10:29:08.860419,1538.33543583
2025-12-03T10:30:10.140167,1539.50817963
2025-12-03T10:31:11.373361,1538.77759937
2025-12-03T10:32:12.589372,1538.52700880
2025-12-03T10:33:13.855627,1538.81553232
2025-12-03T10:34:15.141017,1538.91818497
2025-12-03T10:35:16.397816,1541.38455354
2025-12-03T10:36:17.685392,1542.46576170
2025-12-03T10:37:18.939343,1542.73778672
2025-12-03T10:38:20.240887,1541.23102216
2025-12-03T10:39:21.492296,1541.87379151
2025-12-03T10:40:22.742512,1543.79121355
2025-12-03T10:41:23.997390,1543.97743403
2025-12-03T10:42:25.305045,1541.91203933
2025-12-03T10:43:26.509401,1543.40033413
2025-12-03T10:44:27.763685,1542.96257085
2025-12-03T10:45:29.058436,1544.68332495
2025-12-03T10:46:30.270177,1544.30889318
2025-12-03T10:47:31.477386,1544.48975730
2025-12-03T10:48:32.725369,1545.64993738
2025-12-03T10:49:33.973388,1546.24402171
2025-12-03T10:50:35.197364,1545.14566994
2025-12-03T10:51:36.445352,1544.70496979
2025-12-03T10:52:37.653350,1544.76803953
2025-12-03T10:53:38.901385,1543.97505105
2025-12-03T10:54:40.182870,1544.24347419
2025-12-03T10:55:41.389367,1544.00907920
2025-12-03T10:56:42.581605,1546.07590624
2025-12-03T10:57:43.822805,1546.67624055
2025-12-03T10:58:45.058778,1546.03732907
2025-12-03T10:59:46.280023,1547.53094505
2025-12-03T11:00:47.549334,1550.34393460
2025-12-03T11:01:48.805365,1549.94662635
2025-12-03T11:02:50.126245,1552.94291145
2025-12-03T11:03:51.421370,1550.49334801
2025-12-03T11:04:52.658932,1548.24003595
2025-12-03T11:05:53.887342,1546.83359300
2025-12-03T11:06:55.186477,1548.46764808
2025-12-03T11:07:56.420335,1546.02926285
2025-12-03T11:08:57.720830,1544.46426828
2025-12-03T11:09:59.005385,1544.80088613
2025-12-03T11:11:00.264166,1546.07026755
2025-12-03T11:12:01.554607,1548.20444328
2025-12-03T11:13:02.829380,1547.61794110
2025-12-03T11:14:04.053368,1547.45817042
2025-12-03T11:15:05.293213,1547.92748427
2025-12-03T11:16:06.561670,1548.07348973
2025-12-03T11:17:07.765961,1548.27934498
2025-12-03T11:18:09.005397,1550.94120625
2025-12-03T11:19:10.229371,1551.40015900
2025-12-03T11:20:11.439357,1551.10034238
2025-12-03T11:21:12.661391,1553.14586641
2025-12-03T11:22:13.965846,1554.94259788
2025-12-03T11:23:15.198435,1558.41584311
2025-12-03T11:24:16.480039,1555.00469706
2025-12-03T11:25:17.758359,1553.26711978
2025-12-03T11:26:18.973375,1550.49660592
2025-12-03T11:27:20.205375,1550.94285220
2025-12-03T11:28:21.445370,1550.89950846
2025-12-03T11:29:22.692576,1550.41233592
2025-12-03T11:30:23.929769,1550.00932348
2025-12-03T11:31:25.229371,1550.61520466
2025-12-03T11:32:26.437917,1554.26136991
2025-12-03T11:33:27.637365,1552.56948713
2025-12-03T11:34:28.869071,1554.23531710
2025-12-03T11:35:30.133393,1552.93743736
2025-12-03T11:36:31.333357,1551.61642691
2025-12-03T11:37:32.629367,1552.61086107
2025-12-03T11:38:33.877376,1555.37709470
2025-12-03T11:39:35.138626,1555.99217547
2025-12-03T11:40:36.380328,1554.30671272
2025-12-03T11:41:37.581380,1554.47090694
2025-12-03T11:42:38.854133,1554.80054427
2025-12-03T11:43:40.117363,1556.03449657
2025-12-03T11:44:41.365380,1554.72038697
2025-12-03T11:45:42.605392,1555.53785783
2025-12-03T11:46:43.861378,1552.99321861
2025-12-03T11:47:45.117508,1553.41402789
2025-12-03T11:48:46.357355,1553.76112949
2025-12-03T11:49:47.629385,1553.76994451
2025-12-03T11:50:48.853422,1554.01874732
2025-12-03T11:51:50.141334,1552.82065775
2025-12-03T11:52:51.381635,1554.27746346
2025-12-03T11:53:52.597363,1554.08942380
2025-12-03T11:54:53.859156,1553.68106049
2025-12-03T11:55:55.131643,1553.92123456
2025-12-03T11:56:56.384247,1555.89002596
2025-12-03T11:57:57.643444,1557.17520404
2025-12-03T11:58:58.901384,1559.62427330
2025-12-03T12:00:00.125371,1565.56005124
2025-12-03T12:01:01.461357,1564.28179027
2025-12-03T12:02:02.763839,1565.00168643
2025-12-03T12:03:03.973384,1562.03068562
2025-12-03T12:04:05.213374,1561.09089713
2025-12-03T12:05:06.445374,1561.78119067
2025-12-03T12:06:07.682715,1563.17436404
2025-12-03T12:07:08.971235,1567.44828201
2025-12-03T12:08:10.237367,1565.53396356
2025-12-03T12:09:11.484520,1567.34267686
2025-12-03T12:10:12.749377,1565.53831017
2025-12-03T12:11:14.005376,1568.10496986
2025-12-03T12:12:15.204371,1565.03255981
2025-12-03T12:13:16.439372,1563.73134189
2025-12-03T12:14:17.750335,1563.47309912
2025-12-03T12:15:18.927325,1564.33562740
2025-12-03T12:16:20.190082,1564.86905792
2025-12-03T12:17:21.437392,1563.58325564
2025-12-03T12:18:22.669540,1560.99100432
2025-12-03T12:19:23.861422,1559.17073177
2025-12-03T12:20:25.111203,1560.52703408
2025-12-03T12:21:26.375346,1560.66300840
2025-12-03T12:22:27.613371,1562.03925880
2025-12-03T12:23:28.853429,1565.02435286
2025-12-03T12:24:30.064565,1564.21366647
2025-12-03T12:25:31.277395,1564.42875636
2025-12-03T12:26:32.541368,1564.76514692
2025-12-03T12:27:33.845364,1563.42127715
2025-12-03T12:28:35.093372,1561.73533062
2025-12-03T12:29:36.341393,1562.82426009
2025-12-03T12:30:37.562621,1561.06930475
2025-12-03T12:31:38.813376,1561.40471881
2025-12-03T12:32:40.069354,1560.60406235
2025-12-03T12:33:41.297381,1562.69413405
2025-12-03T12:34:42.541372,1561.78755554
2025-12-03T12:35:43.781957,1562.14041889
2025-12-03T12:36:45.030075,1560.92297593
2025-12-03T12:37:46.311036,1561.13084271
2025-12-03T12:38:47.572446,1561.90580307
2025-12-03T12:39:48.821376,1562.01840320
2025-12-03T12:40:50.064833,1561.77160027
2025-12-03T12:41:51.302815,1562.01640373
2025-12-03T12:42:52.529307,1561.89413945
2025-12-03T12:43:53.815528,1563.45111623
2025-12-03T12:44:55.073047,1562.29097531
2025-12-03T12:45:56.343575,1564.05677953
2025-12-03T12:46:57.593400,1564.03501953
2025-12-03T12:47:58.869417,1561.69719276
2025-12-03T12:49:00.130234,1561.46853231
2025-12-03T12:50:01.410868,1563.25075283
2025-12-03T12:51:02.640087,1562.78650680
2025-12-03T12:52:03.805353,1561.87150692
2025-12-03T12:53:05.085367,1562.51252146
2025-12-03T12:54:06.326395,1566.02254449
2025-12-03T12:55:07.614591,1565.57100517
2025-12-03T12:56:08.853426,1563.50728503
2025-12-03T12:57:10.140180,1563.40045620
2025-12-03T12:58:11.369486,1563.82708731
2025-12-03T12:59:12.621398,1560.30504025
2025-12-03T13:00:13.891698,1561.43197251
2025-12-03T13:01:16.459318,1557.91281362
2025-12-03T13:02:17.760083,1557.68095543
2025-12-03T13:03:19.011935,1557.77582328
2025-12-03T13:04:20.253389,1558.94018374
2025-12-03T13:05:21.476643,1558.76420118
2025-12-03T13:06:22.765406,1559.11969902
2025-12-03T13:07:24.038250,1558.58826854
2025-12-03T13:08:25.277376,1556.04743848
2025-12-03T13:09:26.547329,1556.65894505
2025-12-03T13:10:27.733367,1555.96978884
2025-12-03T13:11:29.028173,1556.11768894
2025-12-03T13:12:30.302325,1556.51179093
2025-12-03T13:13:31.525371,1554.75620938
2025-12-03T13:14:32.826210,1554.35735199
2025-12-03T13:15:34.037380,1553.20035145
2025-12-03T13:16:35.265107,1548.60504531
2025-12-03T13:17:36.526384,1549.89678910
2025-12-03T13:18:37.781400,1552.17777899
2025-12-03T13:19:38.989369,1551.40304618
2025-12-03T13:20:40.290195,1552.30811560
2025-12-03T13:21:41.553191,1552.19110401
2025-12-03T13:22:42.778630,1552.68526264
2025-12-03T13:23:44.013380,1554.54034439
2025-12-03T13:24:45.284568,1556.91485787
2025-12-03T13:25:46.525578,1555.89902455
2025-12-03T13:26:47.805660,1556.02917208
2025-12-03T13:27:49.058711,1554.62010324
2025-12-03T13:28:50.314474,1555.98689369
2025-12-03T13:29:51.549441,1556.46333933
2025-12-03T13:30:52.789370,1555.34224333
2025-12-03T13:31:54.021028,1558.03107170
2025-12-03T13:32:55.314318,1555.91671730
2025-12-03T13:33:56.565319,1556.78279822
2025-12-03T13:34:57.823125,1553.15983512
2025-12-03T13:35:59.061380,1553.81873366
2025-12-03T13:37:00.372565,1552.62117992
2025-12-03T13:38:01.632507,1554.42190774
2025-12-03T13:39:02.897172,1554.29102067
2025-12-03T13:40:04.110114,1554.87877434
2025-12-03T13:41:05.359621,1552.93178179
2025-12-03T13:42:06.608984,1553.64761610
2025-12-03T13:43:07.861382,1553.70831279
2025-12-03T13:44:09.109398,1553.67901158
2025-12-03T13:45:10.390973,1553.59366091
2025-12-03T13:46:11.646347,1555.62363735
2025-12-03T13:47:12.853378,1556.04683826
2025-12-03T13:48:14.140175,1554.40643666
2025-12-03T13:49:15.418919,1554.94529377
2025-12-03T13:50:16.669380,1555.56104509
2025-12-03T13:51:17.991054,1553.70533940
2025-12-03T13:52:19.280244,1551.74759146
2025-12-03T13:53:20.541372,1553.01426581
2025-12-03T13:54:21.820055,1552.54596991
2025-12-03T13:55:23.053372,1551.55252806
2025-12-03T13:56:24.253371,1550.71724183
2025-12-03T13:57:25.480754,1548.83237159
2025-12-03T13:58:26.764129,1549.41680037
2025-12-03T13:59:28.006788,1549.64582119
2025-12-03T14:00:29.298669,1548.67393579
2025-12-03T14:01:31.211762,1548.12717375
2025-12-03T14:02:32.443173,1553.94166651
2025-12-03T14:03:33.668975,1557.29697907
2025-12-03T14:04:34.901387,1562.28742424
2025-12-03T14:05:36.132962,1563.23138934
2025-12-03T14:06:37.367586,1567.15836559
2025-12-03T14:07:38.621374,1562.60813353
2025-12-03T14:08:39.851553,1559.85711180
2025-12-03T14:09:41.152630,1561.59496796
2025-12-03T14:10:42.433913,1558.71448979
2025-12-03T14:11:43.653377,1560.70838986
2025-12-03T14:12:44.885392,1560.65999777
2025-12-03T14:13:46.140153,1558.72393952
2025-12-03T14:14:47.373372,1559.93922623
2025-12-03T14:15:48.578973,1555.96742082
2025-12-03T14:16:49.801503,1558.89021776
2025-12-03T14:17:50.997368,1561.80877953
2025-12-03T14:18:52.253394,1561.71403190
2025-12-03T14:19:53.517999,1564.98539773
2025-12-03T14:20:54.752111,1563.93355528
2025-12-03T14:21:56.053379,1561.94344724
2025-12-03T14:22:57.333368,1562.84407701
2025-12-03T14:23:58.603658,1560.07466724
2025-12-03T14:24:59.861374,1560.46876322
2025-12-03T14:26:01.149401,1558.78162328
2025-12-03T14:27:02.383640,1555.68628643
2025-12-03T14:28:03.661477,1557.42052634
2025-12-03T14:29:04.876386,1552.57922822
2025-12-03T14:30:06.109784,1552.79333974
2025-12-03T14:31:07.405802,1555.50636505
2025-12-03T14:32:08.674343,1556.85674088
2025-12-03T14:33:09.926490,1557.12181297
2025-12-03T14:34:11.169233,1555.86174523
2025-12-03T14:35:12.405385,1553.58263031
2025-12-03T14:36:13.633748,1553.93278311
2025-12-03T14:37:14.837392,1556.65162694
2025-12-03T14:38:16.126748,1555.45446726
2025-12-03T14:39:17.337343,1555.88690014
2025-12-03T14:40:18.581378,1557.63126697
2025-12-03T14:41:19.837369,1558.97623668
2025-12-03T14:42:21.059386,1559.45072008
2025-12-03T14:43:22.325401,1558.89017376
2025-12-03T14:44:23.549403,1560.77989005
2025-12-03T14:45:24.757371,1562.43897896
2025-12-03T14:46:26.011364,1564.43556665
2025-12-03T14:47:27.253444,1565.16697064
2025-12-03T14:48:28.455082,1565.16245199
2025-12-03T14:49:29.737916,1565.78981835
2025-12-03T14:50:30.990973,1567.25751520
2025-12-03T14:51:32.237387,1568.05307801
2025-12-03T14:52:33.520831,1566.84010159
2025-12-03T14:53:34.812745,1567.99637573
2025-12-03T14:54:36.055711,1565.18911589
2025-12-03T14:55:37.362924,1565.89558780
2025-12-03T14:56:38.621393,1562.16612706
2025-12-03T14:57:39.861396,1564.07771682
2025-12-03T14:58:41.133341,1567.54099849
2025-12-03T14:59:42.392935,1566.53517165
2025-12-03T15:00:43.607718,1565.90160448
2025-12-03T15:01:45.557374,1566.97734550
2025-12-03T15:02:46.800651,1569.27741483
2025-12-03T15:03:48.032887,1568.10794266
2025-12-03T15:04:49.293378,1565.81605618
2025-12-03T15:05:50.565123,1565.86617827
2025-12-03T15:06:51.797376,1565.55974309
2025-12-03T15:07:53.059090,1565.94582573
2025-12-03T15:08:54.291181,1566.76846927
2025-12-03T15:09:55.502730,1567.83741904
2025-12-03T15:10:56.784410,1566.57120809
2025-12-03T15:11:58.091723,1566.12473635
2025-12-03T15:12:59.297158,1569.34077184
2025-12-03T15:14:00.587412,1569.91845500
2025-12-03T15:15:01.896669,1569.82518346
2025-12-03T15:16:03.104665,1569.41132015
2025-12-03T15:17:04.357416,1570.30419048
2025-12-03T15:18:05.653407,1569.71956063
2025-12-03T15:19:06.901382,1568.10466858
2025-12-03T15:20:08.149370,1566.92341915
2025-12-03T15:21:09.389361,1567.35270777
2025-12-03T15:22:10.602012,1567.35802079
2025-12-03T15:23:11.877164,1566.37487814
2025-12-03T15:24:13.168547,1566.72267017
2025-12-03T15:25:14.389341,1567.13087314
2025-12-03T15:26:15.669340,1566.84868408
2025-12-03T15:27:16.925390,1566.01522341
2025-12-03T15:28:18.157542,1565.86441239
2025-12-03T15:29:19.445364,1565.75067470
2025-12-03T15:30:20.782336,1565.43262394
2025-12-03T15:31:22.005396,1563.74313805
2025-12-03T15:32:23.253375,1564.31302283
2025-12-03T15:33:24.509376,1564.05697177
2025-12-03T15:34:25.821382,1563.73335963
2025-12-03T15:35:27.061384,1561.23645169
2025-12-03T15:36:28.333371,1560.11164451
2025-12-03T15:37:29.581384,1557.78611846
2025-12-03T15:38:30.866061,1561.16170424
2025-12-03T15:39:32.117588,1559.08631459
2025-12-03T15:40:33.357386,1558.98511807
2025-12-03T15:41:34.573323,1560.10430714
2025-12-03T15:42:35.813379,1559.32240448
2025-12-03T15:43:37.059063,1558.95949499
2025-12-03T15:44:38.357427,1558.30268485
2025-12-03T15:45:39.605376,1557.98500472
2025-12-03T15:46:40.838239,1557.05081226
2025-12-03T15:47:42.095972,1557.00706045
2025-12-03T15:48:43.325402,1557.62896126
2025-12-03T15:49:44.587109,1557.85102947
2025-12-03T15:50:45.845413,1556.52117556
2025-12-03T15:51:47.134891,1556.90869371
2025-12-03T15:52:48.369149,1558.14245897
2025-12-03T15:53:49.581358,1557.55802642
2025-12-03T15:54:50.837378,1557.48436979
2025-12-03T15:55:52.085534,1558.65823556
2025-12-03T15:56:53.390495,1556.43167764
2025-12-03T15:57:54.605399,1556.44944622
2025-12-03T15:58:55.883342,1557.84363780
2025-12-03T15:59:57.188753,1556.14811778
2025-12-03T16:00:58.453374,1557.73863249
2025-12-03T16:01:59.629379,1556.61436494
2025-12-03T16:03:00.949394,1555.21129775
2025-12-03T16:04:02.197372,1555.29496603
2025-12-03T16:05:03.450626,1555.58923578
2025-12-03T16:06:04.741222,1557.30355021
2025-12-03T16:07:06.007602,1558.76204648
2025-12-03T16:08:07.225476,1560.14533409
2025-12-03T16:09:08.474632,1558.89000616
2025-12-03T16:10:09.744120,1557.08462337
2025-12-03T16:11:11.026984,1557.88717208
2025-12-03T16:12:12.286459,1556.90722026
2025-12-03T16:13:13.568634,1556.14602601
2025-12-03T16:14:14.829003,1554.09749554
2025-12-03T16:15:16.133773,1553.08621302
2025-12-03T16:16:17.419435,1553.75672853
2025-12-03T16:17:18.697321,1552.93308902
2025-12-03T16:18:19.938599,1551.93641832
2025-12-03T16:19:21.173378,1550.08251030
2025-12-03T16:20:22.407716,1550.81427444
2025-12-03T16:21:23.597376,1550.76857988
2025-12-03T16:22:24.906192,1552.19566375
2025-12-03T16:23:26.140169,1551.14819563
2025-12-03T16:24:27.387940,1550.10612138
2025-12-03T16:25:28.621398,1551.24971332
2025-12-03T16:26:29.781364,1551.00794229
2025-12-03T16:27:31.056183,1549.84850387
2025-12-03T16:28:32.285367,1548.25570007
2025-12-03T16:29:33.525386,1550.09331969
2025-12-03T16:30:34.795844,1549.09527799
2025-12-03T16:31:36.062327,1549.34167345
2025-12-03T16:32:37.309449,1550.66559958
2025-12-03T16:33:38.566596,1550.57738353
2025-12-03T16:34:39.805377,1550.49287246
2025-12-03T16:35:40.988761,1552.44248936
2025-12-03T16:36:42.215695,1548.82463720
2025-12-03T16:37:43.486476,1546.91190519
2025-12-03T16:38:44.720091,1545.95114434
2025-12-03T16:39:45.941374,1543.64147617
2025-12-03T16:40:47.206887,1545.56037172
2025-12-03T16:41:48.396238,1544.45055885
2025-12-03T16:42:49.660242,1541.57765436
2025-12-03T16:43:50.962033,1542.28636695
2025-12-03T16:44:52.181379,1541.39897431
2025-12-03T16:45:53.405358,1540.99749979
2025-12-03T16:46:54.622262,1539.77816893
2025-12-03T16:47:55.861391,1538.84994976
2025-12-03T16:48:57.159671,1539.91421566
2025-12-03T16:49:58.436575,1544.06125356
2025-12-03T16:50:59.688053,1546.15555510
2025-12-03T16:52:00.987008,1543.17608729
2025-12-03T16:53:02.267728,1543.86286780
2025-12-03T16:54:03.498316,1545.00226565
2025-12-03T16:55:04.798256,1545.46560066
2025-12-03T16:56:06.089189,1543.55787696
2025-12-03T16:57:07.289371,1542.43473533
2025-12-03T16:58:08.519734,1539.24750942
2025-12-03T16:59:09.788070,1539.70284026
2025-12-03T17:00:11.031563,1539.11142051
2025-12-03T17:01:12.442314,1536.06766422
2025-12-03T17:02:13.717897,1534.41569066
2025-12-03T17:03:14.939588,1540.15764404
2025-12-03T17:04:16.224155,1538.59235777
2025-12-03T17:05:17.501396,1538.85823892
2025-12-03T17:06:18.746459,1538.43154365
2025-12-03T17:07:20.013381,1541.08587123
2025-12-03T17:08:21.265481,1541.92837151
2025-12-03T17:09:22.515064,1539.09114667
2025-12-03T17:10:23.768429,1540.00784420
2025-12-03T17:11:25.037483,1541.99634427
2025-12-03T17:12:26.261376,1542.79646362
2025-12-03T17:13:27.549350,1543.44435027
2025-12-03T17:14:28.821404,1542.17232211
2025-12-03T17:15:30.061522,1541.56244895
2025-12-03T17:16:31.317364,1540.68963564
2025-12-03T17:17:32.573407,1542.50576504
2025-12-03T17:18:33.790415,1545.22925437
2025-12-03T17:19:35.025809,1544.94133626
2025-12-03T17:20:36.347717,1545.54409079
2025-12-03T17:21:37.577972,1546.57850267
2025-12-03T17:22:38.828852,1547.28889616
2025-12-03T17:23:40.088819,1545.24731080
2025-12-03T17:24:41.319972,1545.48422298
2025-12-03T17:25:42.613369,1544.38378020
2025-12-03T17:26:43.898139,1543.48776321
2025-12-03T17:27:45.133404,1541.59884139
2025-12-03T17:28:46.409921,1541.79216056
2025-12-03T17:29:47.669375,1541.50347138
2025-12-03T17:30:48.893028,1539.84978409
2025-12-03T17:31:50.138191,1539.69900341
2025-12-03T17:32:51.413372,1541.12637752
2025-12-03T17:33:52.669381,1540.50261055
2025-12-03T17:34:53.954608,1540.44275610
2025-12-03T17:35:55.248061,1540.72522425
2025-12-03T17:36:56.484839,1541.25379001
2025-12-03T17:37:57.762620,1541.24816453
2025-12-03T17:38:59.051545,1541.89402171
2025-12-03T17:40:00.258455,1542.48525504
2025-12-03T17:41:01.501369,1540.89351348
2025-12-03T17:42:02.748796,1539.64743387
2025-12-03T17:43:04.011163,1537.43061786
2025-12-03T17:44:05.229397,1537.19143001
2025-12-03T17:45:06.453389,1536.83940355
2025-12-03T17:46:07.678447,1535.91500133
2025-12-03T17:47:08.899165,1538.40940837
2025-12-03T17:48:10.140176,1541.08195254
2025-12-03T17:49:11.381433,1543.38699139
2025-12-03T17:50:12.629379,1541.90327031
2025-12-03T17:51:13.901369,1540.69862452
2025-12-03T17:52:15.120010,1540.34571004
2025-12-03T17:53:16.373408,1540.31513130
2025-12-03T17:54:17.654318,1539.59029040
2025-12-03T17:55:18.953891,1539.58029249
2025-12-03T17:56:20.197382,1538.89583207
2025-12-03T17:57:21.459927,1540.16412501
2025-12-03T17:58:22.669372,1538.17700184
2025-12-03T17:59:23.944356,1539.13285654
2025-12-03T18:00:25.160773,1540.62365164
2025-12-03T18:01:27.045386,1542.77182588
2025-12-03T18:02:28.254322,1544.49903530
2025-12-03T18:03:29.544809,1544.81398795
2025-12-03T18:04:30.823152,1543.73519717
2025-12-03T18:05:32.154015,1545.09132915
2025-12-03T18:06:33.399382,1543.21678972
2025-12-03T18:07:34.606509,1542.92282346
2025-12-03T18:08:35.861600,1541.30580120
2025-12-03T18:09:37.149391,1542.22346378
2025-12-03T18:10:38.409101,1543.13739892
2025-12-03T18:11:39.661373,1542.14705531
2025-12-03T18:12:40.929827,1542.02099452
2025-12-03T18:13:42.140194,1540.22897586
2025-12-03T18:14:43.409307,1538.70400784
2025-12-03T18:15:44.661356,1538.56719493
2025-12-03T18:16:45.925367,1539.26238868
2025-12-03T18:17:47.197402,1539.23771670
2025-12-03T18:18:48.531261,1540.31033915
2025-12-03T18:19:49.765221,1539.94816081
2025-12-03T18:20:50.958731,1538.13115439
2025-12-03T18:21:52.221396,1537.31642797
2025-12-03T18:22:53.375829,1537.40220429
2025-12-03T18:23:54.654888,1535.70363046
2025-12-03T18:24:55.893401,1534.88728627
2025-12-03T18:25:57.159230,1534.24237256
2025-12-03T18:26:58.397488,1534.43335900
2025-12-03T18:27:59.631859,1534.88960249
2025-12-03T18:29:00.885395,1533.36360229
2025-12-03T18:30:02.140154,1534.23438367
2025-12-03T18:31:03.421379,1536.25204234
2025-12-03T18:32:04.643028,1537.76063999
2025-12-03T18:33:05.917361,1537.09295203
2025-12-03T18:34:07.208231,1537.79723022
2025-12-03T18:35:08.463936,1537.20160952
2025-12-03T18:36:09.747872,1536.08780982
2025-12-03T18:37:10.997843,1536.06472586
2025-12-03T18:38:12.250323,1537.57775244
2025-12-03T18:39:13.469392,1538.59743491
2025-12-03T18:40:14.741202,1537.05434023
2025-12-03T18:41:15.927386,1536.07781208
2025-12-03T18:42:17.196558,1536.98411592
2025-12-03T18:43:18.469673,1535.66153536
2025-12-03T18:44:19.715697,1538.04729623
2025-12-03T18:45:20.945066,1539.06633185
2025-12-03T18:46:22.242128,1537.48281880
2025-12-03T18:47:23.477382,1537.15206231
2025-12-03T18:48:24.762187,1536.73510963
2025-12-03T18:49:26.029375,1537.58910884
2025-12-03T18:50:27.221370,1534.19415608
2025-12-03T18:51:28.469378,1534.39405771
2025-12-03T18:52:29.693389,1534.04513420
2025-12-03T18:53:30.925375,1533.48840607
2025-12-03T18:54:32.205382,1533.40063366
2025-12-03T18:55:33.469849,1534.15924514
2025-12-03T18:56:34.700870,1534.98836187
2025-12-03T18:57:35.950375,1536.16574488
2025-12-03T18:58:37.229381,1536.35356006
2025-12-03T18:59:38.453378,1536.90090866
2025-12-03T19:00:39.728382,1533.22783053
2025-12-03T19:01:41.653386,1533.85998443
2025-12-03T19:02:42.926306,1533.87421163
2025-12-03T19:03:44.237414,1532.79821349
2025-12-03T19:04:45.518429,1533.64453779
2025-12-03T19:05:46.756550,1531.84013692
2025-12-03T19:06:48.048562,1528.90950015
2025-12-03T19:07:49.274418,1528.27415699
2025-12-03T19:08:50.517377,1527.75046049
2025-12-03T19:09:51.765372,1526.89244141
2025-12-03T19:10:53.040894,1527.20936548
2025-12-03T19:11:54.237565,1530.40774023
2025-12-03T19:12:55.510299,1529.91212120
2025-12-03T19:13:56.773822,1530.55334852
2025-12-03T19:14:58.010767,1530.69928242
2025-12-03T19:15:59.249436,1531.75341339
2025-12-03T19:17:00.501378,1528.73968449
2025-12-03T19:18:01.757733,1528.14966710
2025-12-03T19:19:02.997373,1527.87612419
2025-12-03T19:20:04.236923,1530.42819190
2025-12-03T19:21:05.485358,1528.15490690
2025-12-03T19:22:06.771324,1528.68197522
2025-12-03T19:23:07.997390,1525.89947142
2025-12-03T19:24:09.149385,1526.33816736
2025-12-03T19:25:10.403324,1527.00320623
2025-12-03T19:26:11.661394,1528.32882685
2025-12-03T19:27:12.932402,1529.20939707
2025-12-03T19:28:14.183384,1526.79372825
2025-12-03T19:29:15.445367,1526.73013818
2025-12-03T19:30:16.709799,1528.04060380
2025-12-03T19:31:17.998318,1528.18563702
2025-12-03T19:32:19.197379,1527.25121702
2025-12-03T19:33:20.389383,1526.79036107
2025-12-03T19:34:21.644807,1528.25051191
2025-12-03T19:35:22.896956,1527.37518399
2025-12-03T19:36:24.148382,1527.77662602
2025-12-03T19:37:25.391378,1528.20639003
2025-12-03T19:38:26.645380,1531.35997827
2025-12-03T19:39:27.885368,1533.22741689
2025-12-03T19:40:29.158312,1531.82537919
2025-12-03T19:41:30.478363,1533.04712334
2025-12-03T19:42:31.685508,1531.86771059
2025-12-03T19:43:32.943847,1533.59928044
2025-12-03T19:44:34.140185,1534.50811761
2025-12-03T19:45:35.418417,1534.02896978
2025-12-03T19:46:36.639956,1533.29215888
2025-12-03T19:47:37.877381,1534.14218998
2025-12-03T19:48:39.085386,1538.62378669
2025-12-03T19:49:40.348018,1538.36611382
2025-12-03T19:50:41.557365,1539.26328475
2025-12-03T19:51:42.749406,1537.83360459
2025-12-03T19:52:43.989592,1536.35452723
2025-12-03T19:53:45.279793,1537.78095601
2025-12-03T19:54:46.508096,1537.70779228
2025-12-03T19:55:47.749436,1537.54092353
2025-12-03T19:56:49.024580,1536.81631977
2025-12-03T19:57:50.263792,1536.89020530
2025-12-03T19:58:51.511767,1537.69199132
2025-12-03T19:59:52.813194,1538.03459784
2025-12-03T20:00:54.013388,1538.05553125
2025-12-03T20:01:55.338102,1537.31120239
2025-12-03T20:02:56.639342,1537.38449165
2025-12-03T20:03:57.821373,1539.09951371
2025-12-03T20:04:59.093919,1538.86051022
2025-12-03T20:06:00.410960,1538.46569212
2025-12-03T20:07:01.619665,1538.21263545
2025-12-03T20:08:02.917390,1539.02874143
2025-12-03T20:09:04.205373,1541.73541535
2025-12-03T20:10:05.432813,1542.24692579
2025-12-03T20:11:06.662314,1540.94781122
2025-12-03T20:12:07.957388,1539.46171237
2025-12-03T20:13:09.223094,1539.96128734
2025-12-03T20:14:10.542431,1537.77823284
2025-12-03T20:15:11.828775,1536.13727131
2025-12-03T20:16:13.058906,1538.85273957
2025-12-03T20:17:14.293370,1539.08760846
2025-12-03T20:18:15.573380,1539.76926045
2025-12-03T20:19:16.757371,1541.16492026
2025-12-03T20:20:18.048121,1540.32870825
2025-12-03T20:21:19.254371,1539.85051881
2025-12-03T20:22:20.490869,1537.25551470
2025-12-03T20:23:21.709388,1535.94901739
2025-12-03T20:24:22.969386,1536.40996926
2025-12-03T20:25:24.173369,1536.18062099
2025-12-03T20:26:25.413768,1535.74012110
2025-12-03T20:27:26.653373,1536.22320007
2025-12-03T20:28:27.861377,1537.45659736
2025-12-03T20:29:29.143988,1537.21489478
2025-12-03T20:30:30.435794,1536.34656165
2025-12-03T20:31:31.726049,1538.65022349
2025-12-03T20:32:32.981386,1539.67235384
2025-12-03T20:33:34.230048,1539.65735398
2025-12-03T20:34:35.478839,1537.78832059
2025-12-03T20:35:36.752134,1536.99106532
2025-12-03T20:36:38.013387,1538.38682395
2025-12-03T20:37:39.234031,1538.55837897
2025-12-03T20:38:40.501384,1538.91149359
2025-12-03T20:39:41.717375,1539.54768260
2025-12-03T20:40:42.901379,1538.99787279
2025-12-03T20:41:44.189380,1540.32498685
2025-12-03T20:42:45.461361,1538.23154771
2025-12-03T20:43:46.662978,1537.68568319
2025-12-03T20:44:47.957010,1539.68400501
2025-12-03T20:45:49.254679,1538.02662758
2025-12-03T20:46:50.477091,1541.12242107
2025-12-03T20:47:51.725377,1540.20861151
2025-12-03T20:48:53.012591,1540.46501412
2025-12-03T20:49:54.237389,1540.40358139
2025-12-03T20:50:55.520771,1538.99009843
2025-12-03T20:51:56.765822,1538.04595992
2025-12-03T20:52:57.967599,1538.14785976
2025-12-03T20:53:59.282151,1537.19451980
2025-12-03T20:55:00.559147,1537.22144261
2025-12-03T20:56:01.852930,1536.15670934
2025-12-03T20:57:03.133383,1535.41854861
2025-12-03T20:58:04.405584,1536.90520549
2025-12-03T20:59:05.645520,1535.92389146
2025-12-03T21:00:06.939973,1536.87253387
2025-12-03T21:01:08.197429,1534.01649622
2025-12-03T21:02:09.429385,1535.43463460
2025-12-03T21:03:10.694205,1529.40708378
2025-12-03T21:04:11.925400,1526.54678668
2025-12-03T21:05:13.141392,1531.19388636
2025-12-03T21:06:14.471064,1530.32185937
2025-12-03T21:07:15.693395,1531.98680679
2025-12-03T21:08:16.917216,1534.83703998
2025-12-03T21:09:18.140171,1534.61786605
2025-12-03T21:10:19.431500,1535.20722030
2025-12-03T21:11:20.633692,1534.24870058
2025-12-03T21:12:21.934915,1536.96368664
2025-12-03T21:13:23.202927,1535.66303596
2025-12-03T21:14:24.505231,1537.70441167
2025-12-03T21:15:25.741388,1537.40168464
2025-12-03T21:16:27.051821,1537.16376326
2025-12-03T21:17:28.314663,1538.73037190
2025-12-03T21:18:29.579675,1538.23892246
2025-12-03T21:19:30.800580,1538.82920635
2025-12-03T21:20:32.057825,1538.78112443
2025-12-03T21:21:33.277373,1541.52205180
2025-12-03T21:22:34.581371,1538.94655961
2025-12-03T21:23:35.851853,1539.01554600
2025-12-03T21:24:37.077414,1538.84873341
2025-12-03T21:25:38.325419,1537.60722146
2025-12-03T21:26:39.512006,1535.79383605
2025-12-03T21:27:40.783396,1535.48995762
2025-12-03T21:28:42.069374,1533.56127711
2025-12-03T21:29:43.340821,1534.34646081
2025-12-03T21:30:44.629452,1535.59233310
2025-12-03T21:31:45.942023,1533.70974316
2025-12-03T21:32:47.159002,1533.52495059
2025-12-03T21:33:48.415480,1534.68563160
2025-12-03T21:34:49.694553,1534.68613518
2025-12-03T21:35:50.957348,1533.61216359
2025-12-03T21:36:52.213408,1535.11597902
2025-12-03T21:37:53.429373,1535.28118672
2025-12-03T21:38:54.642308,1535.43756656
2025-12-03T21:39:55.861398,1533.83595815
2025-12-03T21:40:57.114343,1534.01985307
2025-12-03T21:41:58.352047,1534.05065072
2025-12-03T21:42:59.549423,1535.73723181
2025-12-03T21:44:00.777493,1536.41629586
2025-12-03T21:45:02.006961,1538.27382476
2025-12-03T21:46:03.345380,1537.98630684
2025-12-03T21:47:04.661369,1536.93212531
2025-12-03T21:48:05.955403,1536.23989360
2025-12-03T21:49:07.245349,1536.44515076
2025-12-03T21:50:08.469389,1540.55292136
2025-12-03T21:51:09.755925,1540.15502052
2025-12-03T21:52:11.054665,1541.62486342
2025-12-03T21:53:12.317407,1540.73509494
2025-12-03T21:54:13.565101,1540.22353997
2025-12-03T21:55:14.829401,1541.68806240
2025-12-03T21:56:16.085388,1541.06928230
2025-12-03T21:57:17.264673,1540.78475616
2025-12-03T21:58:18.493381,1541.84512878
2025-12-03T21:59:19.765374,1543.61783017
2025-12-03T22:00:21.023393,1541.49153506
2025-12-03T22:01:22.969587,1544.05922766
2025-12-03T22:02:24.213399,1546.45905501
2025-12-03T22:03:25.432886,1545.29600734
2025-12-03T22:04:26.726642,1546.72463390
2025-12-03T22:05:28.014338,1545.46876366
2025-12-03T22:06:29.253063,1547.26681379
2025-12-03T22:07:30.555373,1548.79696967
2025-12-03T22:08:31.866613,1549.46099053
2025-12-03T22:09:33.108068,1549.35244687
2025-12-03T22:10:34.351901,1548.26860055
2025-12-03T22:11:35.596209,1550.29149866
2025-12-03T22:12:36.856374,1549.53425764
2025-12-03T22:13:38.138217,1549.01927900
2025-12-03T22:14:39.404672,1548.03022882
2025-12-03T22:15:40.629374,1547.87225228
2025-12-03T22:16:41.933373,1548.36446902
2025-12-03T22:17:43.165390,1546.46103056
2025-12-03T22:18:44.373379,1546.71719237
2025-12-03T22:19:45.597380,1547.33914946
2025-12-03T22:20:46.874548,1546.69831075
2025-12-03T22:21:48.053387,1546.65949973
2025-12-03T22:22:49.326312,1545.12897097
2025-12-03T22:23:50.615906,1545.00778498
2025-12-03T22:24:51.815433,1545.90172410
2025-12-03T22:25:53.059123,1545.87883457
2025-12-03T22:26:54.285369,1546.77316479
2025-12-03T22:27:55.536168,1545.33342103
2025-12-03T22:28:56.797357,1544.29038520
2025-12-03T22:29:58.101367,1543.13318400
2025-12-03T22:30:59.320416,1543.62418334
2025-12-03T22:32:00.597379,1543.32206725
2025-12-03T22:33:01.884682,1544.93153286
2025-12-03T22:34:03.095611,1545.23880268
2025-12-03T22:35:04.362552,1544.64672117
2025-12-03T22:36:05.658372,1544.98610906
2025-12-03T22:37:06.845381,1546.64462599
2025-12-03T22:38:08.123127,1544.69542840
2025-12-03T22:39:09.357381,1545.04473548
2025-12-03T22:40:10.581391,1544.84758003
2025-12-03T22:41:11.845399,1546.08872535
2025-12-03T22:42:13.159391,1547.13051109
2025-12-03T22:43:14.381400,1548.20668711
2025-12-03T22:44:15.591746,1549.61802792
2025-12-03T22:45:16.858535,1550.92174159
2025-12-03T22:46:18.074372,1549.36685640
2025-12-03T22:47:19.373625,1548.45982015
2025-12-03T22:48:20.629380,1548.25894967
2025-12-03T22:49:21.857231,1548.62373965
2025-12-03T22:50:23.125371,1548.96317668
2025-12-03T22:51:24.405764,1548.86225343
2025-12-03T22:52:25.689806,1549.74056276
2025-12-03T22:53:26.941380,1549.14630349
2025-12-03T22:54:28.238943,1549.54842014
2025-12-03T22:55:29.453397,1549.43457905
2025-12-03T22:56:30.756433,1549.19817931
2025-12-03T22:57:32.033204,1548.91785350
2025-12-03T22:58:33.267341,1549.61170233
2025-12-03T22:59:34.573827,1550.49593813
2025-12-03T23:00:35.838513,1548.72074428
2025-12-03T23:01:37.821383,1548.79675103
2025-12-03T23:02:39.064924,1550.62075388
2025-12-03T23:03:40.333377,1550.62606292
2025-12-03T23:04:41.561028,1549.26178078
2025-12-03T23:05:42.845367,1548.73240585
2025-12-03T23:06:44.113305,1551.18867748
2025-12-03T23:07:45.327623,1552.71432199
2025-12-03T23:08:46.586868,1549.45891354
2025-12-03T23:09:47.861359,1549.50683765
2025-12-03T23:10:49.058714,1549.69568945
2025-12-03T23:11:50.305502,1550.13680099
2025-12-03T23:12:51.594579,1549.06441640
2025-12-03T23:13:52.848130,1548.56544411
2025-12-03T23:14:54.138200,1549.28691850
2025-12-03T23:15:55.381373,1548.82989668
2025-12-03T23:16:56.632143,1550.01760527
2025-12-03T23:17:57.868935,1549.21613862
2025-12-03T23:18:59.093381,1546.60738500
2025-12-03T23:20:00.323951,1543.97813462
2025-12-03T23:21:01.581391,1545.90839919
2025-12-03T23:22:02.859160,1546.61429436
2025-12-03T23:23:04.094323,1546.22225517
2025-12-03T23:24:05.393817,1545.26235715
2025-12-03T23:25:06.606376,1547.22766304
2025-12-03T23:26:07.842695,1548.45175304
2025-12-03T23:27:09.072306,1547.47013377
2025-12-03T23:28:10.325399,1547.06046983
2025-12-03T23:29:11.567613,1545.02630228
2025-12-03T23:30:12.827919,1545.56916706
2025-12-03T23:31:14.092229,1545.82382085
2025-12-03T23:32:15.293391,1547.55454566
2025-12-03T23:33:16.652933,1549.05988490
2025-12-03T23:34:17.877376,1547.71595804
2025-12-03T23:35:19.117402,1548.95206938
2025-12-03T23:36:20.395508,1549.19201809
2025-12-03T23:37:21.654839,1549.58835741
2025-12-03T23:38:22.869381,1550.70027672
2025-12-03T23:39:24.090346,1552.04624782
2025-12-03T23:40:25.341378,1553.76688579
2025-12-03T23:41:26.533392,1552.89156509
2025-12-03T23:42:27.803624,1551.82026620
2025-12-03T23:43:29.116391,1550.07994595
2025-12-03T23:44:30.340882,1550.70719367
2025-12-03T23:45:31.607486,1550.57601122
2025-12-03T23:46:32.853410,1551.17908142
2025-12-03T23:47:34.091435,1552.15398531
2025-12-03T23:48:35.369796,1552.17580615
2025-12-03T23:49:36.673774,1551.03128570
2025-12-03T23:50:37.901400,1552.25954495
2025-12-03T23:51:39.190709,1551.62864202
2025-12-03T23:52:40.413386,1554.24516268
2025-12-03T23:53:41.565385,1552.91370350
2025-12-03T23:54:42.815409,1553.26457661
2025-12-03T23:55:44.077401,1553.08673061
2025-12-03T23:56:45.269368,1552.45792772
2025-12-03T23:57:46.549386,1555.23713686
2025-12-03T23:58:47.741407,1554.52963752
2025-12-03T23:59:48.980355,1553.59672144
2025-12-04T00:00:50.229428,1551.55560381
2025-12-04T00:01:51.492106,1549.58729772
2025-12-04T00:02:52.741369,1547.63388054
2025-12-04T00:03:54.003333,1549.31957264
2025-12-04T00:04:55.245383,1549.52786204
2025-12-04T00:05:56.492682,1549.53011853
2025-12-04T00:06:57.764670,1547.96213358
2025-12-04T00:07:58.997380,1547.68646059
2025-12-04T00:09:00.229733,1546.58683537
2025-12-04T00:10:01.453401,1546.52323501
2025-12-04T00:11:02.776529,1546.41802280
2025-12-04T00:12:03.965401,1547.75978692
2025-12-04T00:13:05.189378,1547.46024246
2025-12-04T00:14:06.477366,1546.76302617
2025-12-04T00:15:07.752098,1546.92648590
2025-12-04T00:16:09.048634,1544.86892950
2025-12-04T00:17:10.293383,1544.19564395
2025-12-04T00:18:11.501382,1544.92552534
2025-12-04T00:19:12.776976,1542.81430145
2025-12-04T00:20:14.064770,1542.34011001
2025-12-04T00:21:15.314407,1543.44620341
2025-12-04T00:22:16.525371,1545.09364926
2025-12-04T00:23:17.820104,1545.18509798
2025-12-04T00:24:19.037395,1544.17973282
2025-12-04T00:25:20.298837,1543.68280885
2025-12-04T00:26:21.549413,1542.09171608
2025-12-04T00:27:22.779990,1542.21062473
2025-12-04T00:28:24.060309,1542.77217636
2025-12-04T00:29:25.335438,1543.02394017
2025-12-04T00:30:26.573393,1544.37156638
2025-12-04T00:31:27.829387,1545.33010271
2025-12-04T00:32:29.085384,1544.91777064
2025-12-04T00:33:30.325394,1545.68605837
2025-12-04T00:34:31.597404,1546.51244904
2025-12-04T00:35:32.919941,1543.26350029
2025-12-04T00:36:34.208825,1543.05708010
2025-12-04T00:37:35.445371,1542.19959584
2025-12-04T00:38:36.731243,1544.08327857
2025-12-04T00:39:37.941389,1543.88278727
2025-12-04T00:40:39.199889,1545.27589156
2025-12-04T00:41:40.484103,1545.43890637
2025-12-04T00:42:41.701443,1546.39292279
2025-12-04T00:43:43.000966,1543.78033717
2025-12-04T00:44:44.305130,1544.30574012
2025-12-04T00:45:45.518263,1544.61108742
2025-12-04T00:46:46.774500,1543.29203054
2025-12-04T00:47:48.028330,1542.37592905
2025-12-04T00:48:49.237369,1545.36678253
2025-12-04T00:49:50.485390,1544.93997584
2025-12-04T00:50:51.766834,1545.52676811
2025-12-04T00:51:52.992879,1544.83546377
2025-12-04T00:52:54.205394,1543.30626931
2025-12-04T00:53:55.490415,1542.77938652
2025-12-04T00:54:56.717399,1542.76028658
2025-12-04T00:55:57.999090,1544.94823165
2025-12-04T00:56:59.221416,1547.06416062
2025-12-04T00:58:00.489698,1548.15180509
2025-12-04T00:59:01.741404,1547.58504724
2025-12-04T01:00:03.029373,1548.63117932
2025-12-04T01:01:04.253417,1552.03674243
2025-12-04T01:02:05.547534,1553.59957393
2025-12-04T01:03:06.826437,1554.31751381
2025-12-04T01:04:08.069196,1554.58925193
2025-12-04T01:05:09.333377,1554.20436313
2025-12-04T01:06:10.629902,1554.28831783
2025-12-04T01:07:11.869385,1553.76765237
2025-12-04T01:08:13.150365,1551.38648831
2025-12-04T01:09:14.445050,1551.74190341
2025-12-04T01:10:15.661396,1553.84419066
2025-12-04T01:11:16.944460,1553.34250048
2025-12-04T01:12:18.173431,1555.59307044
2025-12-04T01:13:19.449622,1555.11745106
2025-12-04T01:14:20.752123,1556.11856943
2025-12-04T01:15:22.053077,1556.28931246
2025-12-04T01:16:23.245506,1555.07804652
2025-12-04T01:17:24.511962,1556.06434387
2025-12-04T01:18:25.784822,1565.97052105
2025-12-04T01:19:27.042634,1564.58141250
2025-12-04T01:20:28.325588,1564.04601546
2025-12-04T01:21:29.582356,1563.17394293
2025-12-04T01:22:30.813387,1563.59637654
2025-12-04T01:23:32.053379,1560.73105746
2025-12-04T01:24:33.301376,1563.80669392
2025-12-04T01:25:34.472551,1563.49758285
2025-12-04T01:26:35.733375,1569.78966100
2025-12-04T01:27:36.988044,1566.13421137
2025-12-04T01:28:38.236861,1563.90741063
2025-12-04T01:29:39.477383,1563.77605028
2025-12-04T01:30:40.753749,1563.43016663
2025-12-04T01:31:41.973380,1564.26890020
2025-12-04T01:32:43.293392,1564.13565765
2025-12-04T01:33:44.509436,1564.80386443
2025-12-04T01:34:45.781396,1565.06951108
2025-12-04T01:35:47.030315,1564.94387802
2025-12-04T01:36:48.259375,1567.74963509
2025-12-04T01:37:49.453456,1567.20265724
2025-12-04T01:38:50.690053,1568.98376178
2025-12-04T01:39:51.949825,1567.65803797
2025-12-04T01:40:53.177334,1566.19785086
2025-12-04T01:41:54.429811,1566.28055691
2025-12-04T01:42:55.645375,1566.42858718
2025-12-04T01:43:56.861377,1565.68272248
2025-12-04T01:44:58.133376,1565.47559183
2025-12-04T01:45:59.411696,1566.64069814
2025-12-04T01:47:00.637223,1564.90585185
2025-12-04T01:48:01.947251,1564.58502235
2025-12-04T01:49:03.243410,1564.06666431
2025-12-04T01:50:04.494114,1563.71904605
2025-12-04T01:51:05.795252,1562.98513033
2025-12-04T01:52:07.053374,1561.08683145
2025-12-04T01:53:08.245384,1560.42218070
2025-12-04T01:54:09.455330,1561.49927430
2025-12-04T01:55:10.717380,1563.15806858
2025-12-04T01:56:11.893225,1564.66031433
2025-12-04T01:57:13.089973,1562.01486511
2025-12-04T01:58:14.381451,1561.26606124
2025-12-04T01:59:15.610004,1560.62291287
2025-12-04T02:00:16.870799,1561.48721207
2025-12-04T02:01:18.798901,1562.11742532
2025-12-04T02:02:20.017943,1561.71733966
2025-12-04T02:03:21.273482,1559.59185996
2025-12-04T02:04:22.485397,1558.55632206
2025-12-04T02:05:23.675005,1557.38395303
2025-12-04T02:06:24.917373,1557.01449969
2025-12-04T02:07:26.205382,1555.98302257
2025-12-04T02:08:27.486448,1556.43773640
2025-12-04T02:09:28.721713,1557.20586005
2025-12-04T02:10:30.006713,1557.89390687
2025-12-04T02:11:31.229422,1557.71886207
2025-12-04T02:12:32.485402,1556.57429727
2025-12-04T02:13:33.741636,1557.16666649
2025-12-04T02:14:35.014649,1558.64948008
2025-12-04T02:15:36.253378,1558.03414984
2025-12-04T02:16:37.520335,1561.06629893
2025-12-04T02:17:38.759771,1561.76399329
2025-12-04T02:18:39.996900,1559.83155595
2025-12-04T02:19:41.334608,1557.10126136
2025-12-04T02:20:42.591832,1557.23914119
2025-12-04T02:21:43.861395,1559.95266167
2025-12-04T02:22:45.142263,1558.80563973
2025-12-04T02:23:46.381373,1559.56663794
2025-12-04T02:24:47.674440,1560.17343591
2025-12-04T02:25:48.936120,1559.96926317
2025-12-04T02:26:50.173377,1560.31118236
2025-12-04T02:27:51.396209,1559.93840229
2025-12-04T02:28:52.658947,1557.18944063
2025-12-04T02:29:53.837378,1556.88441239
2025-12-04T02:30:55.061424,1556.34922004
2025-12-04T02:31:56.309405,1555.86371986
2025-12-04T02:32:57.576204,1555.12979512
2025-12-04T02:33:58.827211,1554.72581737
2025-12-04T02:35:00.065175,1554.93169660
2025-12-04T02:36:01.789436,1552.09306537
2025-12-04T02:37:03.061372,1552.13952765
2025-12-04T02:38:04.312642,1551.12884670
2025-12-04T02:39:05.546214,1552.16792317
2025-12-04T02:40:06.846246,1551.25082634
2025-12-04T02:41:08.101395,1551.02455064
2025-12-04T02:42:09.314446,1551.23798613
2025-12-04T02:43:10.573384,1550.30183836
2025-12-04T02:44:11.832932,1551.12755745
2025-12-04T02:45:13.059331,1550.71934148
2025-12-04T02:46:14.349392,1548.10752241
2025-12-04T02:47:15.631960,1547.36132818
2025-12-04T02:48:16.867568,1546.97524327
2025-12-04T02:49:18.131338,1546.13468372
2025-12-04T02:50:19.631590,1547.31732608
2025-12-04T02:51:20.853375,1547.58378023
2025-12-04T02:52:22.140175,1546.25025965
2025-12-04T02:53:23.380453,1546.59403235
2025-12-04T02:54:24.597363,1546.78880687
2025-12-04T02:55:25.845435,1546.13665458
2025-12-04T02:56:27.093374,1546.22868686
2025-12-04T02:57:28.340077,1546.72469873
2025-12-04T02:58:29.617473,1547.45493532
2025-12-04T02:59:30.853370,1547.19300268
2025-12-04T03:00:32.093375,1548.03012334
2025-12-04T03:01:34.069041,1552.85484288
2025-12-04T03:02:35.277384,1553.48031082
2025-12-04T03:03:36.469840,1554.17559471
2025-12-04T03:04:37.717390,1556.38322267
2025-12-04T03:05:38.941371,1555.10490595
2025-12-04T03:06:40.193794,1552.34946418
2025-12-04T03:07:41.466031,1552.35206836
2025-12-04T03:08:42.733389,1553.38796156
2025-12-04T03:09:43.979422,1551.99007836
2025-12-04T03:10:45.205373,1551.32751828
2025-12-04T03:11:46.464396,1553.83488263
2025-12-04T03:12:47.677418,1553.79921171
2025-12-04T03:13:48.958850,1555.97641171
2025-12-04T03:14:50.256143,1554.99845440
2025-12-04T03:15:51.501372,1552.84871863
2025-12-04T03:16:52.788854,1553.52915201
2025-12-04T03:17:54.013387,1553.85239822
2025-12-04T03:18:55.165369,1554.77343466
2025-12-04T03:19:56.466783,1556.12712985
2025-12-04T03:20:57.683089,1554.35092126
2025-12-04T03:21:58.869417,1554.85364075
2025-12-04T03:23:00.147933,1556.69513707
2025-12-04T03:24:01.398203,1558.04297526
2025-12-04T03:25:02.601696,1559.23804278
2025-12-04T03:26:03.921365,1557.68013780
2025-12-04T03:27:05.160175,1557.39846824
2025-12-04T03:28:06.400506,1558.13615447
2025-12-04T03:29:07.725368,1561.54314009
2025-12-04T03:30:08.941371,1561.04985054
2025-12-04T03:31:10.205337,1562.28306139
2025-12-04T03:32:11.453387,1560.88557381
2025-12-04T03:33:12.713399,1562.42721411
2025-12-04T03:34:13.917099,1563.18971910
2025-12-04T03:35:15.201056,1563.33952453
2025-12-04T03:36:16.476892,1562.97562967
2025-12-04T03:37:17.675124,1566.02157062
2025-12-04T03:38:19,1567.15603796
2025-12-04T03:39:20.293762,1564.40577712
2025-12-04T03:40:21.511740,1564.89166818
2025-12-04T03:41:22.789364,1566.50143915
2025-12-04T03:42:24.021381,1567.77002670
2025-12-04T03:43:25.204885,1566.83798112
2025-12-04T03:44:26.453407,1567.49805373
2025-12-04T03:45:27.733368,1565.70125084
2025-12-04T03:46:28.961762,1566.24408393
2025-12-04T03:47:30.252002,1565.41701371
2025-12-04T03:48:31.485371,1565.46794325
2025-12-04T03:49:32.757375,1568.55493358
2025-12-04T03:50:33.988122,1566.10399965
2025-12-04T03:51:35.249525,1566.20074692
2025-12-04T03:52:36.442518,1569.54455769
2025-12-04T03:53:37.724184,1570.65094436
2025-12-04T03:54:38.988978,1571.02287798
2025-12-04T03:55:40.245371,1569.12508146
2025-12-04T03:56:41.513445,1570.62236536
2025-12-04T03:57:42.801579,1580.35680205
2025-12-04T03:58:44.026492,1578.56763263
2025-12-04T03:59:45.237378,1578.72824553
2025-12-04T04:00:46.473968,1579.31326808
2025-12-04T04:01:47.709360,1577.01406379
2025-12-04T04:02:48.998255,1585.87440745
2025-12-04T04:03:50.250598,1579.16332183
2025-12-04T04:04:51.469372,1579.07725862
2025-12-04T04:05:52.725388,1577.50028271
2025-12-04T04:06:53.981814,1575.30379859
2025-12-04T04:07:55.205361,1574.97447685
2025-12-04T04:08:56.470561,1574.51848699
2025-12-04T04:09:57.732159,1574.57612738
2025-12-04T04:10:58.986142,1572.36054630
2025-12-04T04:12:00.269396,1575.83046218
2025-12-04T04:13:01.531740,1574.61864437
2025-12-04T04:14:02.781374,1575.25018293
2025-12-04T04:15:04.078078,1574.16384191
2025-12-04T04:16:05.317376,1573.12889325
2025-12-04T04:17:06.577717,1569.22254010
2025-12-04T04:18:07.848916,1568.88434885
2025-12-04T04:19:09.123959,1570.16756927
2025-12-04T04:20:10.317372,1571.60534360
2025-12-04T04:21:11.573369,1569.41270354
2025-12-04T04:22:12.789368,1569.64411910
2025-12-04T04:23:13.989352,1568.18624174
2025-12-04T04:24:15.205380,1567.68639403
2025-12-04T04:25:16.427178,1568.56600765
2025-12-04T04:26:17.653389,1567.61244932
2025-12-04T04:27:18.893306,1567.68881075
2025-12-04T04:28:20.124848,1567.29750384
2025-12-04T04:29:21.347998,1567.22832613
2025-12-04T04:30:22.621354,1568.33274117
2025-12-04T04:31:23.829372,1570.19898595
2025-12-04T04:32:25.108989,1571.29006328
2025-12-04T04:33:26.341371,1571.28843842
2025-12-04T04:34:27.534472,1571.47572748
2025-12-04T04:35:28.782018,1568.64338298
2025-12-04T04:36:30.037395,1569.63268401
2025-12-04T04:37:31.277387,1569.39267338
2025-12-04T04:38:32.517363,1570.39010479
2025-12-04T04:39:33.781372,1569.60240487
2025-12-04T04:40:35.029371,1571.58659585
2025-12-04T04:41:36.237375,1571.65942614
2025-12-04T04:42:37.453355,1571.89815871
2025-12-04T04:43:38.693418,1571.87161521
2025-12-04T04:44:39.925419,1571.28977924
2025-12-04T04:45:41.158363,1569.76395447
2025-12-04T04:46:42.397380,1569.40364395
2025-12-04T04:47:43.573371,1568.93136686
2025-12-04T04:48:44.849075,1566.71807115
2025-12-04T04:49:46.073557,1567.31842041
2025-12-04T04:50:47.318725,1567.15321646
2025-12-04T04:51:48.600308,1566.98700748
2025-12-04T04:52:49.877377,1564.62748174
2025-12-04T04:53:51.061352,1564.44396840
2025-12-04T04:54:52.373096,1565.90445301
2025-12-04T04:55:53.621374,1566.29173005
2025-12-04T04:56:54.798956,1565.80915987
2025-12-04T04:57:56.053388,1565.53712505
2025-12-04T04:58:57.336727,1565.13755689
2025-12-04T04:59:58.565949,1565.01065056
2025-12-04T05:00:59.797380,1570.63282815
2025-12-04T05:02:01.059321,1567.35989761
2025-12-04T05:03:02.302761,1569.67762157
2025-12-04T05:04:03.555205,1571.85262385
2025-12-04T05:05:04.853376,1569.99411215
2025-12-04T05:06:06.037373,1569.91861987
2025-12-04T05:07:07.285413,1567.98653603
2025-12-04T05:08:08.469380,1568.95297929
2025-12-04T05:09:09.718547,1569.45294790
2025-12-04T05:10:10.998891,1569.41998638
2025-12-04T05:11:12.278005,1569.56038963
2025-12-04T05:12:13.533202,1569.46562945
2025-12-04T05:13:14.766332,1568.04210472
2025-12-04T05:14:16.021398,1566.99162883
2025-12-04T05:15:17.248868,1565.79026631
2025-12-04T05:16:18.493385,1568.58444245
2025-12-04T05:17:19.750349,1570.02188221
2025-12-04T05:18:21.014748,1569.87318722
2025-12-04T05:19:22.292127,1568.30357180
2025-12-04T05:20:23.581719,1568.16887998
2025-12-04T05:21:24.803080,1567.70715846
2025-12-04T05:22:26.005375,1568.83981854
2025-12-04T05:23:27.247231,1565.42864017
2025-12-04T05:24:28.473172,1569.72080588
2025-12-04T05:25:29.734543,1568.54566068
2025-12-04T05:26:31.002576,1567.71197179
2025-12-04T05:27:32.248143,1566.94361352
2025-12-04T05:28:33.513422,1565.72678639
2025-12-04T05:29:34.722314,1564.87489716
2025-12-04T05:30:35.952393,1565.28494513
2025-12-04T05:31:37.199530,1562.94295782
2025-12-04T05:32:38.488262,1563.64306382
2025-12-04T05:33:39.713498,1567.33971760
2025-12-04T05:34:40.981369,1568.18339977
2025-12-04T05:35:42.240553,1567.20218655
2025-12-04T05:36:43.424581,1569.07844213
2025-12-04T05:37:44.645243,1568.43295427
2025-12-04T05:38:45.893366,1569.30433564
2025-12-04T05:39:47.093370,1569.36701874
2025-12-04T05:40:48.351539,1569.58853425
2025-12-04T05:41:49.624376,1570.50645200
2025-12-04T05:42:50.878251,1573.20989240
2025-12-04T05:43:52.117389,1573.18787004
2025-12-04T05:44:53.367106,1571.38801034
2025-12-04T05:45:54.571225,1569.97185914
2025-12-04T05:46:55.842227,1570.47659991
2025-12-04T05:47:57.152002,1568.40482603
2025-12-04T05:48:58.401917,1570.31124732
2025-12-04T05:49:59.605390,1566.13474715
2025-12-04T05:51:00.885415,1566.68422413
2025-12-04T05:52:02.118360,1566.41628077
2025-12-04T05:53:03.381392,1566.15397323
2025-12-04T05:54:04.696307,1566.63303446
2025-12-04T05:55:05.877374,1565.29246309
2025-12-04T05:56:07.137855,1565.61552060
2025-12-04T05:57:08.348902,1569.72869236
2025-12-04T05:58:09.536746,1572.46593988
2025-12-04T05:59:10.805350,1572.55360251
2025-12-04T06:00:12.052946,1574.05449119
2025-12-04T06:01:13.733363,1572.56804676
2025-12-04T06:02:14.987318,1576.65741499
2025-12-04T06:03:16.245383,1574.62714871
2025-12-04T06:04:17.468023,1575.01018211
2025-12-04T06:05:18.709368,1573.10654977
2025-12-04T06:06:19.974932,1574.06034251
2025-12-04T06:07:21.192733,1576.23474697
2025-12-04T06:08:22.421381,1573.92437401
2025-12-04T06:09:23.710059,1571.68350761
2025-12-04T06:10:24.933371,1572.33517036
2025-12-04T06:11:26.165367,1572.46631933
2025-12-04T06:12:27.425469,1571.40362481
2025-12-04T06:13:28.642595,1570.75110936
2025-12-04T06:14:29.913549,1570.20507719
2025-12-04T06:15:31.157426,1566.90010304
2025-12-04T06:16:32.371215,1567.90451480
2025-12-04T06:17:33.604942,1564.76148309
2025-12-04T06:18:34.918018,1564.78431633
2025-12-04T06:19:36.109374,1564.35389500
2025-12-04T06:20:37.307106,1564.81155207
2025-12-04T06:21:38.578559,1563.18248188
2025-12-04T06:22:39.808556,1562.11886654
2025-12-04T06:23:41.077373,1560.63741375
2025-12-04T06:24:42.309389,1558.37272977
2025-12-04T06:25:43.461370,1555.67842459
2025-12-04T06:26:44.693357,1556.53814409
2025-12-04T06:27:45.877355,1556.35743764
2025-12-04T06:28:47.079946,1556.94976144
2025-12-04T06:29:48.358579,1556.30348788
2025-12-04T06:30:49.637392,1557.55236279
2025-12-04T06:31:50.805553,1557.98143267
2025-12-04T06:32:52.040489,1558.21981246
2025-12-04T06:33:53.301377,1559.27501091
2025-12-04T06:34:54.521536,1558.47510159
2025-12-04T06:35:55.770068,1559.66875431
2025-12-04T06:36:56.990760,1560.84498092
2025-12-04T06:37:58.140155,1562.41284456
2025-12-04T06:38:59.349393,1561.84612960
2025-12-04T06:40:00.593639,1559.15806240
2025-12-04T06:41:01.781405,1559.55098684
2025-12-04T06:42:03.057423,1562.73974692
2025-12-04T06:43:04.317084,1560.98891826
2025-12-04T06:44:05.541324,1559.19629685
2025-12-04T06:45:06.826039,1558.47727369
2025-12-04T06:46:08.213380,1557.47131496
2025-12-04T06:47:09.397382,1557.77738330
2025-12-04T06:48:10.655754,1559.83541437
2025-12-04T06:49:11.829385,1559.81165050
2025-12-04T06:50:13.041317,1558.87518928
2025-12-04T06:51:14.326415,1558.68981562
2025-12-04T06:52:15.585491,1558.44602915
2025-12-04T06:53:17.081040,1556.55318889
2025-12-04T06:54:18.336502,1556.68591696
2025-12-04T06:55:19.573371,1556.01918786
2025-12-04T06:56:20.733306,1555.15428681
2025-12-04T06:57:21.958346,1557.42198846
2025-12-04T06:58:23.198941,1558.40015202
2025-12-04T06:59:24.389380,1559.12530068
2025-12-04T07:00:25.638569,1559.52009244
2025-12-04T07:01:27.525360,1560.54340854
2025-12-04T07:02:28.753125,1559.26785114
2025-12-04T07:03:29.941359,1560.85719824
2025-12-04T07:04:31.193355,1561.23054815
2025-12-04T07:05:32.397495,1562.60893543
2025-12-04T07:06:33.662592,1561.58156269
2025-12-04T07:07:34.939077,1560.33587127
2025-12-04T07:08:36.138596,1560.71563864
2025-12-04T07:09:37.426158,1563.11228525
2025-12-04T07:10:38.680882,1560.60007998
2025-12-04T07:11:39.889702,1559.29382111
2025-12-04T07:12:41.109389,1559.15367762
2025-12-04T07:13:42.365516,1558.50363674
2025-12-04T07:14:43.592841,1560.94742321
2025-12-04T07:15:44.849615,1561.85754442
2025-12-04T07:16:46.107370,1561.75527540
2025-12-04T07:17:47.341398,1563.83253848
2025-12-04T07:18:48.597375,1563.83502924
2025-12-04T07:19:49.854553,1564.39474872
2025-12-04T07:20:51.069359,1561.49852050
2025-12-04T07:21:52.277375,1562.73075429
2025-12-04T07:22:53.500989,1560.47422903
2025-12-04T07:23:55.261376,1560.41150026
2025-12-04T07:24:56.508946,1562.49523280
2025-12-04T07:25:57.777122,1562.07345025
2025-12-04T07:26:58.994340,1560.81753397
2025-12-04T07:28:00.269134,1561.11450235
2025-12-04T07:29:01.541374,1562.27704066
2025-12-04T07:30:02.789089,1561.23251172
2025-12-04T07:31:04.053424,1561.14947904
2025-12-04T07:32:05.323330,1561.82575772
2025-12-04T07:33:06.599341,1563.20609748
2025-12-04T07:34:07.845908,1563.41520134
2025-12-04T07:35:09.077384,1562.65455057
2025-12-04T07:36:10.288899,1561.21411016
2025-12-04T07:37:11.559701,1557.52503943
2025-12-04T07:38:12.825906,1557.45826579
2025-12-04T07:39:14.246823,1557.81534855
2025-12-04T07:40:15.525375,1557.81260970
2025-12-04T07:41:16.801259,1556.10571037
2025-12-04T07:42:18.013393,1557.56460263
2025-12-04T07:43:19.253387,1557.71388580
2025-12-04T07:44:20.528895,1558.62342919
2025-12-04T07:45:21.725205,1557.36913763
2025-12-04T07:46:22.997402,1558.56808520
2025-12-04T07:47:24.226241,1559.14011820
2025-12-04T07:48:25.429813,1559.06458032
2025-12-04T07:49:26.661393,1558.29386916
2025-12-04T07:50:27.861380,1556.52014778
2025-12-04T07:51:29.059078,1554.67552014
2025-12-04T07:52:30.315811,1555.53605844
2025-12-04T07:53:31.541381,1555.63308331
2025-12-04T07:54:32.807694,1555.64526058
2025-12-04T07:55:34.037378,1557.15900700
2025-12-04T07:56:35.285383,1557.15091950
2025-12-04T07:57:36.496668,1556.18136439
2025-12-04T07:58:37.747235,1558.51684924
2025-12-04T07:59:39.013371,1556.93140016
2025-12-04T08:00:40.257372,1554.93900205
2025-12-04T08:01:42.149369,1555.05020011
2025-12-04T08:02:43.406790,1551.93036221
2025-12-04T08:03:44.634498,1551.83777993
2025-12-04T08:04:45.845375,1550.37021444
2025-12-04T08:05:47.093371,1551.43001724
2025-12-04T08:06:48.325375,1551.90502223
2025-12-04T08:07:49.589387,1549.56106057
2025-12-04T08:08:50.837375,1550.95796430
2025-12-04T08:09:52.102248,1552.27312740
2025-12-04T08:10:53.349381,1550.48222577
2025-12-04T08:11:54.613376,1551.14047553
2025-12-04T08:12:55.861330,1550.22958161
2025-12-04T08:13:57.104628,1551.95012076
2025-12-04T08:14:58.373401,1551.21524688
2025-12-04T08:15:59.591367,1549.55980351
2025-12-04T08:17:00.885378,1550.20323630
2025-12-04T08:18:02.139571,1549.20429098
2025-12-04T08:19:03.371314,1549.08065134
2025-12-04T08:20:04.679353,1547.84289816
2025-12-04T08:21:05.956410,1547.26222983
2025-12-04T08:22:07.200665,1547.63840876
2025-12-04T08:23:08.421384,1548.52434751
2025-12-04T08:24:09.695208,1547.74222636
2025-12-04T08:25:10.933406,1548.00277228
2025-12-04T08:26:12.181368,1547.75210577
2025-12-04T08:27:13.457625,1548.34892893
2025-12-04T08:28:14.690077,1546.85716136
2025-12-04T08:29:15.954342,1544.49620983
2025-12-04T08:30:17.261258,1540.69376689
2025-12-04T08:31:18.461851,1539.31722715
2025-12-04T08:32:19.712132,1539.07859124
2025-12-04T08:33:20.984526,1541.08705972
2025-12-04T08:34:22.227981,1539.52643233
2025-12-04T08:35:23.493385,1542.21889748
2025-12-04T08:36:24.891248,1539.47666294
2025-12-04T08:37:26.118503,1541.19902711
2025-12-04T08:38:27.365375,1544.85661632
2025-12-04T08:39:28.597407,1543.10358073
2025-12-04T08:40:29.824148,1544.26357323
2025-12-04T08:41:31.029396,1543.73413765
2025-12-04T08:42:32.238347,1545.40502022
2025-12-04T08:43:33.452244,1545.31132141
2025-12-04T08:44:34.700754,1541.91211226
2025-12-04T08:45:35.980064,1543.53248479
2025-12-04T08:46:37.141438,1542.75409741
2025-12-04T08:47:38.406313,1543.36424365
2025-12-04T08:48:39.684102,1542.92512136
2025-12-04T08:49:40.869372,1544.63818685
2025-12-04T08:50:42.138212,1546.07828771
2025-12-04T08:51:43.394865,1544.93460732
2025-12-04T08:52:44.557482,1544.34251428
2025-12-04T08:53:45.760499,1547.05540169
2025-12-04T08:54:46.997412,1547.12302962
2025-12-04T08:55:48.197376,1547.45953662
2025-12-04T08:56:49.454509,1546.97760692
2025-12-04T08:57:50.709387,1546.16338020
2025-12-04T08:58:51.861441,1548.56054014
2025-12-04T08:59:53.129228,1549.36047211
2025-12-04T09:00:54.416346,1552.42779996
2025-12-04T09:01:55.605372,1554.13623709
2025-12-04T09:02:56.846471,1553.36894358
2025-12-04T09:03:58.101387,1554.87753413
2025-12-04T09:04:59.285379,1551.91139821
2025-12-04T09:06:00.549377,1554.11370572
2025-12-04T09:07:01.845376,1553.71790427
2025-12-04T09:08:03.061508,1553.63337309
2025-12-04T09:09:04.333384,1553.79655630
2025-12-04T09:10:05.573386,1552.92715857
2025-12-04T09:11:06.758666,1552.25612023
2025-12-04T09:12:08.005327,1549.06175476
2025-12-04T09:13:09.237394,1549.15167723
2025-12-04T09:14:10.471190,1546.72317202
2025-12-04T09:15:11.749372,1547.62063358
2025-12-04T09:16:13.048386,1546.90979781
2025-12-04T09:17:14.261402,1545.34187337
2025-12-04T09:18:15.510765,1542.73637567
2025-12-04T09:19:16.773414,1542.20735287
2025-12-04T09:20:17.998659,1541.96027886
2025-12-04T09:21:19.242686,1541.40719011
2025-12-04T09:22:20.437376,1540.70042974
2025-12-04T09:23:21.685381,1540.93210307
2025-12-04T09:24:22.949383,1540.98553459
2025-12-04T09:25:24.181369,1541.01365191
2025-12-04T09:26:25.420540,1543.51444406
2025-12-04T09:27:26.653630,1541.58585405
2025-12-04T09:28:27.922447,1541.95322122
2025-12-04T09:29:29.126315,1543.28406253
2025-12-04T09:30:30.357419,1545.74321924
2025-12-04T09:31:31.618845,1544.32148768
2025-12-04T09:32:32.853420,1544.42502770
2025-12-04T09:33:34.123230,1542.32335542
2025-12-04T09:34:35.403326,1544.00445035
2025-12-04T09:35:36.597366,1542.52329071
2025-12-04T09:36:37.845380,1541.08963556
2025-12-04T09:37:39.093375,1542.20870281
2025-12-04T09:38:40.325389,1541.87957265
2025-12-04T09:39:41.567643,1544.41962346
2025-12-04T09:40:42.837390,1545.91451175
2025-12-04T09:41:44.086201,1549.77121273
2025-12-04T09:42:45.324925,1551.26482933
2025-12-04T09:43:46.517363,1551.12309313
2025-12-04T09:44:47.754844,1551.25904904
2025-12-04T09:45:48.969207,1551.83223603
2025-12-04T09:46:50.264870,1552.74042825
2025-12-04T09:47:51.510852,1553.05182391
2025-12-04T09:48:52.782305,1550.64615161
2025-12-04T09:49:54.032546,1550.81543042
2025-12-04T09:50:55.266530,1552.11016083
2025-12-04T09:51:56.501384,1552.25156556
2025-12-04T09:52:57.768731,1551.60720322
2025-12-04T09:53:58.997368,1551.34032259
2025-12-04T09:55:00.336874,1550.85992719
2025-12-04T09:56:01.573404,1549.60846414
2025-12-04T09:57:02.815884,1549.95457716
2025-12-04T09:58:04.085206,1549.00900283
2025-12-04T09:59:05.301389,1550.98091634
2025-12-04T10:00:06.517947,1551.77679742
2025-12-04T10:01:07.797377,1551.16764686
2025-12-04T10:02:09.059378,1548.48382153
2025-12-04T10:03:10.261387,1549.32329750
2025-12-04T10:04:11.461397,1545.15814585
2025-12-04T10:05:12.733568,1546.07271192
2025-12-04T10:06:14.015943,1545.46198273
2025-12-04T10:07:15.286348,1544.63370714
2025-12-04T10:08:16.578471,1542.49399958
2025-12-04T10:09:17.797403,1545.32654578
2025-12-04T10:10:19.087055,1545.54657556
2025-12-04T10:11:20.369508,1545.66977864
2025-12-04T10:12:21.622987,1547.01516603
2025-12-04T10:13:22.837385,1544.74885872
2025-12-04T10:14:24.121508,1544.78646577
2025-12-04T10:15:25.333379,1545.73333359
2025-12-04T10:16:26.629310,1549.15933325
2025-12-04T10:17:28.007311,1550.22717458
2025-12-04T10:18:29.781402,1546.61602284
2025-12-04T10:19:31.083766,1548.03611662
2025-12-04T10:20:32.317373,1551.16347872
2025-12-04T10:21:33.538739,1551.57855583
2025-12-04T10:22:34.790149,1552.58080981
2025-12-04T10:23:36.005374,1553.12736801
2025-12-04T10:24:37.252873,1552.37658237
2025-12-04T10:25:38.517372,1553.24132839
2025-12-04T10:26:39.770569,1553.22826454
2025-12-04T10:27:40.989260,1553.21168161
2025-12-04T10:28:42.253379,1554.81716986
2025-12-04T10:29:43.536223,1554.54028785
2025-12-04T10:30:44.793020,1556.34636807
2025-12-04T10:31:46.035192,1556.61658116
2025-12-04T10:32:47.352884,1555.48994221
2025-12-04T10:33:48.560633,1555.17355228
2025-12-04T10:34:49.822021,1554.68165582
2025-12-04T10:35:51.079021,1552.77511617
2025-12-04T10:36:52.309372,1549.53721615
2025-12-04T10:37:53.559505,1550.08055527
2025-12-04T10:38:54.860952,1550.61974472
2025-12-04T10:39:56.031701,1550.65124852
2025-12-04T10:40:57.320874,1550.41899039
2025-12-04T10:41:58.597063,1548.28629711
2025-12-04T10:42:59.765381,1551.19630278
2025-12-04T10:44:01.001515,1549.89171362
2025-12-04T10:45:02.267937,1548.34526309
2025-12-04T10:46:03.517391,1549.93108910
2025-12-04T10:47:04.773461,1549.08357997
2025-12-04T10:48:06.043633,1548.19463701
2025-12-04T10:49:07.301372,1550.03903561
2025-12-04T10:50:08.559329,1549.12873060
2025-12-04T10:51:09.813368,1549.24558242
2025-12-04T10:52:11.041201,1551.80186750
2025-12-04T10:53:12.318128,1553.79869271
2025-12-04T10:54:13.622998,1554.64654661
2025-12-04T10:55:14.837403,1554.90765783
2025-12-04T10:56:16.148402,1558.43853915
2025-12-04T10:57:17.461373,1557.74554942
2025-12-04T10:58:18.622146,1558.88656052
2025-12-04T10:59:19.837365,1558.53934847
2025-12-04T11:00:21.145378,1555.64940749
2025-12-04T11:01:23.029466,1553.32100396
2025-12-04T11:02:24.301355,1559.14001815
2025-12-04T11:03:25.589593,1559.53107374
2025-12-04T11:04:26.859385,1556.75382707
2025-12-04T11:05:28.107663,1555.40242828
2025-12-04T11:06:29.409501,1554.46830420
2025-12-04T11:07:30.694962,1554.25080472
2025-12-04T11:08:31.986801,1554.32407021
2025-12-04T11:09:33.253376,1554.68191122
2025-12-04T11:10:34.504681,1555.92716403
2025-12-04T11:11:35.765353,1552.31952263
2025-12-04T11:12:37.058699,1552.57434004
2025-12-04T11:13:38.277373,1552.19026116
2025-12-04T11:14:39.525365,1554.45547969
2025-12-04T11:15:40.789373,1556.11608802
2025-12-04T11:16:42.005355,1556.16829313
2025-12-04T11:17:43.258344,1558.58533254
2025-12-04T11:18:44.555304,1556.19525787
2025-12-04T11:19:45.749389,1555.83605626
2025-12-04T11:20:47.049199,1557.15689992
2025-12-04T11:21:48.314522,1559.35516899
2025-12-04T11:22:49.530929,1561.23534137
2025-12-04T11:23:50.710995,1557.97893114
2025-12-04T11:24:52.004605,1558.29093822
2025-12-04T11:25:53.233043,1559.38056200
2025-12-04T11:26:54.501351,1559.84826465
2025-12-04T11:27:55.733394,1557.91766899
2025-12-04T11:28:56.917365,1559.14313726
2025-12-04T11:29:58.165383,1556.36803711
2025-12-04T11:30:59.425527,1556.33872150
2025-12-04T11:32:00.677370,1554.97335259
2025-12-04T11:33:01.955364,1556.41625665
2025-12-04T11:34:03.211961,1555.81978403
2025-12-04T11:35:04.533370,1554.88972217
2025-12-04T11:36:05.813782,1553.71385247
2025-12-04T11:37:07.061370,1551.97854920
2025-12-04T11:38:08.245372,1551.82523208
2025-12-04T11:39:09.547931,1551.56457023
2025-12-04T11:40:10.801119,1551.64613537
2025-12-04T11:41:12.032323,1549.99274744
2025-12-04T11:42:13.263543,1550.02451993
2025-12-04T11:43:14.515985,1549.69385826
2025-12-04T11:44:15.711360,1548.80623676
2025-12-04T11:45:16.997378,1549.41410145
2025-12-04T11:46:18.261373,1550.39006580
2025-12-04T11:47:19.533482,1553.15702474
2025-12-04T11:48:20.773368,1549.18021924
2025-12-04T11:49:22.045371,1549.53644213
2025-12-04T11:50:23.272323,1550.37824030
2025-12-04T11:51:24.501370,1549.82311533
2025-12-04T11:52:25.793570,1550.71165599
2025-12-04T11:53:27.029117,1551.19419614
2025-12-04T11:54:28.309358,1551.08674099
2025-12-04T11:55:29.547204,1553.24888412
2025-12-04T11:56:30.816411,1554.01548116
2025-12-04T11:57:32.045375,1552.27136371
2025-12-04T11:58:33.301373,1550.33437358
2025-12-04T11:59:34.539112,1550.68921703
2025-12-04T12:00:35.852841,1548.98763613
2025-12-04T12:01:37.779335,1547.00035347
2025-12-04T12:02:38.981374,1549.34660642
2025-12-04T12:03:40.242267,1549.94686327
2025-12-04T12:04:41.461376,1551.31089160
2025-12-04T12:05:42.677368,1553.05531566
2025-12-04T12:06:43.963261,1552.54375172
2025-12-04T12:07:45.251147,1551.36461574
2025-12-04T12:08:46.522590,1553.13117495
2025-12-04T12:09:47.803178,1552.79327941
2025-12-04T12:10:49.109397,1554.43317831
2025-12-04T12:11:50.350997,1555.26177572
2025-12-04T12:12:51.701717,1554.98964639
2025-12-04T12:13:52.945245,1554.35567103
2025-12-04T12:14:54.140317,1554.11458235
2025-12-04T12:15:55.362017,1554.10440959
2025-12-04T12:16:56.616352,1552.06991590
2025-12-04T12:17:57.781388,1554.42381377
2025-12-04T12:18:59.077370,1554.53257067
2025-12-04T12:20:00.384956,1553.83415740
2025-12-04T12:21:01.797364,1554.52107976
2025-12-04T12:22:03.083574,1554.87151027
2025-12-04T12:23:04.309448,1553.86699040
2025-12-04T12:24:05.525393,1554.53260204
2025-12-04T12:25:06.798329,1555.38973965
2025-12-04T12:26:08.044783,1555.38767575
2025-12-04T12:27:09.291072,1555.07998772
2025-12-04T12:28:10.548878,1554.65734459
2025-12-04T12:29:11.829377,1554.84607287
2025-12-04T12:30:13.058882,1555.06105886
2025-12-04T12:31:14.348715,1557.15940544
2025-12-04T12:32:15.557366,1555.57101474
2025-12-04T12:33:16.795681,1556.77861296
2025-12-04T12:34:18.061389,1559.13140767
2025-12-04T12:35:19.356614,1557.58556327
2025-12-04T12:36:20.534407,1558.62118468
2025-12-04T12:37:21.782838,1557.47536167
2025-12-04T12:38:23.005373,1557.51582895
2025-12-04T12:39:24.280512,1559.69067873
2025-12-04T12:40:25.554875,1557.54087627
2025-12-04T12:41:26.835553,1558.13495964
2025-12-04T12:42:28.073517,1560.20741754
2025-12-04T12:43:29.337698,1558.16542164
2025-12-04T12:44:30.596481,1557.62846490
2025-12-04T12:45:31.861411,1560.07327238
2025-12-04T12:46:33.200999,1560.72931087
2025-12-04T12:47:34.421368,1560.83853459
2025-12-04T12:48:35.677792,1559.60685419
2025-12-04T12:49:36.864772,1558.65965106
2025-12-04T12:50:38.117379,1558.33666582
2025-12-04T12:51:39.338845,1556.73271685
2025-12-04T12:52:40.533373,1556.97460427
2025-12-04T12:53:41.797367,1556.77763856
2025-12-04T12:54:43.029371,1559.43236522
2025-12-04T12:55:44.261347,1560.43865698
2025-12-04T12:56:45.518690,1559.71487691
2025-12-04T12:57:46.709364,1561.20684174
2025-12-04T12:58:47.957393,1561.87350398
2025-12-04T12:59:49.205393,1561.71843912
2025-12-04T13:00:50.458166,1560.75538027
2025-12-04T13:01:51.685385,1558.93062599
2025-12-04T13:02:52.948147,1557.67383612
2025-12-04T13:03:54.220205,1555.45582998
2025-12-04T13:04:55.493994,1553.85334030
2025-12-04T13:05:56.757363,1555.42320081
2025-12-04T13:06:57.968234,1553.75205015
2025-12-04T13:07:59.210806,1554.07374952
2025-12-04T13:09:00.517366,1552.14614781
2025-12-04T13:10:01.781595,1551.66015094
2025-12-04T13:11:03.061380,1551.76329303
2025-12-04T13:12:04.329917,1552.57866419
2025-12-04T13:13:05.612251,1553.54939927
2025-12-04T13:14:06.822895,1556.92768180
2025-12-04T13:15:08.125808,1558.64397279
2025-12-04T13:16:09.366965,1556.36729269
2025-12-04T13:17:10.613397,1555.22553697
2025-12-04T13:18:11.861374,1552.05073879
2025-12-04T13:19:13.097894,1552.68607001
2025-12-04T13:20:14.380058,1553.21914333
2025-12-04T13:21:15.627561,1553.62197009
2025-12-04T13:22:16.853434,1554.02606430
2025-12-04T13:23:18.101393,1553.14934576
2025-12-04T13:24:19.349380,1553.54909632
2025-12-04T13:25:20.601930,1552.67722565
2025-12-04T13:26:21.906154,1552.96532527
2025-12-04T13:27:23.161730,1554.92099090
2025-12-04T13:28:24.433937,1555.28635387
2025-12-04T13:29:25.723468,1554.40080417
2025-12-04T13:30:26.931060,1553.46502996
2025-12-04T13:31:28.149374,1554.58569207
2025-12-04T13:32:29.424603,1559.62965799
2025-12-04T13:33:30.661397,1557.44828893
2025-12-04T13:34:31.899720,1557.01062538
2025-12-04T13:35:33.188922,1557.69116277
2025-12-04T13:36:34.437449,1556.98558731
2025-12-04T13:37:35.685378,1556.96837803
2025-12-04T13:38:36.956578,1559.82848720
2025-12-04T13:39:38.225954,1559.07618190
2025-12-04T13:40:39.484457,1558.78579887
2025-12-04T13:41:40.709387,1557.50423476
2025-12-04T13:42:41.957024,1557.63509529
2025-12-04T13:43:43.189362,1557.74977524
2025-12-04T13:44:44.452612,1561.36293386
2025-12-04T13:45:45.728506,1564.16472170
2025-12-04T13:46:46.942214,1564.28698336
2025-12-04T13:47:48.181398,1569.43416338
2025-12-04T13:48:49.420667,1568.83004726
2025-12-04T13:49:50.657334,1570.79228394
2025-12-04T13:50:51.965011,1570.45987959
2025-12-04T13:51:53.217484,1570.23363427
2025-12-04T13:52:54.421435,1567.74306709
2025-12-04T13:53:55.653364,1567.36045345
2025-12-04T13:54:56.921863,1566.74445782
2025-12-04T13:55:58.165380,1566.49239415
2025-12-04T13:56:59.427603,1569.88068456
2025-12-04T13:58:00.693369,1570.42275967
2025-12-04T13:59:01.909388,1570.58485939
2025-12-04T14:00:03.157360,1569.72815923
2025-12-04T14:01:04.381377,1567.53362398
2025-12-04T14:02:05.628780,1566.54241819
2025-12-04T14:03:06.853388,1566.10517240
2025-12-04T14:04:08.085354,1566.26508460
2025-12-04T14:05:09.285382,1567.43690582
2025-12-04T14:06:10.581391,1561.22424833
2025-12-04T14:07:11.809296,1562.30546440
2025-12-04T14:08:13.058765,1565.95419253
2025-12-04T14:09:14.309351,1566.43904014
2025-12-04T14:10:15.546913,1568.27322526
2025-12-04T14:11:16.885381,1566.34460641
2025-12-04T14:12:18.145926,1568.82244907
2025-12-04T14:13:19.422072,1567.28039102
2025-12-04T14:14:20.607498,1567.53588940
2025-12-04T14:15:21.845377,1564.75735707
2025-12-04T14:16:23.061391,1563.73046653
2025-12-04T14:17:24.333169,1562.56099635
2025-12-04T14:18:25.626542,1563.08477436
2025-12-04T14:19:26.869385,1564.39681197
2025-12-04T14:20:28.117378,1565.39019039
2025-12-04T14:21:29.444792,1563.81023095
2025-12-04T14:22:30.696306,1561.10845976
2025-12-04T14:23:31.925408,1558.26321096
2025-12-04T14:24:33.169861,1557.20848391
2025-12-04T14:25:34.405371,1557.98896977
2025-12-04T14:26:35.611426,1556.87080710
2025-12-04T14:27:36.872328,1556.38842021
2025-12-04T14:28:38.101411,1555.35595533
2025-12-04T14:29:39.302289,1554.91187946
2025-12-04T14:30:40.581359,1554.20816202
2025-12-04T14:31:41.909398,1557.49027945
2025-12-04T14:32:43.126681,1554.24639843
2025-12-04T14:33:44.406340,1556.65387580
2025-12-04T14:34:45.639744,1555.10878997
2025-12-04T14:35:46.861156,1556.34125412
2025-12-04T14:36:48.117387,1556.85778560
2025-12-04T14:37:49.333371,1555.00435353
2025-12-04T14:38:50.547179,1554.97842952
2025-12-04T14:39:51.791857,1555.99799263
2025-12-04T14:40:53.059225,1554.99251123
2025-12-04T14:41:54.293438,1553.34580928
2025-12-04T14:42:55.574379,1552.57637596
2025-12-04T14:43:56.894888,1552.67373771
2025-12-04T14:44:58.081760,1551.41312247
2025-12-04T14:45:59.317377,1551.39352918
2025-12-04T14:47:00.576998,1553.81201987
2025-12-04T14:48:01.813371,1552.07810187
2025-12-04T14:49:03.101116,1556.76090743
2025-12-04T14:50:04.341402,1556.32389217
2025-12-04T14:51:05.557313,1554.67660481
2025-12-04T14:52:06.789849,1552.94911833
2025-12-04T14:53:08.005395,1553.31211563
2025-12-04T14:54:09.292147,1555.22216627
2025-12-04T14:55:10.586755,1553.25530251
2025-12-04T14:56:11.872660,1553.48708436
2025-12-04T14:57:13.058479,1553.23117338
2025-12-04T14:58:14.293384,1553.69282843
2025-12-04T14:59:15.554596,1555.45390419
2025-12-04T15:00:16.837368,1555.48553873
2025-12-04T15:01:18.756642,1556.73378554
2025-12-04T15:02:19.989403,1553.88487906
2025-12-04T15:03:21.189413,1554.56432290
2025-12-04T15:04:22.459547,1555.56305929
2025-12-04T15:05:23.765493,1555.79314385
2025-12-04T15:06:24.997400,1554.68935538
2025-12-04T15:07:26.293390,1551.20293647
2025-12-04T15:08:27.573379,1553.34841546
2025-12-04T15:09:28.809445,1555.10948109
2025-12-04T15:10:30.085371,1554.91649602
2025-12-04T15:11:31.384056,1555.76857625
2025-12-04T15:12:32.597374,1555.35000963
2025-12-04T15:13:33.902545,1554.75402327
2025-12-04T15:14:35.157406,1555.66560443
2025-12-04T15:15:36.373392,1555.07674452
2025-12-04T15:16:37.657130,1553.68221188
2025-12-04T15:17:38.901389,1553.19220694
2025-12-04T15:18:40.125682,1553.27804706
2025-12-04T15:19:41.333374,1555.15619784
2025-12-04T15:20:42.581364,1558.06445680
2025-12-04T15:21:43.789377,1558.99956122
2025-12-04T15:22:45.058530,1559.06986213
2025-12-04T15:23:46.330674,1559.36966357
2025-12-04T15:24:47.619728,1557.28004469
2025-12-04T15:25:48.846252,1558.07222054
2025-12-04T15:26:50.181380,1556.99866766
2025-12-04T15:27:51.400090,1558.07360326
2025-12-04T15:28:52.654450,1556.01894997
2025-12-04T15:29:53.877406,1556.49544429
2025-12-04T15:30:55.338587,1556.52306431
2025-12-04T15:31:56.565375,1558.07614478
2025-12-04T15:32:57.877366,1561.31231585
2025-12-04T15:33:59.126727,1560.84020317
2025-12-04T15:35:00.410762,1558.87244572
2025-12-04T15:36:01.685371,1556.85751027
2025-12-04T15:37:02.929400,1557.92731321
2025-12-04T15:38:04.184574,1559.69076721
2025-12-04T15:39:05.461396,1560.33100993
2025-12-04T15:40:06.631442,1559.23257784
2025-12-04T15:41:07.873882,1557.65412498
2025-12-04T15:42:09.115054,1557.86061572
2025-12-04T15:43:10.342857,1559.63973672
2025-12-04T15:44:11.603544,1560.26099822
2025-12-04T15:45:12.866808,1559.29684361
2025-12-04T15:46:14.129101,1560.03573544
2025-12-04T15:47:15.441976,1560.19759071
2025-12-04T15:48:16.749313,1561.01258243
2025-12-04T15:49:17.940667,1560.79446979
2025-12-04T15:50:19.173370,1560.49344349
2025-12-04T15:51:20.447705,1565.27855556
2025-12-04T15:52:21.685372,1566.37797783
2025-12-04T15:53:22.942353,1565.49681216
2025-12-04T15:54:24.197389,1565.50718879
2025-12-04T15:55:25.397376,1568.00590071
2025-12-04T15:56:26.629591,1569.19263834
2025-12-04T15:57:27.878292,1569.13242712
2025-12-04T15:58:29.091255,1569.21546661
2025-12-04T15:59:30.373490,1568.52515072
2025-12-04T16:00:31.658320,1567.92538276
2025-12-04T16:01:33.573105,1569.56555552
2025-12-04T16:02:34.829376,1568.53531098
2025-12-04T16:03:36.084357,1566.92342738
2025-12-04T16:04:37.301391,1568.33844854
2025-12-04T16:05:38.611568,1568.99235309
2025-12-04T16:06:39.893377,1566.80718103
2025-12-04T16:07:41.107349,1569.34919541
2025-12-04T16:08:42.389356,1564.66869750
2025-12-04T16:09:43.675996,1565.02966574
2025-12-04T16:10:44.897891,1565.45132164
2025-12-04T16:11:46.129374,1563.23949505
2025-12-04T16:12:47.403422,1563.34224982
2025-12-04T16:13:48.624877,1563.03333113
2025-12-04T16:14:49.877408,1562.50924449
2025-12-04T16:15:51.149374,1560.43413473
2025-12-04T16:16:52.373371,1558.99948798
2025-12-04T16:17:53.683562,1560.07421227
2025-12-04T16:18:54.965413,1559.93236384
2025-12-04T16:19:56.198125,1560.80676264
2025-12-04T16:20:57.478319,1558.80880132
2025-12-04T16:21:58.752551,1560.70846289
2025-12-04T16:22:59.989175,1560.18061276
2025-12-04T16:24:01.263324,1559.73685318
2025-12-04T16:25:02.549371,1558.67303843
2025-12-04T16:26:03.816411,1560.62483990
2025-12-04T16:27:05.058941,1559.92094772
2025-12-04T16:28:06.281291,1559.47784265
2025-12-04T16:29:07.469397,1559.42389442
2025-12-04T16:30:08.762488,1559.63472445
2025-12-04T16:31:10.075715,1560.40443000
2025-12-04T16:32:11.291705,1563.44120222
2025-12-04T16:33:12.549402,1564.56968070
2025-12-04T16:34:13.788409,1564.64707516
2025-12-04T16:35:15.060020,1565.12076841
2025-12-04T16:36:16.353659,1565.25996495
2025-12-04T16:37:17.596210,1565.27931443
2025-12-04T16:38:18.845364,1566.51947621
2025-12-04T16:39:20.157254,1565.59173378
2025-12-04T16:40:21.396327,1567.56554194
2025-12-04T16:41:22.597386,1567.20354894
2025-12-04T16:42:23.906266,1566.98394661
2025-12-04T16:43:25.141376,1567.08430462
2025-12-04T16:44:26.394698,1566.05990795
2025-12-04T16:45:27.621380,1566.05517015
2025-12-04T16:46:28.877367,1565.55948917
2025-12-04T16:47:30.133383,1565.67273598
2025-12-04T16:48:31.400391,1567.50525586
2025-12-04T16:49:32.645383,1566.56945922
2025-12-04T16:50:33.852298,1568.08963786
2025-12-04T16:51:35.061372,1568.70936478
2025-12-04T16:52:36.331535,1567.02532426
2025-12-04T16:53:37.493372,1563.90955762
2025-12-04T16:54:38.717827,1564.92469019
2025-12-04T16:55:39.994341,1564.35307497
2025-12-04T16:56:41.217321,1564.50619763
2025-12-04T16:57:42.485363,1565.45054706
2025-12-04T16:58:43.733369,1564.09992155
2025-12-04T16:59:44.926548,1563.57207616
2025-12-04T17:00:46.178207,1564.26639057
2025-12-04T17:01:47.925379,1564.12711540
2025-12-04T17:02:49.156754,1562.13514439
2025-12-04T17:03:50.421378,1562.32605240
2025-12-04T17:04:51.669385,1564.40887193
2025-12-04T17:05:52.853382,1563.23278789
2025-12-04T17:06:54.140157,1563.74957147
2025-12-04T17:07:55.334363,1564.46255231
2025-12-04T17:08:56.597388,1565.09617233
2025-12-04T17:09:57.850837,1565.56310652
2025-12-04T17:10:59.077395,1566.84116267
2025-12-04T17:12:00.341394,1568.17982278
2025-12-04T17:13:01.637370,1567.51867663
2025-12-04T17:14:02.933893,1566.08465990
2025-12-04T17:15:04.149399,1567.46287143
2025-12-04T17:16:05.432657,1567.78377290
2025-12-04T17:17:06.661357,1566.81203767
2025-12-04T17:18:07.893433,1566.59273952
2025-12-04T17:19:09.149384,1566.47147618
2025-12-04T17:20:10.440074,1564.92934350
2025-12-04T17:21:11.636564,1564.43204626
2025-12-04T17:22:12.898497,1563.60682463
2025-12-04T17:23:14.140206,1564.21794697
2025-12-04T17:24:15.349457,1564.71792910
2025-12-04T17:25:16.627670,1565.98730714
2025-12-04T17:26:17.878712,1566.06751246
2025-12-04T17:27:19.125404,1565.24204370
2025-12-04T17:28:20.373375,1566.80447502
2025-12-04T17:29:21.613867,1567.39347285
2025-12-04T17:30:22.801685,1569.01231408
2025-12-04T17:31:24.038409,1571.00694199
2025-12-04T17:32:25.281631,1571.10856352
2025-12-04T17:33:26.485376,1570.63704561
2025-12-04T17:34:27.770414,1570.55076811
2025-12-04T17:35:29.071089,1571.76135412
2025-12-04T17:36:30.293374,1570.68689847
2025-12-04T17:37:31.541384,1570.12669979
2025-12-04T17:38:32.789441,1569.93634737
2025-12-04T17:39:34.084343,1571.36981738
2025-12-04T17:40:35.354123,1570.69248986
2025-12-04T17:41:36.654484,1570.10810974
2025-12-04T17:42:37.877869,1568.90848900
2025-12-04T17:43:39.093386,1567.92207091
2025-12-04T17:44:40.358877,1567.07112821
2025-12-04T17:45:41.601582,1567.98491147
2025-12-04T17:46:42.899908,1568.86313431
2025-12-04T17:47:44.143853,1567.42494180
2025-12-04T17:48:45.389395,1567.15905250
2025-12-04T17:49:46.680993,1567.57751925
2025-12-04T17:50:47.935856,1568.65116285
2025-12-04T17:51:49.157395,1573.60990928
2025-12-04T17:52:50.424308,1571.44444523
2025-12-04T17:53:51.706618,1570.50151215
2025-12-04T17:54:52.913315,1572.97163915
2025-12-04T17:55:54.138224,1573.88096038
2025-12-04T17:56:55.405521,1572.30644999
2025-12-04T17:57:56.629374,1571.52635464
2025-12-04T17:58:57.845354,1572.23695734
2025-12-04T17:59:59.151570,1571.78081170
2025-12-04T18:01:00.534321,1569.55827848
2025-12-04T18:02:01.797381,1580.28440582
2025-12-04T18:03:03.061362,1588.89515622
2025-12-04T18:04:04.312410,1588.29234863
2025-12-04T18:05:05.557373,1586.21819006
2025-12-04T18:06:06.786900,1576.12121806
2025-12-04T18:07:07.989363,1558.65313562
2025-12-04T18:08:09.253394,1559.47068637
2025-12-04T18:09:10.504457,1558.44869881
2025-12-04T18:10:11.733414,1558.40926300
2025-12-04T18:11:12.982049,1558.28875591
2025-12-04T18:12:14.211863,1558.62815837
2025-12-04T18:13:15.429386,1558.22159269
2025-12-04T18:14:16.661377,1558.16132479
2025-12-04T18:15:17.973376,1556.90411175
2025-12-04T18:16:19.186218,1557.49041253
2025-12-04T18:17:20.443686,1555.59346279
2025-12-04T18:18:21.693628,1554.28738888
2025-12-04T18:19:22.901381,1553.28776408
2025-12-04T18:20:24.118315,1549.75415043
2025-12-04T18:21:25.424175,1551.81209991
2025-12-04T18:22:26.629390,1550.65088208
2025-12-04T18:23:27.934048,1549.69491293
2025-12-04T18:24:29.236102,1549.85983727
2025-12-04T18:25:30.468425,1550.90631219
2025-12-04T18:26:31.756017,1551.36790038
2025-12-04T18:27:33.058753,1552.46263794
2025-12-04T18:28:34.261467,1553.00484106
2025-12-04T18:29:35.558225,1552.02946361
2025-12-04T18:30:36.976583,1552.55302133
2025-12-04T18:31:38.245490,1554.58821581
2025-12-04T18:32:39.518066,1551.40435714
2025-12-04T18:33:40.813432,1552.70487315
2025-12-04T18:34:42.042735,1550.51716136
2025-12-04T18:35:43.253376,1550.60514210
2025-12-04T18:36:44.504012,1552.26454444
2025-12-04T18:37:45.725379,1552.52842605
2025-12-04T18:38:47.020327,1552.30666065
2025-12-04T18:39:48.293380,1552.20529967
2025-12-04T18:40:49.546738,1555.92325055
2025-12-04T18:41:50.805392,1554.76885121
2025-12-04T18:42:52.058370,1553.67001404
2025-12-04T18:43:53.282937,1553.09048536
2025-12-04T18:44:54.553873,1552.47030458
2025-12-04T18:45:55.807791,1551.50686868
2025-12-04T18:46:57.059035,1551.16187240
2025-12-04T18:47:58.341389,1551.62335387
2025-12-04T18:48:59.573399,1551.94056179
2025-12-04T18:50:00.797380,1554.16941752
2025-12-04T18:51:02.283941,1554.44117681
2025-12-04T18:52:03.578661,1556.75422847
2025-12-04T18:53:04.783059,1555.32600550
2025-12-04T18:54:06.057046,1557.71554007
2025-12-04T18:55:07.349383,1559.13341457
2025-12-04T18:56:08.612117,1559.87685261
2025-12-04T18:57:09.845385,1558.08878685
2025-12-04T18:58:11.093397,1557.77147209
2025-12-04T18:59:12.360660,1556.50216220
2025-12-04T19:00:13.615241,1556.51334011
2025-12-04T19:01:15.523977,1557.64683961
2025-12-04T19:02:16.725379,1555.33027021
2025-12-04T19:03:17.995700,1554.13351282
2025-12-04T19:04:19.259752,1554.54064501
2025-12-04T19:05:20.518614,1556.09166491
2025-12-04T19:06:21.781155,1556.21977022
2025-12-04T19:07:23.051177,1557.07111385
2025-12-04T19:08:24.293387,1554.64230938
2025-12-04T19:09:25.525498,1553.20370451
2025-12-04T19:10:26.773348,1552.66257938
2025-12-04T19:11:28.004925,1553.92823479
2025-12-04T19:12:29.269366,1551.18481626
2025-12-04T19:13:30.469396,1551.73596895
2025-12-04T19:14:31.701371,1552.35502821
2025-12-04T19:15:32.962693,1550.58354493
2025-12-04T19:16:34.197396,1548.47657822
2025-12-04T19:17:35.445385,1547.69909197
2025-12-04T19:18:36.746483,1547.75901054
2025-12-04T19:19:38.005392,1551.30015118
2025-12-04T19:20:39.253382,1554.52356604
2025-12-04T19:21:40.517370,1555.32178221
2025-12-04T19:22:41.739586,1555.97202978
2025-12-04T19:23:42.998542,1558.86665402
2025-12-04T19:24:44.279869,1558.97574420
2025-12-04T19:25:45.541389,1555.99418801
2025-12-04T19:26:46.741391,1553.57370362
2025-12-04T19:27:47.994104,1554.70999456
2025-12-04T19:28:49.280303,1554.28556854
2025-12-04T19:29:50.525384,1555.82184069
2025-12-04T19:30:51.748543,1556.93906074
2025-12-04T19:31:52.997523,1559.38689563
2025-12-04T19:32:54.229392,1559.00443346
2025-12-04T19:33:55.469398,1560.35174979
2025-12-04T19:34:56.755441,1558.45245680
2025-12-04T19:35:57.951250,1560.78618370
2025-12-04T19:36:59.221394,1560.33457940
2025-12-04T19:38:00.467150,1560.35927619
2025-12-04T19:39:01.711889,1559.84944915
2025-12-04T19:40:02.929121,1560.58745205
2025-12-04T19:41:04.214768,1560.35448045
2025-12-04T19:42:05.429443,1560.89807945
2025-12-04T19:43:06.685402,1558.97531742
2025-12-04T19:44:07.965414,1557.75188814
2025-12-04T19:45:09.157388,1559.35160669
2025-12-04T19:46:10.453372,1559.65823853
2025-12-04T19:47:11.752313,1557.01878033
2025-12-04T19:48:12.958455,1557.99812960
2025-12-04T19:49:14.209744,1558.26671482
2025-12-04T19:50:15.477400,1556.68404643
2025-12-04T19:51:16.711986,1557.85606239
2025-12-04T19:52:17.993588,1559.92217345
2025-12-04T19:53:19.203177,1557.35775817
2025-12-04T19:54:20.434020,1558.19828194
2025-12-04T19:55:21.749377,1557.79826671
2025-12-04T19:56:23.014937,1557.91556053
2025-12-04T19:57:24.245372,1557.52136355
2025-12-04T19:58:25.512290,1556.65251082
2025-12-04T19:59:26.769498,1557.64932374
2025-12-04T20:00:27.974204,1557.55704214
2025-12-04T20:01:29.923927,1555.98603266
2025-12-04T20:02:31.190760,1556.28991835
2025-12-04T20:03:32.429328,1556.04019783
2025-12-04T20:04:33.685393,1557.16059126
2025-12-04T20:05:34.951501,1555.76039279
2025-12-04T20:06:36.197394,1556.25259356
2025-12-04T20:07:37.429362,1555.43773309
2025-12-04T20:08:38.698875,1555.33929287
2025-12-04T20:09:39.931085,1556.17345821
2025-12-04T20:10:41.221377,1554.92534004
2025-12-04T20:11:42.492044,1555.94902033
2025-12-04T20:12:43.732263,1554.51061495
2025-12-04T20:13:45.005122,1550.69851259
2025-12-04T20:14:46.245407,1550.43971825
2025-12-04T20:15:47.521451,1549.16490240
2025-12-04T20:16:48.800719,1550.73199180
2025-12-04T20:17:50.081679,1549.77035568
2025-12-04T20:18:51.310225,1547.63172205
2025-12-04T20:19:52.533375,1548.12489898
2025-12-04T20:20:53.781375,1548.06416280
2025-12-04T20:21:55.061431,1547.96693864
2025-12-04T20:22:56.293395,1547.10802769
2025-12-04T20:23:57.550373,1544.99699267
2025-12-04T20:24:58.748384,1547.01638427
2025-12-04T20:26:00.033734,1545.12531689
2025-12-04T20:27:01.317389,1545.81936467
2025-12-04T20:28:02.574346,1545.67318561
2025-12-04T20:29:03.829386,1545.19263025
2025-12-04T20:30:05.084101,1546.08952827
2025-12-04T20:31:06.289375,1546.32342829
2025-12-04T20:32:07.583638,1546.92750998
2025-12-04T20:33:08.831379,1545.11338488
2025-12-04T20:34:10.064827,1544.06663676
2025-12-04T20:35:11.303874,1544.21429966
2025-12-04T20:36:12.561511,1543.80949798
2025-12-04T20:37:13.751533,1544.27301174
2025-12-04T20:38:15.024187,1542.90337283
2025-12-04T20:39:16.373404,1543.84324385
2025-12-04T20:40:17.625842,1542.80321385
2025-12-04T20:41:18.869377,1541.42863352
2025-12-04T20:42:20.150319,1542.27050390
2025-12-04T20:43:21.394991,1539.18680742
2025-12-04T20:44:22.644799,1539.66428463
2025-12-04T20:45:23.924762,1542.94949651
2025-12-04T20:46:25.170687,1543.14619250
2025-12-04T20:47:26.445424,1543.12921181
2025-12-04T20:48:27.715652,1540.45713002
2025-12-04T20:49:28.967839,1542.54120219
2025-12-04T20:50:30.251597,1542.96925390
2025-12-04T20:51:31.479713,1539.58353181
2025-12-04T20:52:32.723434,1537.33383677
2025-12-04T20:53:33.980155,1539.21469407
2025-12-04T20:54:35.222378,1537.44623633
2025-12-04T20:55:36.434310,1536.42836924
2025-12-04T20:56:37.717398,1535.59079137
2025-12-04T20:57:38.987086,1535.78859876
2025-12-04T20:58:40.236982,1535.62283032
2025-12-04T20:59:41.502768,1533.15483454
2025-12-04T21:00:42.714048,1533.02149879
2025-12-04T21:01:44.565369,1535.55909014
2025-12-04T21:02:45.773379,1531.50816139
2025-12-04T21:03:47.025959,1531.61357896
2025-12-04T21:04:48.245383,1531.22242246
2025-12-04T21:05:49.502293,1529.18934727
2025-12-04T21:06:50.773445,1531.60747825
2025-12-04T21:07:51.981378,1530.97747538
2025-12-04T21:08:53.260421,1532.42146849
2025-12-04T21:09:54.493393,1531.90308360
2025-12-04T21:10:55.744468,1532.98985854
2025-12-04T21:11:57.005411,1532.67992726
2025-12-04T21:12:58.261362,1533.07795515
2025-12-04T21:13:59.466026,1533.76693792
2025-12-04T21:15:00.728870,1536.66562258
2025-12-04T21:16:02.049411,1533.69871198
2025-12-04T21:17:03.314357,1536.09085693
2025-12-04T21:18:04.541402,1537.78693294
2025-12-04T21:19:05.813446,1537.14433861
2025-12-04T21:20:07.058712,1537.95979702
2025-12-04T21:21:08.305414,1535.26700134
2025-12-04T21:22:09.565368,1533.70899300
2025-12-04T21:23:10.799796,1533.30970948
2025-12-04T21:24:12.058809,1534.97177897
2025-12-04T21:25:13.301397,1534.36227482
2025-12-04T21:26:14.489553,1534.60524939
2025-12-04T21:27:15.760769,1534.37349748
2025-12-04T21:28:16.981371,1535.77919528
2025-12-04T21:29:18.202826,1537.06445332
2025-12-04T21:30:19.469188,1534.46632614
2025-12-04T21:31:20.730021,1532.33866548
2025-12-04T21:32:21.917367,1533.28136684
2025-12-04T21:33:23.172903,1533.37208606
2025-12-04T21:34:24.428981,1534.71775486
2025-12-04T21:35:25.675882,1535.78662365
2025-12-04T21:36:26.941391,1536.51591185
2025-12-04T21:37:28.258016,1534.98787054
2025-12-04T21:38:29.527149,1536.01771682
2025-12-04T21:39:30.773391,1536.21244974
2025-12-04T21:40:32.045334,1535.42727075
2025-12-04T21:41:33.245384,1534.90530854
2025-12-04T21:42:34.453383,1536.05066067
2025-12-04T21:43:35.713770,1535.37964774
2025-12-04T21:44:36.919048,1535.39905156
2025-12-04T21:45:38.138214,1535.27086402
2025-12-04T21:46:39.451315,1534.90695614
2025-12-04T21:47:40.653370,1534.48691200
2025-12-04T21:48:41.877404,1534.23123724
2025-12-04T21:49:43.133397,1532.23560081
2025-12-04T21:50:44.373369,1531.17560436
2025-12-04T21:51:45.600336,1533.24103305
2025-12-04T21:52:46.829407,1532.22341142
2025-12-04T21:53:48.077855,1531.01355530
2025-12-04T21:54:49.341380,1531.10301976
2025-12-04T21:55:50.557385,1531.67750068
2025-12-04T21:56:51.725744,1533.18618572
2025-12-04T21:57:53.005399,1533.94825286
2025-12-04T21:58:54.293384,1531.87885796
2025-12-04T21:59:55.509367,1530.03812744
2025-12-04T22:00:56.768734,1526.74507397
2025-12-04T22:01:58.010647,1529.57943188
2025-12-04T22:02:59.181371,1527.82831456
2025-12-04T22:04:00.446207,1527.58185136
2025-12-04T22:05:01.693401,1528.16648798
2025-12-04T22:06:02.925371,1527.06756029
2025-12-04T22:07:04.182712,1527.89359162
2025-12-04T22:08:05.456421,1524.55670794
2025-12-04T22:09:06.717392,1524.17284338
2025-12-04T22:10:07.975333,1524.74557090
2025-12-04T22:11:09.229378,1526.17985631
2025-12-04T22:12:10.463681,1525.85524721
2025-12-04T22:13:11.701366,1527.47096436
2025-12-04T22:14:12.949366,1525.74395092
2025-12-04T22:15:14.140165,1526.66354598
2025-12-04T22:16:15.425102,1526.92085743
2025-12-04T22:17:16.705768,1526.79753205
2025-12-04T22:18:17.917403,1528.23475443
2025-12-04T22:19:19.125378,1525.39820777
2025-12-04T22:20:20.368425,1524.97065788
2025-12-04T22:21:21.557386,1525.12601064
2025-12-04T22:22:22.806913,1525.95111285
2025-12-04T22:23:24.057474,1525.69169161
2025-12-04T22:24:25.256853,1527.44721984
2025-12-04T22:25:26.545632,1528.67491011
2025-12-04T22:26:27.782223,1528.23282147
2025-12-04T22:27:29.011916,1529.17110168
2025-12-04T22:28:30.269379,1529.10079720
2025-12-04T22:29:31.543467,1529.00971662
2025-12-04T22:30:32.781381,1531.35986671
2025-12-04T22:31:34.055222,1533.51324507
2025-12-04T22:32:35.325922,1533.02179315
2025-12-04T22:33:36.549435,1534.30668107
2025-12-04T22:34:37.805403,1535.14175072
2025-12-04T22:35:39.089533,1534.64995967
2025-12-04T22:36:40.261072,1533.64201528
2025-12-04T22:37:41.487555,1532.78701940
2025-12-04T22:38:42.761233,1532.29438976
2025-12-04T22:39:43.981344,1530.57352272
2025-12-04T22:40:45.267901,1531.88954658
2025-12-04T22:41:46.573707,1531.40301637
2025-12-04T22:42:47.779584,1531.86576087
2025-12-04T22:43:48.949391,1531.59720073
2025-12-04T22:44:50.165369,1531.52026512
2025-12-04T22:45:51.380942,1532.22578533
2025-12-04T22:46:52.667224,1530.60333209
2025-12-04T22:47:53.937770,1529.13363374
2025-12-04T22:48:55.189383,1528.06108784
2025-12-04T22:49:56.472356,1528.21849476
2025-12-04T22:50:57.685401,1528.31770261
2025-12-04T22:51:58.876627,1529.32979242
2025-12-04T22:53:00.117398,1529.31165152
2025-12-04T22:54:01.349757,1529.35500030
2025-12-04T22:55:02.604333,1528.55978832
2025-12-04T22:56:03.891636,1530.36807433
2025-12-04T22:57:05.123185,1531.00387331
2025-12-04T22:58:06.293389,1530.50633468
2025-12-04T22:59:07.541401,1529.49664488
2025-12-04T23:00:08.805288,1530.02405907
2025-12-04T23:01:10.183822,1529.60739572
2025-12-04T23:02:11.467724,1529.61610243
2025-12-04T23:03:12.743658,1530.57605125
2025-12-04T23:04:13.965381,1526.65927221
2025-12-04T23:05:15.219393,1527.67323774
2025-12-04T23:06:16.450057,1527.33294028
2025-12-04T23:07:17.704392,1525.95688352
2025-12-04T23:08:18.967748,1523.98767131
2025-12-04T23:09:20.203665,1523.96935726
2025-12-04T23:10:21.397394,1523.58563406
2025-12-04T23:11:22.654181,1524.33886514
2025-12-04T23:12:23.978541,1524.89354469
2025-12-04T23:13:25.193555,1523.30581163
2025-12-04T23:14:26.485436,1522.24777854
2025-12-04T23:15:27.740585,1522.28693107
2025-12-04T23:16:28.949388,1521.26690162
2025-12-04T23:17:30.241230,1519.48494206
2025-12-04T23:18:31.488262,1521.32713437
2025-12-04T23:19:32.723693,1522.57027253
2025-12-04T23:20:34.021372,1523.07754713
2025-12-04T23:21:35.239573,1521.87557164
2025-12-04T23:22:36.477486,1522.14564397
2025-12-04T23:23:37.685372,1520.75471776
2025-12-04T23:24:38.933342,1519.77470882
2025-12-04T23:25:40.128988,1521.53363348
2025-12-04T23:26:41.429383,1524.06755076
2025-12-04T23:27:42.677389,1522.20941244
2025-12-04T23:28:43.894381,1520.90251921
2025-12-04T23:29:45.181645,1522.99830999
2025-12-04T23:30:46.427535,1518.48735187
2025-12-04T23:31:47.678527,1520.77941892
2025-12-04T23:32:48.956923,1524.38852038
2025-12-04T23:33:50.229399,1526.30591064
2025-12-04T23:34:51.453478,1523.37177367
2025-12-04T23:35:52.746626,1523.86343672
2025-12-04T23:36:53.999444,1523.06610399
2025-12-04T23:37:55.246655,1521.04277237
2025-12-04T23:38:56.553475,1520.44845774
2025-12-04T23:39:57.788165,1520.74813837
2025-12-04T23:40:59.039066,1518.30968336
2025-12-04T23:42:00.293379,1515.67117640
2025-12-04T23:43:01.576846,1514.96044229
2025-12-04T23:44:02.730664,1515.79328957
2025-12-04T23:45:03.957333,1513.88092174
2025-12-04T23:46:05.260948,1514.94291700
2025-12-04T23:47:06.453396,1517.52247323
2025-12-04T23:48:07.686851,1517.54858518
2025-12-04T23:49:08.964348,1515.09807374
2025-12-04T23:50:10.140174,1514.01381334
2025-12-04T23:51:11.374521,1514.90133098
2025-12-04T23:52:12.619291,1512.17575777
2025-12-04T23:53:13.874592,1512.56898701
2025-12-04T23:54:15.157368,1514.78194438
2025-12-04T23:55:16.373377,1515.42183631
2025-12-04T23:56:17.588756,1515.52290264
2025-12-04T23:57:18.805406,1517.41078987
2025-12-04T23:58:20.063606,1515.55513690
2025-12-04T23:59:21.269920,1518.14288843
2025-12-05T00:00:22.492357,1517.12134099
2025-12-05T00:01:24.436566,1517.44539304
2025-12-05T00:02:25.715821,1519.15096095
2025-12-05T00:03:26.981392,1517.13389808
2025-12-05T00:04:28.278359,1518.31836284
2025-12-05T00:05:29.438743,1516.92072966
2025-12-05T00:06:30.648461,1516.60798973
2025-12-05T00:07:31.932346,1519.05282153
2025-12-05T00:08:33.141584,1517.29624116
2025-12-05T00:09:34.417870,1516.77333577
2025-12-05T00:10:35.678935,1516.04446874
2025-12-05T00:11:36.905441,1513.84372690
2025-12-05T00:12:38.138223,1515.19444353
2025-12-05T00:13:39.391700,1514.86956932
2025-12-05T00:14:40.611563,1514.78765312
2025-12-05T00:15:41.881020,1512.09412594
2025-12-05T00:16:43.149395,1511.81765814
2025-12-05T00:17:44.371872,1513.47250112
2025-12-05T00:18:45.621385,1512.73113679
2025-12-05T00:19:46.869379,1513.96263261
2025-12-05T00:20:48.093375,1515.36053565
2025-12-05T00:21:49.352883,1520.24688365
2025-12-05T00:22:50.565395,1519.14682189
2025-12-05T00:23:51.746018,1519.71603689
2025-12-05T00:24:53.011491,1520.66354276
2025-12-05T00:25:54.240498,1520.13235029
2025-12-05T00:26:55.448321,1518.43738504
2025-12-05T00:27:56.709398,1518.24886808
2025-12-05T00:28:57.981376,1516.76847094
2025-12-05T00:29:59.189376,1517.23162869
2025-12-05T00:31:00.539227,1516.23136609
2025-12-05T00:32:01.846793,1513.96416566
2025-12-05T00:33:02.997404,1514.14264071
2025-12-05T00:34:04.245398,1510.00558124
2025-12-05T00:35:05.492346,1510.76481131
2025-12-05T00:36:06.726431,1510.45323440
2025-12-05T00:37:07.980648,1511.35947900
2025-12-05T00:38:09.266369,1511.49555471
2025-12-05T00:39:10.520371,1513.08665046
2025-12-05T00:40:11.783949,1515.15024281
2025-12-05T00:41:13.055591,1513.67477680
2025-12-05T00:42:14.260236,1514.23920701
2025-12-05T00:43:15.541414,1513.22966628
2025-12-05T00:44:16.806375,1513.11432678
2025-12-05T00:45:18.023458,1513.34006740
2025-12-05T00:46:19.245397,1512.93310184
2025-12-05T00:47:20.505322,1509.73168914
2025-12-05T00:48:21.717380,1509.47355046
2025-12-05T00:49:23.009205,1509.70308524
2025-12-05T00:50:24.263195,1508.89964839
2025-12-05T00:51:25.461384,1505.61397108
2025-12-05T00:52:26.747363,1505.39230993
2025-12-05T00:53:28.005459,1506.10977667
2025-12-05T00:54:29.239013,1504.41144333
2025-12-05T00:55:30.557609,1503.68175200
2025-12-05T00:56:31.860649,1504.17255881
2025-12-05T00:57:33.126381,1505.42094646
2025-12-05T00:58:34.581363,1505.98233541
2025-12-05T00:59:35.851913,1506.61153669
2025-12-05T01:00:37.104373,1505.19679404
2025-12-05T01:01:39.011962,1506.24404843
2025-12-05T01:02:40.277386,1505.58535397
2025-12-05T01:03:41.516804,1503.84958168
2025-12-05T01:04:42.757361,1503.67468191
2025-12-05T01:05:43.989394,1504.06554645
2025-12-05T01:06:45.227905,1503.13090483
2025-12-05T01:07:46.527881,1504.37122712
2025-12-05T01:08:47.781375,1504.93296596
2025-12-05T01:09:49.013402,1504.29365665
2025-12-05T01:10:50.261363,1504.02201080
2025-12-05T01:11:51.526140,1503.99848876
2025-12-05T01:12:52.757372,1506.59100600
2025-12-05T01:13:53.975570,1505.97925093
2025-12-05T01:14:55.231017,1506.80694206
2025-12-05T01:15:56.437377,1508.13720178
2025-12-05T01:16:57.701983,1507.38351268
2025-12-05T01:17:58.933467,1508.23942704
2025-12-05T01:19:00.133403,1506.00273261
2025-12-05T01:20:01.446879,1505.63594321
2025-12-05T01:21:02.741718,1506.18582871
2025-12-05T01:22:03.978507,1506.60817481
2025-12-05T01:23:05.237419,1507.99063728
2025-12-05T01:24:06.485394,1506.87157125
2025-12-05T01:25:07.685735,1505.75310244
2025-12-05T01:26:08.947325,1505.46940107
2025-12-05T01:27:10.283881,1506.14079324
2025-12-05T01:28:11.541370,1505.98252793
2025-12-05T01:29:12.810824,1507.29183236
2025-12-05T01:30:14.126736,1507.29115265
2025-12-05T01:31:15.285373,1507.73178937
2025-12-05T01:32:16.565369,1507.98825075
2025-12-05T01:33:17.811513,1508.96069921
2025-12-05T01:34:18.989376,1508.25494558
2025-12-05T01:35:20.229394,1509.50166644
2025-12-05T01:36:21.537661,1508.47355592
2025-12-05T01:37:22.741377,1506.28564157
2025-12-05T01:38:23.933357,1506.52317941
2025-12-05T01:39:25.205387,1508.03892367
2025-12-05T01:40:26.473131,1506.39293438
2025-12-05T01:41:27.765345,1505.97463146
2025-12-05T01:42:29.059372,1502.68899685
2025-12-05T01:43:30.277375,1503.39834975
2025-12-05T01:44:31.509417,1504.95998965
2025-12-05T01:45:32.789370,1506.01695199
2025-12-05T01:46:34.077349,1506.08832557
2025-12-05T01:47:35.344224,1504.87461371
2025-12-05T01:48:36.588432,1503.75663281
2025-12-05T01:49:37.781396,1504.26764220
2025-12-05T01:50:39.049843,1502.90458820
2025-12-05T01:51:40.253429,1502.96978792
2025-12-05T01:52:41.477369,1503.50727930
2025-12-05T01:53:42.725376,1503.88410007
2025-12-05T01:54:43.978468,1504.09014533
2025-12-05T01:55:45.197394,1504.92696574
2025-12-05T01:56:46.473650,1506.69997198
2025-12-05T01:57:47.748810,1508.01905858
2025-12-05T01:58:48.961324,1508.12999374
2025-12-05T01:59:50.204817,1508.50755943
2025-12-05T02:00:51.445679,1509.75263081
2025-12-05T02:01:52.670503,1508.54773926
2025-12-05T02:02:53.917778,1510.96106794
2025-12-05T02:03:55.189381,1510.87674662
2025-12-05T02:04:56.430581,1509.55547994
2025-12-05T02:05:57.678139,1508.56901142
2025-12-05T02:06:58.901383,1508.05341304
2025-12-05T02:08:00.107461,1506.83642981
2025-12-05T02:09:01.400691,1508.05392547
2025-12-05T02:10:02.650144,1508.24892875
2025-12-05T02:11:03.877366,1507.84924347
2025-12-05T02:12:05.170750,1507.52014642
2025-12-05T02:13:06.451833,1506.88955206
2025-12-05T02:14:07.717678,1507.84187421
2025-12-05T02:15:08.963662,1507.13803270
2025-12-05T02:16:10.193168,1506.18647810
2025-12-05T02:17:11.413389,1506.64394976
2025-12-05T02:18:12.665196,1507.56542842
2025-12-05T02:19:13.925396,1507.47019375
2025-12-05T02:20:15.161482,1508.30540082
2025-12-05T02:21:16.412584,1508.72971399
2025-12-05T02:22:17.683520,1507.82115581
2025-12-05T02:23:18.886942,1508.91262986
2025-12-05T02:24:20.101369,1509.92595661
2025-12-05T02:25:21.378569,1511.03154720
2025-12-05T02:26:22.620425,1512.11296163
2025-12-05T02:27:23.861391,1512.87721247
2025-12-05T02:28:25.083294,1513.43412428
2025-12-05T02:29:26.345402,1512.26497919
2025-12-05T02:30:27.594084,1512.04582614
2025-12-05T02:31:28.882215,1512.39225524
2025-12-05T02:32:30.105332,1513.60179893
2025-12-05T02:33:31.772437,1513.38614644
2025-12-05T02:34:33.058840,1514.17757362
2025-12-05T02:35:34.349536,1514.00275403
2025-12-05T02:36:35.571239,1513.40915883
2025-12-05T02:37:36.835298,1514.77843062
2025-12-05T02:38:38.044859,1515.70901269
2025-12-05T02:39:39.253364,1514.53534823
2025-12-05T02:40:40.518028,1512.41447801
2025-12-05T02:41:41.754190,1514.11569598
2025-12-05T02:42:42.988849,1513.88962813
2025-12-05T02:43:44.278319,1514.05712015
2025-12-05T02:44:45.461376,1514.56347892
2025-12-05T02:45:46.728949,1514.32675250
2025-12-05T02:46:47.956227,1514.23107419
2025-12-05T02:47:49.196091,1514.14446006
2025-12-05T02:48:50.453400,1515.56729975
2025-12-05T02:49:51.715511,1515.15948705
2025-12-05T02:50:52.885379,1514.88226315
2025-12-05T02:51:54.069378,1514.97822039
2025-12-05T02:52:55.317394,1514.45058449
2025-12-05T02:53:56.473514,1513.14369757
2025-12-05T02:54:57.748664,1514.91885685
2025-12-05T02:55:59.021396,1512.15188428
2025-12-05T02:57:00.179523,1512.51507836
2025-12-05T02:58:01.493385,1512.24971808
2025-12-05T02:59:02.776675,1511.95263121
2025-12-05T03:00:03.957389,1511.13856165
2025-12-05T03:01:05.204497,1510.22519043
2025-12-05T03:02:06.429382,1511.50562361
2025-12-05T03:03:07.621378,1510.14981267
2025-12-05T03:04:08.909393,1514.95901805
2025-12-05T03:05:10.140178,1518.21440688
2025-12-05T03:06:11.381382,1518.08779257
2025-12-05T03:07:12.645372,1518.29337798
2025-12-05T03:08:13.909383,1514.77907977
2025-12-05T03:09:15.158333,1516.46668607
2025-12-05T03:10:16.412971,1514.33064318
2025-12-05T03:11:17.653391,1516.83472819
2025-12-05T03:12:18.821390,1517.61077641
2025-12-05T03:13:20.063417,1517.74353169
2025-12-05T03:14:21.333374,1516.98852128
2025-12-05T03:15:22.515670,1519.13398904
2025-12-05T03:16:23.761814,1519.50199660
2025-12-05T03:17:24.998320,1519.80549227
2025-12-05T03:18:26.208232,1520.45998464
2025-12-05T03:19:27.447080,1520.17504223
2025-12-05T03:20:28.661389,1521.18659250
2025-12-05T03:21:29.964116,1521.20540575
2025-12-05T03:22:31.157398,1519.04004693
2025-12-05T03:23:32.440340,1518.75883172
2025-12-05T03:24:33.629379,1520.53479309
2025-12-05T03:25:34.869375,1520.10423215
2025-12-05T03:26:36.101378,1519.15113125
2025-12-05T03:27:37.350295,1518.83997219
2025-12-05T03:28:38.616484,1518.95286368
2025-12-05T03:29:39.861376,1518.15745125
2025-12-05T03:30:41.068206,1517.07905525
2025-12-05T03:31:42.293383,1515.61953636
2025-12-05T03:32:43.525351,1514.91024847
2025-12-05T03:33:44.789370,1515.17576057
2025-12-05T03:34:46.037371,1513.09835402
2025-12-05T03:35:47.291081,1512.93967116
2025-12-05T03:36:48.518686,1513.45111134
2025-12-05T03:37:49.763804,1512.74234428
2025-12-05T03:38:50.997445,1513.15236416
2025-12-05T03:39:52.213376,1511.71660527
2025-12-05T03:40:53.494658,1510.43656191
2025-12-05T03:41:54.725373,1509.80980519
2025-12-05T03:42:55.919890,1509.53600649
2025-12-05T03:43:57.158539,1511.56355513
2025-12-05T03:44:58.389361,1512.36495297
2025-12-05T03:45:59.624673,1510.71385156
2025-12-05T03:47:00.851126,1510.74002929
2025-12-05T03:48:02.069377,1510.72354657
2025-12-05T03:49:03.354954,1511.30773631
2025-12-05T03:50:04.565376,1512.27152216
2025-12-05T03:51:05.813385,1510.33249201
2025-12-05T03:52:06.997415,1511.68700409
2025-12-05T03:53:08.271020,1511.14160035
2025-12-05T03:54:09.542920,1510.48229671
2025-12-05T03:55:10.746739,1509.18717079
2025-12-05T03:56:12.003804,1507.06648049
2025-12-05T03:57:13.244375,1505.99232030
2025-12-05T03:58:14.921932,1505.10294645
2025-12-05T03:59:16.111123,1506.39092882
2025-12-05T04:00:17.349367,1502.72513172
2025-12-05T04:01:19.213915,1498.31379476
2025-12-05T04:02:20.444767,1495.77725920
2025-12-05T04:03:21.700691,1494.46598510
2025-12-05T04:04:22.945050,1492.06434015
2025-12-05T04:05:24.168003,1492.16011614
2025-12-05T04:06:25.429185,1490.22546445
2025-12-05T04:07:26.707104,1486.80748250
2025-12-05T04:08:27.949381,1488.42082013
2025-12-05T04:09:29.186366,1492.65183547
2025-12-05T04:10:30.412109,1497.19038803
2025-12-05T04:11:31.669396,1496.82290060
2025-12-05T04:12:32.891348,1496.68305928
2025-12-05T04:13:34.107709,1495.85065963
2025-12-05T04:14:35.352718,1497.08216052
2025-12-05T04:15:36.679679,1497.44380122
2025-12-05T04:16:37.927694,1501.18573572
2025-12-05T04:17:39.169202,1501.91652724
2025-12-05T04:18:40.357378,1500.16998629
2025-12-05T04:19:41.629387,1501.27075045
2025-12-05T04:20:42.869382,1499.86373674
2025-12-05T04:21:44.149367,1497.76393572
2025-12-05T04:22:45.341396,1499.45427206
2025-12-05T04:23:46.517398,1498.43174628
2025-12-05T04:24:47.789223,1494.24794916
2025-12-05T04:25:49.004041,1489.25288909
2025-12-05T04:26:50.285353,1490.97883291
2025-12-05T04:27:51.525352,1491.02606440
2025-12-05T04:28:52.693389,1490.19432409
2025-12-05T04:29:53.970074,1491.32845406
2025-12-05T04:30:55.212020,1490.24089549
2025-12-05T04:31:56.427740,1490.52716136
2025-12-05T04:32:57.688932,1491.58924514
2025-12-05T04:33:58.953835,1493.52931700
2025-12-05T04:35:00.173362,1493.85986536
2025-12-05T04:36:01.519239,1493.41542055
2025-12-05T04:37:02.757375,1495.13005554
2025-12-05T04:38:03.982804,1494.10981907
2025-12-05T04:39:05.301374,1495.21118997
2025-12-05T04:40:06.549370,1496.99077190
2025-12-05T04:41:07.733373,1498.89701303
2025-12-05T04:42:09.010575,1499.17950282
2025-12-05T04:43:10.247380,1499.61522112
2025-12-05T04:44:11.445406,1500.34960866
2025-12-05T04:45:12.723301,1500.66880616
2025-12-05T04:46:13.957371,1500.38056654
2025-12-05T04:47:15.173143,1500.76266532
2025-12-05T04:48:16.457035,1499.36957528
2025-12-05T04:49:17.717371,1498.66462942
2025-12-05T04:50:18.901447,1497.91668873
2025-12-05T04:51:20.133372,1498.59106141
2025-12-05T04:52:21.358318,1499.84178729
2025-12-05T04:53:22.565969,1497.92541620
2025-12-05T04:54:23.797444,1496.68202430
2025-12-05T04:55:25.040324,1496.34095800
2025-12-05T04:56:26.281096,1495.25625743
2025-12-05T04:57:27.547178,1494.25035968
2025-12-05T04:58:28.818439,1495.08912457
2025-12-05T04:59:30.085358,1493.35885783
2025-12-05T05:00:31.364359,1492.19903889
2025-12-05T05:01:33.317406,1491.32020657
2025-12-05T05:02:34.553429,1490.05940420
2025-12-05T05:03:35.789381,1490.81162198
2025-12-05T05:04:37.047137,1491.32330484
2025-12-05T05:05:38.261379,1491.85818449
2025-12-05T05:06:39.493370,1492.84868324
2025-12-05T05:07:40.733380,1493.37570222
2025-12-05T05:08:41.953565,1494.35365370
2025-12-05T05:09:43.189385,1495.07407879
2025-12-05T05:10:44.472474,1496.89505805
2025-12-05T05:11:45.669395,1498.25559160
2025-12-05T05:12:46.891421,1497.78315881
2025-12-05T05:13:48.149379,1497.76826850
2025-12-05T05:14:49.430414,1496.99519101
2025-12-05T05:15:50.621385,1499.43626374
2025-12-05T05:16:51.845392,1498.91152765
2025-12-05T05:17:53.058507,1496.41505503
2025-12-05T05:18:54.349652,1495.27822836
2025-12-05T05:19:55.565368,1496.56748040
2025-12-05T05:20:56.807234,1494.07850528
2025-12-05T05:21:58.051146,1494.44784458
2025-12-05T05:22:59.285373,1494.09744367
2025-12-05T05:24:00.444826,1493.96649508
2025-12-05T05:25:01.728883,1496.15372247
2025-12-05T05:26:02.931461,1497.39071654
2025-12-05T05:27:04.183696,1497.89369286
2025-12-05T05:28:05.403858,1497.63122261
2025-12-05T05:29:06.685754,1497.92283043
2025-12-05T05:30:07.893370,1497.30890047
2025-12-05T05:31:09.164398,1496.25954086
2025-12-05T05:32:10.397375,1495.75779156
2025-12-05T05:33:11.579333,1496.29159335
2025-12-05T05:34:12.806309,1495.90086787
2025-12-05T05:35:14.005385,1496.24317185
2025-12-05T05:36:15.256743,1495.93813905
2025-12-05T05:37:16.501375,1496.78723438
2025-12-05T05:38:17.764706,1495.94803115
2025-12-05T05:39:19.009433,1495.46797712
2025-12-05T05:40:20.273812,1495.47425894
2025-12-05T05:41:21.530979,1494.41506155
2025-12-05T05:42:22.757376,1494.81510165
2025-12-05T05:43:23.989404,1493.32868849
2025-12-05T05:44:25.229376,1493.79791072
2025-12-05T05:45:26.421375,1493.18364564
2025-12-05T05:46:27.629361,1492.60964449
2025-12-05T05:47:28.853379,1493.46329395
2025-12-05T05:48:30.059021,1493.95936683
2025-12-05T05:49:31.230371,1493.06169160
2025-12-05T05:50:32.482125,1491.91306829
2025-12-05T05:51:33.717389,1491.00402369
2025-12-05T05:52:34.962557,1491.99473060
2025-12-05T05:53:36.229367,1490.32979388
2025-12-05T05:54:37.455632,1489.75957957
2025-12-05T05:55:38.709412,1492.01223707
2025-12-05T05:56:39.889358,1492.47549453
2025-12-05T05:57:41.089097,1492.35652059
2025-12-05T05:58:42.332396,1492.40919514
2025-12-05T05:59:43.557579,1492.25485535
2025-12-05T06:00:44.831364,1492.02326209
2025-12-05T06:01:46.693383,1491.02227477
2025-12-05T06:02:47.980499,1492.95770039
2025-12-05T06:03:49.197223,1495.74152063
2025-12-05T06:04:50.479968,1495.06730071
2025-12-05T06:05:51.729053,1494.82781534
2025-12-05T06:06:52.893356,1495.77944043
2025-12-05T06:07:54.138180,1495.76926591
2025-12-05T06:08:55.381377,1496.37939754
2025-12-05T06:09:56.602287,1496.29273016
2025-12-05T06:10:57.882321,1497.94105041
2025-12-05T06:11:59.108706,1496.88682240
2025-12-05T06:13:00.353674,1495.82047933
2025-12-05T06:14:01.592173,1495.63228498
2025-12-05T06:15:02.869373,1495.52242286
2025-12-05T06:16:04.173592,1494.18361780
2025-12-05T06:17:05.429384,1494.46602789
2025-12-05T06:18:06.701373,1495.36600136
2025-12-05T06:19:07.935001,1494.07527775
2025-12-05T06:20:09.173386,1493.80829870
2025-12-05T06:21:10.421371,1495.17818650
2025-12-05T06:22:11.605453,1494.35197574
2025-12-05T06:23:12.875604,1494.54717090
2025-12-05T06:24:14.140112,1494.61178752
2025-12-05T06:25:15.397782,1496.38256199
2025-12-05T06:26:16.715470,1496.26618316
2025-12-05T06:27:17.973386,1497.82899210
2025-12-05T06:28:19.199721,1495.78308025
2025-12-05T06:29:20.456581,1495.66985310
2025-12-05T06:30:21.774714,1496.27869848
2025-12-05T06:31:22.955083,1495.95967979
2025-12-05T06:32:24.165371,1496.20556871
2025-12-05T06:33:25.437372,1496.49930736
2025-12-05T06:34:26.650623,1495.15202699
2025-12-05T06:35:27.893391,1496.30214782
2025-12-05T06:36:29.149651,1498.97997103
2025-12-05T06:37:30.397396,1499.59149328
2025-12-05T06:38:31.655816,1499.99265350
2025-12-05T06:39:32.909386,1499.38094058
2025-12-05T06:40:34.140174,1498.99185148
2025-12-05T06:41:35.381360,1499.86456291
2025-12-05T06:42:36.654782,1498.98094728
2025-12-05T06:43:37.853388,1497.19982681
2025-12-05T06:44:39.061372,1498.85652281
2025-12-05T06:45:40.317258,1498.50508002
2025-12-05T06:46:41.493394,1498.95663696
2025-12-05T06:47:42.730373,1500.16423711
2025-12-05T06:48:43.953232,1500.57362442
2025-12-05T06:49:45.117224,1500.27814558
2025-12-05T06:50:46.357387,1500.25949652
2025-12-05T06:51:47.605311,1498.97424250
2025-12-05T06:52:48.828071,1499.18260672
2025-12-05T06:53:50.064967,1497.80773353
2025-12-05T06:54:51.322920,1497.88043213
2025-12-05T06:55:52.549424,1497.08789803
2025-12-05T06:56:53.790820,1498.18326995
2025-12-05T06:57:55.029387,1498.19563730
2025-12-05T06:58:56.213364,1498.86928641
2025-12-05T06:59:57.461359,1498.92452992
2025-12-05T07:00:58.709373,1499.60458175
2025-12-05T07:01:59.923465,1499.36145829
2025-12-05T07:03:01.205378,1499.42883308
2025-12-05T07:04:02.433118,1498.90989874
2025-12-05T07:05:03.701370,1500.40789213
2025-12-05T07:06:04.949393,1501.54571870
2025-12-05T07:07:06.197371,1501.87836700
2025-12-05T07:08:07.397354,1500.40415070
2025-12-05T07:09:08.646354,1499.14626131
2025-12-05T07:10:09.919136,1499.13596479
2025-12-05T07:11:11.125348,1499.04463197
2025-12-05T07:12:12.373397,1498.92743117
2025-12-05T07:13:13.658009,1499.28811898
2025-12-05T07:14:14.869411,1497.24690772
2025-12-05T07:15:16.154678,1496.67081179
2025-12-05T07:16:17.405439,1495.58499501
2025-12-05T07:17:18.597379,1497.99021354
2025-12-05T07:18:19.837376,1497.80659729
2025-12-05T07:19:21.058992,1497.84444895
2025-12-05T07:20:22.281934,1497.51160888
2025-12-05T07:21:23.528696,1498.48640542
2025-12-05T07:22:24.725387,1498.59615851
2025-12-05T07:23:25.979541,1498.62800542
2025-12-05T07:24:27.245747,1499.71011184
2025-12-05T07:25:28.524244,1499.31068427
2025-12-05T07:26:29.767216,1499.45760373
2025-12-05T07:27:30.989383,1499.07634366
2025-12-05T07:28:32.237380,1499.64491323
2025-12-05T07:29:33.489144,1499.24001368
2025-12-05T07:30:34.766711,1497.67757470
2025-12-05T07:31:36.029396,1496.09593981
2025-12-05T07:32:37.308444,1497.95533664
2025-12-05T07:33:38.517380,1497.22297261
2025-12-05T07:34:39.765376,1497.55942488
2025-12-05T07:35:41.058836,1497.86976782
2025-12-05T07:36:42.261372,1498.57512257
2025-12-05T07:37:43.509390,1498.44586589
2025-12-05T07:38:44.728584,1501.40314518
2025-12-05T07:39:45.941363,1503.10254883
2025-12-05T07:40:47.173379,1503.89794046
2025-12-05T07:41:48.383697,1504.91044372
2025-12-05T07:42:49.621382,1506.16114761
2025-12-05T07:43:50.869380,1507.21316428
2025-12-05T07:44:52.053371,1506.23570349
2025-12-05T07:45:53.315317,1505.75157699
2025-12-05T07:46:54.566675,1506.24066008
2025-12-05T07:47:55.808657,1505.50022105
2025-12-05T07:48:57.056597,1504.80592320
2025-12-05T07:49:58.293366,1504.67811047
2025-12-05T07:50:59.518204,1504.67580076
2025-12-05T07:52:00.782584,1504.94958747
2025-12-05T07:53:02.101370,1503.38576242
2025-12-05T07:54:03.353683,1502.49440371
2025-12-05T07:55:04.570022,1502.68554321
2025-12-05T07:56:05.845415,1503.82024998
2025-12-05T07:57:07.029373,1502.86531686
2025-12-05T07:58:08.277372,1502.06462960
2025-12-05T07:59:09.546444,1501.12201903
2025-12-05T08:00:10.761344,1501.46108463
2025-12-05T08:01:12.072791,1499.37890502
2025-12-05T08:02:13.333399,1499.85184935
2025-12-05T08:03:14.584339,1500.39124717
2025-12-05T08:04:15.854156,1501.71621622
2025-12-05T08:05:17.077384,1500.35349753
2025-12-05T08:06:18.277067,1501.36529976
2025-12-05T08:07:19.534669,1500.78445593
2025-12-05T08:08:20.757362,1501.98449611
2025-12-05T08:09:22.005377,1500.94232774
2025-12-05T08:10:23.253440,1500.30722474
2025-12-05T08:11:24.474001,1499.99527016
2025-12-05T08:12:25.685361,1502.45323987
2025-12-05T08:13:26.933380,1503.62730982
2025-12-05T08:14:28.155372,1502.69346136
2025-12-05T08:15:29.370422,1501.73645221
2025-12-05T08:16:30.581377,1499.90789116
2025-12-05T08:17:31.797366,1497.54245113
2025-12-05T08:18:33.020916,1498.80264452
2025-12-05T08:19:34.277381,1501.14096997
2025-12-05T08:20:35.541372,1501.23331871
2025-12-05T08:21:36.762319,1498.97968137
2025-12-05T08:22:37.997374,1497.85640760
2025-12-05T08:23:39.245569,1496.39939211
2025-12-05T08:24:40.453389,1498.32126566
2025-12-05T08:25:41.748020,1498.65256922
2025-12-05T08:26:42.941391,1500.06650138
2025-12-05T08:27:44.117375,1501.25535191
2025-12-05T08:28:45.349009,1502.83160235
2025-12-05T08:29:46.611079,1503.17234619
2025-12-05T08:30:47.829385,1502.42641086
2025-12-05T08:31:49.143901,1504.07549597
2025-12-05T08:32:50.420163,1501.35155861
2025-12-05T08:33:51.647762,1501.84601717
2025-12-05T08:34:52.951856,1498.95442056
2025-12-05T08:35:54.165369,1495.77658789
2025-12-05T08:36:55.317370,1495.28189260
2025-12-05T08:37:56.570333,1495.38294043
2025-12-05T08:38:57.830314,1492.18073612
2025-12-05T08:39:59.061367,1493.90790555
2025-12-05T08:41:00.341385,1493.28382184
2025-12-05T08:42:01.557368,1493.51312306
2025-12-05T08:43:02.769114,1494.28049943
2025-12-05T08:44:03.989372,1495.72630278
2025-12-05T08:45:05.299594,1493.90714389
2025-12-05T08:46:06.523460,1494.19085219
2025-12-05T08:47:07.782037,1494.27567684
2025-12-05T08:48:09.029375,1493.40079901
2025-12-05T08:49:10.229361,1494.67361479
2025-12-05T08:50:11.483647,1494.57643826
2025-12-05T08:51:12.720930,1494.91466387
2025-12-05T08:52:13.934528,1493.68429186
2025-12-05T08:53:15.151415,1494.66960003
2025-12-05T08:54:16.504393,1496.29320700
2025-12-05T08:55:17.717389,1495.86503590
2025-12-05T08:56:18.965376,1495.98825381
2025-12-05T08:57:20.213499,1491.93798584
2025-12-05T08:58:21.471302,1491.12033049
2025-12-05T08:59:22.709382,1492.71297538
2025-12-05T09:00:23.950383,1492.64944572
2025-12-05T09:01:25.886823,1496.54136895
2025-12-05T09:02:27.093378,1493.69213099
2025-12-05T09:03:28.389428,1492.37891650
2025-12-05T09:04:29.631151,1491.39020689
2025-12-05T09:05:30.901380,1495.76062954
2025-12-05T09:06:32.172415,1495.80227690
2025-12-05T09:07:33.389395,1498.67208646
2025-12-05T09:08:34.657474,1498.16057931
2025-12-05T09:09:35.893381,1498.96059235
2025-12-05T09:10:37.077367,1498.60029968
2025-12-05T09:11:38.333382,1497.89477549
2025-12-05T09:12:39.582823,1499.10315725
2025-12-05T09:13:40.741370,1500.72233178
2025-12-05T09:14:41.949780,1500.29325785
2025-12-05T09:15:43.232030,1498.43177912
2025-12-05T09:16:44.405372,1497.73611004
2025-12-05T09:17:45.649097,1497.58732812
2025-12-05T09:18:46.869383,1497.61175950
2025-12-05T09:19:48.069368,1500.44393878
2025-12-05T09:20:49.333887,1499.42282783
2025-12-05T09:21:50.608377,1502.35046091
2025-12-05T09:22:51.797372,1501.47577144
2025-12-05T09:23:52.981391,1501.23660083
2025-12-05T09:24:54.245370,1501.88025313
2025-12-05T09:25:55.460129,1501.57651363
2025-12-05T09:26:56.718308,1500.30819946
2025-12-05T09:27:57.910435,1500.40135304
2025-12-05T09:28:59.126913,1501.30635750
2025-12-05T09:30:00.421438,1497.96932177
2025-12-05T09:31:01.747308,1491.63026652
2025-12-05T09:32:03.025986,1489.11173191
2025-12-05T09:33:04.285675,1490.02012880
2025-12-05T09:34:05.525374,1489.92901384
2025-12-05T09:35:06.769615,1490.67327676
2025-12-05T09:36:08.083067,1491.25343894
2025-12-05T09:37:09.387834,1492.06756001
2025-12-05T09:38:10.623702,1493.49970361
2025-12-05T09:39:11.829402,1492.94490992
2025-12-05T09:40:13.058607,1492.90946505
2025-12-05T09:41:14.221369,1491.97461075
2025-12-05T09:42:15.512798,1490.84781919
2025-12-05T09:43:16.766874,1490.74974182
2025-12-05T09:44:17.926255,1492.16451627
2025-12-05T09:45:19.191428,1493.08065347
2025-12-05T09:46:20.465315,1490.79947740
2025-12-05T09:47:21.669373,1490.39037425
2025-12-05T09:48:22.905435,1491.72912635
2025-12-05T09:49:24.171769,1491.47217921
2025-12-05T09:50:25.437459,1491.57139900
2025-12-05T09:51:26.695236,1492.78272155
2025-12-05T09:52:27.941156,1492.65934477
2025-12-05T09:53:29.178182,1494.01219254
2025-12-05T09:54:30.468329,1491.67818992
2025-12-05T09:55:31.664357,1494.58661481
2025-12-05T09:56:32.853407,1495.40870935
2025-12-05T09:57:34.138213,1494.73493619
2025-12-05T09:58:35.381390,1494.61213375
2025-12-05T09:59:36.594034,1494.42357066
2025-12-05T10:00:37.845387,1493.20133063
2025-12-05T10:01:39.253958,1496.72355091
2025-12-05T10:02:40.509972,1496.34091159
2025-12-05T10:03:41.765377,1499.24451903
2025-12-05T10:04:43.025896,1496.53050188
2025-12-05T10:05:44.267328,1496.48890962
2025-12-05T10:06:45.525706,1496.32648686
2025-12-05T10:07:46.801865,1497.02270412
2025-12-05T10:08:48.027979,1495.77609016
2025-12-05T10:09:49.303136,1495.22497984
2025-12-05T10:10:50.571160,1494.16896588
2025-12-05T10:11:51.805374,1492.35289958
2025-12-05T10:12:53.058451,1492.95544845
2025-12-05T10:13:54.327732,1494.30130898
2025-12-05T10:14:55.545421,1495.31786249
2025-12-05T10:15:56.757360,1495.67594499
2025-12-05T10:16:58.057226,1494.69153256
2025-12-05T10:17:59.300559,1493.23266031
2025-12-05T10:19:00.578040,1493.50655117
2025-12-05T10:20:01.856404,1492.29037912
2025-12-05T10:21:03.061361,1491.05030045
2025-12-05T10:22:04.361073,1490.77466400
2025-12-05T10:23:05.653326,1489.71792343
2025-12-05T10:24:06.885390,1490.65406375
2025-12-05T10:25:08.125371,1489.41255155
2025-12-05T10:26:09.403728,1489.85411103
2025-12-05T10:27:10.597395,1490.35668166
2025-12-05T10:28:11.861378,1491.59186103
2025-12-05T10:29:13.143930,1490.98381744
2025-12-05T10:30:14.357538,1492.37468824
2025-12-05T10:31:15.638481,1490.25934395
2025-12-05T10:32:16.917373,1489.70809677
2025-12-05T10:33:18.301319,1489.77320984
2025-12-05T10:34:19.603810,1489.38342205
2025-12-05T10:35:20.853374,1489.65999226
2025-12-05T10:36:22.094124,1488.81137381
2025-12-05T10:37:23.370181,1487.53201743
2025-12-05T10:38:24.608789,1487.84956224
2025-12-05T10:39:25.829389,1487.87367262
2025-12-05T10:40:27.093365,1487.27605909
2025-12-05T10:41:28.341375,1485.62926591
2025-12-05T10:42:29.592523,1486.79072052
2025-12-05T10:43:30.853370,1488.60511919
2025-12-05T10:44:32.085389,1488.74952943
2025-12-05T10:45:33.269343,1487.90726077
2025-12-05T10:46:34.517390,1488.69595810
2025-12-05T10:47:35.817694,1488.69224477
2025-12-05T10:48:37.058482,1487.77360091
2025-12-05T10:49:38.293375,1487.51147033
2025-12-05T10:50:39.588479,1487.39185645
2025-12-05T10:51:40.821497,1487.04029628
2025-12-05T10:52:42.053381,1486.29870472
2025-12-05T10:53:43.326016,1485.82079355
2025-12-05T10:54:44.565373,1486.10563681
2025-12-05T10:55:45.813356,1485.99512480
2025-12-05T10:56:47.061351,1484.21797803
2025-12-05T10:57:48.272176,1483.76144425
2025-12-05T10:58:49.551769,1483.04087412
2025-12-05T10:59:50.814020,1482.83236889
2025-12-05T11:00:52.039425,1482.17318843
2025-12-05T11:01:53.363231,1480.70581476
2025-12-05T11:02:54.613405,1480.19900126
2025-12-05T11:03:55.861403,1479.96373642
2025-12-05T11:04:57.085371,1479.83276728
2025-12-05T11:05:58.357379,1480.34704568
2025-12-05T11:06:59.557402,1481.18074506
2025-12-05T11:08:00.789401,1483.95250977
2025-12-05T11:09:02.093960,1484.48233847
2025-12-05T11:10:03.335969,1483.80980847
2025-12-05T11:11:04.631893,1482.07199905
2025-12-05T11:12:05.860799,1481.64281259
2025-12-05T11:13:07.136124,1482.55442554
2025-12-05T11:14:08.341372,1481.85262081
2025-12-05T11:15:09.680786,1479.23468940
2025-12-05T11:16:10.903488,1475.37705564
2025-12-05T11:17:12.197374,1473.88217725
2025-12-05T11:18:13.421360,1472.43611896
2025-12-05T11:19:14.682328,1471.14543162
2025-12-05T11:20:15.893416,1470.31373048
2025-12-05T11:21:17.134716,1470.65247485
2025-12-05T11:22:18.330184,1469.94436085
2025-12-05T11:23:19.619633,1470.79404726
2025-12-05T11:24:20.885552,1469.08200242
2025-12-05T11:25:22.139193,1469.99840259
2025-12-05T11:26:23.381382,1469.57188155
2025-12-05T11:27:24.630880,1472.43881395
2025-12-05T11:28:25.846468,1472.84660414
2025-12-05T11:29:27.126413,1473.64015659
2025-12-05T11:30:28.397391,1474.03122369
2025-12-05T11:31:29.621364,1471.21503038
2025-12-05T11:32:30.933387,1471.50308619
2025-12-05T11:33:32.233339,1472.30612846
2025-12-05T11:34:33.614480,1473.42974004
2025-12-05T11:35:34.829357,1475.29078565
2025-12-05T11:36:36.115521,1473.23030845
2025-12-05T11:37:37.325827,1473.01129197
2025-12-05T11:38:38.549394,1473.32961246
2025-12-05T11:39:39.773382,1472.96234894
2025-12-05T11:40:40.981394,1472.85178260
2025-12-05T11:41:42.245378,1472.11918409
2025-12-05T11:42:43.524647,1473.06411663
2025-12-05T11:43:44.787871,1473.83866757
2025-12-05T11:44:46.005378,1471.18537410
2025-12-05T11:45:47.297137,1471.28700762
2025-12-05T11:46:48.517371,1472.37685891
2025-12-05T11:47:49.717393,1471.31247856
2025-12-05T11:48:50.965367,1472.65150634
2025-12-05T11:49:52.213368,1471.94694239
2025-12-05T11:50:53.421878,1473.72330370
2025-12-05T11:51:54.668605,1473.90545216
2025-12-05T11:52:55.893420,1472.83448804
2025-12-05T11:53:57.121332,1471.00686886
2025-12-05T11:54:58.357381,1470.85956108
2025-12-05T11:55:59.549395,1470.59807852
2025-12-05T11:57:00.800353,1470.79475688
2025-12-05T11:58:02.605642,1471.74326827
2025-12-05T11:59:03.818310,1471.80768276
2025-12-05T12:00:05.104376,1470.94132614
2025-12-05T12:01:06.390315,1470.59500499
2025-12-05T12:02:07.669383,1471.68152753
2025-12-05T12:03:09.058656,1470.18129210
2025-12-05T12:04:10.344000,1470.24200192
2025-12-05T12:05:11.605641,1469.76700008
2025-12-05T12:06:12.885353,1469.63644441
2025-12-05T12:07:14.157342,1470.29582027
2025-12-05T12:08:15.389393,1470.46811895
2025-12-05T12:09:16.633328,1470.55266477
2025-12-05T12:10:17.861430,1471.04950151
2025-12-05T12:11:19.088446,1469.50963366
2025-12-05T12:12:20.309372,1466.93192432
2025-12-05T12:13:21.589380,1468.22402671
2025-12-05T12:14:22.805383,1468.14130207
2025-12-05T12:15:24.066961,1466.27170372
2025-12-05T12:16:25.295605,1469.36255877
2025-12-05T12:17:26.511649,1469.33739067
2025-12-05T12:18:27.797369,1470.66283972
2025-12-05T12:19:29.058459,1471.65408304
2025-12-05T12:20:30.277381,1473.42587233
2025-12-05T12:21:31.536622,1470.96163983
2025-12-05T12:22:32.789384,1470.77966123
2025-12-05T12:23:34.047354,1470.65188276
2025-12-05T12:24:35.295888,1472.36965061
2025-12-05T12:25:36.533396,1471.39645734
2025-12-05T12:26:37.755599,1469.96758032
2025-12-05T12:27:39.016970,1469.84446125
2025-12-05T12:28:40.316773,1468.28200349
2025-12-05T12:29:41.577469,1468.38924344
2025-12-05T12:30:42.764732,1468.73078414
2025-12-05T12:31:43.989359,1469.86161356
2025-12-05T12:32:45.247757,1470.67184143
2025-12-05T12:33:46.501373,1471.83481747
2025-12-05T12:34:47.757675,1468.61596286
2025-12-05T12:35:49.014515,1467.06060003
2025-12-05T12:36:50.260664,1467.36416938
2025-12-05T12:37:51.549322,1465.88780644
2025-12-05T12:38:52.757437,1466.47393344
2025-12-05T12:39:54.013374,1463.47325125
2025-12-05T12:40:55.250078,1460.85873992
2025-12-05T12:41:56.501381,1460.74307925
2025-12-05T12:42:57.749378,1461.63750766
2025-12-05T12:43:59.028797,1459.15492106
2025-12-05T12:45:00.243431,1458.59815195
2025-12-05T12:46:01.891671,1457.82641385
2025-12-05T12:47:03.125378,1459.17666336
2025-12-05T12:48:04.364327,1460.17171494
2025-12-05T12:49:05.629490,1460.39605935
2025-12-05T12:50:06.869381,1459.35669504
2025-12-05T12:51:08.053377,1459.17190053
2025-12-05T12:52:09.318301,1458.19266024
2025-12-05T12:53:10.584736,1457.49967636
2025-12-05T12:54:11.830029,1459.18594104
2025-12-05T12:55:13.094238,1458.32071970
2025-12-05T12:56:14.362552,1454.75475116
2025-12-05T12:57:15.605369,1455.62658608
2025-12-05T12:58:16.853395,1455.39656219
2025-12-05T12:59:18.116695,1456.33644691
2025-12-05T13:00:19.366648,1455.43544781
2025-12-05T13:01:21.343994,1454.92990269
2025-12-05T13:02:22.627936,1454.65531935
2025-12-05T13:03:23.845409,1453.14068154
2025-12-05T13:04:25.124425,1454.25373101
2025-12-05T13:05:26.373361,1451.87930526
2025-12-05T13:06:27.558369,1450.90446226
2025-12-05T13:07:28.972000,1452.09104337
2025-12-05T13:08:30.165409,1449.56422786
2025-12-05T13:09:31.402303,1450.01283625
2025-12-05T13:10:32.689022,1448.89280521
2025-12-05T13:11:33.936711,1450.71353532
2025-12-05T13:12:35.181392,1450.44869631
2025-12-05T13:13:36.525709,1453.14969993
2025-12-05T13:14:37.781415,1451.75647914
2025-12-05T13:15:39.012368,1451.48106172
2025-12-05T13:16:40.277393,1451.21883928
2025-12-05T13:17:41.554600,1462.57551864
2025-12-05T13:18:42.789657,1464.46734493
2025-12-05T13:19:44.033902,1468.52542702
2025-12-05T13:20:45.319512,1467.79108932
2025-12-05T13:21:46.533390,1470.08533124
2025-12-05T13:22:47.813082,1471.69133853
2025-12-05T13:23:49.059075,1470.84241172
2025-12-05T13:24:50.261353,1469.13867615
2025-12-05T13:25:51.504117,1467.18531942
2025-12-05T13:26:52.757379,1467.55601056
2025-12-05T13:27:54.005356,1468.31273560
2025-12-05T13:28:55.197567,1467.27207139
2025-12-05T13:29:56.437378,1468.98701737
2025-12-05T13:30:57.620232,1467.65019185
2025-12-05T13:31:58.869379,1466.86429606
2025-12-05T13:33:00.168570,1464.95653039
2025-12-05T13:34:01.432379,1465.73467014
2025-12-05T13:35:02.693391,1465.28927597
2025-12-05T13:36:03.969160,1465.20839012
2025-12-05T13:37:05.183677,1465.76632756
2025-12-05T13:38:06.451503,1467.93249996
2025-12-05T13:39:07.661419,1468.82935068
2025-12-05T13:40:08.869366,1469.47038111
2025-12-05T13:41:10.140145,1470.87854399
2025-12-05T13:42:11.381630,1469.18347476
2025-12-05T13:43:12.597351,1469.49446586
2025-12-05T13:44:13.845372,1470.16454503
2025-12-05T13:45:15.093377,1470.82066179
2025-12-05T13:46:16.331719,1471.74520566
2025-12-05T13:47:17.549390,1473.55157467
2025-12-05T13:48:18.837372,1474.89762729
2025-12-05T13:49:20.064599,1475.61097196
2025-12-05T13:50:21.311972,1476.57934161
2025-12-05T13:51:22.581384,1475.44264417
2025-12-05T13:52:23.829067,1475.98170113
2025-12-05T13:53:25.141563,1474.45661477
2025-12-05T13:54:26.408970,1472.88507739
2025-12-05T13:55:27.673490,1473.16887940
2025-12-05T13:56:28.925372,1472.29476774
2025-12-05T13:57:30.138218,1473.38988326
2025-12-05T13:58:31.317356,1473.06287838
2025-12-05T13:59:32.604454,1471.13061140
2025-12-05T14:00:33.894475,1472.22205084
2025-12-05T14:01:35.965993,1470.84891021
2025-12-05T14:02:37.262023,1468.61833878
2025-12-05T14:03:38.485371,1469.51249301
2025-12-05T14:04:39.726567,1470.87290017
2025-12-05T14:05:40.990396,1469.99972420
2025-12-05T14:06:42.182471,1469.44535793
2025-12-05T14:07:43.415860,1468.83107059
2025-12-05T14:08:44.661371,1468.91912214
2025-12-05T14:09:45.919074,1468.66083716
2025-12-05T14:10:47.081628,1466.10473452
2025-12-05T14:11:48.325363,1465.51382390
2025-12-05T14:12:49.555703,1464.60516568
2025-12-05T14:13:50.813379,1464.49263879
2025-12-05T14:14:52.062457,1462.78701271
2025-12-05T14:15:53.346311,1461.70780345
2025-12-05T14:16:54.579304,1462.79937956
2025-12-05T14:17:55.810544,1462.02738129
2025-12-05T14:18:57.058982,1461.80072584
2025-12-05T14:19:58.274675,1463.19539341
2025-12-05T14:20:59.497586,1463.21050608
2025-12-05T14:22:00.732092,1461.99770736
2025-12-05T14:23:01.935765,1466.64597877
2025-12-05T14:24:03.190353,1464.26168425
2025-12-05T14:25:04.442243,1463.36783915
2025-12-05T14:26:05.674073,1464.22244483
2025-12-05T14:27:06.920017,1465.56353960
2025-12-05T14:28:08.142346,1464.61199453
2025-12-05T14:29:09.333373,1466.89160771
2025-12-05T14:30:10.574671,1466.20837773
2025-12-05T14:31:11.846465,1468.03774936
2025-12-05T14:32:13.073920,1469.64140767
2025-12-05T14:33:14.322700,1470.07006792
2025-12-05T14:34:15.609663,1471.75065905
2025-12-05T14:35:16.885395,1472.43549974
2025-12-05T14:36:18.140141,1473.52262145
2025-12-05T14:37:19.373432,1471.61185022
2025-12-05T14:38:20.617522,1471.32387340
2025-12-05T14:39:21.845384,1468.97811068
2025-12-05T14:40:23.061401,1468.72411406
2025-12-05T14:41:24.275570,1468.51409396
2025-12-05T14:42:25.542795,1470.59611482
2025-12-05T14:43:26.789388,1470.81401634
2025-12-05T14:44:27.975444,1469.88639829
2025-12-05T14:45:29.208021,1467.63767409
2025-12-05T14:46:30.485368,1465.39431560
2025-12-05T14:47:31.733356,1457.28178146
2025-12-05T14:48:33.013100,1458.31734057
2025-12-05T14:49:34.205731,1458.49436021
2025-12-05T14:50:35.430384,1457.19592455
2025-12-05T14:51:36.685707,1455.85428572
2025-12-05T14:52:37.887568,1453.29004927
2025-12-05T14:53:39.112932,1454.51469416
2025-12-05T14:54:40.387747,1452.21152328
2025-12-05T14:55:41.605394,1451.48610257
2025-12-05T14:56:42.769383,1455.18099735
2025-12-05T14:57:44.021375,1455.70211032
2025-12-05T14:58:45.292679,1456.34198054
2025-12-05T14:59:46.509722,1454.17766062
2025-12-05T15:00:47.767031,1454.93043997
2025-12-05T15:01:49.058697,1456.64322753
2025-12-05T15:02:50.242646,1456.07747480
2025-12-05T15:03:51.445377,1455.07813662
2025-12-05T15:04:52.663171,1455.36384373
2025-12-05T15:05:53.877377,1454.71908463
2025-12-05T15:06:55.109408,1453.87682653
2025-12-05T15:07:56.369926,1456.61229016
2025-12-05T15:08:57.610343,1456.65639913
2025-12-05T15:09:58.840527,1456.63410538
2025-12-05T15:11:00.088257,1455.39853995
2025-12-05T15:12:01.357383,1455.96619119
2025-12-05T15:13:02.632738,1456.09985874
2025-12-05T15:14:03.886392,1453.79364713
2025-12-05T15:15:05.077900,1453.27089092
2025-12-05T15:16:06.309375,1454.21017964
2025-12-05T15:17:07.585010,1454.92188088
2025-12-05T15:18:08.808136,1454.76594725
2025-12-05T15:19:10.097418,1455.67132652
2025-12-05T15:20:11.348887,1456.15781218
2025-12-05T15:21:12.533371,1457.36492416
2025-12-05T15:22:13.795219,1457.41161673
2025-12-05T15:23:15.050988,1455.86464452
2025-12-05T15:24:16.295398,1457.40203961
2025-12-05T15:25:17.512829,1456.24940758
2025-12-05T15:26:18.779505,1457.66439271
2025-12-05T15:27:19.977915,1459.10774656
2025-12-05T15:28:21.251055,1462.89689196
2025-12-05T15:29:22.517394,1461.58129672
2025-12-05T15:30:23.685382,1463.26020396
2025-12-05T15:31:24.896653,1465.28982662
2025-12-05T15:32:26.197392,1471.85712738
2025-12-05T15:33:27.443816,1471.73025179
2025-12-05T15:34:28.693379,1472.21491616
2025-12-05T15:35:29.936482,1476.37996662
2025-12-05T15:36:31.183214,1474.02051257
2025-12-05T15:37:32.477997,1475.88385054
2025-12-05T15:38:33.731042,1473.83139395
2025-12-05T15:39:34.955659,1473.38905686
2025-12-05T15:40:36.221987,1472.05785945
2025-12-05T15:41:37.493382,1473.07355806
2025-12-05T15:42:38.730941,1472.36344605
2025-12-05T15:43:39.990252,1472.08657591
2025-12-05T15:44:41.227900,1469.34807925
2025-12-05T15:45:42.437383,1468.62169302
2025-12-05T15:46:43.721263,1470.03511362
2025-12-05T15:47:45.020111,1469.14439336
2025-12-05T15:48:46.209367,1466.94033858
2025-12-05T15:49:47.445401,1465.82023539
2025-12-05T15:50:48.702846,1466.54781921
2025-12-05T15:51:49.938591,1466.80961497
2025-12-05T15:52:51.218513,1466.24415279
2025-12-05T15:53:52.469419,1466.94267089
2025-12-05T15:54:53.653036,1466.99180339
2025-12-05T15:55:54.901418,1470.30877461
2025-12-05T15:56:56.133452,1469.76269362
2025-12-05T15:57:57.363994,1469.68905240
2025-12-05T15:58:58.645072,1466.52202308
2025-12-05T15:59:59.893391,1465.42500184
2025-12-05T16:01:02.237378,1468.78741932
2025-12-05T16:02:03.509364,1469.29421062
2025-12-05T16:03:04.709377,1469.79576941
2025-12-05T16:04:05.990817,1469.96881548
2025-12-05T16:05:07.181410,1468.46239063
2025-12-05T16:06:08.471538,1467.62161132
2025-12-05T16:07:09.725636,1466.59513105
2025-12-05T16:08:10.940585,1469.43749795
2025-12-05T16:09:12.227233,1465.87315375
2025-12-05T16:10:13.461374,1465.42175907
2025-12-05T16:11:14.731325,1468.25391579
2025-12-05T16:12:16.013736,1468.60640388
2025-12-05T16:13:17.269383,1466.97797181
2025-12-05T16:14:18.541788,1468.69938438
2025-12-05T16:15:19.765370,1467.48925797
2025-12-05T16:16:20.949366,1469.45115660
2025-12-05T16:17:22.160344,1468.50772515
2025-12-05T16:18:23.381375,1471.70777965
2025-12-05T16:19:24.597355,1469.92180019
2025-12-05T16:20:25.863922,1469.11817287
2025-12-05T16:21:27.109399,1469.03937806
2025-12-05T16:22:28.349566,1470.45364726
2025-12-05T16:23:29.588255,1470.57986387
2025-12-05T16:24:30.839005,1468.16550433
2025-12-05T16:25:32.053368,1470.14315482
2025-12-05T16:26:33.365366,1469.64819381
2025-12-05T16:27:34.652427,1471.39984461
2025-12-05T16:28:35.861430,1470.51902432
2025-12-05T16:29:37.139384,1471.52029922
2025-12-05T16:30:38.406008,1470.39607308
2025-12-05T16:31:39.643858,1477.55737916
2025-12-05T16:32:40.935316,1476.71025339
2025-12-05T16:33:42.181373,1473.75132084
2025-12-05T16:34:43.362789,1474.82607970
2025-12-05T16:35:44.648891,1473.57725891
2025-12-05T16:36:45.919788,1474.98253122
2025-12-05T16:37:47.093391,1475.43569955
2025-12-05T16:38:48.357379,1474.76672862
2025-12-05T16:39:49.601651,1475.69404955
2025-12-05T16:40:50.836667,1476.36374093
2025-12-05T16:41:52.105318,1477.98774659
2025-12-05T16:42:53.359533,1477.89613975
2025-12-05T16:43:54.618517,1476.16807346
2025-12-05T16:44:55.884932,1476.49024056
2025-12-05T16:45:57.125401,1475.78773180
2025-12-05T16:46:58.388989,1480.44040012
2025-12-05T16:47:59.656236,1480.84184470
2025-12-05T16:49:00.985102,1482.32579738
2025-12-05T16:50:02.197616,1483.02641775
2025-12-05T16:51:03.473328,1483.71910267
2025-12-05T16:52:04.786985,1482.45688611
2025-12-05T16:53:06.027804,1482.80217176
2025-12-05T16:54:07.301376,1484.02193144
2025-12-05T16:55:08.565374,1484.11287020
2025-12-05T16:56:09.830825,1485.21802296
2025-12-05T16:57:11.061371,1484.91870739
2025-12-05T16:58:12.325421,1485.92519505
2025-12-05T16:59:13.526974,1486.09460274
2025-12-05T17:00:14.801332,1489.06733474
2025-12-05T17:01:16.757386,1488.28249904
2025-12-05T17:02:17.973431,1485.99551215
2025-12-05T17:03:19.189378,1484.97107646
2025-12-05T17:04:20.465490,1485.02070704
2025-12-05T17:05:21.710476,1487.43725883
2025-12-05T17:06:22.933383,1483.84268683
2025-12-05T17:07:24.234013,1483.92534883
2025-12-05T17:08:25.463600,1484.64934136
2025-12-05T17:09:26.736321,1483.81692277
2025-12-05T17:10:28.021371,1483.98328905
2025-12-05T17:11:29.212976,1487.76117391
2025-12-05T17:12:30.485452,1487.79661651
2025-12-05T17:13:31.737740,1483.30003786
2025-12-05T17:14:32.986745,1477.70627107
2025-12-05T17:15:34.295990,1476.90452057
2025-12-05T17:16:35.557370,1475.45751717
2025-12-05T17:17:36.789373,1476.90537716
2025-12-05T17:18:38.013999,1477.76341499
2025-12-05T17:19:39.247932,1471.32587910
2025-12-05T17:20:40.503042,1472.41506493
2025-12-05T17:21:41.733354,1468.60450098
2025-12-05T17:22:42.996596,1471.00877380
2025-12-05T17:23:44.213380,1468.51164955
2025-12-05T17:24:45.461373,1466.94885103
2025-12-05T17:25:46.709357,1467.99047153
2025-12-05T17:26:47.893406,1469.41918859
2025-12-05T17:27:49.132073,1469.36684542
2025-12-05T17:28:50.420218,1471.02633897
2025-12-05T17:29:51.701442,1468.50608459
2025-12-05T17:30:52.933396,1466.39609230
2025-12-05T17:31:54.175544,1468.28338676
2025-12-05T17:32:55.445381,1464.67460752
2025-12-05T17:33:56.693373,1463.83940424
2025-12-05T17:34:57.998363,1465.65255401
2025-12-05T17:35:59.247803,1464.25700186
2025-12-05T17:37:00.472521,1461.54938814
2025-12-05T17:38:01.759758,1461.41670629
2025-12-05T17:39:02.981375,1461.43236631
2025-12-05T17:40:04.287888,1461.05713211
2025-12-05T17:41:05.573420,1461.54269829
2025-12-05T17:42:06.781375,1461.20936906
2025-12-05T17:43:07.989398,1462.25810230
2025-12-05T17:44:09.229123,1461.52917602
2025-12-05T17:45:10.459385,1461.00172227
2025-12-05T17:46:11.778257,1464.14915910
2025-12-05T17:47:13.058714,1466.56956091
2025-12-05T17:48:14.283028,1468.37086018
2025-12-05T17:49:15.575419,1467.71835433
2025-12-05T17:50:16.856688,1466.61856122
2025-12-05T17:51:18.092908,1465.95714391
2025-12-05T17:52:19.304790,1466.87901632
2025-12-05T17:53:20.533396,1464.05689327
2025-12-05T17:54:21.792399,1462.22395198
2025-12-05T17:55:23.042163,1463.00289133
2025-12-05T17:56:24.275374,1463.58696988
2025-12-05T17:57:25.458180,1465.15884863
2025-12-05T17:58:26.713448,1464.61379493
2025-12-05T17:59:27.966718,1465.94421954
2025-12-05T18:00:29.204384,1468.97524751
2025-12-05T18:01:31.150841,1465.21260511
2025-12-05T18:02:32.389385,1460.85363155
2025-12-05T18:03:33.609350,1461.43692334
2025-12-05T18:04:34.874972,1457.49531795
2025-12-05T18:05:36.182971,1458.25772771
2025-12-05T18:06:37.383654,1457.61917348
2025-12-05T18:07:38.645376,1456.92534543
2025-12-05T18:08:39.893417,1461.83752037
2025-12-05T18:09:41.169224,1464.39628837
2025-12-05T18:10:42.389404,1461.67865000
2025-12-05T18:11:43.637383,1464.24640261
2025-12-05T18:12:44.858370,1463.21488953
2025-12-05T18:13:46.101382,1466.16754197
2025-12-05T18:14:47.372521,1466.11764535
2025-12-05T18:15:48.605699,1465.53769132
2025-12-05T18:16:49.877420,1466.87308079
2025-12-05T18:17:51.116414,1468.24646669
2025-12-05T18:18:52.373378,1467.28369696
2025-12-05T18:19:53.675727,1468.86392498
2025-12-05T18:20:54.933422,1470.62373252
2025-12-05T18:21:56.117723,1468.42787874
2025-12-05T18:22:57.317389,1469.69939202
2025-12-05T18:23:58.565373,1469.62503233
2025-12-05T18:24:59.789384,1470.01979832
2025-12-05T18:26:01.058670,1471.54019648
2025-12-05T18:27:02.326371,1471.19421418
2025-12-05T18:28:03.517180,1470.84645965
2025-12-05T18:29:04.837378,1469.21587101
2025-12-05T18:30:06.113865,1468.18023534
2025-12-05T18:31:07.354897,1467.54798250
2025-12-05T18:32:08.645396,1467.30207396
2025-12-05T18:33:09.861397,1465.24693154
2025-12-05T18:34:11.093379,1465.29096815
2025-12-05T18:35:12.335021,1466.18774514
2025-12-05T18:36:13.605264,1465.50780261
2025-12-05T18:37:14.858475,1463.16857283
2025-12-05T18:38:16.085375,1463.98944358
2025-12-05T18:39:17.334916,1464.48167311
2025-12-05T18:40:18.581413,1464.21217073
2025-12-05T18:41:19.856671,1463.45315534
2025-12-05T18:42:21.098594,1464.45047598
2025-12-05T18:43:22.314203,1463.27597589
2025-12-05T18:44:23.558919,1464.44990251
2025-12-05T18:45:24.873711,1463.79212684
2025-12-05T18:46:26.136694,1459.38234814
2025-12-05T18:47:27.394922,1455.51196506
2025-12-05T18:48:28.670180,1451.77025115
2025-12-05T18:49:29.877415,1456.23443648
2025-12-05T18:50:31.181347,1457.74536504
2025-12-05T18:51:32.429362,1455.89975667
2025-12-05T18:52:33.621395,1457.64278930
2025-12-05T18:53:34.846237,1457.25048665
2025-12-05T18:54:36.131905,1456.59374070
2025-12-05T18:55:37.374453,1456.21228534
2025-12-05T18:56:38.635312,1454.84510957
2025-12-05T18:57:39.925380,1452.21139417
2025-12-05T18:58:41.165212,1451.25373328
2025-12-05T18:59:42.422636,1453.16734157
2025-12-05T19:00:43.686671,1450.59867258
2025-12-05T19:01:45.540305,1452.10578498
2025-12-05T19:02:46.795681,1452.53098482
2025-12-05T19:03:48.035813,1452.87913506
2025-12-05T19:04:49.237381,1452.58634434
2025-12-05T19:05:50.514507,1453.24759267
2025-12-05T19:06:51.733374,1452.06737136
2025-12-05T19:07:52.917380,1451.08208418
2025-12-05T19:08:54.173374,1453.94335414
2025-12-05T19:09:55.454670,1455.41636361
2025-12-05T19:10:56.685260,1456.73084394
2025-12-05T19:11:57.925494,1459.13462219
2025-12-05T19:12:59.133386,1458.79041941
2025-12-05T19:14:00.315827,1459.84188377
2025-12-05T19:15:01.602173,1459.36974523
2025-12-05T19:16:02.933455,1457.99041840
2025-12-05T19:17:04.190464,1458.90924166
2025-12-05T19:18:05.453376,1456.32348484
2025-12-05T19:19:06.736908,1455.60044801
2025-12-05T19:20:07.934937,1458.75355098
2025-12-05T19:21:09.165375,1460.69647329
2025-12-05T19:22:10.407256,1460.71710231
2025-12-05T19:23:11.629813,1463.31140762
2025-12-05T19:24:12.885417,1463.92271185
2025-12-05T19:25:14.140167,1466.35056343
2025-12-05T19:26:15.381381,1465.14644761
2025-12-05T19:27:16.676568,1466.89351077
2025-12-05T19:28:17.994224,1466.08792831
2025-12-05T19:29:19.252379,1469.11083333
2025-12-05T19:30:20.512196,1468.93683252
2025-12-05T19:31:21.783802,1472.88521269
2025-12-05T19:32:22.991735,1472.78799622
2025-12-05T19:33:24.248428,1470.24365658
2025-12-05T19:34:25.513413,1469.92742480
2025-12-05T19:35:26.789395,1470.05978954
2025-12-05T19:36:28.091336,1470.95974557
2025-12-05T19:37:29.325501,1470.58913216
2025-12-05T19:38:30.610313,1470.86620167
2025-12-05T19:39:31.869522,1471.46790414
2025-12-05T19:40:33.113541,1471.35715665
2025-12-05T19:41:34.328001,1473.01215876
2025-12-05T19:42:35.564138,1472.65365162
2025-12-05T19:43:36.816929,1476.14574452
2025-12-05T19:44:38.037359,1475.53203506
2025-12-05T19:45:39.298826,1479.17993707
2025-12-05T19:46:40.586037,1482.63596227
2025-12-05T19:47:41.794045,1482.60874593
2025-12-05T19:48:43.093403,1480.74608339
2025-12-05T19:49:44.342562,1481.14406797
2025-12-05T19:50:45.588412,1482.20317010
2025-12-05T19:51:46.885366,1482.07460532
2025-12-05T19:52:48.149380,1481.50735943
2025-12-05T19:53:49.371989,1480.22128553
2025-12-05T19:54:50.610130,1477.39981214
2025-12-05T19:55:51.836601,1478.03590989
2025-12-05T19:56:53.058634,1480.43859367
2025-12-05T19:57:54.280385,1481.53600916
2025-12-05T19:58:55.517387,1478.07229025
2025-12-05T19:59:56.725375,1473.47925258
2025-12-05T20:00:57.949242,1473.10054167
2025-12-05T20:01:59.221351,1473.14672461
2025-12-05T20:03:00.453137,1473.65468696
2025-12-05T20:04:01.750304,1474.46483293
2025-12-05T20:05:02.997368,1472.79999287
2025-12-05T20:06:04.261380,1474.33595559
2025-12-05T20:07:05.527986,1473.59761774
2025-12-05T20:08:06.774327,1473.09637647
2025-12-05T20:09:08.008101,1472.06644500
2025-12-05T20:10:09.237416,1471.34916274
2025-12-05T20:11:10.485373,1472.79159957
2025-12-05T20:12:11.648307,1473.54752050
2025-12-05T20:13:12.917391,1472.12610337
2025-12-05T20:14:14.138222,1473.75085817
2025-12-05T20:15:15.349371,1471.02601541
2025-12-05T20:16:16.597380,1471.67361162
2025-12-05T20:17:17.845376,1472.72911462
2025-12-05T20:18:19.029386,1472.09083168
2025-12-05T20:19:20.277635,1473.88601649
2025-12-05T20:20:21.531789,1472.92950487
2025-12-05T20:21:22.725398,1474.73118104
2025-12-05T20:22:24.028035,1475.59320339
2025-12-05T20:23:25.291143,1474.95342576
2025-12-05T20:24:26.516716,1474.09382062
2025-12-05T20:25:27.794455,1472.41990458
2025-12-05T20:26:29.058833,1469.54522638
2025-12-05T20:27:30.261423,1471.55970414
2025-12-05T20:28:31.548184,1472.01508195
2025-12-05T20:29:32.757391,1472.61352513
2025-12-05T20:30:33.989390,1474.10530764
2025-12-05T20:31:35.203869,1472.57089437
2025-12-05T20:32:36.470320,1472.36196306
2025-12-05T20:33:37.712590,1472.58226467
2025-12-05T20:34:38.933385,1473.75351831
2025-12-05T20:35:40.207610,1472.42897260
2025-12-05T20:36:41.427174,1473.06372279
2025-12-05T20:37:42.677373,1472.72359818
2025-12-05T20:38:43.953031,1473.04650195
2025-12-05T20:39:45.109387,1473.16245936
2025-12-05T20:40:46.341380,1474.65598103
2025-12-05T20:41:47.605227,1475.74675175
2025-12-05T20:42:48.847438,1476.30840761
2025-12-05T20:43:50.112750,1477.04476758
2025-12-05T20:44:51.339247,1477.04031080
2025-12-05T20:45:52.587331,1476.89073147
2025-12-05T20:46:53.845422,1476.65181299
2025-12-05T20:47:55.093390,1478.48884040
2025-12-05T20:48:56.317971,1478.76027099
2025-12-05T20:49:57.580471,1479.85676017
2025-12-05T20:50:58.821382,1482.94287698
2025-12-05T20:52:00.053391,1481.93137208
2025-12-05T20:53:01.365114,1482.78780481
2025-12-05T20:54:02.639398,1483.07207451
2025-12-05T20:55:03.803376,1481.69240894
2025-12-05T20:56:05.058945,1481.87828316
2025-12-05T20:57:06.327790,1481.28484634
2025-12-05T20:58:07.573742,1482.66823109
2025-12-05T20:59:08.842316,1483.04789544
2025-12-05T21:00:10.101391,1482.68045020
2025-12-05T21:01:11.395005,1481.97916063
2025-12-05T21:02:12.613398,1485.54389001
2025-12-05T21:03:13.855348,1484.95044684
2025-12-05T21:04:15.061405,1483.47641521
2025-12-05T21:05:16.388358,1481.51536965
2025-12-05T21:06:17.636039,1482.04732781
2025-12-05T21:07:18.879071,1482.07072171
2025-12-05T21:08:20.149374,1483.78595422
2025-12-05T21:09:21.448994,1483.89782025
2025-12-05T21:10:22.731195,1483.88428015
2025-12-05T21:11:23.989377,1483.80995115
2025-12-05T21:12:25.240661,1483.49381301
2025-12-05T21:13:26.467068,1481.56140679
2025-12-05T21:14:27.685371,1482.43180509
2025-12-05T21:15:28.972835,1481.50825234
2025-12-05T21:16:30.197371,1484.00371516
2025-12-05T21:17:31.459416,1483.36515199
2025-12-05T21:18:32.709359,1483.74617052
2025-12-05T21:19:33.929034,1482.63882778
2025-12-05T21:20:35.202552,1482.26394980
2025-12-05T21:21:36.405375,1481.82404863
2025-12-05T21:22:37.611091,1480.28159926
2025-12-05T21:23:38.877382,1482.01828922
2025-12-05T21:24:40.141893,1482.69659768
2025-12-05T21:25:41.349384,1481.68076054
2025-12-05T21:26:42.628427,1481.41990647
2025-12-05T21:27:43.910323,1481.04106131
2025-12-05T21:28:45.141377,1480.54535846
2025-12-05T21:29:46.421367,1480.15349364
2025-12-05T21:30:47.682762,1480.39477776
2025-12-05T21:31:48.885366,1479.18720938
2025-12-05T21:32:50.140152,1478.72380667
2025-12-05T21:33:51.405626,1479.98360894
2025-12-05T21:34:52.618048,1479.83338981
2025-12-05T21:35:53.885603,1478.61445553
2025-12-05T21:36:55.166824,1478.94980397
2025-12-05T21:37:56.429593,1479.38902583
2025-12-05T21:38:57.621427,1479.17691236
2025-12-05T21:39:58.869417,1479.93108626
2025-12-05T21:41:00.065229,1479.51314588
2025-12-05T21:42:01.285404,1480.01646256
2025-12-05T21:43:02.568528,1479.22437810
2025-12-05T21:44:03.789732,1477.66114541
2025-12-05T21:45:05.042982,1476.00796536
2025-12-05T21:46:06.309379,1476.75943633
2025-12-05T21:47:07.557370,1477.11072588
2025-12-05T21:48:08.788052,1474.03125481
2025-12-05T21:49:10.005376,1474.01987271
2025-12-05T21:50:11.221425,1472.78764633
2025-12-05T21:51:12.479465,1471.10987074
2025-12-05T21:52:13.771641,1472.81167100
2025-12-05T21:53:14.973360,1474.23279618
2025-12-05T21:54:16.277367,1473.20979048
2025-12-05T21:55:17.509385,1473.42085602
2025-12-05T21:56:18.762539,1473.82510684
2025-12-05T21:57:20.008758,1474.52073759
2025-12-05T21:58:21.323442,1472.79904191
2025-12-05T21:59:22.526545,1474.07276113
2025-12-05T22:00:23.793354,1474.54285180
2025-12-05T22:01:25.669375,1476.38112707
2025-12-05T22:02:26.853369,1476.51613271
2025-12-05T22:03:28.109347,1474.94656416
2025-12-05T22:04:29.325367,1478.24180930
2025-12-05T22:05:30.581383,1481.32493538
2025-12-05T22:06:31.848360,1480.98369055
2025-12-05T22:07:33.131402,1480.22816265
2025-12-05T22:08:34.357369,1481.32763517
2025-12-05T22:09:35.644257,1479.35475798
2025-12-05T22:10:36.869370,1478.76285038
2025-12-05T22:11:38.069375,1479.48371705
2025-12-05T22:12:39.339082,1478.04679948
2025-12-05T22:13:40.550996,1477.38251482
2025-12-05T22:14:41.757966,1476.21800219
2025-12-05T22:15:43.045380,1475.22729226
2025-12-05T22:16:44.322847,1475.48924419
2025-12-05T22:17:45.530322,1474.50623734
2025-12-05T22:18:46.827461,1476.62294423
2025-12-05T22:19:48.117376,1475.26326116
2025-12-05T22:20:49.389176,1476.50613881
2025-12-05T22:21:50.613518,1477.18757541
2025-12-05T22:22:51.861373,1476.00230723
2025-12-05T22:23:53.070478,1475.33454372
2025-12-05T22:24:54.363120,1476.31880372
2025-12-05T22:25:55.605610,1474.90521918
2025-12-05T22:26:56.812462,1475.47297880
2025-12-05T22:27:58.117398,1474.87611796
2025-12-05T22:28:59.349370,1473.61005934
2025-12-05T22:30:00.597383,1474.99974567
2025-12-05T22:31:01.907770,1474.09038709
2025-12-05T22:32:03.195516,1472.42609050
2025-12-05T22:33:04.437394,1472.18436162
2025-12-05T22:34:05.653391,1473.79866050
2025-12-05T22:35:06.940893,1474.71308547
2025-12-05T22:36:08.165415,1475.17276400
2025-12-05T22:37:09.381379,1474.85868578
2025-12-05T22:38:10.645392,1477.22087180
2025-12-05T22:39:11.829378,1478.58282960
2025-12-05T22:40:13.122690,1477.40733594
2025-12-05T22:41:14.377375,1480.62454493
2025-12-05T22:42:15.633322,1481.09625134
2025-12-05T22:43:16.917490,1481.03622270
2025-12-05T22:44:18.140158,1481.01341527
2025-12-05T22:45:19.364753,1480.45518955
2025-12-05T22:46:20.621517,1481.38433230
2025-12-05T22:47:21.861778,1481.77536542
2025-12-05T22:48:23.098485,1481.61710730
2025-12-05T22:49:24.364892,1482.23575236
2025-12-05T22:50:25.570353,1482.21110529
2025-12-05T22:51:26.817144,1480.70401758
2025-12-05T22:52:28.053373,1479.74678515
2025-12-05T22:53:29.301376,1481.65852384
2025-12-05T22:54:30.546494,1478.82297313
2025-12-05T22:55:31.853647,1480.67151389
2025-12-05T22:56:33.077367,1481.55760890
2025-12-05T22:57:34.229382,1483.23402343
2025-12-05T22:58:35.477379,1481.70099739
2025-12-05T22:59:36.765386,1481.35608546
2025-12-05T23:00:38.046378,1480.89988117
2025-12-05T23:01:39.988458,1480.76863895
2025-12-05T23:02:41.237394,1480.45732379
2025-12-05T23:03:42.450129,1481.22520304
2025-12-05T23:04:43.729609,1479.71999516
2025-12-05T23:05:44.984500,1477.93740367
2025-12-05T23:06:46.264536,1477.12510311
2025-12-05T23:07:47.541379,1478.02527559
2025-12-05T23:08:48.830307,1477.55300385
2025-12-05T23:09:50.060163,1476.62421489
2025-12-05T23:10:51.240648,1478.28817859
2025-12-05T23:11:52.519561,1477.76753150
2025-12-05T23:12:53.721376,1476.20623058
2025-12-05T23:13:54.949381,1477.78339258
2025-12-05T23:14:56.201109,1477.89205699
2025-12-05T23:15:57.424579,1480.17293754
2025-12-05T23:16:58.682763,1480.80086699
2025-12-05T23:17:59.964333,1481.96503077
2025-12-05T23:19:01.236205,1480.95864610
2025-12-05T23:20:02.482469,1480.46418295
2025-12-05T23:21:03.829379,1479.34119238
2025-12-05T23:22:05.059266,1479.26556194
2025-12-05T23:23:06.261366,1478.67073265
2025-12-05T23:24:07.509412,1479.66707703
2025-12-05T23:25:08.733431,1480.50475031
2025-12-05T23:26:09.974135,1479.40491648
2025-12-05T23:27:11.276310,1479.28580752
2025-12-05T23:28:12.518923,1479.71237148
2025-12-05T23:29:13.790856,1480.75744195
2025-12-05T23:30:15.045386,1479.63215196
2025-12-05T23:31:16.354834,1478.93236639
2025-12-05T23:32:17.637433,1479.66679266
2025-12-05T23:33:18.869382,1479.15226118
2025-12-05T23:34:20.395862,1479.44498098
2025-12-05T23:35:21.634729,1479.53073536
2025-12-05T23:36:22.869428,1480.10848759
2025-12-05T23:37:24.069420,1480.48089955
2025-12-05T23:38:25.301389,1480.76113427
2025-12-05T23:39:26.541399,1480.77070306
2025-12-05T23:40:27.793335,1480.44725758
2025-12-05T23:41:29.059284,1478.98991256
2025-12-05T23:42:30.325370,1479.23725525
2025-12-05T23:43:31.594303,1478.28410145
2025-12-05T23:44:32.857430,1478.05328035
2025-12-05T23:45:34.095557,1478.49695098
2025-12-05T23:46:35.349383,1479.23002988
2025-12-05T23:47:36.660966,1480.62283530
2025-12-05T23:48:37.917369,1479.67308085
2025-12-05T23:49:39.149470,1479.95426437
2025-12-05T23:50:40.385317,1481.43324082
2025-12-05T23:51:41.645480,1480.93537615
2025-12-05T23:52:42.861378,1481.40455179
2025-12-05T23:53:44.129978,1483.62201828
2025-12-05T23:54:45.333391,1483.68845920
2025-12-05T23:55:46.549398,1483.73902560
2025-12-05T23:56:47.805391,1483.86697510
2025-12-05T23:57:49.013407,1484.54117232
2025-12-05T23:58:50.213377,1486.48182367
2025-12-05T23:59:51.454306,1485.34566412
2025-12-06T00:00:52.703965,1485.32676088
2025-12-06T00:01:53.877375,1480.85871502
2025-12-06T00:02:55.137759,1481.50754000
2025-12-06T00:03:56.371747,1487.27345138
2025-12-06T00:04:57.595606,1488.65370499
2025-12-06T00:05:58.846837,1490.03402168
2025-12-06T00:07:00.064750,1490.34956893
2025-12-06T00:08:01.365378,1489.90372193
2025-12-06T00:09:02.630222,1490.09647790
2025-12-06T00:10:03.861391,1490.57609840
2025-12-06T00:11:05.099848,1490.79596136
2025-12-06T00:12:06.401095,1490.13007182
2025-12-06T00:13:07.658020,1487.98904996
2025-12-06T00:14:08.853390,1489.04762029
2025-12-06T00:15:10.101400,1487.65828955
2025-12-06T00:16:11.377505,1487.96881886
2025-12-06T00:17:12.583371,1484.32721264
2025-12-06T00:18:13.832603,1484.00076532
2025-12-06T00:19:15.093373,1480.50016648
2025-12-06T00:20:16.277400,1481.72097844
2025-12-06T00:21:17.563805,1476.35530984
2025-12-06T00:22:18.789439,1478.68819269
2025-12-06T00:23:20.021391,1477.40321287
2025-12-06T00:24:21.292515,1477.01101094
2025-12-06T00:25:22.555726,1476.49248252
2025-12-06T00:26:23.730228,1477.98896094
2025-12-06T00:27:24.965394,1478.61157879
2025-12-06T00:28:26.182376,1481.69716867
2025-12-06T00:29:27.444839,1480.61689521
2025-12-06T00:30:28.735680,1481.67185966
2025-12-06T00:31:29.990346,1482.47954898
2025-12-06T00:32:31.215883,1482.07427016
2025-12-06T00:33:32.470881,1480.91970366
2025-12-06T00:34:33.701335,1480.32446224
2025-12-06T00:35:34.952371,1480.29864263
2025-12-06T00:36:36.165396,1482.63624757
2025-12-06T00:37:37.414515,1481.86911807
2025-12-06T00:38:38.677369,1482.60469281
2025-12-06T00:39:39.956681,1482.68704506
2025-12-06T00:40:41.236636,1484.48097809
2025-12-06T00:41:42.486159,1485.69330349
2025-12-06T00:42:43.701374,1486.59284228
2025-12-06T00:43:44.953806,1484.84831848
2025-12-06T00:44:46.149363,1486.26031117
2025-12-06T00:45:47.365417,1486.11263431
2025-12-06T00:46:48.621398,1486.46999144
2025-12-06T00:47:49.845396,1486.83625891
2025-12-06T00:48:51.093396,1486.07482529
2025-12-06T00:49:52.347718,1486.09535288
2025-12-06T00:50:53.541403,1486.16272965
2025-12-06T00:51:54.777609,1485.32751041
2025-12-06T00:52:56.080634,1487.15217353
2025-12-06T00:53:57.297898,1487.54840627
2025-12-06T00:54:58.557055,1485.82503042
2025-12-06T00:55:59.828031,1487.13986289
2025-12-06T00:57:01.077372,1487.75277199
2025-12-06T00:58:02.342738,1488.24400007
2025-12-06T00:59:03.637423,1488.54583874
2025-12-06T01:00:04.856767,1488.56010384
2025-12-06T01:01:06.140166,1489.12073772
2025-12-06T01:02:07.376373,1489.90273597
2025-12-06T01:03:08.613388,1491.03544934
2025-12-06T01:04:09.877419,1486.79319711
2025-12-06T01:05:11.152336,1485.04623252
2025-12-06T01:06:12.357385,1484.86295906
2025-12-06T01:07:13.637393,1482.87788315
2025-12-06T01:08:14.869385,1483.44080737
2025-12-06T01:09:16.107755,1485.37094749
2025-12-06T01:10:17.301396,1486.05967060
2025-12-06T01:11:18.617826,1485.34460451
2025-12-06T01:12:19.880915,1485.41077369
2025-12-06T01:13:21.142329,1483.30116330
2025-12-06T01:14:22.412628,1482.52192033
2025-12-06T01:15:23.685396,1481.13128303
2025-12-06T01:16:24.884322,1480.86565922
2025-12-06T01:17:26.140170,1480.01709118
2025-12-06T01:18:27.349400,1481.12913924
2025-12-06T01:19:28.600684,1481.87866528
2025-12-06T01:20:29.845419,1480.89597926
2025-12-06T01:21:31.093376,1479.77931571
2025-12-06T01:22:32.293562,1479.61899737
2025-12-06T01:23:33.570241,1476.55863576
2025-12-06T01:24:34.791810,1477.27850581
2025-12-06T01:25:36.021370,1480.38111692
2025-12-06T01:26:37.319540,1480.71065948
2025-12-06T01:27:38.535192,1479.84418817
2025-12-06T01:28:39.775457,1480.08666818
2025-12-06T01:29:41.037391,1481.73394018
2025-12-06T01:30:42.213373,1480.54736255
2025-12-06T01:31:43.470409,1480.05971531
2025-12-06T01:32:44.725382,1480.01851396
2025-12-06T01:33:45.945029,1481.40283192
2025-12-06T01:34:47.190746,1482.79050038
2025-12-06T01:35:48.453369,1482.50728148
2025-12-06T01:36:49.688224,1482.68704799
2025-12-06T01:37:50.994479,1480.79160555
2025-12-06T01:38:52.261384,1480.93573761
2025-12-06T01:39:53.519505,1480.64290169
2025-12-06T01:40:54.773367,1479.66282675
2025-12-06T01:41:55.991613,1479.64031324
2025-12-06T01:42:57.225350,1481.32490928
2025-12-06T01:43:58.437369,1479.64370564
2025-12-06T01:44:59.701800,1481.35948291
2025-12-06T01:46:00.949409,1483.16415274
2025-12-06T01:47:02.140180,1482.48454233
2025-12-06T01:48:03.453833,1483.29809654
2025-12-06T01:49:04.728083,1484.39908419
2025-12-06T01:50:05.965155,1482.53809325
2025-12-06T01:51:07.240092,1484.49401847
2025-12-06T01:52:08.441786,1484.84007682
2025-12-06T01:53:09.717369,1482.69347904
2025-12-06T01:54:11.001713,1482.21057700
2025-12-06T01:55:12.269430,1482.51761691
2025-12-06T01:56:13.509370,1481.31705106
2025-12-06T01:57:14.709388,1480.24029646
2025-12-06T01:58:15.961385,1480.03359705
2025-12-06T01:59:17.173387,1479.51294195
2025-12-06T02:00:18.415906,1479.11449479
2025-12-06T02:01:19.605372,1477.08313617
2025-12-06T02:02:20.885368,1478.01268497
2025-12-06T02:03:22.138200,1477.64822957
2025-12-06T02:04:23.349392,1476.82249880
2025-12-06T02:05:24.610986,1475.96571501
2025-12-06T02:06:25.861386,1477.87604883
2025-12-06T02:07:27.061393,1476.20378636
2025-12-06T02:08:28.272570,1478.45620879
2025-12-06T02:09:29.493387,1477.37273125
2025-12-06T02:10:30.677381,1478.08850310
2025-12-06T02:11:31.965394,1476.80415964
2025-12-06T02:12:33.223154,1477.10366417
2025-12-06T02:13:34.427331,1476.83639903
2025-12-06T02:14:35.688752,1475.82796731
2025-12-06T02:15:36.974528,1478.43333564
2025-12-06T02:16:38.213352,1478.63007998
2025-12-06T02:17:39.477364,1476.40522342
2025-12-06T02:18:40.706388,1476.29985146
2025-12-06T02:19:41.909375,1476.04647662
2025-12-06T02:20:43.101363,1476.76480182
2025-12-06T02:21:44.341372,1477.42295878
2025-12-06T02:22:45.541369,1476.30814149
2025-12-06T02:23:46.773352,1476.52038639
2025-12-06T02:24:48.021366,1477.83295242
2025-12-06T02:25:49.205398,1476.69293877
2025-12-06T02:26:50.453377,1476.87988607
2025-12-06T02:27:51.678969,1477.11348155
2025-12-06T02:28:52.895998,1477.88894254
2025-12-06T02:29:54.138196,1476.74828536
2025-12-06T02:30:55.381372,1476.20406132
2025-12-06T02:31:56.616694,1478.38233329
2025-12-06T02:32:57.813368,1477.79553581
2025-12-06T02:33:59.045373,1477.65457180
2025-12-06T02:35:00.261951,1477.75661832
2025-12-06T02:36:02.389368,1478.59117614
2025-12-06T02:37:03.656215,1479.02769273
2025-12-06T02:38:04.821378,1479.89494984
2025-12-06T02:39:06.053372,1480.09712722
2025-12-06T02:40:07.296992,1479.74041516
2025-12-06T02:41:08.501378,1480.27548886
2025-12-06T02:42:09.717374,1480.96347560
2025-12-06T02:43:10.970141,1481.87171155
2025-12-06T02:44:12.229381,1482.54737159
2025-12-06T02:45:13.429349,1481.38680532
2025-12-06T02:46:14.677439,1481.48116399
2025-12-06T02:47:15.861370,1482.10775441
2025-12-06T02:48:17.215332,1481.70470971
2025-12-06T02:49:18.485363,1480.96241167
2025-12-06T02:50:19.749771,1481.72240146
2025-12-06T02:51:20.991479,1481.27324677
2025-12-06T02:52:22.249326,1479.09587255
2025-12-06T02:53:23.429371,1480.68105512
2025-12-06T02:54:24.674439,1479.95460714
2025-12-06T02:55:25.941383,1480.43904083
2025-12-06T02:56:27.093494,1479.53213813
2025-12-06T02:57:28.349366,1480.88927640
2025-12-06T02:58:29.595575,1480.23089543
2025-12-06T02:59:30.837372,1482.34272998
2025-12-06T03:00:32.074364,1480.75304512
2025-12-06T03:01:33.982438,1482.49997440
2025-12-06T03:02:35.168375,1484.76029155
2025-12-06T03:03:36.405402,1485.94692793
2025-12-06T03:04:37.635313,1485.53105932
2025-12-06T03:05:38.877373,1484.33724423
2025-12-06T03:06:40.121588,1484.84266185
2025-12-06T03:07:41.333448,1487.03158247
2025-12-06T03:08:42.554340,1485.86541028
2025-12-06T03:09:43.765340,1487.64207291
2025-12-06T03:10:45.015468,1489.24379849
2025-12-06T03:11:46.214688,1489.55867336
2025-12-06T03:12:47.445370,1488.30165576
2025-12-06T03:13:48.708730,1488.74776059
2025-12-06T03:14:49.877376,1488.17714876
2025-12-06T03:15:51.133369,1488.19610874
2025-12-06T03:16:52.388421,1488.88389101
2025-12-06T03:17:53.573382,1485.28760954
2025-12-06T03:18:54.856794,1487.51844979
2025-12-06T03:19:56.146533,1488.61458156
2025-12-06T03:20:57.365371,1488.84295439
2025-12-06T03:21:58.597381,1490.01921649
2025-12-06T03:22:59.843518,1489.06227256
2025-12-06T03:24:01.058991,1489.25128103
2025-12-06T03:25:02.364608,1490.09072811
2025-12-06T03:26:03.605360,1492.95414699
2025-12-06T03:27:04.853383,1492.41123523
2025-12-06T03:28:06.069385,1492.06191568
2025-12-06T03:29:07.320404,1492.78199830
2025-12-06T03:30:08.541390,1492.77174152
2025-12-06T03:31:09.717378,1494.65764255
2025-12-06T03:32:10.949396,1496.09844694
2025-12-06T03:33:12.191465,1497.68027833
2025-12-06T03:34:13.432346,1498.00769439
2025-12-06T03:35:14.645376,1498.89760026
2025-12-06T03:36:15.893436,1498.68304855
2025-12-06T03:37:17.141372,1497.31343894
2025-12-06T03:38:18.410011,1496.94513433
2025-12-06T03:39:19.637382,1497.39708578
2025-12-06T03:40:20.864760,1495.12810711
2025-12-06T03:41:22.149368,1494.47362027
2025-12-06T03:42:23.371541,1495.28300014
2025-12-06T03:43:24.639439,1494.75519081
2025-12-06T03:44:25.845370,1494.32851570
2025-12-06T03:45:27.061391,1494.96999681
2025-12-06T03:46:28.309392,1492.91152625
2025-12-06T03:47:29.574749,1495.82949880
2025-12-06T03:48:30.789376,1495.54311280
2025-12-06T03:49:32.004754,1492.40424939
2025-12-06T03:50:33.261391,1493.74699387
2025-12-06T03:51:34.494852,1494.71614178
2025-12-06T03:52:35.773395,1494.55295519
2025-12-06T03:53:37.013362,1494.45780503
2025-12-06T03:54:38.205376,1494.16524305
2025-12-06T03:55:39.427037,1495.13114377
2025-12-06T03:56:40.661368,1494.36442108
2025-12-06T03:57:41.909775,1494.15379588
2025-12-06T03:58:43.093368,1494.01682658
2025-12-06T03:59:44.400242,1494.67564632
2025-12-06T04:00:45.635577,1490.96912886
2025-12-06T04:01:47.162528,1491.86856589
2025-12-06T04:02:48.421374,1493.53298177
2025-12-06T04:03:49.584620,1498.11745119
2025-12-06T04:04:50.848227,1497.40326118
2025-12-06T04:05:52.053373,1496.94718387
2025-12-06T04:06:53.237372,1495.84863232
2025-12-06T04:07:54.613105,1496.46415862
2025-12-06T04:08:55.862042,1495.60007416
2025-12-06T04:09:57.081136,1495.85472000
2025-12-06T04:10:58.344142,1493.87437904
2025-12-06T04:11:59.593852,1493.37468231
2025-12-06T04:13:00.836542,1492.82108024
2025-12-06T04:14:02.069370,1493.61274478
2025-12-06T04:15:03.285393,1492.97999062
2025-12-06T04:16:04.529579,1492.64046206
2025-12-06T04:17:05.749365,1494.76044303
2025-12-06T04:18:06.992708,1496.04289686
2025-12-06T04:19:08.222372,1496.19727551
2025-12-06T04:20:09.462321,1498.10958198
2025-12-06T04:21:10.713189,1497.84157174
2025-12-06T04:22:11.946461,1496.45505063
2025-12-06T04:23:13.125396,1495.28841420
2025-12-06T04:24:14.361641,1494.56980702
2025-12-06T04:25:15.520703,1493.78584091
2025-12-06T04:26:16.773401,1493.14915665
2025-12-06T04:27:17.973363,1493.64167611
2025-12-06T04:28:19.157382,1494.59133523
2025-12-06T04:29:20.344830,1494.91528104
2025-12-06T04:30:21.566908,1495.78028997
2025-12-06T04:31:22.757380,1497.28689969
2025-12-06T04:32:23.998950,1496.32043625
2025-12-06T04:33:25.275130,1497.33758416
2025-12-06T04:34:26.514749,1498.34427008
2025-12-06T04:35:27.765373,1495.14838154
2025-12-06T04:36:29.042310,1495.34625159
2025-12-06T04:37:30.239545,1495.69654256
2025-12-06T04:38:31.445397,1495.64728154
2025-12-06T04:39:32.700704,1495.41662936
2025-12-06T04:40:33.877395,1493.96316508
2025-12-06T04:41:35.109354,1493.81505728
2025-12-06T04:42:36.347433,1494.43321581
2025-12-06T04:43:37.557365,1492.77172385
2025-12-06T04:44:38.836771,1492.52247521
2025-12-06T04:45:40.057797,1489.84040522
2025-12-06T04:46:41.285385,1487.32105765
2025-12-06T04:47:42.477380,1486.91400097
2025-12-06T04:48:43.733370,1486.20843501
2025-12-06T04:49:44.990131,1484.13947882
2025-12-06T04:50:46.229384,1484.43168856
2025-12-06T04:51:47.461376,1486.37633792
2025-12-06T04:52:48.646787,1486.54181626
2025-12-06T04:53:49.893375,1487.63932123
2025-12-06T04:54:51.093376,1490.44626904
2025-12-06T04:55:52.350810,1489.42210301
2025-12-06T04:56:53.624540,1488.92782535
2025-12-06T04:57:54.852884,1489.78443137
2025-12-06T04:58:56.021385,1488.78794657
2025-12-06T04:59:57.240155,1488.98164790
2025-12-06T05:00:58.420730,1487.94845457
2025-12-06T05:01:59.675413,1488.41410598
2025-12-06T05:03:00.965408,1488.13114289
2025-12-06T05:04:02.197358,1485.72824399
2025-12-06T05:05:03.421446,1484.41804928
2025-12-06T05:06:04.629366,1484.16174047
2025-12-06T05:07:05.877385,1485.57042749
2025-12-06T05:08:07.109334,1486.00090081
2025-12-06T05:09:08.373403,1484.74781087
2025-12-06T05:10:09.572157,1484.76194410
2025-12-06T05:11:10.806227,1483.63336107
2025-12-06T05:12:12.028691,1484.47477242
2025-12-06T05:13:13.312693,1485.29842264
2025-12-06T05:14:14.562758,1484.35468302
2025-12-06T05:15:15.745858,1484.93769616
2025-12-06T05:16:16.982507,1486.29210192
2025-12-06T05:17:18.140135,1485.92251005
2025-12-06T05:18:19.388234,1485.67927849
2025-12-06T05:19:20.645367,1486.01440016
2025-12-06T05:20:21.845367,1485.35954972
2025-12-06T05:21:23.093379,1483.79776066
2025-12-06T05:22:24.319224,1486.97057430
2025-12-06T05:23:25.555722,1486.83458623
2025-12-06T05:24:26.773373,1487.94566226
2025-12-06T05:25:27.946784,1488.15832050
2025-12-06T05:26:29.150245,1488.75367335
2025-12-06T05:27:30.393984,1488.80609422
2025-12-06T05:28:31.664009,1488.55043305
2025-12-06T05:29:32.949356,1489.24716036
2025-12-06T05:30:34.214321,1491.14401005
2025-12-06T05:31:35.435777,1493.29496765
2025-12-06T05:32:36.661327,1496.74065062
2025-12-06T05:33:37.877373,1495.26257831
2025-12-06T05:34:39.125389,1496.56492727
2025-12-06T05:35:40.317391,1494.86368094
2025-12-06T05:36:41.557411,1492.86588171
2025-12-06T05:37:42.797336,1492.77358521
2025-12-06T05:38:43.989376,1492.52814417
2025-12-06T05:39:45.194116,1492.36533872
2025-12-06T05:40:46.442658,1492.52844942
2025-12-06T05:41:47.653519,1491.58907694
2025-12-06T05:42:48.921322,1491.58038675
2025-12-06T05:43:50.165394,1490.88160353
2025-12-06T05:44:51.357644,1491.55929315
2025-12-06T05:45:52.582737,1491.96819389
2025-12-06T05:46:53.829370,1491.64921275
2025-12-06T05:47:55.007779,1491.26172437
2025-12-06T05:48:56.277403,1489.03647458
2025-12-06T05:49:57.461407,1488.58541090
2025-12-06T05:50:58.645416,1488.75257887
2025-12-06T05:51:59.907356,1489.60119428
2025-12-06T05:53:01.157378,1489.59101281
2025-12-06T05:54:02.372118,1490.41333774
2025-12-06T05:55:03.640879,1490.46692682
2025-12-06T05:56:04.885488,1492.72511380
2025-12-06T05:57:06.069366,1493.24344236
2025-12-06T05:58:07.268329,1491.95695193
2025-12-06T05:59:08.497320,1492.43646871
2025-12-06T06:00:09.707071,1493.31075442
2025-12-06T06:01:11.061368,1494.10938197
2025-12-06T06:02:12.327799,1493.16708923
2025-12-06T06:03:13.533549,1492.66288233
2025-12-06T06:04:14.760533,1491.00157808
2025-12-06T06:05:16.021360,1489.10106597
2025-12-06T06:06:17.283486,1488.96965313
2025-12-06T06:07:18.533436,1487.99773254
2025-12-06T06:08:19.798005,1488.24519269
2025-12-06T06:09:20.977960,1487.99673600
2025-12-06T06:10:22.228161,1487.44147817
2025-12-06T06:11:23.484166,1488.70010642
2025-12-06T06:12:24.709413,1487.91919641
2025-12-06T06:13:25.928084,1487.16513519
2025-12-06T06:14:27.197389,1485.55995940
2025-12-06T06:15:28.443713,1484.97884620
2025-12-06T06:16:29.669379,1485.71631459
2025-12-06T06:17:30.901403,1486.15683686
2025-12-06T06:18:32.125568,1486.84218684
2025-12-06T06:19:33.397382,1487.35018258
2025-12-06T06:20:34.629380,1486.44022820
2025-12-06T06:21:35.851187,1486.31911092
2025-12-06T06:22:37.072893,1485.76106659
2025-12-06T06:23:38.312807,1485.70066752
2025-12-06T06:24:39.509383,1486.49716129
2025-12-06T06:25:40.725371,1485.97679691
2025-12-06T06:26:41.949940,1484.88462716
2025-12-06T06:27:43.189375,1485.23625321
2025-12-06T06:28:44.389383,1485.55110539
2025-12-06T06:29:45.640138,1485.78080766
2025-12-06T06:30:46.869437,1485.72598141
2025-12-06T06:31:48.132441,1485.83167102
2025-12-06T06:32:49.365412,1484.62107724
2025-12-06T06:33:50.586540,1483.98851356
2025-12-06T06:34:51.833310,1484.37028766
2025-12-06T06:35:53.095774,1485.25598087
2025-12-06T06:36:54.229378,1485.81481431
2025-12-06T06:37:55.461383,1484.23267009
2025-12-06T06:38:56.741156,1484.19768866
2025-12-06T06:39:57.933387,1483.56247080
2025-12-06T06:40:59.183044,1483.83524397
2025-12-06T06:42:00.418942,1481.61252702
2025-12-06T06:43:01.589373,1482.61914748
2025-12-06T06:44:02.845878,1481.62366071
2025-12-06T06:45:04.070601,1483.02028275
2025-12-06T06:46:05.269367,1482.41054692
2025-12-06T06:47:06.517374,1481.15951614
2025-12-06T06:48:07.734320,1480.80829498
2025-12-06T06:49:08.985845,1483.09022818
2025-12-06T06:50:10.242513,1483.40978424
2025-12-06T06:51:11.449847,1482.88036317
2025-12-06T06:52:12.686261,1483.25964748
2025-12-06T06:53:13.917337,1481.31749641
2025-12-06T06:54:15.186404,1481.89652136
2025-12-06T06:55:16.397292,1482.30043883
2025-12-06T06:56:17.662060,1482.44932264
2025-12-06T06:57:18.949723,1481.49638051
2025-12-06T06:58:20.163328,1480.99166187
2025-12-06T06:59:21.438862,1481.21722365
2025-12-06T07:00:22.699789,1482.64197586
2025-12-06T07:01:24.529373,1481.61245082
2025-12-06T07:02:25.774398,1481.76940124
2025-12-06T07:03:26.987378,1482.34452616
2025-12-06T07:04:28.245386,1482.99371578
2025-12-06T07:05:29.502666,1484.77498219
2025-12-06T07:06:30.757373,1484.25815217
2025-12-06T07:07:32.004595,1484.03932363
2025-12-06T07:08:33.237515,1483.61143154
2025-12-06T07:09:34.448265,1483.61285613
2025-12-06T07:10:35.667057,1482.49374736
2025-12-06T07:11:36.933367,1482.95546638
2025-12-06T07:12:38.138234,1483.90165080
2025-12-06T07:13:39.380956,1483.51011311
2025-12-06T07:14:40.626239,1482.46483103
2025-12-06T07:15:41.845480,1484.16634444
2025-12-06T07:16:43.089960,1484.54444092
2025-12-06T07:17:44.346555,1483.69566655
2025-12-06T07:18:45.611515,1484.95831465
2025-12-06T07:19:46.812775,1484.27249264
2025-12-06T07:20:48.044554,1483.70763501
2025-12-06T07:21:49.331961,1483.95221440
2025-12-06T07:22:50.572461,1484.28019240
2025-12-06T07:23:51.797390,1484.06666635
2025-12-06T07:24:53.066609,1483.48332181
2025-12-06T07:25:54.299934,1483.49790853
2025-12-06T07:26:55.539548,1482.36527706
2025-12-06T07:27:56.757373,1483.57876463
2025-12-06T07:28:57.980383,1483.76379429
2025-12-06T07:29:59.189378,1483.78120183
2025-12-06T07:31:00.476746,1482.88697815
2025-12-06T07:32:01.741315,1480.36452281
2025-12-06T07:33:02.997396,1480.82808106
2025-12-06T07:34:04.266780,1481.29254340
2025-12-06T07:35:05.477267,1477.54605039
2025-12-06T07:36:06.734409,1476.31622347
2025-12-06T07:37:07.974630,1474.96252364
2025-12-06T07:38:09.173386,1476.53278235
2025-12-06T07:39:10.457618,1474.75402016
2025-12-06T07:40:11.685395,1475.81904073
2025-12-06T07:41:12.917367,1477.12240019
2025-12-06T07:42:14.138171,1478.99606094
2025-12-06T07:43:15.413411,1479.33111140
2025-12-06T07:44:16.634227,1478.01517650
2025-12-06T07:45:17.845377,1478.60647274
2025-12-06T07:46:19.093348,1479.54455868
2025-12-06T07:47:20.330303,1478.49607916
2025-12-06T07:48:21.525429,1479.46098827
2025-12-06T07:49:22.718458,1480.30524911
2025-12-06T07:50:24.314116,1479.30352516
2025-12-06T07:51:25.531216,1479.61058690
2025-12-06T07:52:26.776728,1479.41019371
2025-12-06T07:53:27.999676,1479.41142572
2025-12-06T07:54:29.223432,1483.19245322
2025-12-06T07:55:30.405371,1485.47935403
2025-12-06T07:56:31.653807,1485.73008628
2025-12-06T07:57:32.885370,1484.89074299
2025-12-06T07:58:34.128507,1486.36999467
2025-12-06T07:59:35.344116,1486.15204336
2025-12-06T08:00:36.616373,1485.17134936
2025-12-06T08:01:38.523975,1485.87561629
2025-12-06T08:02:39.733393,1485.40573576
2025-12-06T08:03:40.980996,1485.50220114
2025-12-06T08:04:42.197376,1485.54392760
2025-12-06T08:05:43.397378,1485.58804311
2025-12-06T08:06:44.629367,1485.72636483
2025-12-06T08:07:45.880294,1486.56668214
2025-12-06T08:08:47.061400,1485.53009077
2025-12-06T08:09:48.299077,1484.49505803
2025-12-06T08:10:49.539340,1484.83809965
2025-12-06T08:11:50.725399,1485.92853359
2025-12-06T08:12:51.942392,1486.32903973
2025-12-06T08:13:53.157370,1485.46933303
2025-12-06T08:14:54.357378,1485.31282364
2025-12-06T08:15:55.629362,1484.26034164
2025-12-06T08:16:56.853412,1484.71652903
2025-12-06T08:17:58.067762,1485.74754043
2025-12-06T08:18:59.349440,1486.75574261
2025-12-06T08:20:00.681538,1486.20730854
2025-12-06T08:21:01.877374,1486.51347479
2025-12-06T08:22:03.125118,1487.14978614
2025-12-06T08:23:04.366464,1487.91056822
2025-12-06T08:24:05.618835,1487.74612326
2025-12-06T08:25:06.837370,1488.78908942
2025-12-06T08:26:08.069346,1491.99648631
2025-12-06T08:27:09.269375,1494.01882150
2025-12-06T08:28:10.533068,1493.20112507
2025-12-06T08:29:11.765389,1494.33467656
2025-12-06T08:30:12.933384,1494.73000415
2025-12-06T08:31:14.138165,1495.06644605
2025-12-06T08:32:15.405391,1500.99744942
2025-12-06T08:33:16.625480,1500.14522259
2025-12-06T08:34:17.877376,1501.00280665
2025-12-06T08:35:19.101331,1503.22220898
2025-12-06T08:36:20.444316,1504.63492255
2025-12-06T08:37:21.654289,1504.29706323
2025-12-06T08:38:22.869382,1504.37606895
2025-12-06T08:39:24.092217,1516.57812313
2025-12-06T08:40:25.350610,1521.53766036
2025-12-06T08:41:26.619054,1517.68399878
2025-12-06T08:42:27.766953,1516.55100196
2025-12-06T08:43:28.981369,1516.10021078
2025-12-06T08:44:30.267471,1516.16455540
2025-12-06T08:45:31.493931,1513.67097363
2025-12-06T08:46:32.709364,1512.56728264
2025-12-06T08:47:33.957380,1515.49962251
2025-12-06T08:48:35.109359,1516.64894213
2025-12-06T08:49:36.413325,1519.01135425
2025-12-06T08:50:37.653385,1525.04424299
2025-12-06T08:51:38.862634,1523.81392477
2025-12-06T08:52:40.082234,1522.62418608
2025-12-06T08:53:41.333382,1523.13980543
2025-12-06T08:54:42.551853,1523.35390750
2025-12-06T08:55:43.765367,1523.11995063
2025-12-06T08:56:44.949364,1523.25144871
2025-12-06T08:57:46.175346,1523.56930850
2025-12-06T08:58:47.429195,1524.92961582
2025-12-06T08:59:48.625494,1524.45848264
2025-12-06T09:00:49.851129,1524.92956697
2025-12-06T09:01:51.078199,1524.76632816
2025-12-06T09:02:52.277373,1522.83705262
2025-12-06T09:03:53.466539,1522.42980695
2025-12-06T09:04:54.742480,1525.47709371
2025-12-06T09:05:56.002212,1530.03857016
2025-12-06T09:06:57.165760,1530.66154812
2025-12-06T09:07:58.413360,1530.08738623
2025-12-06T09:08:59.682781,1532.35430595
2025-12-06T09:10:00.896325,1530.68787581
2025-12-06T09:11:02.201348,1529.68574268
2025-12-06T09:12:03.477377,1531.86671471
2025-12-06T09:13:04.732950,1531.04892265
2025-12-06T09:14:06.004325,1529.76266102
2025-12-06T09:15:07.221418,1532.91711184
2025-12-06T09:16:08.484793,1532.39346626
2025-12-06T09:17:09.758334,1532.12238036
2025-12-06T09:18:11.013370,1532.91978000
2025-12-06T09:19:12.213371,1532.46851609
2025-12-06T09:20:13.451818,1532.99398943
2025-12-06T09:21:14.733387,1533.73590993
2025-12-06T09:22:15.923304,1536.30877608
2025-12-06T09:23:17.387659,1534.76313555
2025-12-06T09:24:18.645376,1537.74467844
2025-12-06T09:25:19.887335,1540.39993644
2025-12-06T09:26:21.165382,1540.16907593
2025-12-06T09:27:22.389369,1540.63860226
2025-12-06T09:28:23.637364,1541.32327692
2025-12-06T09:29:24.885428,1539.97236315
2025-12-06T09:30:26.140351,1542.51542645
2025-12-06T09:31:27.304680,1541.15134744
2025-12-06T09:32:28.565363,1541.89669421
2025-12-06T09:33:29.877376,1541.82210236
2025-12-06T09:34:31.109364,1548.62437091
2025-12-06T09:35:32.395365,1548.03986675
2025-12-06T09:36:33.614068,1550.47434930
2025-12-06T09:37:34.825658,1553.69902516
2025-12-06T09:38:36.069912,1553.53143411
2025-12-06T09:39:37.286314,1554.49301440
2025-12-06T09:40:38.522232,1553.70230957
2025-12-06T09:41:39.889537,1552.88911288
2025-12-06T09:42:41.142879,1557.11994475
2025-12-06T09:43:42.357395,1557.11034013
2025-12-06T09:44:43.597923,1558.09988481
2025-12-06T09:45:44.789388,1559.22710574
2025-12-06T09:46:46.029932,1557.41977452
2025-12-06T09:47:47.283537,1558.21626872
2025-12-06T09:48:48.533369,1561.87907349
2025-12-06T09:49:49.717381,1559.24068189
2025-12-06T09:50:50.978701,1558.56460164
2025-12-06T09:51:52.198463,1557.78977661
2025-12-06T09:52:53.388074,1561.79942407
2025-12-06T09:53:54.608014,1563.89848634
2025-12-06T09:54:55.813391,1564.69109139
2025-12-06T09:55:57.034054,1562.81943880
2025-12-06T09:56:58.275091,1562.23660926
2025-12-06T09:57:59.445370,1562.38532820
2025-12-06T09:59:00.710305,1562.32479181
2025-12-06T10:00:01.969359,1561.30503367
2025-12-06T10:01:03.254160,1560.30682791
2025-12-06T10:02:04.526833,1560.14351661
2025-12-06T10:03:05.812964,1561.42483331
2025-12-06T10:04:07.096866,1557.11463638
2025-12-06T10:05:08.324335,1557.72235382
2025-12-06T10:06:09.765899,1555.73828210
2025-12-06T10:07:11.050059,1553.20138383
2025-12-06T10:08:12.245371,1551.94937378
2025-12-06T10:09:13.480785,1551.51929755
2025-12-06T10:10:14.726119,1551.12493326
2025-12-06T10:11:15.909391,1550.33773175
2025-12-06T10:12:17.174755,1548.75746525
2025-12-06T10:13:18.405716,1545.39039036
2025-12-06T10:14:19.669370,1547.84196774
2025-12-06T10:15:20.916501,1548.98199906
2025-12-06T10:16:22.165378,1548.37838984
2025-12-06T10:17:23.383410,1548.73397199
2025-12-06T10:18:24.608395,1547.69674057
2025-12-06T10:19:25.837566,1545.88109390
2025-12-06T10:20:27.056442,1547.27297434
2025-12-06T10:21:28.341370,1548.87045411
2025-12-06T10:22:29.607545,1545.20411931
2025-12-06T10:23:30.862320,1546.16690853
2025-12-06T10:24:32.085370,1545.77775347
2025-12-06T10:25:33.352806,1545.80139893
2025-12-06T10:26:34.601020,1543.11549062
2025-12-06T10:27:35.890197,1545.78658447
2025-12-06T10:28:37.149687,1547.06091020
2025-12-06T10:29:38.370959,1547.41683608
2025-12-06T10:30:39.587233,1547.42319676
2025-12-06T10:31:40.855793,1544.67072388
2025-12-06T10:32:42.068137,1546.12662439
2025-12-06T10:33:43.300289,1543.49814529
2025-12-06T10:34:44.510296,1542.29870763
2025-12-06T10:35:45.717370,1539.60156033
2025-12-06T10:36:46.974068,1541.05236758
2025-12-06T10:37:48.268215,1543.97358810
2025-12-06T10:38:49.476718,1545.29657340
2025-12-06T10:39:50.741372,1545.55133215
2025-12-06T10:40:51.976158,1548.10871997
2025-12-06T10:41:53.173376,1547.41007026
2025-12-06T10:42:54.454557,1548.53735886
2025-12-06T10:43:55.685386,1550.36037458
2025-12-06T10:44:56.881309,1548.81078473
2025-12-06T10:45:59.061359,1549.06275132
2025-12-06T10:47:00.345744,1546.71501942
2025-12-06T10:48:01.565341,1548.24336984
2025-12-06T10:49:02.805379,1547.61666542
2025-12-06T10:50:04.037380,1547.07609979
2025-12-06T10:51:05.237370,1547.61200042
2025-12-06T10:52:06.550753,1552.55470379
2025-12-06T10:53:07.752865,1549.93975277
2025-12-06T10:54:08.953978,1549.44280860
2025-12-06T10:55:10.221495,1548.89050115
2025-12-06T10:56:11.453383,1549.48065647
2025-12-06T10:57:12.701808,1550.81929852
2025-12-06T10:58:13.952960,1550.57967714
2025-12-06T10:59:15.173371,1551.30618557
2025-12-06T11:00:16.392332,1548.41165929
2025-12-06T11:01:18.272545,1549.74335035
2025-12-06T11:02:19.510322,1550.91640553
2025-12-06T11:03:20.785729,1553.29905707
2025-12-06T11:04:22.053368,1549.97723185
2025-12-06T11:05:23.283446,1554.18787897
2025-12-06T11:06:24.437370,1551.55077910
2025-12-06T11:07:25.653388,1551.39147901
2025-12-06T11:08:26.910883,1551.83798302
2025-12-06T11:09:28.143457,1552.48632692
2025-12-06T11:10:29.381399,1552.29481680
2025-12-06T11:11:30.624891,1552.33015951
2025-12-06T11:12:31.829392,1552.88155564
2025-12-06T11:13:33.052866,1551.18246105
2025-12-06T11:14:34.328321,1552.48548524
2025-12-06T11:15:35.521075,1552.41325035
2025-12-06T11:16:36.757513,1546.71398247
2025-12-06T11:17:37.995704,1546.65221755
2025-12-06T11:18:39.191576,1545.88436687
2025-12-06T11:19:40.462904,1544.38768762
2025-12-06T11:20:41.733388,1543.90847216
2025-12-06T11:21:42.942159,1543.67182710
2025-12-06T11:22:44.169829,1544.90113153
2025-12-06T11:23:45.365354,1544.52185788
2025-12-06T11:24:46.549439,1545.68032884
2025-12-06T11:25:47.775105,1545.67250267
2025-12-06T11:26:48.986306,1547.25220429
2025-12-06T11:27:50.165373,1546.83555012
2025-12-06T11:28:51.374388,1546.88993514
2025-12-06T11:29:52.591975,1548.45188676
2025-12-06T11:30:53.781369,1549.92301038
2025-12-06T11:31:54.965376,1552.13258167
2025-12-06T11:32:56.252511,1555.76153522
2025-12-06T11:33:57.437545,1555.19588538
2025-12-06T11:34:58.701489,1556.52677527
2025-12-06T11:35:59.958682,1557.56691337
2025-12-06T11:37:01.205401,1557.45767330
2025-12-06T11:38:02.392115,1559.83457800
2025-12-06T11:39:03.665182,1560.90997087
2025-12-06T11:40:04.850032,1563.12243567
2025-12-06T11:41:06.138159,1562.77105492
2025-12-06T11:42:07.325419,1562.85278349
2025-12-06T11:43:08.515119,1562.02315727
2025-12-06T11:44:09.772637,1562.60830798
2025-12-06T11:45:11.011840,1562.03245434
2025-12-06T11:46:12.245391,1563.28664960
2025-12-06T11:47:13.458922,1564.71069322
2025-12-06T11:48:14.709375,1564.72468735
2025-12-06T11:49:15.960737,1565.54188180
2025-12-06T11:50:17.191984,1561.74581904
2025-12-06T11:51:18.442335,1561.10833801
2025-12-06T11:52:19.668180,1560.85669193
2025-12-06T11:53:20.885370,1559.78814545
2025-12-06T11:54:22.105367,1560.22177059
2025-12-06T11:55:23.316321,1562.33615346
2025-12-06T11:56:24.533412,1563.50135222
2025-12-06T11:57:25.783933,1563.77245951
2025-12-06T11:58:27.014687,1564.69151971
2025-12-06T11:59:28.213369,1564.63384785
2025-12-06T12:00:29.476443,1566.29778761
2025-12-06T12:01:31.367220,1570.28893056
2025-12-06T12:02:32.652645,1566.85780121
2025-12-06T12:03:33.892458,1565.45426074
2025-12-06T12:04:35.093374,1565.83758684
2025-12-06T12:05:36.345349,1564.90871259
2025-12-06T12:06:37.525380,1565.23192624
2025-12-06T12:07:38.759164,1565.67711537
2025-12-06T12:08:40.037379,1567.23751950
2025-12-06T12:09:41.326321,1566.14584927
2025-12-06T12:10:42.709430,1567.70695606
2025-12-06T12:11:43.935092,1568.54538504
2025-12-06T12:12:45.204083,1570.61343776
2025-12-06T12:13:46.389439,1568.50756823
2025-12-06T12:14:47.656838,1566.37064009
2025-12-06T12:15:48.885376,1561.50930294
2025-12-06T12:16:50.117343,1561.03997296
2025-12-06T12:17:51.428101,1561.92576037
2025-12-06T12:18:52.641382,1564.35596087
2025-12-06T12:19:53.877379,1565.95512041
2025-12-06T12:20:55.113703,1566.34538653
2025-12-06T12:21:56.397882,1568.81274205
2025-12-06T12:22:57.620985,1569.94437436
2025-12-06T12:23:58.869362,1573.08605110
2025-12-06T12:25:00.136436,1573.82930780
2025-12-06T12:26:02.197376,1573.09312724
2025-12-06T12:27:03.437412,1573.71765100
2025-12-06T12:28:04.702425,1575.11473509
2025-12-06T12:29:05.939506,1574.75100409
2025-12-06T12:30:07.173382,1575.34621819
2025-12-06T12:31:08.392312,1578.22236424
2025-12-06T12:32:09.557379,1578.95393158
2025-12-06T12:33:10.805373,1577.40942570
2025-12-06T12:34:12.117375,1576.90725530
2025-12-06T12:35:13.317390,1575.33509326
2025-12-06T12:36:14.533349,1573.86847454
2025-12-06T12:37:15.829320,1573.63442408
2025-12-06T12:38:17.087830,1571.15189760
2025-12-06T12:39:18.354761,1572.79223857
2025-12-06T12:40:19.533383,1573.28888601
2025-12-06T12:41:20.696332,1572.83881686
2025-12-06T12:42:21.984237,1572.82858245
2025-12-06T12:43:23.216443,1572.11012665
2025-12-06T12:44:24.444819,1573.45029064
2025-12-06T12:45:25.669401,1573.21474625
2025-12-06T12:46:26.961773,1572.05686562
2025-12-06T12:47:28.140375,1574.29258246
2025-12-06T12:48:29.379694,1574.96089333
2025-12-06T12:49:30.581373,1575.00608465
2025-12-06T12:50:31.813905,1573.68952781
2025-12-06T12:51:33.087693,1573.84197313
2025-12-06T12:52:34.303393,1573.42166612
2025-12-06T12:53:35.535721,1573.30321716
2025-12-06T12:54:36.757370,1575.64125515
2025-12-06T12:55:38.021378,1575.33217451
2025-12-06T12:56:39.173618,1573.24025674
2025-12-06T12:57:40.382771,1572.85458831
2025-12-06T12:58:41.621371,1571.86400850
2025-12-06T12:59:42.805375,1572.05909771
2025-12-06T13:00:44.056377,1571.75391872
2025-12-06T13:01:46.006942,1572.29008950
2025-12-06T13:02:47.229398,1572.49587832
2025-12-06T13:03:48.485431,1571.17137417
2025-12-06T13:04:49.701376,1570.88183324
2025-12-06T13:05:50.897770,1571.59261115
2025-12-06T13:06:52.138540,1570.85149401
2025-12-06T13:07:53.394673,1570.56626219
2025-12-06T13:08:54.613381,1570.28354304
2025-12-06T13:09:55.861400,1570.94024345
2025-12-06T13:10:57.109396,1573.95877042
2025-12-06T13:11:58.325382,1573.49950615
2025-12-06T13:12:59.553304,1573.41862542
2025-12-06T13:14:00.789375,1572.36941866
2025-12-06T13:15:02.007712,1570.48636415
2025-12-06T13:16:03.285382,1567.06858864
2025-12-06T13:17:04.520315,1567.59515803
2025-12-06T13:18:05.791549,1570.82425805
2025-12-06T13:19:07.013382,1568.40720471
2025-12-06T13:20:08.276692,1568.88725207
2025-12-06T13:21:09.514015,1568.09148222
2025-12-06T13:22:10.765359,1566.09581437
2025-12-06T13:23:12.037359,1567.15397781
2025-12-06T13:24:13.289587,1567.47119950
2025-12-06T13:25:14.568066,1569.38695804
2025-12-06T13:26:15.822203,1567.94805418
2025-12-06T13:27:17.037991,1566.16770093
2025-12-06T13:28:18.278310,1563.02153374
2025-12-06T13:29:19.524432,1564.91341429
2025-12-06T13:30:20.748331,1563.42526163
2025-12-06T13:31:22.021502,1563.29263246
2025-12-06T13:32:23.303944,1564.66662939
2025-12-06T13:33:24.532821,1564.91018663
2025-12-06T13:34:25.749377,1564.05727449
2025-12-06T13:35:26.984318,1564.49998200
2025-12-06T13:36:28.181370,1558.55417436
2025-12-06T13:37:29.405972,1559.70341458
2025-12-06T13:38:30.646701,1559.86071590
2025-12-06T13:39:31.861376,1556.29747831
2025-12-06T13:40:33.058870,1558.34495187
2025-12-06T13:41:34.293372,1559.35671231
2025-12-06T13:42:35.517386,1558.17934993
2025-12-06T13:43:36.826515,1561.20343845
2025-12-06T13:44:38.101406,1561.28625175
2025-12-06T13:45:39.345896,1562.03211955
2025-12-06T13:46:40.611013,1561.92368220
2025-12-06T13:47:41.845394,1561.73681231
2025-12-06T13:48:43.037309,1560.43743224
2025-12-06T13:49:44.277374,1558.32673416
2025-12-06T13:50:45.579540,1556.90862645
2025-12-06T13:51:46.812882,1555.01997156
2025-12-06T13:52:48.045382,1555.14129122
2025-12-06T13:53:49.300863,1552.77765591
2025-12-06T13:54:50.517390,1553.62403765
2025-12-06T13:55:51.771321,1553.07664817
2025-12-06T13:56:53.053902,1553.21327694
2025-12-06T13:57:54.298140,1553.58359694
2025-12-06T13:58:55.572559,1555.33216250
2025-12-06T13:59:56.837381,1554.53728807
2025-12-06T14:00:57.989380,1553.53428370
2025-12-06T14:01:59.259858,1551.39111920
2025-12-06T14:03:00.507906,1549.98345067
2025-12-06T14:04:01.753709,1556.40276285
2025-12-06T14:05:02.997372,1557.50275844
2025-12-06T14:06:04.223655,1554.37656976
2025-12-06T14:07:05.418675,1556.31470540
2025-12-06T14:08:06.677409,1555.01996259
2025-12-06T14:09:07.958378,1554.09094862
2025-12-06T14:10:09.173372,1553.11220616
2025-12-06T14:11:10.466225,1555.69442207
2025-12-06T14:12:11.701391,1556.12072627
2025-12-06T14:13:12.917336,1555.67744195
2025-12-06T14:14:14.157376,1556.79823886
2025-12-06T14:15:15.385877,1558.10537050
2025-12-06T14:16:16.621391,1558.29566666
2025-12-06T14:17:17.850185,1560.23812691
2025-12-06T14:18:19.093383,1559.06998737
2025-12-06T14:19:20.255623,1561.68120225
2025-12-06T14:20:21.490402,1558.97941433
2025-12-06T14:21:22.726260,1560.53131279
2025-12-06T14:22:23.958252,1559.92181694
2025-12-06T14:23:25.208954,1561.18594785
2025-12-06T14:24:26.502642,1561.38987575
2025-12-06T14:25:27.766209,1563.42534493
2025-12-06T14:26:29.054616,1561.57515292
2025-12-06T14:27:30.333444,1562.42533387
2025-12-06T14:28:31.521149,1561.98300434
2025-12-06T14:29:32.741374,1563.73468583
2025-12-06T14:30:34.010505,1563.63654274
2025-12-06T14:31:35.189415,1566.86545097
2025-12-06T14:32:36.405363,1563.65525799
2025-12-06T14:33:37.621473,1564.81607726
2025-12-06T14:34:38.869412,1564.22113384
2025-12-06T14:35:40.101317,1564.56149011
2025-12-06T14:36:41.365378,1563.15704700
2025-12-06T14:37:42.581388,1563.71563904
2025-12-06T14:38:43.863005,1566.96817705
2025-12-06T14:39:45.119264,1564.97347308
2025-12-06T14:40:46.343674,1565.57548342
2025-12-06T14:41:47.605371,1564.92451130
2025-12-06T14:42:48.861364,1563.26082307
2025-12-06T14:43:50.089937,1563.69414765
2025-12-06T14:44:51.327915,1561.72416854
2025-12-06T14:45:52.597389,1563.91673901
2025-12-06T14:46:53.805392,1564.21870332
2025-12-06T14:47:55.093389,1566.31466083
2025-12-06T14:48:56.368631,1566.71958672
2025-12-06T14:49:57.653401,1565.60960707
2025-12-06T14:50:58.835106,1566.30516670
2025-12-06T14:52:00.085373,1565.72838780
2025-12-06T14:53:01.332877,1566.58253911
2025-12-06T14:54:02.633079,1568.37927413
2025-12-06T14:55:03.911106,1566.76361399
2025-12-06T14:56:05.158916,1567.87111514
2025-12-06T14:57:06.388317,1567.69319352
2025-12-06T14:58:07.653370,1565.29339711
2025-12-06T14:59:08.959051,1566.17199729
2025-12-06T15:00:10.213341,1566.35298844
2025-12-06T15:01:11.554300,1568.27794632
2025-12-06T15:02:12.821384,1571.88221018
2025-12-06T15:03:14.069373,1571.89314984
2025-12-06T15:04:15.269750,1571.43769393
2025-12-06T15:05:16.503700,1572.04668830
2025-12-06T15:06:17.839257,1575.31217168
2025-12-06T15:07:19.061377,1574.20067784
2025-12-06T15:08:20.309372,1574.82036600
2025-12-06T15:09:21.571123,1576.46053713
2025-12-06T15:10:22.773397,1572.72122515
2025-12-06T15:11:24.057563,1572.52634414
2025-12-06T15:12:25.387238,1570.57439445
2025-12-06T15:13:26.677383,1572.83913907
2025-12-06T15:14:27.940019,1572.35222378
2025-12-06T15:15:29.109403,1571.11405959
2025-12-06T15:16:30.423087,1567.70008618
2025-12-06T15:17:31.643832,1571.00089279
2025-12-06T15:18:32.877386,1570.33782157
2025-12-06T15:19:34.140184,1570.62011859
2025-12-06T15:20:35.349375,1571.35113430
2025-12-06T15:21:36.597382,1575.69725204
2025-12-06T15:22:37.833593,1576.80736915
2025-12-06T15:23:39.063052,1577.82111794
2025-12-06T15:24:40.293369,1580.06640341
2025-12-06T15:25:41.569240,1583.13033991
2025-12-06T15:26:42.765382,1581.26655787
2025-12-06T15:27:44.021376,1581.85893357
2025-12-06T15:28:45.237373,1581.98407174
2025-12-06T15:29:46.442243,1580.40654710
2025-12-06T15:30:47.685379,1580.68010844
2025-12-06T15:31:48.961551,1581.90961769
2025-12-06T15:32:50.181384,1581.92728103
2025-12-06T15:33:51.397371,1578.18623399
2025-12-06T15:34:52.653393,1578.16687398
2025-12-06T15:35:53.833101,1576.75990085
2025-12-06T15:36:55.013407,1577.58075129
2025-12-06T15:37:56.282728,1578.51855026
2025-12-06T15:38:57.493402,1577.66203561
2025-12-06T15:39:58.780228,1578.22143634
2025-12-06T15:41:00.003128,1579.16325297
2025-12-06T15:42:01.237374,1577.94922299
2025-12-06T15:43:02.520396,1577.28688172
2025-12-06T15:44:03.797975,1577.67540359
2025-12-06T15:45:05.013372,1579.66782892
2025-12-06T15:46:06.213374,1580.04494633
2025-12-06T15:47:07.477409,1581.28592872
2025-12-06T15:48:08.716002,1581.58798283
2025-12-06T15:49:09.957389,1580.30133716
2025-12-06T15:50:11.235442,1579.83522988
2025-12-06T15:51:12.436299,1578.60047026
2025-12-06T15:52:13.653372,1579.90463603
2025-12-06T15:53:14.915265,1580.09121184
2025-12-06T15:54:16.147679,1588.40372606
2025-12-06T15:55:17.373390,1588.89916584
2025-12-06T15:56:18.646494,1588.19880260
2025-12-06T15:57:19.845379,1587.03081256
2025-12-06T15:58:21.117879,1586.44836417
2025-12-06T15:59:22.365374,1585.60817922
2025-12-06T16:00:23.592330,1584.15446434
2025-12-06T16:01:25.487328,1587.78757834
2025-12-06T16:02:26.781398,1591.01288841
2025-12-06T16:03:28.144769,1590.23547211
2025-12-06T16:04:29.397374,1588.66644323
2025-12-06T16:05:30.691975,1593.91094568
2025-12-06T16:06:31.957376,1594.38913725
2025-12-06T16:07:33.222762,1595.17846814
2025-12-06T16:08:34.475789,1596.84430438
2025-12-06T16:09:35.685380,1596.86694730
2025-12-06T16:10:36.956990,1597.22669416
2025-12-06T16:11:38.197377,1596.51611997
2025-12-06T16:12:39.421597,1596.82021828
2025-12-06T16:13:40.645396,1598.77194550
2025-12-06T16:14:41.867368,1596.62176231
2025-12-06T16:15:43.128672,1596.28412067
2025-12-06T16:16:44.373594,1594.40065993
2025-12-06T16:17:45.645029,1595.54014880
2025-12-06T16:18:46.869368,1594.72597733
2025-12-06T16:19:48.150871,1596.24485315
2025-12-06T16:20:49.400450,1595.84697187
2025-12-06T16:21:50.549370,1592.38550899
2025-12-06T16:22:51.823457,1593.83078079
2025-12-06T16:23:53.059062,1594.87292779
2025-12-06T16:24:54.286537,1594.71653915
2025-12-06T16:25:55.573040,1596.67008445
2025-12-06T16:26:56.844996,1597.15470721
2025-12-06T16:27:58.021387,1596.22391596
2025-12-06T16:28:59.295877,1593.84160811
2025-12-06T16:30:00.568013,1594.03391680
2025-12-06T16:31:02.140175,1593.27491912
2025-12-06T16:32:03.424167,1594.13815755
2025-12-06T16:33:04.725456,1597.54195778
2025-12-06T16:34:05.988336,1597.38314901
2025-12-06T16:35:07.221379,1597.31913083
2025-12-06T16:36:08.485401,1598.32680563
2025-12-06T16:37:09.711986,1597.47949307
2025-12-06T16:38:10.986894,1597.03460307
2025-12-06T16:39:12.257719,1596.16581660
2025-12-06T16:40:13.481018,1596.02689852
2025-12-06T16:41:14.738341,1596.73542296
2025-12-06T16:42:16.002598,1596.41449797
2025-12-06T16:43:17.173375,1594.68061266
2025-12-06T16:44:18.445132,1592.33145414
2025-12-06T16:45:19.685351,1589.63035870
2025-12-06T16:46:20.884703,1591.01417475
2025-12-06T16:47:22.138216,1590.26823049
2025-12-06T16:48:23.349393,1592.01919844
2025-12-06T16:49:24.563063,1592.37261346
2025-12-06T16:50:25.813371,1595.41956350
2025-12-06T16:51:27.046488,1597.32082507
2025-12-06T16:52:28.309481,1603.78106076
2025-12-06T16:53:29.589397,1605.90872177
2025-12-06T16:54:30.798366,1604.61908849
2025-12-06T16:55:32.037368,1602.27091956
2025-12-06T16:56:33.317975,1603.53565869
2025-12-06T16:57:34.533444,1603.70274620
2025-12-06T16:58:35.701374,1600.66304078
2025-12-06T16:59:36.952597,1599.93550479
2025-12-06T17:00:38.181356,1601.58032754
2025-12-06T17:01:40.064809,1601.57190071
2025-12-06T17:02:41.322618,1603.80825745
2025-12-06T17:03:42.554021,1603.10598212
2025-12-06T17:04:43.771573,1602.13368722
2025-12-06T17:05:45.013380,1601.45480660
2025-12-06T17:06:46.274414,1600.42763850
2025-12-06T17:07:47.508508,1601.04925398
2025-12-06T17:08:48.788905,1602.16207720
2025-12-06T17:09:49.988482,1598.28595083
2025-12-06T17:10:51.189487,1595.20463696
2025-12-06T17:11:52.403519,1596.15235978
2025-12-06T17:12:53.663909,1593.49331011
2025-12-06T17:13:54.853372,1593.89033842
2025-12-06T17:14:56.132777,1595.54066726
2025-12-06T17:15:57.385372,1596.56263326
2025-12-06T17:16:58.644034,1595.49208546
2025-12-06T17:17:59.882446,1593.91732415
2025-12-06T17:19:01.145909,1594.75153364
2025-12-06T17:20:02.461821,1595.58170034
2025-12-06T17:21:03.717365,1595.67593069
2025-12-06T17:22:04.949373,1592.15715793
2025-12-06T17:23:06.138180,1593.93680221
2025-12-06T17:24:07.381382,1595.13036098
2025-12-06T17:25:08.661584,1596.37678125
2025-12-06T17:26:09.925376,1597.01030676
2025-12-06T17:27:11.210949,1599.79883139
2025-12-06T17:28:12.437377,1598.87876495
2025-12-06T17:29:13.668159,1599.04412616
2025-12-06T17:30:14.930504,1596.94528340
2025-12-06T17:31:16.275014,1596.68557241
2025-12-06T17:32:17.461395,1595.19096283
2025-12-06T17:33:18.677391,1595.26915359
2025-12-06T17:34:19.928669,1593.76951915
2025-12-06T17:35:21.125933,1591.71785138
2025-12-06T17:36:22.372791,1594.30406079
2025-12-06T17:37:23.637387,1596.11655436
2025-12-06T17:38:24.848045,1594.53657876
2025-12-06T17:39:26.105333,1590.34858853
2025-12-06T17:40:27.349394,1594.34733045
2025-12-06T17:41:28.597089,1593.34026872
2025-12-06T17:42:29.909404,1592.51798185
2025-12-06T17:43:31.171534,1593.87878101
2025-12-06T17:44:32.418922,1592.75006150
2025-12-06T17:45:33.653395,1594.45324265
2025-12-06T17:46:34.873844,1594.12439100
2025-12-06T17:47:36.085377,1594.25842363
2025-12-06T17:48:37.341368,1595.36115751
2025-12-06T17:49:38.570411,1594.82495060
2025-12-06T17:50:39.813388,1593.43431000
2025-12-06T17:51:41.087218,1593.12002774
2025-12-06T17:52:42.373407,1592.22969264
2025-12-06T17:53:43.573387,1590.30227611
2025-12-06T17:54:44.829337,1589.23269731
2025-12-06T17:55:46.096062,1590.05513362
2025-12-06T17:56:47.317377,1589.05260605
2025-12-06T17:57:48.549389,1590.25151114
2025-12-06T17:58:49.840199,1589.31544746
2025-12-06T17:59:51.061387,1590.61358561
2025-12-06T18:00:52.303859,1591.04316692
2025-12-06T18:01:53.543747,1590.62022594
2025-12-06T18:02:54.725665,1589.94932755
2025-12-06T18:03:55.925394,1591.28208778
2025-12-06T18:04:57.198354,1590.61494481
2025-12-06T18:05:58.391235,1590.45231221
2025-12-06T18:06:59.669373,1590.23952522
2025-12-06T18:08:00.982972,1590.75316779
2025-12-06T18:09:02.261349,1590.63803385
2025-12-06T18:10:03.467523,1591.63448904
2025-12-06T18:11:04.752835,1589.97706791
2025-12-06T18:12:05.973383,1590.16208650
2025-12-06T18:13:07.266179,1591.93961026
2025-12-06T18:14:08.526579,1592.92207368
2025-12-06T18:15:09.809328,1592.83064500
2025-12-06T18:16:11.083054,1590.27479619
2025-12-06T18:17:12.344856,1590.97545607
2025-12-06T18:18:13.573672,1591.28616348
2025-12-06T18:19:14.821376,1590.43129409
2025-12-06T18:20:16.110147,1590.25603818
2025-12-06T18:21:17.370334,1591.67448533
2025-12-06T18:22:18.581396,1592.49528019
2025-12-06T18:23:19.826300,1591.32719583
2025-12-06T18:24:20.997375,1592.85964440
2025-12-06T18:25:22.269257,1591.27062200
2025-12-06T18:26:23.477383,1590.55153750
2025-12-06T18:27:24.661382,1589.91808951
2025-12-06T18:28:25.877422,1590.03220834
2025-12-06T18:29:27.138080,1590.11581799
2025-12-06T18:30:28.373405,1589.55045881
2025-12-06T18:31:29.652192,1590.30205663
2025-12-06T18:32:30.852847,1589.57929921
2025-12-06T18:33:32.064910,1590.19798310
2025-12-06T18:34:33.322607,1590.09831603
2025-12-06T18:35:34.607643,1588.32228496
2025-12-06T18:36:35.797369,1583.73943476
2025-12-06T18:37:37.045363,1584.43243065
2025-12-06T18:38:38.320134,1586.78395227
2025-12-06T18:39:39.535816,1586.88771944
2025-12-06T18:40:40.831953,1588.33831447
2025-12-06T18:41:42.076124,1589.04415801
2025-12-06T18:42:43.323502,1590.79692099
2025-12-06T18:43:44.549398,1591.64278677
2025-12-06T18:44:45.845390,1590.04226537
2025-12-06T18:45:47.029394,1586.29162171
2025-12-06T18:46:48.209371,1587.53833053
2025-12-06T18:47:49.466164,1588.68390393
2025-12-06T18:48:50.691166,1590.66845464
2025-12-06T18:49:51.919254,1589.90127529
2025-12-06T18:50:53.149244,1589.70247797
2025-12-06T18:51:54.359823,1586.05530693
2025-12-06T18:52:55.616208,1586.22883768
2025-12-06T18:53:56.882000,1586.39592417
2025-12-06T18:54:58.140144,1587.72218590
2025-12-06T18:55:59.413359,1587.92008462
2025-12-06T18:57:00.725674,1586.52058238
2025-12-06T18:58:01.925402,1585.12762551
2025-12-06T18:59:03.178824,1585.72468876
2025-12-06T19:00:04.428964,1586.63326095
2025-12-06T19:01:05.699070,1582.47135435
2025-12-06T19:02:06.949357,1577.81285333
2025-12-06T19:03:08.212123,1576.62677583
2025-12-06T19:04:09.429379,1574.03822804
2025-12-06T19:05:10.696323,1571.82793835
2025-12-06T19:06:11.960425,1572.70405323
2025-12-06T19:07:13.125892,1573.96956797
2025-12-06T19:08:14.348601,1576.56262657
2025-12-06T19:09:15.605781,1577.82629878
2025-12-06T19:10:16.852188,1577.27559871
2025-12-06T19:11:18.126027,1577.64064671
2025-12-06T19:12:19.411988,1577.86369660
2025-12-06T19:13:20.627977,1576.50480241
2025-12-06T19:14:21.909377,1576.41007535
2025-12-06T19:15:23.157386,1572.15902307
2025-12-06T19:16:24.413428,1570.26043008
2025-12-06T19:17:25.653374,1571.25258772
2025-12-06T19:18:26.906111,1571.33269383
2025-12-06T19:19:28.101397,1570.51001166
2025-12-06T19:20:29.349374,1569.19513579
2025-12-06T19:21:30.648000,1569.27497966
2025-12-06T19:22:31.893389,1565.32408406
2025-12-06T19:23:33.159180,1564.62008239
2025-12-06T19:24:34.444843,1565.60965803
2025-12-06T19:25:35.686144,1565.42933503
2025-12-06T19:26:36.966084,1564.55014963
2025-12-06T19:27:38.245376,1564.41922057
2025-12-06T19:28:39.454312,1562.35306789
2025-12-06T19:29:40.717900,1563.39509374
2025-12-06T19:30:41.949379,1559.70385511
2025-12-06T19:31:43.163118,1556.44609379
2025-12-06T19:32:44.412955,1559.06960655
2025-12-06T19:33:45.715984,1558.17385694
2025-12-06T19:34:46.940483,1557.89498565
2025-12-06T19:35:48.171825,1559.50558360
2025-12-06T19:36:49.445372,1558.26467527
2025-12-06T19:37:50.688109,1560.32715401
2025-12-06T19:38:51.868019,1558.80983808
2025-12-06T19:39:53.148985,1558.93175249
2025-12-06T19:40:54.357378,1560.27687915
2025-12-06T19:41:55.596662,1560.59556620
2025-12-06T19:42:56.873557,1558.76415874
2025-12-06T19:43:58.112548,1560.12133532
2025-12-06T19:44:59.349421,1561.67386037
2025-12-06T19:46:00.741381,1565.43557052
2025-12-06T19:47:01.995805,1562.03461510
2025-12-06T19:48:03.213387,1563.77720531
2025-12-06T19:49:04.517365,1566.41436494
2025-12-06T19:50:05.717392,1566.55552801
2025-12-06T19:51:06.945355,1563.93202889
2025-12-06T19:52:08.165342,1561.76758235
2025-12-06T19:53:09.349484,1562.62946068
2025-12-06T19:54:10.625332,1560.09646655
2025-12-06T19:55:11.893374,1557.47204724
2025-12-06T19:56:13.058689,1552.80078353
2025-12-06T19:57:14.321751,1548.33564942
2025-12-06T19:58:15.573381,1546.70502958
2025-12-06T19:59:16.834629,1545.71390419
2025-12-06T20:00:18.049617,1542.45120136
2025-12-06T20:01:19.961321,1545.32734598
2025-12-06T20:02:21.141389,1534.73855906
2025-12-06T20:03:22.431316,1544.10721469
2025-12-06T20:04:23.669380,1546.27536308
2025-12-06T20:05:24.920357,1546.47484622
2025-12-06T20:06:26.197364,1548.39603214
2025-12-06T20:07:27.513553,1549.10548803
2025-12-06T20:08:28.754533,1548.20844005
2025-12-06T20:09:30.062467,1546.58613921
2025-12-06T20:10:31.321598,1544.55476667
2025-12-06T20:11:32.493142,1544.62813029
2025-12-06T20:12:33.717394,1540.83673958
2025-12-06T20:13:34.954292,1540.40551653
2025-12-06T20:14:36.216365,1537.41885628
2025-12-06T20:15:37.468257,1540.41351447
2025-12-06T20:16:38.741384,1540.04709951
2025-12-06T20:17:39.968338,1536.51806941
2025-12-06T20:18:41.228417,1537.48993423
2025-12-06T20:19:42.481710,1545.04015287
2025-12-06T20:20:43.669386,1542.60615058
2025-12-06T20:21:44.917391,1550.74318314
2025-12-06T20:22:46.140171,1556.03910163
2025-12-06T20:23:47.419444,1553.92370768
2025-12-06T20:24:48.665491,1554.93395557
2025-12-06T20:25:49.909405,1556.80469106
2025-12-06T20:26:51.093389,1556.40180189
2025-12-06T20:27:52.341372,1558.10315376
2025-12-06T20:28:53.590384,1560.38598813
2025-12-06T20:29:54.804486,1560.53264218
2025-12-06T20:30:56.085238,1559.82164423
2025-12-06T20:31:57.353973,1561.68677369
2025-12-06T20:32:58.600086,1560.76683501
2025-12-06T20:33:59.879064,1560.38937203
2025-12-06T20:35:01.144567,1563.28905163
2025-12-06T20:36:02.389396,1563.70828914
2025-12-06T20:37:03.653390,1564.20671978
2025-12-06T20:38:04.894099,1565.49157053
2025-12-06T20:39:06.133371,1564.58587299
2025-12-06T20:40:07.398813,1564.23451520
2025-12-06T20:41:08.629380,1565.98060804
2025-12-06T20:42:09.867320,1564.14255862
2025-12-06T20:43:11.061366,1562.36864829
2025-12-06T20:44:12.284147,1563.30201701
2025-12-06T20:45:13.494297,1561.62728096
2025-12-06T20:46:14.769687,1562.37516068
2025-12-06T20:47:16.005379,1560.95102387
2025-12-06T20:48:17.201452,1560.69233946
2025-12-06T20:49:18.459153,1563.22780917
2025-12-06T20:50:19.669385,1561.88743970
2025-12-06T20:51:20.917366,1562.04339793
2025-12-06T20:52:22.181375,1561.10770663
2025-12-06T20:53:23.452112,1561.13103798
2025-12-06T20:54:24.661373,1559.32691383
2025-12-06T20:55:25.933905,1558.61946389
2025-12-06T20:56:27.185383,1558.26767523
2025-12-06T20:57:28.365780,1558.19931673
2025-12-06T20:58:29.630865,1558.13621488
2025-12-06T20:59:30.869393,1556.73942068
2025-12-06T21:00:32.069369,1556.15402867
2025-12-06T21:01:33.983568,1557.53649466
2025-12-06T21:02:35.268715,1556.20355373
2025-12-06T21:03:36.517369,1556.17140440
2025-12-06T21:04:37.781998,1553.13807448
2025-12-06T21:05:39.029373,1551.20534627
2025-12-06T21:06:40.181374,1552.16594426
2025-12-06T21:07:41.404132,1553.86269893
2025-12-06T21:08:42.629386,1553.77380798
2025-12-06T21:09:43.845390,1554.40964129
2025-12-06T21:10:45.077394,1557.26043160
2025-12-06T21:11:46.357379,1559.91772839
2025-12-06T21:12:47.573383,1559.30029025
2025-12-06T21:13:48.847450,1561.50666216
2025-12-06T21:14:50.113482,1560.62048776
2025-12-06T21:15:51.317377,1560.32360680
2025-12-06T21:16:52.533376,1560.19253719
2025-12-06T21:17:53.769746,1559.86374432
2025-12-06T21:18:54.989361,1557.57496780
2025-12-06T21:19:56.252786,1554.83442272
2025-12-06T21:20:57.461376,1555.15874608
2025-12-06T21:21:58.668034,1554.61247314
2025-12-06T21:22:59.861390,1555.91399258
2025-12-06T21:24:01.144176,1556.55278696
2025-12-06T21:25:02.373375,1557.87280065
2025-12-06T21:26:03.676484,1559.11744244
2025-12-06T21:27:04.957007,1558.47108376
2025-12-06T21:28:06.165381,1559.19473212
2025-12-06T21:29:07.404185,1558.12071113
2025-12-06T21:30:08.674000,1558.20144596
2025-12-06T21:31:09.896191,1559.58202945
2025-12-06T21:32:11.093368,1559.42047136
2025-12-06T21:33:12.359703,1559.82616341
2025-12-06T21:34:13.573406,1559.57201868
2025-12-06T21:35:14.859831,1558.41886791
2025-12-06T21:36:16.085374,1559.31763438
2025-12-06T21:37:17.389322,1559.35673510
2025-12-06T21:38:18.632665,1559.00409461
2025-12-06T21:39:19.900453,1559.00425790
2025-12-06T21:40:21.109396,1560.21185011
2025-12-06T21:41:22.350502,1561.99481204
2025-12-06T21:42:23.572367,1561.52451227
2025-12-06T21:43:24.757389,1562.13543799
2025-12-06T21:44:26.004435,1560.80502585
2025-12-06T21:45:27.189376,1558.96205234
2025-12-06T21:46:28.405355,1556.28283334
2025-12-06T21:47:29.589361,1557.34859203
2025-12-06T21:48:30.872927,1556.83175103
2025-12-06T21:49:32.069389,1558.18210631
2025-12-06T21:50:33.322017,1556.51434944
2025-12-06T21:51:34.541394,1557.29645349
2025-12-06T21:52:35.725875,1558.20068353
2025-12-06T21:53:36.965514,1556.31457847
2025-12-06T21:54:38.253246,1556.26625256
2025-12-06T21:55:39.472466,1557.56105557
2025-12-06T21:56:40.758071,1556.54466745
2025-12-06T21:57:42.003405,1556.23926729
2025-12-06T21:58:43.221370,1554.51693556
2025-12-06T21:59:44.429375,1555.43703897
2025-12-06T22:00:45.696362,1554.54786800
2025-12-06T22:01:47.200209,1552.54048979
2025-12-06T22:02:48.490319,1555.13146030
2025-12-06T22:03:49.717365,1554.59396205
2025-12-06T22:04:50.901379,1556.87666809
2025-12-06T22:05:52.191093,1555.54428544
2025-12-06T22:06:53.378535,1553.20975384
2025-12-06T22:07:54.607445,1552.67106943
2025-12-06T22:08:55.827341,1552.61219790
2025-12-06T22:09:57.093683,1552.65649988
2025-12-06T22:10:58.310873,1552.49601309
2025-12-06T22:11:59.525377,1551.75718713
2025-12-06T22:13:00.807629,1551.30863336
2025-12-06T22:14:02.089789,1553.25214886
2025-12-06T22:15:03.349375,1552.17549875
2025-12-06T22:16:04.600321,1552.60441097
2025-12-06T22:17:05.798263,1553.13447511
2025-12-06T22:18:07.058742,1554.73316823
2025-12-06T22:19:08.328122,1556.00734998
2025-12-06T22:20:09.557378,1556.95561494
2025-12-06T22:21:10.799595,1557.23177351
2025-12-06T22:22:12.053405,1557.98295120
2025-12-06T22:23:13.237374,1559.96344236
2025-12-06T22:24:14.524517,1558.73152769
2025-12-06T22:25:15.750311,1557.14866918
2025-12-06T22:26:16.959558,1556.44894678
2025-12-06T22:27:18.229367,1558.99149617
2025-12-06T22:28:19.514863,1559.80694207
2025-12-06T22:29:20.724011,1558.79627296
2025-12-06T22:30:21.909373,1559.65316103
2025-12-06T22:31:23.147532,1560.94505172
2025-12-06T22:32:24.405372,1562.47216942
2025-12-06T22:33:25.653388,1561.49975710
2025-12-06T22:34:26.901414,1564.31688152
2025-12-06T22:35:28.116991,1564.68355247
2025-12-06T22:36:29.379381,1565.79625176
2025-12-06T22:37:30.613387,1569.01078469
2025-12-06T22:38:31.829377,1568.51867750
2025-12-06T22:39:33.058962,1570.41065323
2025-12-06T22:40:34.325365,1570.26591327
2025-12-06T22:41:35.585776,1570.03162073
2025-12-06T22:42:36.845402,1572.35554433
2025-12-06T22:43:38.122683,1569.89125132
2025-12-06T22:44:39.317366,1570.04367695
2025-12-06T22:45:40.600579,1567.41880507
2025-12-06T22:46:41.877415,1566.05540875
2025-12-06T22:47:43.113289,1565.48130109
2025-12-06T22:48:44.309371,1565.45910675
2025-12-06T22:49:45.586143,1565.91099083
2025-12-06T22:50:46.805380,1567.79318718
2025-12-06T22:51:48.068507,1569.52555115
2025-12-06T22:52:49.347818,1568.51193891
2025-12-06T22:53:50.549382,1568.06821929
2025-12-06T22:54:51.797379,1568.00033112
2025-12-06T22:55:53.059080,1566.36232071
2025-12-06T22:56:54.229371,1565.63924084
2025-12-06T22:57:55.519597,1567.68857172
2025-12-06T22:58:56.725410,1566.19212749
2025-12-06T22:59:57.966993,1566.98547016
2025-12-06T23:00:59.154682,1565.51096998
2025-12-06T23:02:00.405392,1567.17855377
2025-12-06T23:03:01.665301,1566.35641319
2025-12-06T23:04:02.985192,1565.66838658
2025-12-06T23:05:04.245992,1565.11093212
2025-12-06T23:06:05.525386,1567.22025008
2025-12-06T23:07:06.834511,1566.73071039
2025-12-06T23:08:08.085374,1566.45474447
2025-12-06T23:09:09.305639,1567.83465337
2025-12-06T23:10:10.555217,1570.81188562
2025-12-06T23:11:11.765356,1575.03983579
2025-12-06T23:12:13.013379,1573.50446514
2025-12-06T23:13:14.261372,1574.28025608
2025-12-06T23:14:15.509390,1573.82672344
2025-12-06T23:15:16.693395,1572.61035411
2025-12-06T23:16:17.962931,1573.74297879
2025-12-06T23:17:19.189354,1574.36975813
2025-12-06T23:18:20.437403,1574.78087714
2025-12-06T23:19:21.674117,1573.21209520
2025-12-06T23:20:22.930034,1575.40253826
2025-12-06T23:21:24.172704,1574.30199187
2025-12-06T23:22:25.429362,1575.84310640
2025-12-06T23:23:26.622600,1573.47610000
2025-12-06T23:24:27.797369,1573.46021401
2025-12-06T23:25:29.058745,1573.07992964
2025-12-06T23:26:30.308040,1576.58174395
2025-12-06T23:27:31.538166,1574.95719713
2025-12-06T23:28:32.789549,1574.54697378
2025-12-06T23:29:34.048955,1574.01792818
2025-12-06T23:30:35.229379,1571.04554411
2025-12-06T23:31:36.453388,1573.04118030
2025-12-06T23:32:37.679067,1575.91461381
2025-12-06T23:33:38.901365,1575.97668388
2025-12-06T23:34:40.116190,1575.38281797
2025-12-06T23:35:41.397414,1576.98192200
2025-12-06T23:36:42.640317,1579.02968458
2025-12-06T23:37:43.893381,1576.52296272
2025-12-06T23:38:45.147720,1575.48181951
2025-12-06T23:39:46.346406,1572.82528018
2025-12-06T23:40:47.573395,1572.17623252
2025-12-06T23:41:48.805386,1572.21587143
2025-12-06T23:42:50.021385,1569.28337748
2025-12-06T23:43:51.249231,1568.93033298
2025-12-06T23:44:52.469391,1567.34475209
2025-12-06T23:45:53.684456,1564.06788926
2025-12-06T23:46:54.928389,1567.21113908
2025-12-06T23:47:56.164536,1565.57950291
2025-12-06T23:48:57.359139,1568.42679443
2025-12-06T23:49:58.549381,1563.74600793
2025-12-06T23:50:59.797380,1554.61273626
2025-12-06T23:52:01.002502,1554.54421986
2025-12-06T23:53:02.292637,1555.42621510
2025-12-06T23:54:03.595586,1556.60910254
2025-12-06T23:55:04.821388,1557.96023701
2025-12-06T23:56:06.037378,1556.05752356
2025-12-06T23:57:07.296114,1555.46563322
2025-12-06T23:58:08.550224,1555.49988603
2025-12-06T23:59:09.797384,1556.62228741
2025-12-07T00:00:10.997340,1556.63897617
2025-12-07T00:01:12.394180,1559.98179286
2025-12-07T00:02:13.704598,1560.28099254
2025-12-07T00:03:15.027939,1564.64027288
2025-12-07T00:04:16.292166,1563.94446107
2025-12-07T00:05:17.525457,1557.44738120
2025-12-07T00:06:18.783737,1557.79474875
2025-12-07T00:07:19.997378,1558.63714587
2025-12-07T00:08:21.181047,1561.25808653
2025-12-07T00:09:22.430649,1559.50268770
2025-12-07T00:10:23.659596,1562.51215554
2025-12-07T00:11:24.920288,1560.65922984
2025-12-07T00:12:26.199973,1555.64875536
2025-12-07T00:13:27.429374,1555.41627523
2025-12-07T00:14:28.693378,1555.07095282
2025-12-07T00:15:29.941395,1555.79654233
2025-12-07T00:16:31.122460,1558.37442204
2025-12-07T00:17:32.349376,1556.15396517
2025-12-07T00:18:33.605383,1554.71496951
2025-12-07T00:19:34.850649,1554.31201014
2025-12-07T00:20:36.110979,1553.50891127
2025-12-07T00:21:37.365369,1549.37357908
2025-12-07T00:22:38.584534,1551.70583050
2025-12-07T00:23:39.846920,1553.34340936
2025-12-07T00:24:41.059019,1556.77608656
2025-12-07T00:25:42.293507,1555.11380068
2025-12-07T00:26:43.583260,1557.30498416
2025-12-07T00:27:44.809365,1555.44194822
2025-12-07T00:28:46.052023,1555.75225142
2025-12-07T00:29:47.317374,1556.44755831
2025-12-07T00:30:48.596444,1556.12721384
2025-12-07T00:31:49.829429,1556.68226335
2025-12-07T00:32:51.093384,1558.96727224
2025-12-07T00:33:52.325377,1559.96908107
2025-12-07T00:34:53.556994,1561.18250139
2025-12-07T00:35:54.797390,1560.21958319
2025-12-07T00:36:56.077438,1557.57855804
2025-12-07T00:37:57.318882,1559.03635243
2025-12-07T00:38:58.596722,1561.21104983
2025-12-07T00:39:59.877369,1559.69748340
2025-12-07T00:41:01.079761,1561.71008421
2025-12-07T00:42:02.389471,1560.13671677
2025-12-07T00:43:03.637512,1559.75645032
2025-12-07T00:44:04.885417,1563.33443617
2025-12-07T00:45:06.140157,1561.07988721
2025-12-07T00:46:07.358756,1562.28112867
2025-12-07T00:47:08.557385,1562.25878196
2025-12-07T00:48:09.838030,1563.87282750
2025-12-07T00:49:11.061374,1564.10647258
2025-12-07T00:50:12.279011,1564.12318127
2025-12-07T00:51:13.551577,1562.73278204
2025-12-07T00:52:14.805375,1562.63875789
2025-12-07T00:53:16.053371,1564.48682387
2025-12-07T00:54:17.303252,1565.73194623
2025-12-07T00:55:18.533375,1563.88687595
2025-12-07T00:56:19.811663,1565.54037904
2025-12-07T00:57:21.058710,1565.53189638
2025-12-07T00:58:22.277392,1563.62533488
2025-12-07T00:59:23.477375,1562.18028211
2025-12-07T01:00:24.702480,1562.91909400
2025-12-07T01:01:26.634150,1566.38761315
2025-12-07T01:02:27.861417,1567.47830564
2025-12-07T01:03:29.059289,1563.13093841
2025-12-07T01:04:30.356172,1565.31022512
2025-12-07T01:05:31.589371,1565.93653411
2025-12-07T01:06:32.819390,1565.03217032
2025-12-07T01:07:34.073872,1565.14170595
2025-12-07T01:08:35.269680,1564.49119957
2025-12-07T01:09:36.526826,1567.85211129
2025-12-07T01:10:37.766363,1567.71530878
2025-12-07T01:11:39.029389,1566.12995245
2025-12-07T01:12:40.277382,1565.11807864
2025-12-07T01:13:41.573092,1564.75569182
2025-12-07T01:14:42.772907,1570.38926891
2025-12-07T01:15:44.016308,1568.10779107
2025-12-07T01:16:45.301399,1566.09397359
2025-12-07T01:17:46.523048,1563.58090993
2025-12-07T01:18:47.746576,1563.73021963
2025-12-07T01:19:48.965390,1565.18406469
2025-12-07T01:20:50.189376,1567.62368509
2025-12-07T01:21:51.468099,1566.75676403
2025-12-07T01:22:52.757374,1569.26146490
2025-12-07T01:23:53.989373,1564.66748969
2025-12-07T01:24:55.253388,1564.54180727
2025-12-07T01:25:56.501407,1566.81995917
2025-12-07T01:26:57.684600,1567.64381924
2025-12-07T01:27:58.930315,1567.40602079
2025-12-07T01:29:00.165393,1566.80469016
2025-12-07T01:30:01.385298,1566.64287757
2025-12-07T01:31:02.677397,1566.37473820
2025-12-07T01:32:03.943993,1565.87384610
2025-12-07T01:33:05.189381,1569.77803201
2025-12-07T01:34:06.421435,1570.23730643
2025-12-07T01:35:07.681521,1573.21086470
2025-12-07T01:36:08.854435,1574.80584436
2025-12-07T01:37:10.146337,1576.69266882
2025-12-07T01:38:11.365371,1577.05838797
2025-12-07T01:39:12.613095,1576.78779218
2025-12-07T01:40:13.845403,1578.92864017
2025-12-07T01:41:15.111168,1578.34693312
2025-12-07T01:42:16.277365,1581.09903264
2025-12-07T01:43:17.541400,1582.45435984
2025-12-07T01:44:18.758695,1583.77780901
2025-12-07T01:45:19.988775,1581.83103196
2025-12-07T01:46:21.205365,1584.14619735
2025-12-07T01:47:22.453376,1583.47265021
2025-12-07T01:48:23.663347,1582.48353386
2025-12-07T01:49:24.869401,1584.10451820
2025-12-07T01:50:26.138027,1586.69321471
2025-12-07T01:51:27.381374,1585.92469555
2025-12-07T01:52:28.639157,1584.60235735
2025-12-07T01:53:29.877381,1583.48849557
2025-12-07T01:54:31.131697,1582.10360011
2025-12-07T01:55:32.379516,1581.23702477
2025-12-07T01:56:33.606570,1582.62840891
2025-12-07T01:57:34.824418,1586.13789957
2025-12-07T01:58:36.069359,1580.98741601
2025-12-07T01:59:37.349967,1585.39732162
2025-12-07T02:00:38.563352,1585.73423126
2025-12-07T02:01:40.472233,1587.99894600
2025-12-07T02:02:41.717367,1589.90908871
2025-12-07T02:03:42.946026,1590.10972258
2025-12-07T02:04:44.181374,1592.79805691
2025-12-07T02:05:45.381370,1589.41832566
2025-12-07T02:06:46.613376,1588.94935663
2025-12-07T02:07:47.861379,1590.49797430
2025-12-07T02:08:49.184104,1589.64051370
2025-12-07T02:09:50.405333,1589.14042547
2025-12-07T02:10:51.666641,1589.07342112
2025-12-07T02:11:52.931638,1588.54308291
2025-12-07T02:12:54.159991,1586.48574309
2025-12-07T02:13:55.413355,1587.56557508
2025-12-07T02:14:56.679378,1587.41071018
2025-12-07T02:15:57.940924,1585.50279580
2025-12-07T02:16:59.152827,1583.88146715
2025-12-07T02:18:00.357219,1585.15120376
2025-12-07T02:19:01.534668,1585.16968043
2025-12-07T02:20:02.853010,1582.57915111
2025-12-07T02:21:04.117379,1581.71751340
2025-12-07T02:22:05.360848,1580.98911919
2025-12-07T02:23:06.550395,1579.03283549
2025-12-07T02:24:07.879963,1580.96421232
2025-12-07T02:25:09.131194,1578.68000472
2025-12-07T02:26:10.333551,1580.08762766
2025-12-07T02:27:11.587192,1577.84298420
2025-12-07T02:28:12.805373,1579.18307633
2025-12-07T02:29:14.023883,1580.91154563
2025-12-07T02:30:15.273444,1580.54924682
2025-12-07T02:31:16.474247,1581.21691060
2025-12-07T02:32:17.735929,1579.32237913
2025-12-07T02:33:18.949457,1578.65444948
2025-12-07T02:34:20.136366,1579.09423701
2025-12-07T02:35:21.365372,1578.30755156
2025-12-07T02:36:22.645383,1580.44603127
2025-12-07T02:37:23.861387,1578.31984027
2025-12-07T02:38:25.102779,1577.56016802
2025-12-07T02:39:26.362828,1577.57833904
2025-12-07T02:40:27.572070,1578.22148896
2025-12-07T02:41:28.821368,1576.45150876
2025-12-07T02:42:30.064908,1566.81577193
2025-12-07T02:43:31.320360,1567.89688340
2025-12-07T02:44:32.525638,1567.31785906
2025-12-07T02:45:33.765382,1567.71925989
2025-12-07T02:46:34.983162,1571.78634340
2025-12-07T02:47:36.237377,1571.82962368
2025-12-07T02:48:37.479284,1571.51921268
2025-12-07T02:49:38.661375,1571.44979812
2025-12-07T02:50:39.957374,1570.90072154
2025-12-07T02:51:41.173393,1572.17863503
2025-12-07T02:52:42.389376,1573.20761422
2025-12-07T02:53:43.613116,1572.46252818
2025-12-07T02:54:44.821376,1573.49246782
2025-12-07T02:55:46.081430,1571.37900284
2025-12-07T02:56:47.349379,1568.84234740
2025-12-07T02:57:48.598290,1568.50297366
2025-12-07T02:58:49.750696,1567.17301656
2025-12-07T02:59:50.997371,1567.87605848
2025-12-07T03:00:52.230305,1563.06964366
2025-12-07T03:01:53.491128,1553.89575015
2025-12-07T03:02:54.710349,1548.25620532
2025-12-07T03:03:55.979403,1551.30935156
2025-12-07T03:04:57.197097,1549.98846215
2025-12-07T03:05:58.433998,1549.05682751
2025-12-07T03:06:59.692988,1548.13385941
2025-12-07T03:08:00.881346,1546.96222370
2025-12-07T03:09:02.138207,1547.62353457
2025-12-07T03:10:03.365406,1548.62718040
2025-12-07T03:11:04.562966,1550.60163227
2025-12-07T03:12:05.770371,1548.95137024
2025-12-07T03:13:07.029392,1549.37591727
2025-12-07T03:14:08.286218,1552.56928555
2025-12-07T03:15:09.525374,1551.31988833
2025-12-07T03:16:10.834330,1552.65550136
2025-12-07T03:17:12.052509,1551.68260807
2025-12-07T03:18:13.317400,1550.99436269
2025-12-07T03:19:14.583916,1550.75423380
2025-12-07T03:20:15.835720,1548.92039319
2025-12-07T03:21:17.106687,1551.18657829
2025-12-07T03:22:18.379520,1549.30177904
2025-12-07T03:23:19.588557,1550.48966621
2025-12-07T03:24:20.871500,1550.11574264
2025-12-07T03:25:22.138225,1549.08759482
2025-12-07T03:26:23.318679,1546.91456787
2025-12-07T03:27:24.621394,1550.50881731
2025-12-07T03:28:25.865645,1549.30242189
2025-12-07T03:29:27.061377,1550.33011836
2025-12-07T03:30:28.277377,1551.07365626
2025-12-07T03:31:29.519510,1552.83164930
2025-12-07T03:32:30.775160,1551.33716072
2025-12-07T03:33:31.977353,1553.40522398
2025-12-07T03:34:33.246670,1554.94396646
2025-12-07T03:35:34.469705,1555.01245903
2025-12-07T03:36:35.703053,1556.62974378
2025-12-07T03:37:36.930814,1559.44592163
2025-12-07T03:38:38.140173,1559.29885320
2025-12-07T03:39:39.406803,1560.38966200
2025-12-07T03:40:40.629401,1558.30106945
2025-12-07T03:41:41.844950,1562.69173278
2025-12-07T03:42:43.093375,1559.97153850
2025-12-07T03:43:44.293374,1560.27532575
2025-12-07T03:44:45.546889,1560.21448168
2025-12-07T03:45:46.782767,1561.59151947
2025-12-07T03:46:48.021360,1559.85429994
2025-12-07T03:47:49.182802,1561.73365201
2025-12-07T03:48:50.397386,1562.38811684
2025-12-07T03:49:51.637816,1562.39188095
2025-12-07T03:50:52.869376,1561.87280294
2025-12-07T03:51:54.133389,1563.50599148
2025-12-07T03:52:55.341365,1562.42253171
2025-12-07T03:53:56.565385,1560.10311883
2025-12-07T03:54:57.787735,1558.28797747
2025-12-07T03:55:59.042885,1557.15525667
2025-12-07T03:57:00.260175,1557.52902070
2025-12-07T03:58:01.564415,1557.84081355
2025-12-07T03:59:02.821375,1557.32639278
2025-12-07T04:00:04.022306,1557.11694370
2025-12-07T04:01:05.294316,1552.93697457
2025-12-07T04:02:06.532024,1551.27003425
2025-12-07T04:03:07.701370,1553.24382012
2025-12-07T04:04:08.979368,1556.52711415
2025-12-07T04:05:10.165358,1556.94199509
2025-12-07T04:06:11.401641,1555.95839882
2025-12-07T04:07:12.645374,1556.33121880
2025-12-07T04:08:13.909376,1556.95982869
2025-12-07T04:09:15.093376,1555.80093206
2025-12-07T04:10:16.325392,1555.91624930
2025-12-07T04:11:17.589360,1556.48950656
2025-12-07T04:12:18.804856,1557.30726179
2025-12-07T04:13:20.062857,1558.01811352
2025-12-07T04:14:21.325115,1556.64417124
2025-12-07T04:15:22.541433,1554.39708621
2025-12-07T04:16:23.829461,1554.91311735
2025-12-07T04:17:25.077373,1553.95552858
2025-12-07T04:18:26.271902,1554.39957066
2025-12-07T04:19:27.477383,1555.09313539
2025-12-07T04:20:28.739828,1553.81772256
2025-12-07T04:21:29.909383,1555.00615957
2025-12-07T04:22:31.189378,1556.19590366
2025-12-07T04:23:32.421405,1557.63502330
2025-12-07T04:24:33.643926,1557.54329237
2025-12-07T04:25:34.869383,1557.29547839
2025-12-07T04:26:36.118978,1557.76658528
2025-12-07T04:27:37.312547,1556.23670491
2025-12-07T04:28:38.549442,1556.11103832
2025-12-07T04:29:39.761098,1555.49947834
2025-12-07T04:30:41.029386,1553.43452430
2025-12-07T04:31:42.282616,1551.66663145
2025-12-07T04:32:43.541379,1552.25887710
2025-12-07T04:33:44.782902,1551.18268941
2025-12-07T04:34:46.046887,1551.24448966
2025-12-07T04:35:47.280562,1549.92448933
2025-12-07T04:36:48.532421,1550.44404805
2025-12-07T04:37:49.781383,1550.17895354
2025-12-07T04:38:51.007819,1550.03991321
2025-12-07T04:39:52.229371,1549.43253382
2025-12-07T04:40:53.489427,1550.27456121
2025-12-07T04:41:54.741337,1548.88284809
2025-12-07T04:42:55.957526,1551.01176015
2025-12-07T04:43:57.141342,1550.60911365
2025-12-07T04:44:58.376876,1548.31999312
2025-12-07T04:45:59.613389,1548.59518284
2025-12-07T04:47:00.908318,1547.57952144
2025-12-07T04:48:02.140172,1547.50444019
2025-12-07T04:49:03.342782,1547.93043197
2025-12-07T04:50:04.557382,1547.60196721
2025-12-07T04:51:05.811692,1547.98761096
2025-12-07T04:52:07.059924,1547.86403088
2025-12-07T04:53:08.341820,1544.42475366
2025-12-07T04:54:09.606445,1542.26738147
2025-12-07T04:55:10.815028,1544.13927592
2025-12-07T04:56:12.036930,1543.90760464
2025-12-07T04:57:13.237610,1544.21109574
2025-12-07T04:58:14.421377,1545.17489280
2025-12-07T04:59:15.605364,1546.93478025
2025-12-07T05:00:16.983359,1546.22168247
2025-12-07T05:01:18.813379,1547.44992814
2025-12-07T05:02:20.041322,1547.01327412
2025-12-07T05:03:21.259746,1549.23079421
2025-12-07T05:04:22.500998,1552.19917592
2025-12-07T05:05:23.733352,1554.85830592
2025-12-07T05:06:24.982371,1553.76305713
2025-12-07T05:07:26.212667,1558.23257525
2025-12-07T05:08:27.435353,1557.31085941
2025-12-07T05:09:28.698246,1556.05234911
2025-12-07T05:10:29.909407,1553.87733506
2025-12-07T05:11:31.174249,1556.77696341
2025-12-07T05:12:32.405375,1559.31117330
2025-12-07T05:13:33.973373,1558.28567595
2025-12-07T05:14:35.187739,1557.68760779
2025-12-07T05:15:36.479723,1559.64668702
2025-12-07T05:16:37.653381,1560.62547499
2025-12-07T05:17:38.901407,1558.15807123
2025-12-07T05:18:40.149380,1556.03425684
2025-12-07T05:19:41.317358,1557.62628043
2025-12-07T05:20:42.511964,1554.08894831
2025-12-07T05:21:43.732826,1553.22530687
2025-12-07T05:22:44.981489,1550.00418080
2025-12-07T05:23:46.197374,1550.10642770
2025-12-07T05:24:47.455217,1549.23596794
2025-12-07T05:25:48.690200,1549.53171722
2025-12-07T05:26:49.925371,1548.45033418
2025-12-07T05:27:51.233793,1547.67974327
2025-12-07T05:28:52.396352,1546.27399461
2025-12-07T05:29:53.653586,1544.88514227
2025-12-07T05:30:54.900299,1544.59049303
2025-12-07T05:31:56.112741,1543.16313113
2025-12-07T05:32:57.378536,1544.73101568
2025-12-07T05:33:58.654325,1545.15351924
2025-12-07T05:34:59.869137,1543.06590480
2025-12-07T05:36:01.134682,1544.66517931
2025-12-07T05:37:02.358691,1544.39923626
2025-12-07T05:38:03.609806,1542.00253016
2025-12-07T05:39:04.893374,1542.57293066
2025-12-07T05:40:06.140552,1542.14990312
2025-12-07T05:41:07.365382,1543.93172409
2025-12-07T05:42:08.644986,1544.99021621
2025-12-07T05:43:09.893387,1543.68025411
2025-12-07T05:44:11.093379,1543.74133385
2025-12-07T05:45:12.309367,1538.62897871
2025-12-07T05:46:13.633463,1538.72674880
2025-12-07T05:47:14.837370,1538.03773823
2025-12-07T05:48:16.069399,1537.19799875
2025-12-07T05:49:17.420986,1538.92021908
2025-12-07T05:50:18.601692,1539.16976062
2025-12-07T05:51:19.869731,1538.37396480
2025-12-07T05:52:21.141373,1538.67474409
2025-12-07T05:53:22.317472,1541.26218771
2025-12-07T05:54:23.547694,1541.63311550
2025-12-07T05:55:24.825165,1543.20304017
2025-12-07T05:56:26.072338,1542.21212220
2025-12-07T05:57:27.339857,1542.90964904
2025-12-07T05:58:28.629039,1540.96075614
2025-12-07T05:59:29.868717,1540.43930805
2025-12-07T06:00:31.061392,1538.50237951
2025-12-07T06:01:32.293362,1538.32378876
2025-12-07T06:02:33.445378,1537.48336812
2025-12-07T06:03:35.144265,1538.12634379
2025-12-07T06:04:36.400856,1539.25230632
2025-12-07T06:05:37.614180,1539.66701465
2025-12-07T06:06:38.869376,1538.94655075
2025-12-07T06:07:40.159524,1539.07341083
2025-12-07T06:08:41.383948,1539.39143129
2025-12-07T06:09:42.618171,1538.71594018
2025-12-07T06:10:43.861404,1538.36545250
2025-12-07T06:11:45.058803,1539.68063313
2025-12-07T06:12:46.293392,1537.00070626
2025-12-07T06:13:47.571556,1534.89010684
2025-12-07T06:14:48.749915,1534.90238726
2025-12-07T06:15:49.973374,1538.06791787
2025-12-07T06:16:51.237377,1536.93090153
2025-12-07T06:17:52.469377,1536.08587074
2025-12-07T06:18:53.730971,1534.47478379
2025-12-07T06:19:55.003472,1532.10721106
2025-12-07T06:20:56.226029,1534.42303369
2025-12-07T06:21:57.413358,1534.03700260
2025-12-07T06:22:58.709394,1534.33712423
2025-12-07T06:23:59.903092,1534.05383810
2025-12-07T06:25:01.167354,1533.50055497
2025-12-07T06:26:02.389368,1532.96616194
2025-12-07T06:27:03.602309,1533.10458856
2025-12-07T06:28:04.834288,1535.13113527
2025-12-07T06:29:06.101374,1533.88907377
2025-12-07T06:30:07.275219,1535.27064334
2025-12-07T06:31:08.506230,1538.13104511
2025-12-07T06:32:09.687730,1534.40159159
2025-12-07T06:33:10.869378,1534.12456454
2025-12-07T06:34:12.123343,1533.86956128
2025-12-07T06:35:13.377313,1533.05993958
2025-12-07T06:36:14.613378,1535.50128439
2025-12-07T06:37:15.875381,1531.26095641
2025-12-07T06:38:17.093111,1532.60922201
2025-12-07T06:39:18.316844,1531.40588216
2025-12-07T06:40:19.557364,1533.23632500
2025-12-07T06:41:20.821371,1534.16867699
2025-12-07T06:42:22.029383,1535.95551779
2025-12-07T06:43:23.291833,1535.78414991
2025-12-07T06:44:24.533908,1535.26428382
2025-12-07T06:45:25.771398,1535.19972261
2025-12-07T06:46:27.029388,1534.82109965
2025-12-07T06:47:28.288479,1536.62666007
2025-12-07T06:48:29.550341,1536.04122405
2025-12-07T06:49:30.773362,1537.36059284
2025-12-07T06:50:32.033755,1539.03863769
2025-12-07T06:51:33.305339,1537.47946048
2025-12-07T06:52:34.560189,1537.33740156
2025-12-07T06:53:35.805874,1538.51376904
2025-12-07T06:54:37.038706,1538.22278184
2025-12-07T06:55:38.238168,1538.55143046
2025-12-07T06:56:39.493406,1539.01122882
2025-12-07T06:57:40.673353,1537.85641285
2025-12-07T06:58:41.877373,1537.49654700
2025-12-07T06:59:43.061372,1538.29279529
2025-12-07T07:00:44.268764,1537.64485276
2025-12-07T07:01:46.046337,1535.13757552
2025-12-07T07:02:47.237380,1535.75443346
2025-12-07T07:03:48.488802,1536.23494528
2025-12-07T07:04:49.729333,1536.64254951
2025-12-07T07:05:50.947673,1537.54280358
2025-12-07T07:06:52.171038,1538.37584719
2025-12-07T07:07:53.365401,1537.00609919
2025-12-07T07:08:54.642172,1534.83820930
2025-12-07T07:09:55.861422,1536.20529897
2025-12-07T07:10:57.077369,1536.27196626
2025-12-07T07:11:58.301373,1535.45603711
2025-12-07T07:12:59.546782,1538.26263276
2025-12-07T07:14:00.749752,1535.96962960
2025-12-07T07:15:02.012627,1533.97130177
2025-12-07T07:16:03.256863,1531.98054023
2025-12-07T07:17:04.503693,1532.40008094
2025-12-07T07:18:05.717382,1531.92463965
2025-12-07T07:19:06.883345,1534.28964560
2025-12-07T07:20:08.133491,1534.93497534
2025-12-07T07:21:09.395122,1534.92370090
2025-12-07T07:22:10.584503,1534.05626499
2025-12-07T07:23:11.829534,1531.94826732
2025-12-07T07:24:13.058673,1533.62678383
2025-12-07T07:25:14.252586,1532.37707225
2025-12-07T07:26:15.535460,1533.34903021
2025-12-07T07:27:16.758334,1531.89801515
2025-12-07T07:28:17.987459,1531.81597024
2025-12-07T07:29:19.247119,1532.05155208
2025-12-07T07:30:20.502059,1531.00380558
2025-12-07T07:31:21.749373,1530.56938398
2025-12-07T07:32:23.004141,1528.21898800
2025-12-07T07:33:24.291402,1530.32300296
2025-12-07T07:34:25.519209,1529.48608880
2025-12-07T07:35:26.745502,1528.81502698
2025-12-07T07:36:27.957401,1530.28038590
2025-12-07T07:37:29.189703,1530.31717748
2025-12-07T07:38:30.421374,1531.77679285
2025-12-07T07:39:31.691396,1531.71457663
2025-12-07T07:40:32.924596,1531.62340237
2025-12-07T07:41:34.138177,1532.50089141
2025-12-07T07:42:35.381943,1530.33486146
2025-12-07T07:43:36.597388,1529.15760488
2025-12-07T07:44:37.797366,1527.95562544
2025-12-07T07:45:39.042448,1527.92844914
2025-12-07T07:46:40.294549,1527.45337409
2025-12-07T07:47:41.553335,1526.60628752
2025-12-07T07:48:42.740776,1524.65705080
2025-12-07T07:49:43.974341,1523.92921212
2025-12-07T07:50:45.227233,1523.26533145
2025-12-07T07:51:46.432453,1520.98654629
2025-12-07T07:52:47.648226,1518.53872225
2025-12-07T07:53:48.959164,1519.39790053
2025-12-07T07:54:50.229529,1519.41082690
2025-12-07T07:55:51.449185,1517.76274728
2025-12-07T07:56:52.661373,1516.46373774
2025-12-07T07:57:53.877378,1517.26236183
2025-12-07T07:58:55.061381,1517.04521126
2025-12-07T07:59:56.325395,1515.48234500
2025-12-07T08:00:57.566012,1518.37729171
2025-12-07T08:01:58.797335,1518.22221835
2025-12-07T08:03:00.040698,1521.84699189
2025-12-07T08:04:01.281593,1523.58536189
2025-12-07T08:05:02.501375,1523.43497760
2025-12-07T08:06:03.719176,1523.57156601
2025-12-07T08:07:05.013371,1521.45158028
2025-12-07T08:08:06.215312,1523.08958289
2025-12-07T08:09:07.477703,1522.87186263
2025-12-07T08:10:08.775197,1522.52686489
2025-12-07T08:11:10.010476,1520.49834870
2025-12-07T08:12:11.221356,1519.92276816
2025-12-07T08:13:12.510764,1517.41345628
2025-12-07T08:14:13.701382,1516.60556463
2025-12-07T08:15:14.964353,1511.64196620
2025-12-07T08:16:16.213368,1512.28255754
2025-12-07T08:17:17.397420,1511.52638123
2025-12-07T08:18:18.652419,1507.29069776
2025-12-07T08:19:19.916887,1506.06998120
2025-12-07T08:20:21.149338,1504.58140124
2025-12-07T08:21:22.386660,1500.59385377
2025-12-07T08:22:23.617467,1501.20084714
2025-12-07T08:23:24.844434,1502.33982471
2025-12-07T08:24:26.120842,1502.37504466
2025-12-07T08:25:27.381375,1501.95370782
2025-12-07T08:26:28.565403,1499.77427275
2025-12-07T08:27:29.830992,1500.90733272
2025-12-07T08:28:31.061381,1500.47984760
2025-12-07T08:29:32.229354,1498.99337197
2025-12-07T08:30:33.447562,1499.14072336
2025-12-07T08:31:34.676358,1500.56471821
2025-12-07T08:32:35.861397,1501.20629537
2025-12-07T08:33:37.059482,1501.94166338
2025-12-07T08:34:38.293379,1503.12658286
2025-12-07T08:35:39.516514,1501.65882575
2025-12-07T08:36:40.781263,1500.82380476
2025-12-07T08:37:41.973377,1501.49461766
2025-12-07T08:38:43.207354,1502.43239581
2025-12-07T08:39:44.427958,1505.10976842
2025-12-07T08:40:45.690102,1504.35978834
2025-12-07T08:41:46.893362,1501.30001846
2025-12-07T08:42:48.149414,1502.10900873
2025-12-07T08:43:49.397377,1501.76573893
2025-12-07T08:44:50.549373,1500.47782320
2025-12-07T08:45:51.847184,1500.24960643
2025-12-07T08:46:53.070339,1500.51008873
2025-12-07T08:47:54.213366,1498.49335612
2025-12-07T08:48:55.452807,1500.39041490
2025-12-07T08:49:56.697677,1500.44533012
2025-12-07T08:50:57.877375,1502.33559033
2025-12-07T08:51:59.087359,1501.03769084
2025-12-07T08:53:00.362927,1502.18025613
2025-12-07T08:54:01.573854,1500.78802075
2025-12-07T08:55:02.869393,1503.02184463
2025-12-07T08:56:04.125657,1502.76201919
2025-12-07T08:57:05.301731,1503.28974949
2025-12-07T08:58:06.507347,1502.78732606
2025-12-07T08:59:07.784553,1501.06638497
2025-12-07T09:00:08.989679,1499.72443986
2025-12-07T09:01:10.229373,1499.69843934
2025-12-07T09:02:11.381379,1502.42364806
2025-12-07T09:03:12.533372,1503.68243459
2025-12-07T09:04:13.758214,1503.50085707
2025-12-07T09:05:15.017490,1505.71483786
2025-12-07T09:06:16.369172,1506.46164398
2025-12-07T09:07:17.607787,1505.55220848
2025-12-07T09:08:18.850142,1506.40662295
2025-12-07T09:09:20.069351,1509.16978614
2025-12-07T09:10:21.333367,1509.18229837
2025-12-07T09:11:22.581393,1511.30029384
2025-12-07T09:12:23.733377,1510.68889125
2025-12-07T09:13:24.929451,1511.88328131
2025-12-07T09:14:26.144232,1512.40053599
2025-12-07T09:15:27.370814,1510.25633143
2025-12-07T09:16:28.617194,1509.30882931
2025-12-07T09:17:29.877372,1509.82198621
2025-12-07T09:18:31.061406,1508.67124856
2025-12-07T09:19:32.310327,1508.34836959
2025-12-07T09:20:33.553863,1509.16970617
2025-12-07T09:21:34.725383,1507.91889212
2025-12-07T09:22:35.922359,1507.44438922
2025-12-07T09:23:37.167308,1508.72264475
2025-12-07T09:24:38.451315,1509.01078949
2025-12-07T09:25:39.677378,1509.04108067
2025-12-07T09:26:40.901381,1509.63445861
2025-12-07T09:27:42.140167,1509.12299921
2025-12-07T09:28:43.349028,1509.41093922
2025-12-07T09:29:44.605560,1509.30747918
2025-12-07T09:30:45.781397,1511.92509928
2025-12-07T09:31:47.042025,1515.04086234
2025-12-07T09:32:48.229363,1516.15953894
2025-12-07T09:33:49.387829,1512.99186919
2025-12-07T09:34:50.579494,1512.41288835
2025-12-07T09:35:51.822884,1512.02241559
2025-12-07T09:36:53.045392,1511.48495305
2025-12-07T09:37:54.261368,1511.24269781
2025-12-07T09:38:55.516081,1509.84458980
2025-12-07T09:39:56.745408,1507.64780704
2025-12-07T09:40:58.005378,1507.39886081
2025-12-07T09:41:59.221360,1507.95283061
2025-12-07T09:43:00.437368,1504.96096417
2025-12-07T09:44:01.685715,1503.95898569
2025-12-07T09:45:02.885378,1503.43781500
2025-12-07T09:46:04.117383,1503.84128090
2025-12-07T09:47:05.298724,1503.98499293
2025-12-07T09:48:06.549385,1506.59333766
2025-12-07T09:49:07.737698,1509.13982674
2025-12-07T09:50:08.959798,1507.68241335
2025-12-07T09:51:10.213369,1508.16484960
2025-12-07T09:52:11.421359,1508.57040072
2025-12-07T09:53:12.708068,1509.29630756
2025-12-07T09:54:13.906514,1510.18144825
2025-12-07T09:55:15.093364,1510.51520450
2025-12-07T09:56:16.341375,1507.28636171
2025-12-07T09:57:17.632039,1506.23592568
2025-12-07T09:58:18.868595,1506.83860054
2025-12-07T09:59:20.083540,1506.13161578
2025-12-07T10:00:21.309383,1508.39258277
2025-12-07T10:01:22.517371,1511.31795232
2025-12-07T10:02:23.701371,1509.53628326
2025-12-07T10:03:24.904825,1511.40717462
2025-12-07T10:04:26.140394,1512.80274125
2025-12-07T10:05:27.453715,1519.08040970
2025-12-07T10:06:28.649335,1528.48746280
2025-12-07T10:07:29.877378,1529.49102411
2025-12-07T10:08:31.063193,1528.02546169
2025-12-07T10:09:32.270898,1533.04817793
2025-12-07T10:10:33.493637,1533.21968260
2025-12-07T10:11:34.718344,1533.34152362
2025-12-07T10:12:35.925367,1530.84855967
2025-12-07T10:13:37.109385,1530.39379683
2025-12-07T10:14:38.355722,1528.72064479
2025-12-07T10:15:39.597365,1528.18823508
2025-12-07T10:16:40.789372,1526.69589128
2025-12-07T10:17:42.037368,1527.19459864
2025-12-07T10:18:43.300764,1526.97109626
2025-12-07T10:19:44.521068,1527.13244109
2025-12-07T10:20:45.701355,1525.28115718
2025-12-07T10:21:46.901378,1528.05285713
2025-12-07T10:22:48.125037,1528.04418911
2025-12-07T10:23:49.365365,1528.02414530
2025-12-07T10:24:50.577657,1527.17262325
2025-12-07T10:25:51.851174,1528.44325816
2025-12-07T10:26:53.058939,1527.52502540
2025-12-07T10:27:54.290426,1526.48874684
2025-12-07T10:28:55.541353,1525.57328849
2025-12-07T10:29:56.834137,1523.68438517
2025-12-07T10:30:58.053369,1528.30970440
2025-12-07T10:31:59.260815,1526.64174105
2025-12-07T10:33:00.490858,1526.20678966
2025-12-07T10:34:01.746862,1525.59519616
2025-12-07T10:35:03.004252,1522.71837206
2025-12-07T10:36:04.291505,1522.88840127
2025-12-07T10:37:05.514444,1524.34861658
2025-12-07T10:38:06.711923,1524.47385580
2025-12-07T10:39:07.989372,1523.66042497
2025-12-07T10:40:09.253408,1523.19796770
2025-12-07T10:41:10.475703,1522.59683106
2025-12-07T10:42:11.689602,1522.76039810
2025-12-07T10:43:12.915585,1524.75433881
2025-12-07T10:44:14.133800,1524.26167528
2025-12-07T10:45:15.366529,1526.50427129
2025-12-07T10:46:16.598303,1528.32302064
2025-12-07T10:47:17.845421,1531.34063133
2025-12-07T10:48:19.093382,1532.27483590
2025-12-07T10:49:20.277363,1531.69894995
2025-12-07T10:50:21.512873,1530.26883033
2025-12-07T10:51:22.754925,1529.09972502
2025-12-07T10:52:24.021370,1531.21627311
2025-12-07T10:53:25.249259,1531.59083465
2025-12-07T10:54:26.489351,1531.13285781
2025-12-07T10:55:27.713091,1529.33059965
2025-12-07T10:56:28.885375,1528.89300050
2025-12-07T10:57:30.138186,1528.11405191
2025-12-07T10:58:31.411234,1529.31006774
2025-12-07T10:59:32.597376,1528.69533570
2025-12-07T11:00:33.830348,1529.96483257
2025-12-07T11:01:35.725570,1530.95212277
2025-12-07T11:02:36.885395,1527.75287678
2025-12-07T11:03:38.133380,1528.96214263
2025-12-07T11:04:39.397375,1527.41525297
2025-12-07T11:05:40.629363,1522.31678910
2025-12-07T11:06:41.858414,1523.02668275
2025-12-07T11:07:43.061418,1522.64925469
2025-12-07T11:08:44.309378,1522.41286138
2025-12-07T11:09:45.568785,1521.93219672
2025-12-07T11:10:46.778368,1521.25406813
2025-12-07T11:11:47.997371,1522.55844230
2025-12-07T11:12:49.237385,1522.21852891
2025-12-07T11:13:50.505794,1524.16662403
2025-12-07T11:14:51.722885,1523.38766766
2025-12-07T11:15:53.006318,1520.44405428
2025-12-07T11:16:54.234697,1519.25264444
2025-12-07T11:17:55.413444,1520.21249749
2025-12-07T11:18:56.597365,1516.44568356
2025-12-07T11:19:57.836564,1518.12275931
2025-12-07T11:20:59.077372,1518.37637370
2025-12-07T11:22:00.351064,1515.53936643
2025-12-07T11:23:01.653071,1514.57182830
2025-12-07T11:24:02.841210,1516.36714634
2025-12-07T11:25:04.101337,1516.62643191
2025-12-07T11:26:05.326426,1516.07622240
2025-12-07T11:27:06.506055,1520.08096694
2025-12-07T11:28:07.709371,1518.90974688
2025-12-07T11:29:08.917396,1519.05267048
2025-12-07T11:30:10.138166,1521.41614635
2025-12-07T11:31:11.381371,1521.73233017
2025-12-07T11:32:12.598839,1519.52820198
2025-12-07T11:33:13.816888,1522.58645216
2025-12-07T11:34:15.021392,1522.65414850
2025-12-07T11:35:16.245364,1521.59106153
2025-12-07T11:36:17.429380,1522.72607312
2025-12-07T11:37:18.677370,1521.48431156
2025-12-07T11:38:19.909365,1522.22370076
2025-12-07T11:39:21.112259,1519.26375145
2025-12-07T11:40:22.348446,1520.78455490
2025-12-07T11:41:23.573373,1520.61817942
2025-12-07T11:42:24.744875,1521.41793439
2025-12-07T11:43:26.018086,1520.03397077
2025-12-07T11:44:27.237393,1518.72234976
2025-12-07T11:45:28.389365,1519.86417703
2025-12-07T11:46:29.613543,1519.03352838
2025-12-07T11:47:30.861430,1518.07169764
2025-12-07T11:48:32.065189,1518.25570473
2025-12-07T11:49:33.310137,1517.15440854
2025-12-07T11:50:34.548313,1519.42957719
2025-12-07T11:51:35.717372,1517.82285746
2025-12-07T11:52:36.927756,1520.72679417
2025-12-07T11:53:38.197371,1520.78492764
2025-12-07T11:54:39.381429,1521.04809526
2025-12-07T11:55:40.599727,1520.93067472
2025-12-07T11:56:41.824851,1521.28683988
2025-12-07T11:57:43.032860,1519.89592609
2025-12-07T11:58:44.245374,1517.35733288
2025-12-07T11:59:45.437684,1518.99179180
2025-12-07T12:00:46.631761,1519.40136901
2025-12-07T12:01:47.861374,1518.77369034
2025-12-07T12:02:49.143467,1518.14941312
2025-12-07T12:03:50.357423,1515.48522338
2025-12-07T12:04:51.525567,1514.96755779
2025-12-07T12:05:52.775114,1514.24336452
2025-12-07T12:06:53.945405,1514.23628869
2025-12-07T12:07:55.189394,1513.93224364
2025-12-07T12:08:56.405372,1512.53641860
2025-12-07T12:09:57.616632,1513.99640610
2025-12-07T12:10:58.837371,1514.32592317
2025-12-07T12:12:00.085514,1513.98000982
2025-12-07T12:13:01.341517,1510.30581498
2025-12-07T12:14:02.581389,1510.60048185
2025-12-07T12:15:03.849486,1512.60630650
2025-12-07T12:16:05.059102,1512.08941125
2025-12-07T12:17:06.280056,1509.87592395
2025-12-07T12:18:07.501374,1510.70642428
2025-12-07T12:19:08.693408,1509.21658418
2025-12-07T12:20:09.931405,1506.68509761
2025-12-07T12:21:11.174480,1504.67293640
2025-12-07T12:22:12.357371,1503.64491098
2025-12-07T12:23:13.638654,1502.75546499
2025-12-07T12:24:14.897199,1501.34098015
2025-12-07T12:25:16.131671,1504.23935634
2025-12-07T12:26:17.381379,1504.38446904
2025-12-07T12:27:18.582056,1505.49367055
2025-12-07T12:28:19.773374,1503.86099994
2025-12-07T12:29:21.021375,1502.68920763
2025-12-07T12:30:22.245376,1503.88218078
2025-12-07T12:31:23.460702,1504.77971174
2025-12-07T12:32:24.668958,1503.17035667
2025-12-07T12:33:25.861387,1501.87977551
2025-12-07T12:34:27.093354,1499.84154643
2025-12-07T12:35:28.341717,1500.60981099
2025-12-07T12:36:29.557371,1500.30248973
2025-12-07T12:37:30.677360,1499.83746607
2025-12-07T12:38:31.893369,1499.90896112
2025-12-07T12:39:33.145084,1499.04963481
2025-12-07T12:40:34.341364,1503.18961924
2025-12-07T12:41:35.573606,1501.62591238
2025-12-07T12:42:36.757758,1504.26037438
2025-12-07T12:43:37.941390,1502.14367775
2025-12-07T12:44:39.213753,1499.43515597
2025-12-07T12:45:40.422694,1499.14419789
2025-12-07T12:46:41.621374,1501.56556501
2025-12-07T12:47:42.831309,1503.38809938
2025-12-07T12:48:44.079474,1502.60874165
2025-12-07T12:49:45.246059,1499.72708389
2025-12-07T12:50:46.461366,1500.42458156
2025-12-07T12:51:47.702828,1501.35871500
2025-12-07T12:52:48.935820,1500.58127491
2025-12-07T12:53:50.227105,1500.58669922
2025-12-07T12:54:51.405370,1500.59219548
2025-12-07T12:55:52.652643,1497.20310132
2025-12-07T12:56:53.845358,1497.71172309
2025-12-07T12:57:55.074530,1494.01953905
2025-12-07T12:58:56.303354,1490.96113724
2025-12-07T12:59:57.540395,1489.38434895
2025-12-07T13:00:58.821372,1487.86969404
2025-12-07T13:01:59.989392,1487.29684923
2025-12-07T13:03:01.205366,1488.08999892
2025-12-07T13:04:02.502489,1489.94956269
2025-12-07T13:05:03.730189,1487.85742871
2025-12-07T13:06:04.982649,1488.00464554
2025-12-07T13:07:06.237379,1487.99292157
2025-12-07T13:08:07.461319,1489.66426687
2025-12-07T13:09:08.677369,1488.66666721
2025-12-07T13:10:09.881967,1488.10142370
2025-12-07T13:11:11.123335,1486.86774460
2025-12-07T13:12:12.384915,1487.79308650
2025-12-07T13:13:13.603691,1487.80385567
2025-12-07T13:14:14.821381,1489.00359617
2025-12-07T13:15:16.053374,1488.19389903
2025-12-07T13:16:17.283969,1491.50012011
2025-12-07T13:17:18.517363,1487.12863755
2025-12-07T13:18:19.801870,1485.87281945
2025-12-07T13:19:21.076463,1484.00727347
2025-12-07T13:20:22.249240,1486.20812569
2025-12-07T13:21:23.522430,1487.04944484
2025-12-07T13:22:24.803308,1489.15448859
2025-12-07T13:23:25.999637,1490.38189272
2025-12-07T13:24:27.311982,1488.36816551
2025-12-07T13:25:28.565431,1486.77529531
2025-12-07T13:26:29.799880,1487.43481290
2025-12-07T13:27:31.063210,1486.66707551
2025-12-07T13:28:32.335191,1483.76169144
2025-12-07T13:29:33.589385,1484.24058567
2025-12-07T13:30:34.813388,1482.88823222
2025-12-07T13:31:36.061957,1482.38848346
2025-12-07T13:32:37.253379,1482.36796548
2025-12-07T13:33:38.527823,1482.94555726
2025-12-07T13:34:39.765365,1484.71161210
2025-12-07T13:35:40.949371,1485.11633572
2025-12-07T13:36:42.168977,1481.56948115
2025-12-07T13:37:43.381362,1480.99504050
2025-12-07T13:38:44.581377,1478.37564609
2025-12-07T13:39:45.839502,1477.87326455
2025-12-07T13:40:47.061376,1479.37652439
2025-12-07T13:41:48.267856,1477.49335866
2025-12-07T13:42:49.493377,1477.85180328
2025-12-07T13:43:50.733366,1477.39331374
2025-12-07T13:44:52.007857,1477.47939635
2025-12-07T13:45:53.237372,1478.66972348
2025-12-07T13:46:54.421418,1480.07664161
2025-12-07T13:47:55.650368,1477.22484109
2025-12-07T13:48:56.893372,1477.52167666
2025-12-07T13:49:58.149372,1479.09286789
2025-12-07T13:50:59.349356,1477.86001573
2025-12-07T13:52:00.621390,1476.36298631
2025-12-07T13:53:01.886799,1477.60314393
2025-12-07T13:54:03.125241,1476.44323083
2025-12-07T13:55:04.401565,1477.33505927
2025-12-07T13:56:05.685388,1477.57769680
2025-12-07T13:57:06.868778,1478.40378405
2025-12-07T13:58:08.114400,1477.92274653
2025-12-07T13:59:09.393041,1476.72148343
2025-12-07T14:00:10.634720,1475.91264670
2025-12-07T14:01:11.999619,1476.09479086
2025-12-07T14:02:13.269360,1476.47345124
2025-12-07T14:03:14.469380,1477.62525782
2025-12-07T14:04:15.669394,1475.96645774
2025-12-07T14:05:16.965960,1478.12192178
2025-12-07T14:06:18.181388,1480.14898360
2025-12-07T14:07:19.413379,1483.41091285
2025-12-07T14:08:20.629386,1482.85504840
2025-12-07T14:09:21.874810,1484.84321471
2025-12-07T14:10:23.128332,1484.49215747
2025-12-07T14:11:24.357370,1486.74443544
2025-12-07T14:12:25.546861,1486.43670931
2025-12-07T14:13:26.805371,1485.14427555
2025-12-07T14:14:28.087862,1485.42225751
2025-12-07T14:15:29.253371,1485.65775480
2025-12-07T14:16:30.533398,1482.17123629
2025-12-07T14:17:31.787235,1482.53634414
2025-12-07T14:18:32.981351,1482.41980439
2025-12-07T14:19:34.229370,1485.39958139
2025-12-07T14:20:35.454131,1482.20831112
2025-12-07T14:21:36.661390,1480.49794635
2025-12-07T14:22:37.845396,1480.88011456
2025-12-07T14:23:39.093373,1480.46848023
2025-12-07T14:24:40.336006,1481.53149411
2025-12-07T14:25:41.586899,1488.78033949
2025-12-07T14:26:42.837385,1489.83216116
2025-12-07T14:27:44.037360,1489.48995094
2025-12-07T14:28:45.269381,1489.09635680
2025-12-07T14:29:46.517379,1487.61445113
2025-12-07T14:30:47.772009,1489.65299501
2025-12-07T14:31:49.055808,1487.11440554
2025-12-07T14:32:50.330557,1487.82377087
2025-12-07T14:33:51.526380,1488.44343049
2025-12-07T14:34:52.819994,1496.96776401
2025-12-07T14:35:53.997371,1494.07684083
2025-12-07T14:36:55.245041,1493.54233296
2025-12-07T14:37:56.493442,1493.30000358
2025-12-07T14:38:57.733391,1493.83696518
2025-12-07T14:39:58.933368,1492.63532988
2025-12-07T14:41:00.117378,1496.06520488
2025-12-07T14:42:01.386973,1496.28566226
2025-12-07T14:43:02.565386,1498.99178138
2025-12-07T14:44:03.861382,1497.07235154
2025-12-07T14:45:05.059020,1495.75688686
2025-12-07T14:46:06.302938,1493.11027599
2025-12-07T14:47:07.589388,1495.78409486
2025-12-07T14:48:08.874687,1494.20265200
2025-12-07T14:49:10.061135,1495.73551909
2025-12-07T14:50:11.332366,1495.32884892
2025-12-07T14:51:12.613401,1497.43967249
2025-12-07T14:52:13.845385,1498.89960884
2025-12-07T14:53:15.098464,1497.94148854
2025-12-07T14:54:16.352351,1499.07025081
2025-12-07T14:55:17.541434,1499.56596647
2025-12-07T14:56:18.789381,1499.17769675
2025-12-07T14:57:20.068894,1499.65053920
2025-12-07T14:58:21.301401,1498.71411620
2025-12-07T14:59:22.559920,1500.56045732
2025-12-07T15:00:23.805790,1501.39453606
2025-12-07T15:01:25.685401,1498.98471304
2025-12-07T15:02:26.935371,1498.70769464
2025-12-07T15:03:28.197034,1498.81834717
2025-12-07T15:04:29.443526,1497.38219005
2025-12-07T15:05:30.768430,1499.29909380
2025-12-07T15:06:32.022535,1499.55097795
2025-12-07T15:07:33.295245,1497.47220152
2025-12-07T15:08:34.585336,1499.90981853
2025-12-07T15:09:35.873961,1501.59606280
2025-12-07T15:10:37.114954,1501.22217543
2025-12-07T15:11:38.357385,1500.17246094
2025-12-07T15:12:39.584863,1501.38555941
2025-12-07T15:13:40.821238,1500.81612487
2025-12-07T15:14:42.069335,1501.39386018
2025-12-07T15:15:43.341369,1497.79071705
2025-12-07T15:16:44.546635,1496.21007806
2025-12-07T15:17:45.809236,1496.14590068
2025-12-07T15:18:47.045367,1499.31864299
2025-12-07T15:19:48.282577,1499.10598984
2025-12-07T15:20:49.493346,1499.32643258
2025-12-07T15:21:50.709395,1500.89520384
2025-12-07T15:22:51.927076,1499.21825815
2025-12-07T15:23:53.201087,1498.78881965
2025-12-07T15:24:54.486133,1497.84961146
2025-12-07T15:25:55.669379,1496.88763267
2025-12-07T15:26:56.902610,1495.64245082
2025-12-07T15:27:58.162250,1495.56301397
2025-12-07T15:28:59.352248,1491.36278079
2025-12-07T15:30:00.638510,1489.90128648
2025-12-07T15:31:01.910325,1491.39815701
2025-12-07T15:32:03.093380,1491.12279790
2025-12-07T15:33:04.293374,1490.01614946
2025-12-07T15:34:05.550555,1486.59152413
2025-12-07T15:35:06.765385,1486.45505473
2025-12-07T15:36:08.043437,1487.09052496
2025-12-07T15:37:09.314331,1489.96618525
2025-12-07T15:38:10.581560,1488.43906869
2025-12-07T15:39:11.813385,1487.61207064
2025-12-07T15:40:13.055016,1487.04672540
2025-12-07T15:41:14.332394,1489.42821038
2025-12-07T15:42:15.569078,1489.89052531
2025-12-07T15:43:16.821359,1490.12473867
2025-12-07T15:44:18.005433,1492.27686401
2025-12-07T15:45:19.268687,1493.84624885
2025-12-07T15:46:20.532895,1492.42230953
2025-12-07T15:47:21.761464,1495.53714574
2025-12-07T15:48:22.997385,1494.60128434
2025-12-07T15:49:24.308321,1495.01659952
2025-12-07T15:50:26.634976,1495.62714778
2025-12-07T15:51:27.861363,1494.34721819
2025-12-07T15:52:29.077371,1494.75754835
2025-12-07T15:53:30.285387,1495.39108792
2025-12-07T15:54:31.542012,1493.24825058
2025-12-07T15:55:32.808387,1494.08970642
2025-12-07T15:56:34.037384,1492.67654800
2025-12-07T15:57:35.253380,1493.81140642
2025-12-07T15:58:36.479175,1492.78126752
2025-12-07T15:59:37.701375,1495.69634638
2025-12-07T16:00:38.969643,1495.63487853
2025-12-07T16:01:40.906633,1494.99843609
2025-12-07T16:02:42.140140,1495.48945480
2025-12-07T16:03:43.445358,1496.25465886
2025-12-07T16:04:44.709380,1493.84044693
2025-12-07T16:05:45.919178,1494.48770238
2025-12-07T16:06:47.157903,1494.76582650
2025-12-07T16:07:48.397560,1493.58929195
2025-12-07T16:08:49.581386,1493.42458972
2025-12-07T16:09:50.869394,1492.15444525
2025-12-07T16:10:52.117400,1491.56257656
2025-12-07T16:11:53.365392,1491.34024944
2025-12-07T16:12:54.586419,1489.72298241
2025-12-07T16:13:55.840654,1489.35935133
2025-12-07T16:14:57.058572,1488.75865487
2025-12-07T16:15:58.341387,1486.95311144
2025-12-07T16:16:59.573383,1487.04424504
2025-12-07T16:18:00.816363,1486.29801691
2025-12-07T16:19:02.085379,1484.80200945
2025-12-07T16:20:03.349747,1484.30095784
2025-12-07T16:21:04.528666,1484.19553132
2025-12-07T16:22:05.749389,1482.28639743
2025-12-07T16:23:07.002215,1479.24164954
2025-12-07T16:24:08.213388,1474.61660660
2025-12-07T16:25:09.450692,1475.73100810
2025-12-07T16:26:10.733379,1475.52758739
2025-12-07T16:27:11.929462,1474.38870450
2025-12-07T16:28:13.199871,1476.30362039
2025-12-07T16:29:14.481822,1477.80302888
2025-12-07T16:30:15.739431,1478.41019937
2025-12-07T16:31:17.079503,1481.18621286
2025-12-07T16:32:18.362178,1481.90582046
2025-12-07T16:33:19.549417,1481.94488716
2025-12-07T16:34:20.797482,1480.98329752
2025-12-07T16:35:22.082989,1479.87439210
2025-12-07T16:36:23.253401,1481.26582597
2025-12-07T16:37:24.485397,1480.51707993
2025-12-07T16:38:25.714577,1480.00016058
2025-12-07T16:39:26.939144,1481.07819822
2025-12-07T16:40:28.168768,1479.52229286
2025-12-07T16:41:29.445481,1480.40468923
2025-12-07T16:42:30.613379,1478.97121886
2025-12-07T16:43:31.861377,1480.24185174
2025-12-07T16:44:33.093358,1480.54441299
2025-12-07T16:45:34.325382,1482.36814859
2025-12-07T16:46:35.565367,1482.93511688
2025-12-07T16:47:36.789369,1484.26235806
2025-12-07T16:48:37.990324,1484.19486421
2025-12-07T16:49:39.251871,1485.02252009
2025-12-07T16:50:40.501372,1483.72366699
2025-12-07T16:51:41.685992,1484.19595513
2025-12-07T16:52:42.983202,1483.77998452
2025-12-07T16:53:44.185584,1483.80397798
2025-12-07T16:54:45.416530,1483.52069515
2025-12-07T16:55:46.677389,1483.81705546
2025-12-07T16:56:47.872847,1483.41415175
2025-12-07T16:57:49.057380,1483.15490735
2025-12-07T16:58:50.315693,1483.23673643
2025-12-07T16:59:51.580015,1484.50161367
2025-12-07T17:00:52.809398,1483.13858735
2025-12-07T17:01:54.063707,1482.74311716
2025-12-07T17:02:55.253467,1484.03847136
2025-12-07T17:03:56.499837,1481.84419572
2025-12-07T17:04:57.725217,1483.07996760
2025-12-07T17:05:58.957371,1485.13349362
2025-12-07T17:07:00.201094,1485.27314805
2025-12-07T17:08:01.422064,1483.04612220
2025-12-07T17:09:02.726921,1484.11512707
2025-12-07T17:10:03.957721,1484.66094085
2025-12-07T17:11:05.229392,1484.38695757
2025-12-07T17:12:06.509371,1483.69586040
2025-12-07T17:13:07.776065,1484.06430018
2025-12-07T17:14:09.077361,1485.08971727
2025-12-07T17:15:10.346087,1483.29634885
2025-12-07T17:16:11.541388,1482.65176888
2025-12-07T17:17:12.740241,1483.57837045
2025-12-07T17:18:13.994457,1482.95315447
2025-12-07T17:19:15.220509,1481.65341510
2025-12-07T17:20:16.474178,1481.84322113
2025-12-07T17:21:17.734796,1483.16049699
2025-12-07T17:22:18.937989,1483.22058201
2025-12-07T17:23:20.179718,1484.39444946
2025-12-07T17:24:21.429373,1484.27418613
2025-12-07T17:25:22.665930,1484.62647966
2025-12-07T17:26:23.902256,1486.33726497
2025-12-07T17:27:25.140710,1485.62527354
2025-12-07T17:28:26.330989,1485.48254117
2025-12-07T17:29:27.581223,1485.32058092
2025-12-07T17:30:28.815643,1486.50490439
2025-12-07T17:31:30.045043,1486.47751930
2025-12-07T17:32:31.269336,1485.23312262
2025-12-07T17:33:32.532947,1484.79816444
2025-12-07T17:34:33.734458,1483.99790362
2025-12-07T17:35:34.997373,1483.41324511
2025-12-07T17:36:36.211317,1484.26887161
2025-12-07T17:37:37.446379,1484.02827185
2025-12-07T17:38:38.687113,1484.82540087
2025-12-07T17:39:39.948004,1486.29178196
2025-12-07T17:40:41.155892,1487.09028371
2025-12-07T17:41:42.413404,1488.30179867
2025-12-07T17:42:43.669381,1487.97502017
2025-12-07T17:43:44.918581,1488.53796459
2025-12-07T17:44:46.165378,1487.87028722
2025-12-07T17:45:47.433308,1487.41134863
2025-12-07T17:46:48.645384,1486.76036267
2025-12-07T17:47:49.845394,1487.76868529
2025-12-07T17:48:51.093394,1484.97564779
2025-12-07T17:49:52.277376,1486.18745259
2025-12-07T17:50:53.525398,1486.86727531
2025-12-07T17:51:54.815165,1486.47005248
2025-12-07T17:52:56.057109,1485.66887057
2025-12-07T17:53:57.333378,1484.24419869
2025-12-07T17:54:58.610822,1485.63981693
2025-12-07T17:55:59.811666,1486.62447814
2025-12-07T17:57:01.034055,1486.23943958
2025-12-07T17:58:02.323130,1486.76182735
2025-12-07T17:59:03.831668,1488.06585434
2025-12-07T18:00:05.094363,1487.22475223
2025-12-07T18:01:07.007216,1487.87335695
2025-12-07T18:02:08.253101,1487.61915258
2025-12-07T18:03:09.484910,1489.91909299
2025-12-07T18:04:10.709376,1489.47960189
2025-12-07T18:05:11.977698,1491.54651305
2025-12-07T18:06:13.327724,1491.78049819
2025-12-07T18:07:14.676477,1490.88338595
2025-12-07T18:08:15.893422,1490.60593087
2025-12-07T18:09:17.250284,1491.49174190
2025-12-07T18:10:18.469383,1489.43055466
2025-12-07T18:11:19.685387,1489.49808629
2025-12-07T18:12:20.929579,1489.67144542
2025-12-07T18:13:22.157384,1489.13441591
2025-12-07T18:14:23.381395,1488.74953541
2025-12-07T18:15:24.629391,1484.33476714
2025-12-07T18:16:25.880324,1485.48958236
2025-12-07T18:17:27.061383,1485.35262460
2025-12-07T18:18:28.298530,1484.23641292
2025-12-07T18:19:29.556944,1482.85379514
2025-12-07T18:20:30.799057,1483.55648719
2025-12-07T18:21:32.045370,1483.34682803
2025-12-07T18:22:33.306930,1483.30913164
2025-12-07T18:23:34.517364,1484.05537492
2025-12-07T18:24:35.760967,1486.68086782
2025-12-07T18:25:36.998310,1486.29491620
2025-12-07T18:26:38.264719,1484.87194286
2025-12-07T18:27:39.509401,1484.63177128
2025-12-07T18:28:40.753259,1484.03404171
2025-12-07T18:29:41.973402,1482.83989926
2025-12-07T18:30:43.174364,1495.60357962
2025-12-07T18:31:44.469369,1490.27525084
2025-12-07T18:32:45.638351,1489.81859827
2025-12-07T18:33:46.877374,1490.80275891
2025-12-07T18:34:48.170938,1491.66779353
2025-12-07T18:35:49.378577,1487.02693300
2025-12-07T18:36:50.630739,1480.77379118
2025-12-07T18:37:51.861384,1482.12328952
2025-12-07T18:38:53.144109,1481.25260761
2025-12-07T18:39:54.399099,1483.41802881
2025-12-07T18:40:55.660681,1486.65451108
2025-12-07T18:41:56.821380,1484.28661334
2025-12-07T18:42:58.113221,1485.30286141
2025-12-07T18:43:59.371733,1484.49114704
2025-12-07T18:45:00.581714,1485.66361497
2025-12-07T18:46:01.877375,1483.81431325
2025-12-07T18:47:03.178203,1485.24840781
2025-12-07T18:48:04.408957,1486.70088428
2025-12-07T18:49:05.628638,1485.56235827
2025-12-07T18:50:06.869530,1488.20666075
2025-12-07T18:51:08.085378,1487.89990878
2025-12-07T18:52:09.343021,1488.95840738
2025-12-07T18:53:10.597416,1491.58557392
2025-12-07T18:54:11.826128,1490.48802267
2025-12-07T18:55:13.109393,1491.46943887
2025-12-07T18:56:14.357389,1493.86044497
2025-12-07T18:57:15.557490,1493.53435778
2025-12-07T18:58:16.879895,1492.38891403
2025-12-07T18:59:18.133381,1490.44504833
2025-12-07T19:00:19.389492,1491.57347221
2025-12-07T19:01:21.277685,1493.15126353
2025-12-07T19:02:22.493666,1493.46549119
2025-12-07T19:03:23.694765,1493.77138976
2025-12-07T19:04:24.933398,1496.28908409
2025-12-07T19:05:26.228840,1496.37591923
2025-12-07T19:06:27.437413,1497.26932606
2025-12-07T19:07:28.735119,1498.10758532
2025-12-07T19:08:29.982818,1497.68513184
2025-12-07T19:09:31.243333,1496.74654967
2025-12-07T19:10:32.469396,1497.06541050
2025-12-07T19:11:33.717372,1498.35510517
2025-12-07T19:12:34.919964,1492.19347698
2025-12-07T19:13:36.205922,1490.88509372
2025-12-07T19:14:37.461377,1488.93524069
2025-12-07T19:15:38.733712,1488.52522743
2025-12-07T19:16:40.005389,1487.60004571
2025-12-07T19:17:41.269376,1486.34362144
2025-12-07T19:18:42.486895,1487.07874405
2025-12-07T19:19:43.696388,1487.15709743
2025-12-07T19:20:44.926895,1487.56556864
2025-12-07T19:21:46.140166,1486.10304987
2025-12-07T19:22:47.321745,1486.63700064
2025-12-07T19:23:48.603585,1487.91193132
2025-12-07T19:24:49.826333,1487.30349912
2025-12-07T19:25:51.061398,1485.57273608
2025-12-07T19:26:52.309372,1481.32437778
2025-12-07T19:27:53.493374,1481.57407859
2025-12-07T19:28:54.746832,1480.62011050
2025-12-07T19:29:55.973821,1479.67038596
2025-12-07T19:30:57.173376,1479.01521513
2025-12-07T19:31:58.399102,1479.61024722
2025-12-07T19:32:59.605448,1480.14096675
2025-12-07T19:34:00.826073,1479.45451261
2025-12-07T19:35:02.101379,1481.41667839
2025-12-07T19:36:03.349372,1479.93184873
2025-12-07T19:37:04.573906,1477.90487946
2025-12-07T19:38:05.909368,1477.48796048
2025-12-07T19:39:07.172830,1478.27134222
2025-12-07T19:40:08.429156,1476.70786922
2025-12-07T19:41:09.698760,1475.27820716
2025-12-07T19:42:10.949440,1474.21567075
2025-12-07T19:43:12.149371,1472.73127029
2025-12-07T19:44:13.391363,1473.13851560
2025-12-07T19:45:14.666359,1474.82642033
2025-12-07T19:46:15.871193,1473.59784412
2025-12-07T19:47:17.137309,1473.30902172
2025-12-07T19:48:18.365364,1471.48302266
2025-12-07T19:49:19.573394,1472.94192882
2025-12-07T19:50:20.837381,1472.66912953
2025-12-07T19:51:22.138213,1474.69337467
2025-12-07T19:52:23.309375,1474.84072902
2025-12-07T19:53:24.592410,1475.11112349
2025-12-07T19:54:25.834219,1476.19904754
2025-12-07T19:55:27.061372,1477.66410671
2025-12-07T19:56:28.253373,1475.96661814
2025-12-07T19:57:29.518795,1476.47343909
2025-12-07T19:58:30.773395,1476.44676657
2025-12-07T19:59:32.030727,1478.08636409
2025-12-07T20:00:33.283348,1481.36369891
2025-12-07T20:01:35.189384,1482.95156128
2025-12-07T20:02:36.421395,1480.99213657
2025-12-07T20:03:37.661368,1483.09818050
2025-12-07T20:04:38.869419,1480.32295385
2025-12-07T20:05:40.085369,1479.23545074
2025-12-07T20:06:41.365370,1474.75223588
2025-12-07T20:07:42.597381,1472.33210020
2025-12-07T20:08:43.853934,1474.27662484
2025-12-07T20:09:45.137308,1477.06088639
2025-12-07T20:10:46.367296,1478.00712056
2025-12-07T20:11:47.621407,1478.35029223
2025-12-07T20:12:48.853412,1479.12084505
2025-12-07T20:13:50.065205,1480.31127154
2025-12-07T20:14:51.285368,1481.48856129
2025-12-07T20:15:52.566700,1483.07430103
2025-12-07T20:16:53.802617,1478.69998993
2025-12-07T20:17:55.052316,1477.87783219
2025-12-07T20:18:56.315610,1479.09285054
2025-12-07T20:19:57.512961,1480.08414549
2025-12-07T20:20:58.753176,1478.60082853
2025-12-07T20:21:59.981364,1480.46100083
2025-12-07T20:23:01.269573,1480.48054311
2025-12-07T20:24:02.512318,1480.69351546
2025-12-07T20:25:03.696132,1478.82855189
2025-12-07T20:26:04.937979,1480.00788498
2025-12-07T20:27:06.157354,1479.09385650
2025-12-07T20:28:07.381387,1481.59565538
2025-12-07T20:29:08.565408,1481.46241690
2025-12-07T20:30:09.797375,1484.07576924
2025-12-07T20:31:11.061636,1484.62727149
2025-12-07T20:32:12.269374,1483.31150423
2025-12-07T20:33:13.497152,1484.22360707
2025-12-07T20:34:14.741381,1485.01678707
2025-12-07T20:35:15.995407,1487.07501772
2025-12-07T20:36:17.258496,1486.86606361
2025-12-07T20:37:18.509368,1487.85982222
2025-12-07T20:38:19.753831,1487.66942957
2025-12-07T20:39:20.992464,1489.26666938
2025-12-07T20:40:22.250339,1487.86099336
2025-12-07T20:41:23.477370,1488.03601722
2025-12-07T20:42:24.749390,1487.97380303
2025-12-07T20:43:25.973379,1487.05794849
2025-12-07T20:44:27.221359,1487.72389612
2025-12-07T20:45:28.483983,1488.45090974
2025-12-07T20:46:29.709375,1487.13878365
2025-12-07T20:47:30.901415,1486.08279991
2025-12-07T20:48:32.146321,1486.59497757
2025-12-07T20:49:33.373377,1488.22333278
2025-12-07T20:50:34.591587,1488.04010305
2025-12-07T20:51:35.877450,1486.84887267
2025-12-07T20:52:37.170856,1488.52870184
2025-12-07T20:53:38.389374,1488.06554173
2025-12-07T20:54:39.649998,1485.83186281
2025-12-07T20:55:40.885389,1487.26390567
2025-12-07T20:56:42.140149,1487.18296978
2025-12-07T20:57:43.421387,1486.90339384
2025-12-07T20:58:44.685439,1485.81074505
2025-12-07T20:59:45.909354,1486.79717514
2025-12-07T21:00:47.160367,1486.13969496
2025-12-07T21:01:48.445377,1486.69949953
2025-12-07T21:02:49.692220,1487.17890556
2025-12-07T21:03:50.957386,1489.07919875
2025-12-07T21:04:52.245655,1488.31896800
2025-12-07T21:05:53.469459,1489.43805962
2025-12-07T21:06:54.742449,1489.55608805
2025-12-07T21:07:55.981382,1490.67853820
2025-12-07T21:08:57.217804,1490.61374672
2025-12-07T21:09:58.493398,1490.05583915
2025-12-07T21:10:59.746403,1489.63787328
2025-12-07T21:12:00.981370,1489.71810677
2025-12-07T21:13:02.261867,1490.67980739
2025-12-07T21:14:03.517391,1490.43501310
2025-12-07T21:15:04.777056,1490.81383156
2025-12-07T21:16:06.029377,1488.61388843
2025-12-07T21:17:07.321563,1487.02641205
2025-12-07T21:18:08.603229,1486.24999763
2025-12-07T21:19:09.845393,1485.24147678
2025-12-07T21:20:11.053373,1485.56535518
2025-12-07T21:21:12.221457,1485.63678990
2025-12-07T21:22:13.466803,1484.40310238
2025-12-07T21:23:14.693437,1483.73589066
2025-12-07T21:24:15.869379,1484.36752722
2025-12-07T21:25:17.430728,1484.49900135
2025-12-07T21:26:18.653381,1484.63166334
2025-12-07T21:27:19.893445,1485.23404844
2025-12-07T21:28:21.125392,1486.46037173
2025-12-07T21:29:22.369723,1486.46346118
2025-12-07T21:30:23.597450,1484.96656008
2025-12-07T21:31:24.841898,1485.78581223
2025-12-07T21:32:26.069417,1485.08168456
2025-12-07T21:33:27.344108,1485.37864887
2025-12-07T21:34:28.626630,1485.90056601
2025-12-07T21:35:29.877378,1484.96528317
2025-12-07T21:36:31.061372,1483.24559459
2025-12-07T21:37:32.328502,1483.82061312
2025-12-07T21:38:33.573876,1484.77357510
2025-12-07T21:39:34.700658,1485.01147403
2025-12-07T21:40:35.943661,1485.61735150
2025-12-07T21:41:37.223505,1486.97059781
2025-12-07T21:42:38.429377,1487.02075501
2025-12-07T21:43:39.669374,1484.83873820
2025-12-07T21:44:40.901395,1483.59705230
2025-12-07T21:45:42.138194,1482.68026233
2025-12-07T21:46:43.373385,1483.74667449
2025-12-07T21:47:44.653379,1483.22842305
2025-12-07T21:48:45.845400,1483.97250726
2025-12-07T21:49:47.093662,1484.33403655
2025-12-07T21:50:48.317374,1484.70026242
2025-12-07T21:51:49.469391,1483.87271042
2025-12-07T21:52:50.743321,1483.85653444
2025-12-07T21:53:51.981399,1484.16874871
2025-12-07T21:54:53.260782,1485.39216535
2025-12-07T21:55:54.493408,1486.93483460
2025-12-07T21:56:55.701369,1490.38764743
2025-12-07T21:57:56.929796,1492.71247097
2025-12-07T21:58:58.157400,1492.40262503
2025-12-07T21:59:59.405396,1492.15114931
2025-12-07T22:01:01.405038,1490.63084906
2025-12-07T22:02:02.823499,1491.05924051
2025-12-07T22:03:04.093199,1489.96503816
2025-12-07T22:04:05.338898,1492.07597022
2025-12-07T22:05:06.581380,1490.13301648
2025-12-07T22:06:07.869043,1488.80788308
2025-12-07T22:07:09.059059,1486.70447555
2025-12-07T22:08:10.325403,1487.47623047
2025-12-07T22:09:11.549402,1487.26545524
2025-12-07T22:10:12.779224,1487.21654112
2025-12-07T22:11:14.037389,1486.39107271
2025-12-07T22:12:15.307619,1484.33966403
2025-12-07T22:13:16.565351,1484.98450591
2025-12-07T22:14:17.808395,1486.38946995
2025-12-07T22:15:19.067310,1486.12792849
2025-12-07T22:16:20.299625,1487.68751078
2025-12-07T22:17:21.573327,1485.36246462
2025-12-07T22:18:22.773373,1484.09178276
2025-12-07T22:19:24.040405,1485.55491201
2025-12-07T22:20:25.261402,1485.28522907
2025-12-07T22:21:26.522532,1487.55676274
2025-12-07T22:22:27.772082,1486.86401622
2025-12-07T22:23:28.988496,1487.12528366
2025-12-07T22:24:30.249085,1487.58377933
2025-12-07T22:25:31.502043,1488.23944740
2025-12-07T22:26:32.789386,1485.73180497
2025-12-07T22:27:34.040614,1484.53546801
2025-12-07T22:28:35.255308,1484.08118109
2025-12-07T22:29:36.461373,1483.85741175
2025-12-07T22:30:37.717371,1482.86147251
2025-12-07T22:31:38.925196,1479.32124980
2025-12-07T22:32:40.217333,1479.36604332
2025-12-07T22:33:41.479841,1477.70164056
2025-12-07T22:34:42.725377,1478.40421303
2025-12-07T22:35:43.955258,1477.72961315
2025-12-07T22:36:45.197386,1478.24026762
2025-12-07T22:37:46.442055,1479.21642965
2025-12-07T22:38:47.661407,1478.12774216
2025-12-07T22:39:48.963324,1477.23925167
2025-12-07T22:40:50.141355,1479.89068073
2025-12-07T22:41:51.436742,1481.97673973
2025-12-07T22:42:52.685363,1482.54394148
2025-12-07T22:43:53.877380,1482.83392704
2025-12-07T22:44:55.125397,1480.52809929
2025-12-07T22:45:56.349395,1481.28966072
2025-12-07T22:46:57.557397,1481.83369476
2025-12-07T22:47:58.826145,1484.19599243
2025-12-07T22:49:00.065011,1485.24519808
2025-12-07T22:50:01.301390,1486.45750677
2025-12-07T22:51:02.594482,1486.54742717
2025-12-07T22:52:03.885356,1485.56842966
2025-12-07T22:53:05.059122,1484.18281345
2025-12-07T22:54:06.329159,1484.07579981
2025-12-07T22:55:07.549378,1483.51469552
2025-12-07T22:56:08.789375,1483.95634479
2025-12-07T22:57:10.061415,1482.80063994
2025-12-07T22:58:11.343346,1479.69676837
2025-12-07T22:59:12.573387,1476.22971911
2025-12-07T23:00:13.838369,1479.02403113
2025-12-07T23:01:15.709394,1479.41837682
2025-12-07T23:02:16.964967,1475.84208381
2025-12-07T23:03:18.203414,1479.02439797
2025-12-07T23:04:19.497003,1479.18319749
2025-12-07T23:05:20.725368,1477.86686549
2025-12-07T23:06:21.994149,1479.21775192
2025-12-07T23:07:23.246369,1480.40045125
2025-12-07T23:08:24.469367,1481.57517748
2025-12-07T23:09:25.756145,1482.02297656
2025-12-07T23:10:27.009530,1481.48936034
2025-12-07T23:11:28.229380,1480.06579435
2025-12-07T23:12:29.527084,1479.37183488
2025-12-07T23:13:30.781382,1478.38603357
2025-12-07T23:14:31.933385,1478.56917633
2025-12-07T23:15:33.193204,1478.34871353
2025-12-07T23:16:34.453356,1478.73862330
2025-12-07T23:17:35.645375,1477.05170095
2025-12-07T23:18:36.885421,1476.74194632
2025-12-07T23:19:38.138255,1475.62326510
2025-12-07T23:20:39.375086,1476.52627197
2025-12-07T23:21:40.621383,1477.97250229
2025-12-07T23:22:41.877396,1476.57343364
2025-12-07T23:23:43.102565,1475.40300892
2025-12-07T23:24:44.373227,1476.65883731
2025-12-07T23:25:45.618951,1477.23796324
2025-12-07T23:26:46.829904,1476.57880687
2025-12-07T23:27:48.085400,1477.02263429
2025-12-07T23:28:49.366409,1477.83607826
2025-12-07T23:29:50.607331,1478.56359798
2025-12-07T23:30:51.821399,1477.99785535
2025-12-07T23:31:53.132191,1476.89428366
2025-12-07T23:32:54.333382,1476.01440862
2025-12-07T23:33:55.577369,1474.47544398
2025-12-07T23:34:56.845370,1474.36991922
2025-12-07T23:35:58.096165,1474.27356278
2025-12-07T23:36:59.357395,1473.73912688
2025-12-07T23:38:00.675106,1472.97273584
2025-12-07T23:39:01.869377,1473.00300878
2025-12-07T23:40:03.135651,1475.26172344
2025-12-07T23:41:04.381372,1474.18021954
2025-12-07T23:42:05.639502,1474.49551905
2025-12-07T23:43:06.893378,1473.50677675
2025-12-07T23:44:08.138002,1474.87604073
2025-12-07T23:45:09.365912,1473.94840850
2025-12-07T23:46:10.633173,1473.84760509
2025-12-07T23:47:11.876922,1472.48827141
2025-12-07T23:48:13.058466,1471.94578021
2025-12-07T23:49:14.335913,1472.71871773
2025-12-07T23:50:15.573371,1470.04440728
2025-12-07T23:51:16.821375,1469.86059279
2025-12-07T23:52:18.062183,1468.75561002
2025-12-07T23:53:19.351325,1467.65796686
2025-12-07T23:54:20.605424,1466.61935845
2025-12-07T23:55:21.877378,1466.54796137
2025-12-07T23:56:23.117387,1467.09278083
2025-12-07T23:57:24.328818,1468.82938595
2025-12-07T23:58:25.589535,1470.05783624
2025-12-07T23:59:26.909395,1470.20650311
2025-12-08T00:00:28.144328,1469.41259233
2025-12-08T00:01:30.069364,1467.15095495
2025-12-08T00:02:31.314356,1467.60182961
2025-12-08T00:03:32.558323,1467.13775714
2025-12-08T00:04:33.749371,1465.00573656
2025-12-08T00:05:34.997370,1463.26956328
2025-12-08T00:06:36.181377,1463.89002802
2025-12-08T00:07:37.437334,1466.29697614
2025-12-08T00:08:38.736845,1466.42006641
2025-12-08T00:09:39.941383,1466.63586361
2025-12-08T00:10:41.190333,1464.21592468
2025-12-08T00:11:42.413380,1463.93454638
2025-12-08T00:12:43.649881,1464.42184471
2025-12-08T00:13:44.853414,1466.88199259
2025-12-08T00:14:46.126897,1468.76024431
2025-12-08T00:15:47.334397,1468.48403433
2025-12-08T00:16:48.581061,1466.46127213
2025-12-08T00:17:49.829360,1466.88076231
2025-12-08T00:18:51.093385,1464.51577514
2025-12-08T00:19:52.301371,1462.19498450
2025-12-08T00:20:53.553303,1463.66097496
2025-12-08T00:21:54.773386,1464.78080777
2025-12-08T00:22:55.981436,1465.62657647
2025-12-08T00:23:57.254005,1466.34800348
2025-12-08T00:24:58.494375,1466.38339256
2025-12-08T00:25:59.717421,1465.03624369
2025-12-08T00:27:00.981036,1466.44755495
2025-12-08T00:28:02.189379,1468.16711362
2025-12-08T00:29:03.451389,1467.53914143
2025-12-08T00:30:04.689136,1467.09945190
2025-12-08T00:31:05.917381,1467.73716746
2025-12-08T00:32:07.170410,1467.68699911
2025-12-08T00:33:08.447931,1465.08826317
2025-12-08T00:34:09.605373,1463.14843006
2025-12-08T00:35:10.845371,1461.78778519
2025-12-08T00:36:12.077371,1464.36115906
2025-12-08T00:37:13.307008,1463.51016952
2025-12-08T00:38:14.567368,1461.33258379
2025-12-08T00:39:15.823789,1461.40926477
2025-12-08T00:40:17.021376,1473.22825944
2025-12-08T00:41:18.274393,1478.30816318
2025-12-08T00:42:19.493378,1483.42149808
2025-12-08T00:43:20.671721,1484.11799961
2025-12-08T00:44:21.961127,1481.09873434
2025-12-08T00:45:23.277446,1481.42304484
2025-12-08T00:46:24.437406,1480.44469953
2025-12-08T00:47:25.692036,1480.14220394
2025-12-08T00:48:26.909374,1480.21359970
2025-12-08T00:49:28.157378,1482.42683260
2025-12-08T00:50:29.443156,1484.03362567
2025-12-08T00:51:30.694705,1480.82896173
2025-12-08T00:52:31.923703,1480.90842079
2025-12-08T00:53:33.181321,1480.09434452
2025-12-08T00:54:34.389371,1479.61565852
2025-12-08T00:55:35.624154,1480.48377027
2025-12-08T00:56:36.857309,1481.51391971
2025-12-08T00:57:38.061397,1480.53677742
2025-12-08T00:58:39.269375,1481.53317178
2025-12-08T00:59:40.533729,1480.91460639
2025-12-08T01:00:41.776701,1481.41978529
2025-12-08T01:01:43.657952,1478.50924044
2025-12-08T01:02:44.893889,1478.84230440
2025-12-08T01:03:46.140171,1480.07196731
2025-12-08T01:04:47.357648,1477.45231410
2025-12-08T01:05:48.614227,1477.20002726
2025-12-08T01:06:49.877382,1476.00474020
2025-12-08T01:07:51.125262,1477.37997578
2025-12-08T01:08:52.359893,1477.89564057
2025-12-08T01:09:53.621363,1473.92296634
2025-12-08T01:10:54.831781,1474.25068010
2025-12-08T01:11:56.061385,1474.01225424
2025-12-08T01:12:57.348485,1473.57016166
2025-12-08T01:13:58.545942,1473.01074391
2025-12-08T01:14:59.726264,1473.76851470
2025-12-08T01:16:01.058834,1472.33327259
2025-12-08T01:17:02.237388,1471.06754639
2025-12-08T01:18:03.503949,1473.02531260
2025-12-08T01:19:04.749375,1474.37011635
2025-12-08T01:20:05.957235,1472.77311738
2025-12-08T01:21:07.246351,1473.94097303
2025-12-08T01:22:08.453383,1475.23370311
2025-12-08T01:23:09.696049,1474.81051535
2025-12-08T01:24:10.901384,1475.44374534
2025-12-08T01:25:12.146217,1478.29526324
2025-12-08T01:26:13.397392,1478.61502270
2025-12-08T01:27:14.581389,1483.19911250
2025-12-08T01:28:15.741402,1485.58462165
2025-12-08T01:29:16.975447,1484.48972103
2025-12-08T01:30:18.239335,1486.94578287
2025-12-08T01:31:19.506382,1486.52348452
2025-12-08T01:32:20.717500,1485.68719350
2025-12-08T01:33:21.917382,1482.87377421
2025-12-08T01:34:23.092647,1482.29848986
2025-12-08T01:35:24.269434,1482.65056906
2025-12-08T01:36:25.550568,1477.14968643
2025-12-08T01:37:26.791773,1478.33621413
2025-12-08T01:38:28.014323,1478.29936603
2025-12-08T01:39:29.245376,1476.67562204
2025-12-08T01:40:30.525153,1475.08604084
2025-12-08T01:41:31.757381,1475.05517663
2025-12-08T01:42:32.979423,1477.91403956
2025-12-08T01:43:34.223418,1478.38247050
2025-12-08T01:44:35.477368,1478.03186269
2025-12-08T01:45:36.725379,1477.85182941
2025-12-08T01:46:38.000509,1478.73324395
2025-12-08T01:47:39.222911,1477.01575650
2025-12-08T01:48:40.445369,1478.21169210
2025-12-08T01:49:41.573373,1477.89331003
2025-12-08T01:50:42.834909,1479.58886078
2025-12-08T01:51:44.040297,1478.56016562
2025-12-08T01:52:45.326207,1481.68552649
2025-12-08T01:53:46.517605,1482.28873681
2025-12-08T01:54:47.773391,1480.15406307
2025-12-08T01:55:48.989372,1479.11610305
2025-12-08T01:56:50.204423,1479.67202599
2025-12-08T01:57:51.440685,1479.13710093
2025-12-08T01:58:52.727885,1478.65655642
2025-12-08T01:59:53.941598,1477.86750382
2025-12-08T02:00:55.125888,1476.27905861
2025-12-08T02:01:56.354031,1474.65930017
2025-12-08T02:02:57.586948,1468.81949980
2025-12-08T02:03:58.845046,1450.42387621
2025-12-08T02:05:00.065321,1455.42740917
2025-12-08T02:06:01.595545,1456.30468291
2025-12-08T02:07:02.837373,1453.26516386
2025-12-08T02:08:04.107334,1453.78520301
2025-12-08T02:09:05.300347,1453.12649857
2025-12-08T02:10:06.509404,1453.26181462
2025-12-08T02:11:07.785876,1451.27060576
2025-12-08T02:12:09.009707,1452.55984324
2025-12-08T02:13:10.253367,1458.15505119
2025-12-08T02:14:11.487238,1454.97740210
2025-12-08T02:15:12.725380,1454.94347148
2025-12-08T02:16:13.995122,1454.85060243
2025-12-08T02:17:15.230483,1456.78129055
2025-12-08T02:18:16.467779,1457.96317158
2025-12-08T02:19:17.709375,1456.76479181
2025-12-08T02:20:18.997861,1445.81855832
2025-12-08T02:21:20.213371,1442.09890041
2025-12-08T02:22:21.466554,1443.72024243
2025-12-08T02:23:22.716789,1439.32285376
2025-12-08T02:24:23.957385,1440.04817047
2025-12-08T02:25:25.245370,1433.05724397
2025-12-08T02:26:26.486680,1427.95008024
2025-12-08T02:27:27.678215,1426.29583478
2025-12-08T02:28:28.885367,1431.31447890
2025-12-08T02:29:30.070806,1429.05129884
2025-12-08T02:30:31.324878,1426.76012959
2025-12-08T02:31:32.564261,1407.81317316
2025-12-08T02:32:33.839338,1405.82321218
2025-12-08T02:33:35.039634,1410.85200450
2025-12-08T02:34:36.312055,1409.71616921
2025-12-08T02:35:37.556566,1405.28102709
2025-12-08T02:36:38.762517,1406.58003197
2025-12-08T02:37:39.959903,1404.48863107
2025-12-08T02:38:41.163116,1403.49804325
2025-12-08T02:39:42.378942,1403.99736266
2025-12-08T02:40:43.613368,1404.15879069
2025-12-08T02:41:44.871471,1404.78502412
2025-12-08T02:42:46.077384,1407.03628136
2025-12-08T02:43:47.285362,1406.40782909
2025-12-08T02:44:48.535559,1407.37888680
2025-12-08T02:45:49.741369,1407.13358974
2025-12-08T02:46:50.965351,1409.19194800
2025-12-08T02:47:52.149369,1410.36478493
2025-12-08T02:48:53.364635,1410.67152996
2025-12-08T02:49:54.595651,1411.03415427
2025-12-08T02:50:55.861373,1412.51511309
2025-12-08T02:51:57.076360,1412.16594834
2025-12-08T02:52:58.325406,1412.05157058
2025-12-08T02:53:59.549346,1412.71982052
2025-12-08T02:55:00.801751,1413.11491201
2025-12-08T02:56:02.069368,1413.06998085
2025-12-08T02:57:03.341456,1412.83789220
2025-12-08T02:58:04.600709,1411.74623911
2025-12-08T02:59:05.861381,1411.35205962
2025-12-08T03:00:07.112349,1411.14807843
2025-12-08T03:01:08.484264,1410.96483799
2025-12-08T03:02:09.716434,1407.53360095
2025-12-08T03:03:10.976908,1407.61759125
2025-12-08T03:04:12.205654,1407.02198607
2025-12-08T03:05:13.458679,1406.04722236
2025-12-08T03:06:14.653368,1403.66601663
2025-12-08T03:07:15.878967,1401.84995705
2025-12-08T03:08:17.109336,1401.07623364
2025-12-08T03:09:18.641587,1400.31753159
2025-12-08T03:10:19.825112,1402.39626444
2025-12-08T03:11:21.059106,1400.86307008
2025-12-08T03:12:22.297657,1400.86447331
2025-12-08T03:13:23.505136,1403.36739177
2025-12-08T03:14:24.716692,1402.10609370
2025-12-08T03:15:25.909394,1403.11459323
2025-12-08T03:16:27.093381,1404.70054572
2025-12-08T03:17:28.346500,1405.41198460
2025-12-08T03:18:29.599333,1404.69473184
2025-12-08T03:19:30.839125,1404.94203731
2025-12-08T03:20:32.029357,1404.64077566
2025-12-08T03:21:33.237418,1404.12970109
2025-12-08T03:22:34.453386,1401.44651285
2025-12-08T03:23:35.689019,1402.08282862
2025-12-08T03:24:36.940575,1401.31315848
2025-12-08T03:25:38.168905,1405.34700036
2025-12-08T03:26:39.422206,1405.30844888
2025-12-08T03:27:40.653394,1404.82764780
2025-12-08T03:28:41.869371,1404.65970964
2025-12-08T03:29:43.118165,1403.63854472
2025-12-08T03:30:44.370478,1402.86876064
2025-12-08T03:31:45.587352,1402.37250111
2025-12-08T03:32:46.841411,1402.87906258
2025-12-08T03:33:48.141965,1402.26825030
2025-12-08T03:34:49.393954,1401.39109187
2025-12-08T03:35:50.681700,1399.34380005
2025-12-08T03:36:51.962732,1398.06407629
2025-12-08T03:37:53.146134,1393.72888094
2025-12-08T03:38:54.389916,1391.92921629
2025-12-08T03:39:55.581364,1393.34760065
2025-12-08T03:40:56.820967,1393.56169080
2025-12-08T03:41:58.037365,1394.18906195
2025-12-08T03:42:59.282226,1395.14004384
2025-12-08T03:44:00.531518,1395.50479412
2025-12-08T03:45:01.828299,1397.29436726
2025-12-08T03:46:03.081453,1394.68050065
2025-12-08T03:47:04.269366,1392.93224440
2025-12-08T03:48:05.497349,1391.40210479
2025-12-08T03:49:06.757515,1392.76803332
2025-12-08T03:50:08.016489,1396.57254773
2025-12-08T03:51:09.263326,1398.49535095
2025-12-08T03:52:10.529243,1397.96049347
2025-12-08T03:53:11.728199,1399.19231831
2025-12-08T03:54:12.949376,1399.59456650
2025-12-08T03:55:14.204973,1404.03545311
2025-12-08T03:56:15.445374,1407.08620336
2025-12-08T03:57:16.660434,1407.73098706
2025-12-08T03:58:17.945143,1409.28321608
2025-12-08T03:59:19.170680,1410.03190920
2025-12-08T04:00:20.421379,1409.93875471
2025-12-08T04:01:22.359358,1412.37118399
2025-12-08T04:02:23.606032,1413.98395539
2025-12-08T04:03:24.885415,1412.90791731
2025-12-08T04:04:26.125781,1413.26045412
2025-12-08T04:05:27.410666,1412.64705803
2025-12-08T04:06:28.653364,1409.39493247
2025-12-08T04:07:29.877411,1416.38800465
2025-12-08T04:08:31.061351,1415.36292510
2025-12-08T04:09:32.312223,1415.88224333
2025-12-08T04:10:33.544811,1415.72872482
2025-12-08T04:11:34.829382,1413.71184412
2025-12-08T04:12:36.090543,1413.52383693
2025-12-08T04:13:37.341370,1413.28552533
2025-12-08T04:14:38.566023,1411.36413170
2025-12-08T04:15:39.794607,1411.52927969
2025-12-08T04:16:41.059015,1414.63546830
2025-12-08T04:17:42.295922,1415.26099178
2025-12-08T04:18:43.517499,1414.68581691
2025-12-08T04:19:44.749358,1413.77802725
2025-12-08T04:20:45.983560,1414.02140831
2025-12-08T04:21:47.181379,1416.74036490
2025-12-08T04:22:48.434517,1416.88682035
2025-12-08T04:23:49.589364,1416.60506813
2025-12-08T04:24:50.865413,1414.54770496
2025-12-08T04:25:52.116987,1413.06916465
2025-12-08T04:26:53.306258,1411.90248192
2025-12-08T04:27:54.593890,1410.18425289
2025-12-08T04:28:55.801095,1410.30433623
2025-12-08T04:29:57.021356,1408.21540073
2025-12-08T04:30:58.287801,1407.58558117
2025-12-08T04:31:59.533384,1406.77445194
2025-12-08T04:33:00.774641,1407.69356231
2025-12-08T04:34:02.088870,1409.15750933
2025-12-08T04:35:03.372938,1407.41625478
2025-12-08T04:36:04.557674,1407.78987881
2025-12-08T04:37:05.810970,1408.45537493
2025-12-08T04:38:07.061410,1409.02332956
2025-12-08T04:39:08.251584,1408.90736954
2025-12-08T04:40:09.497983,1410.39367798
2025-12-08T04:41:10.733377,1410.56354933
2025-12-08T04:42:11.938738,1412.86310853
2025-12-08T04:43:13.183985,1410.44240117
2025-12-08T04:44:14.397396,1409.70152248
2025-12-08T04:45:15.626597,1411.72147858
2025-12-08T04:46:16.909370,1410.44285554
2025-12-08T04:47:18.140166,1414.88751075
2025-12-08T04:48:19.364087,1415.84516801
2025-12-08T04:49:20.607151,1412.80645739
2025-12-08T04:50:21.853730,1412.34017138
2025-12-08T04:51:23.085346,1415.46038727
2025-12-08T04:52:24.367076,1414.79813587
2025-12-08T04:53:25.607547,1416.20003169
2025-12-08T04:54:26.836910,1416.47505820
2025-12-08T04:55:28.068986,1416.01256607
2025-12-08T04:56:29.261393,1414.53533318
2025-12-08T04:57:30.483933,1414.15983442
2025-12-08T04:58:31.736696,1416.53869981
2025-12-08T04:59:32.908606,1420.54314618
2025-12-08T05:00:34.280405,1419.21852927
2025-12-08T05:01:36.182237,1420.75293183
2025-12-08T05:02:37.423927,1419.35617657
2025-12-08T05:03:38.659393,1423.16696830
2025-12-08T05:04:39.904971,1423.33545505
2025-12-08T05:05:41.141357,1422.19848966
2025-12-08T05:06:42.381652,1423.00207595
2025-12-08T05:07:43.666620,1424.08990814
2025-12-08T05:08:44.885414,1427.85591991
2025-12-08T05:09:46.107258,1426.18417216
2025-12-08T05:10:47.390681,1427.80309391
2025-12-08T05:11:48.621353,1426.22901882
2025-12-08T05:12:49.773370,1425.11120086
2025-12-08T05:13:50.997355,1423.85722417
2025-12-08T05:14:52.218001,1425.18171209
2025-12-08T05:15:53.452105,1423.33470327
2025-12-08T05:16:54.714566,1425.33828604
2025-12-08T05:17:55.949361,1421.92179227
2025-12-08T05:18:57.169491,1422.48954106
2025-12-08T05:19:58.421153,1423.15944254
2025-12-08T05:20:59.605390,1420.36416442
2025-12-08T05:22:00.797375,1421.66818016
2025-12-08T05:23:02.037376,1423.73550151
2025-12-08T05:24:03.269388,1423.90298793
2025-12-08T05:25:04.466895,1430.62071351
2025-12-08T05:26:05.653371,1426.47416726
2025-12-08T05:27:06.905918,1428.03515353
2025-12-08T05:28:08.085363,1429.18194221
2025-12-08T05:29:09.269361,1428.84390367
2025-12-08T05:30:10.526045,1432.58900488
2025-12-08T05:31:11.749375,1434.98954489
2025-12-08T05:32:12.982117,1432.59807250
2025-12-08T05:33:14.240139,1432.23404053
2025-12-08T05:34:15.509447,1433.28732734
2025-12-08T05:35:16.747780,1430.62413187
2025-12-08T05:36:17.941359,1432.66636842
2025-12-08T05:37:19.181775,1433.14169409
2025-12-08T05:38:20.445397,1432.89786086
2025-12-08T05:39:21.729619,1434.59422520
2025-12-08T05:40:22.885377,1435.84940159
2025-12-08T05:41:24.109370,1435.08602615
2025-12-08T05:42:25.366453,1431.98051861
2025-12-08T05:43:26.601057,1430.43080531
2025-12-08T05:44:27.837385,1435.40601614
2025-12-08T05:45:29.059166,1434.84492303
2025-12-08T05:46:30.285365,1434.74646311
2025-12-08T05:47:31.466837,1433.89987196
2025-12-08T05:48:32.758025,1434.40618407
2025-12-08T05:49:33.949395,1439.32749900
2025-12-08T05:50:35.201222,1438.79753637
2025-12-08T05:51:36.405359,1437.99588343
2025-12-08T05:52:37.613365,1438.12990678
2025-12-08T05:53:38.837367,1436.89285490
2025-12-08T05:54:40.021488,1439.59073192
2025-12-08T05:55:41.222499,1439.42700471
2025-12-08T05:56:42.429369,1437.40077842
2025-12-08T05:57:43.685973,1439.44553741
2025-12-08T05:58:44.895924,1441.13372731
2025-12-08T05:59:46.138172,1445.03228588
2025-12-08T06:00:47.368134,1441.92177137
2025-12-08T06:01:48.564350,1442.56312844
2025-12-08T06:02:49.757349,1434.53272690
2025-12-08T06:03:50.949356,1431.72340361
2025-12-08T06:04:52.221111,1432.96783813
2025-12-08T06:05:53.421726,1435.56352706
2025-12-08T06:06:54.693809,1429.29559409
2025-12-08T06:07:55.921875,1427.09729576
2025-12-08T06:08:57.149385,1428.97343194
2025-12-08T06:09:58.416926,1431.78657865
2025-12-08T06:10:59.621343,1430.26892522
2025-12-08T06:12:00.981913,1431.52954865
2025-12-08T06:13:02.250881,1434.11685962
2025-12-08T06:14:03.469355,1434.58046996
2025-12-08T06:15:04.725368,1432.72457799
2025-12-08T06:16:05.973393,1433.67557353
2025-12-08T06:17:07.133391,1432.91498262
2025-12-08T06:18:08.405914,1431.65801518
2025-12-08T06:19:09.657747,1431.38089041
2025-12-08T06:20:10.864668,1432.36404548
2025-12-08T06:21:12.142701,1426.41443206
2025-12-08T06:22:13.397367,1422.55565432
2025-12-08T06:23:14.641375,1422.05704935
2025-12-08T06:24:15.884761,1418.55791427
2025-12-08T06:25:17.147942,1418.55936749
2025-12-08T06:26:18.325370,1415.65555216
2025-12-08T06:27:19.601633,1397.10053022
2025-12-08T06:28:20.885096,1384.14546470
2025-12-08T06:29:22.069357,1374.38643184
2025-12-08T06:30:23.357356,1376.98938494
2025-12-08T06:31:24.616223,1373.78501870
2025-12-08T06:32:25.837438,1372.12190625
2025-12-08T06:33:27.095762,1374.45499500
2025-12-08T06:34:28.301377,1376.73969868
2025-12-08T06:35:29.493377,1374.30252988
2025-12-08T06:36:30.747148,1371.31690462
2025-12-08T06:37:32.001160,1375.66864704
2025-12-08T06:38:33.210342,1374.03418648
2025-12-08T06:39:34.421370,1375.20266832
2025-12-08T06:40:35.645379,1372.81417535
2025-12-08T06:41:36.853372,1369.80105234
2025-12-08T06:42:38.037353,1366.71928922
2025-12-08T06:43:39.330295,1365.68810515
2025-12-08T06:44:40.525381,1366.23776330
2025-12-08T06:45:41.773370,1367.84401991
2025-12-08T06:46:43.004465,1363.27824253
2025-12-08T06:47:44.213368,1369.08674598
2025-12-08T06:48:45.482453,1372.09265859
2025-12-08T06:49:46.701399,1368.02123948
2025-12-08T06:50:47.893427,1363.87916956
2025-12-08T06:51:49.088070,1360.09282250
2025-12-08T06:52:50.343644,1348.11232640
2025-12-08T06:53:51.579755,1345.06400888
2025-12-08T06:54:52.837934,1347.78609906
2025-12-08T06:55:54.069347,1349.55745246
2025-12-08T06:56:55.295927,1343.83260002
2025-12-08T06:57:56.572551,1345.06346669
2025-12-08T06:58:57.877367,1343.61075334
2025-12-08T06:59:59.085812,1341.45695824
2025-12-08T07:01:00.688479,1343.02887634
2025-12-08T07:02:01.976244,1341.39013198
2025-12-08T07:03:03.133366,1337.58360672
2025-12-08T07:04:04.395489,1338.11659204
2025-12-08T07:05:05.646960,1333.09619699
2025-12-08T07:06:06.869442,1330.55771434
2025-12-08T07:07:08.127316,1331.35467873
2025-12-08T07:08:09.341367,1333.90640876
2025-12-08T07:09:10.522026,1336.63655204
2025-12-08T07:10:11.782862,1335.67384130
2025-12-08T07:11:13.036673,1335.49039691
2025-12-08T07:12:14.221372,1332.01760548
2025-12-08T07:13:15.477374,1334.21242457
2025-12-08T07:14:16.671477,1333.03188469
2025-12-08T07:15:17.907838,1333.66870760
2025-12-08T07:16:19.173014,1335.65254288
2025-12-08T07:17:20.429857,1335.67974907
2025-12-08T07:18:21.661372,1333.77318426
2025-12-08T07:19:22.814316,1336.13941146
2025-12-08T07:20:24.046584,1341.40826362
2025-12-08T07:21:25.273674,1339.56684526
2025-12-08T07:22:26.477368,1339.43015286
2025-12-08T07:23:27.706181,1337.83031684
2025-12-08T07:24:28.885378,1342.50736765
2025-12-08T07:25:30.150784,1340.89899842
2025-12-08T07:26:31.359566,1338.15460559
2025-12-08T07:27:32.586693,1336.97398467
2025-12-08T07:28:33.805372,1336.86337680
2025-12-08T07:29:35.056144,1335.96782860
2025-12-08T07:30:36.245370,1336.49298681
2025-12-08T07:31:37.469395,1335.56573075
2025-12-08T07:32:38.710411,1338.69608659
2025-12-08T07:33:39.894025,1337.37056375
2025-12-08T07:34:41.133367,1336.74776794
2025-12-08T07:35:42.384351,1337.32734984
2025-12-08T07:36:43.573794,1335.94835592
2025-12-08T07:37:44.789373,1336.95437401
2025-12-08T07:38:45.989610,1336.71773713
2025-12-08T07:39:47.157384,1337.22640576
2025-12-08T07:40:48.408914,1339.14710941
2025-12-08T07:41:49.613343,1339.47323235
2025-12-08T07:42:50.765369,1338.97994420
2025-12-08T07:43:52.043137,1337.99626342
2025-12-08T07:44:53.277493,1337.23645583
2025-12-08T07:45:54.537742,1334.85286119
2025-12-08T07:46:55.750747,1334.54772925
2025-12-08T07:47:56.986537,1333.87382656
2025-12-08T07:48:58.223028,1333.85037004
2025-12-08T07:49:59.446400,1334.74337332
2025-12-08T07:51:00.813381,1335.34642533
2025-12-08T07:52:02.005373,1337.94385869
2025-12-08T07:53:03.289821,1337.37213435
2025-12-08T07:54:04.565373,1338.79874134
2025-12-08T07:55:05.762568,1338.92125240
2025-12-08T07:56:06.989378,1338.21932490
2025-12-08T07:57:08.216118,1339.08246420
2025-12-08T07:58:09.435933,1338.54348210
2025-12-08T07:59:10.861379,1338.33401275
2025-12-08T08:00:12.101364,1337.59493585
2025-12-08T08:01:13.978423,1336.28086504
2025-12-08T08:02:15.234560,1337.75539893
2025-12-08T08:03:16.457946,1335.34164486
2025-12-08T08:04:17.696764,1334.56960225
2025-12-08T08:05:18.997357,1332.51757551
2025-12-08T08:06:20.181363,1332.38482533
2025-12-08T08:07:21.325355,1328.64630480
2025-12-08T08:08:22.581113,1329.99409467
2025-12-08T08:09:23.797364,1330.17589116
2025-12-08T08:10:24.989379,1330.89742480
2025-12-08T08:11:26.267151,1333.05948285
2025-12-08T08:12:27.524219,1334.89070338
2025-12-08T08:13:28.748961,1334.81044006
2025-12-08T08:14:29.961812,1335.73052727
2025-12-08T08:15:31.197958,1333.72390419
2025-12-08T08:16:32.405388,1336.62637646
2025-12-08T08:17:33.677395,1334.80268230
2025-12-08T08:18:34.877383,1334.25387995
2025-12-08T08:19:36.085377,1335.33426434
2025-12-08T08:20:37.328011,1335.31195634
2025-12-08T08:21:38.533757,1333.70899595
2025-12-08T08:22:39.757206,1332.04789168
2025-12-08T08:23:41.005381,1332.30872746
2025-12-08T08:24:42.262389,1333.45366463
2025-12-08T08:25:43.480619,1334.38368679
2025-12-08T08:26:44.669352,1335.16208596
2025-12-08T08:27:45.941352,1334.97561449
2025-12-08T08:28:47.181358,1334.13780959
2025-12-08T08:29:48.444473,1332.40260825
2025-12-08T08:30:49.685621,1332.51485149
2025-12-08T08:31:50.845382,1330.98071037
2025-12-08T08:32:52.087198,1329.18486184
2025-12-08T08:33:53.328610,1329.83606413
2025-12-08T08:34:54.509381,1331.44188489
2025-12-08T08:35:55.786606,1328.69650354
2025-12-08T08:36:57.021362,1328.73756249
2025-12-08T08:37:58.268458,1328.70380355
2025-12-08T08:38:59.499084,1330.15818076
2025-12-08T08:40:00.774136,1329.18868514
2025-12-08T08:41:02.035442,1325.55884939
2025-12-08T08:42:03.289200,1325.84035293
2025-12-08T08:43:04.541391,1324.96219863
2025-12-08T08:44:05.717381,1325.36687299
2025-12-08T08:45:06.922722,1326.76896603
2025-12-08T08:46:08.149381,1328.12542883
2025-12-08T08:47:09.279510,1330.04884725
2025-12-08T08:48:10.469403,1330.11975671
2025-12-08T08:49:11.701368,1328.93029855
2025-12-08T08:50:13.021369,1328.31986168
2025-12-08T08:51:14.189409,1328.38937166
2025-12-08T08:52:15.427944,1328.74974817
2025-12-08T08:53:16.623846,1328.68564922
2025-12-08T08:54:17.853387,1328.68038156
2025-12-08T08:55:19.061390,1328.06476290
2025-12-08T08:56:20.268526,1330.24045491
2025-12-08T08:57:21.493379,1331.28331390
2025-12-08T08:58:22.798059,1330.59292354
2025-12-08T08:59:24.044913,1332.05552794
2025-12-08T09:00:25.284516,1332.20717997
2025-12-08T09:01:27.197368,1332.48183821
2025-12-08T09:02:28.376041,1333.17054121
2025-12-08T09:03:29.621376,1332.87932633
2025-12-08T09:04:30.869367,1331.29982609
2025-12-08T09:05:32.107699,1332.65692989
2025-12-08T09:06:33.309464,1331.67879837
2025-12-08T09:07:34.555333,1331.81289305
2025-12-08T09:08:35.797378,1330.92706092
2025-12-08T09:09:37.059303,1330.40275608
2025-12-08T09:10:38.261367,1330.85037681
2025-12-08T09:11:39.477127,1331.14407146
2025-12-08T09:12:40.700145,1331.37484660
2025-12-08T09:13:41.964639,1332.08655149
2025-12-08T09:14:43.109376,1331.13946612
2025-12-08T09:15:44.356212,1331.54195828
2025-12-08T09:16:45.581374,1331.33225234
2025-12-08T09:17:46.821016,1330.98949757
2025-12-08T09:18:48.083623,1330.28598181
2025-12-08T09:19:49.333372,1331.30658440
2025-12-08T09:20:50.525361,1332.19295665
2025-12-08T09:21:51.750347,1332.21616264
2025-12-08T09:22:52.997373,1333.72179697
2025-12-08T09:23:54.212076,1332.71031315
2025-12-08T09:24:55.469702,1331.20845805
2025-12-08T09:25:56.708170,1331.34533430
2025-12-08T09:26:57.877627,1331.89689429
2025-12-08T09:27:59.061377,1328.80383032
2025-12-08T09:29:00.301601,1327.83962471
2025-12-08T09:30:01.501357,1327.69703638
2025-12-08T09:31:02.755714,1327.13454474
2025-12-08T09:32:04.013375,1327.83383437
2025-12-08T09:33:05.294476,1326.83655061
2025-12-08T09:34:06.537011,1326.39783548
2025-12-08T09:35:07.823596,1325.65742247
2025-12-08T09:36:09.091261,1324.34812929
2025-12-08T09:37:10.317504,1323.67499689
2025-12-08T09:38:11.549371,1325.59111990
2025-12-08T09:39:12.773342,1325.11887646
2025-12-08T09:40:13.967471,1323.20414427
2025-12-08T09:41:15.234879,1323.22808189
2025-12-08T09:42:16.405375,1324.55964010
2025-12-08T09:43:17.670766,1324.60657357
2025-12-08T09:44:18.877368,1323.93454242
2025-12-08T09:45:20.092759,1323.46868281
2025-12-08T09:46:21.280366,1322.58688355
2025-12-08T09:47:22.535482,1322.03271279
2025-12-08T09:48:23.693379,1323.22384342
2025-12-08T09:49:24.946934,1325.60843645
2025-12-08T09:50:26.138168,1326.46319721
2025-12-08T09:51:27.306304,1326.33570675
2025-12-08T09:52:28.508070,1325.66764787
2025-12-08T09:53:29.749373,1324.40348025
2025-12-08T09:54:30.943577,1325.20967767
2025-12-08T09:55:32.174297,1325.98446634
2025-12-08T09:56:33.411032,1325.30448327
2025-12-08T09:57:34.571307,1325.44335400
2025-12-08T09:58:35.770005,1324.03487340
2025-12-08T09:59:36.989374,1324.08266409
2025-12-08T10:00:38.265379,1322.08359994
2025-12-08T10:01:40.125372,1321.37626841
2025-12-08T10:02:41.360524,1322.38012977
2025-12-08T10:03:42.549374,1321.18147888
2025-12-08T10:04:43.789397,1322.25087195
2025-12-08T10:05:45.038998,1326.01180782
2025-12-08T10:06:46.225040,1323.58791037
2025-12-08T10:07:47.478346,1324.03673866
2025-12-08T10:08:48.723327,1324.33853358
2025-12-08T10:09:49.909368,1326.78131388
2025-12-08T10:10:51.151976,1326.03982758
2025-12-08T10:11:52.414510,1330.45799640
2025-12-08T10:12:53.597367,1330.63390782
2025-12-08T10:13:54.797382,1330.41631038
2025-12-08T10:14:56.021371,1332.11126025
2025-12-08T10:15:57.207535,1330.10584369
2025-12-08T10:16:58.445384,1333.16306978
2025-12-08T10:17:59.637372,1334.20865229
2025-12-08T10:19:00.830055,1335.41322148
2025-12-08T10:20:02.103778,1335.99080961
2025-12-08T10:21:03.388305,1336.99981637
2025-12-08T10:22:04.606984,1337.68717052
2025-12-08T10:23:05.888637,1336.01664763
2025-12-08T10:24:07.157389,1336.30206257
2025-12-08T10:25:08.377717,1337.18205416
2025-12-08T10:26:09.629424,1340.23579700
2025-12-08T10:27:10.856102,1340.52691813
2025-12-08T10:28:12.063545,1343.48144153
2025-12-08T10:29:13.301384,1342.82586675
2025-12-08T10:30:14.532205,1340.80865619
2025-12-08T10:31:15.745718,1345.98495729
2025-12-08T10:32:16.973381,1343.25612460
2025-12-08T10:33:18.211230,1342.23011633
2025-12-08T10:34:19.397455,1342.44200137
2025-12-08T10:35:20.622260,1345.48338002
2025-12-08T10:36:21.845367,1342.93588464
2025-12-08T10:37:23.058658,1342.84695761
2025-12-08T10:38:24.277364,1342.14492825
2025-12-08T10:39:25.458639,1343.89206560
2025-12-08T10:40:26.695510,1344.87637921
2025-12-08T10:41:27.917364,1346.00524928
2025-12-08T10:42:29.194099,1348.56473215
2025-12-08T10:43:30.389408,1349.60510425
2025-12-08T10:44:31.576895,1347.32919443
2025-12-08T10:45:32.789023,1347.51453644
2025-12-08T10:46:33.996142,1347.32650288
2025-12-08T10:47:35.228783,1351.49397228
2025-12-08T10:48:36.445382,1350.27887684
2025-12-08T10:49:37.621399,1351.50203970
2025-12-08T10:50:38.869383,1351.31521637
2025-12-08T10:51:40.064647,1352.22346158
2025-12-08T10:52:41.208041,1354.12795345
2025-12-08T10:53:42.434708,1353.16026520
2025-12-08T10:54:43.605369,1353.76073207
2025-12-08T10:55:44.837013,1352.97312017
2025-12-08T10:56:46.121545,1353.15706828
2025-12-08T10:57:47.365334,1353.02718984
2025-12-08T10:58:48.554290,1352.19804260
2025-12-08T10:59:49.781373,1350.91017328
2025-12-08T11:00:51.021005,1352.83873077
2025-12-08T11:01:52.192599,1353.95707192
2025-12-08T11:02:53.405394,1355.62143948
2025-12-08T11:03:54.632100,1355.28243095
2025-12-08T11:04:55.856628,1355.03593684
2025-12-08T11:05:57.078888,1354.41305907
2025-12-08T11:06:58.270829,1354.97027971
2025-12-08T11:07:59.508923,1355.13742749
2025-12-08T11:09:00.738197,1356.60391912
2025-12-08T11:10:01.973760,1360.77764687
2025-12-08T11:11:03.232372,1360.02301166
2025-12-08T11:12:04.493367,1358.67407854
2025-12-08T11:13:05.755160,1360.48785064
2025-12-08T11:14:06.965793,1359.25953661
2025-12-08T11:15:08.189376,1357.13705892
2025-12-08T11:16:09.496409,1354.60436415
2025-12-08T11:17:10.741535,1352.59818970
2025-12-08T11:18:11.949384,1352.75682670
2025-12-08T11:19:13.203632,1353.03833810
2025-12-08T11:20:14.461396,1354.22433937
2025-12-08T11:21:15.724972,1353.76275803
2025-12-08T11:22:16.989944,1355.07248814
2025-12-08T11:23:18.229341,1355.35467142
2025-12-08T11:24:19.442071,1356.69211002
2025-12-08T11:25:20.712436,1356.68521639
2025-12-08T11:26:21.895850,1355.91624329
2025-12-08T11:27:23.133351,1356.34948070
2025-12-08T11:28:24.349365,1355.29737776
2025-12-08T11:29:25.583362,1354.58433870
2025-12-08T11:30:26.818586,1355.09401572
2025-12-08T11:31:28.073687,1357.10893753
2025-12-08T11:32:29.279293,1359.06355586
2025-12-08T11:33:30.551404,1362.06321885
2025-12-08T11:34:31.837746,1362.16559068
2025-12-08T11:35:33.054935,1363.12734555
2025-12-08T11:36:34.261368,1366.38770640
2025-12-08T11:37:35.545984,1372.00354004
2025-12-08T11:38:36.776479,1370.44226545
2025-12-08T11:39:38.034510,1372.37925250
2025-12-08T11:40:39.272323,1368.22136681
2025-12-08T11:41:40.478354,1369.59716590
2025-12-08T11:42:42.069380,1368.82088595
2025-12-08T11:43:43.245370,1370.56917748
2025-12-08T11:44:44.465426,1369.94251580
2025-12-08T11:45:45.712088,1372.22009207
2025-12-08T11:46:46.953165,1370.75478369
2025-12-08T11:47:48.176740,1369.33004086
2025-12-08T11:48:49.421349,1369.38607576
2025-12-08T11:49:50.667353,1367.57132854
2025-12-08T11:50:51.861393,1366.65807485
2025-12-08T11:51:53.085396,1363.34435836
2025-12-08T11:52:54.293368,1364.28013392
2025-12-08T11:53:55.476232,1364.00994953
2025-12-08T11:54:56.768446,1364.18609095
2025-12-08T11:55:58.050055,1364.11931382
2025-12-08T11:56:59.261388,1364.12439104
2025-12-08T11:58:00.497668,1363.53152844
2025-12-08T11:59:01.739052,1362.30924125
2025-12-08T12:00:02.965348,1364.23808635
2025-12-08T12:01:04.243005,1364.21464471
2025-12-08T12:02:05.509483,1362.30397972
2025-12-08T12:03:06.721834,1359.98267814
2025-12-08T12:04:07.981378,1360.75953613
2025-12-08T12:05:09.210614,1359.22532901
2025-12-08T12:06:10.407404,1359.55185424
2025-12-08T12:07:11.709860,1359.87594980
2025-12-08T12:08:12.972621,1361.52207975
2025-12-08T12:09:14.197368,1360.87313348
2025-12-08T12:10:15.465331,1362.76579252
2025-12-08T12:11:16.685374,1362.82926328
2025-12-08T12:12:17.877381,1362.77949325
2025-12-08T12:13:19.149392,1364.83967205
2025-12-08T12:14:20.373366,1365.83817143
2025-12-08T12:15:21.602351,1367.38348739
2025-12-08T12:16:22.874065,1368.59577036
2025-12-08T12:17:24.101379,1367.87665622
2025-12-08T12:18:25.325373,1369.91030133
2025-12-08T12:19:26.549366,1368.16752402
2025-12-08T12:20:27.794706,1368.03719125
2025-12-08T12:21:28.989397,1368.55413408
2025-12-08T12:22:30.229673,1366.25549921
2025-12-08T12:23:31.494886,1363.64122091
2025-12-08T12:24:32.722667,1364.47313606
2025-12-08T12:25:33.973373,1365.94577030
2025-12-08T12:26:35.244834,1363.89314430
2025-12-08T12:27:36.405367,1364.72201857
2025-12-08T12:28:37.648705,1363.20322218
2025-12-08T12:29:38.932649,1362.40927309
2025-12-08T12:30:40.119181,1361.90773664
2025-12-08T12:31:41.341390,1361.62387758
2025-12-08T12:32:42.590231,1358.01152369
2025-12-08T12:33:43.827454,1358.81538466
2025-12-08T12:34:45.058899,1358.00751828
2025-12-08T12:35:46.322970,1358.01660084
2025-12-08T12:36:47.596200,1358.85521022
2025-12-08T12:37:48.821391,1358.18365644
2025-12-08T12:38:50.073469,1357.20306232
2025-12-08T12:39:51.352649,1354.87954210
2025-12-08T12:40:52.565373,1354.49346736
2025-12-08T12:41:53.829660,1356.99276254
2025-12-08T12:42:55.021346,1356.88888143
2025-12-08T12:43:56.200921,1357.04091107
2025-12-08T12:44:57.454066,1356.61652640
2025-12-08T12:45:58.713014,1359.24267385
2025-12-08T12:46:59.956584,1359.64133885
2025-12-08T12:48:01.181382,1357.76768046
2025-12-08T12:49:02.381428,1357.60323580
2025-12-08T12:50:03.651694,1359.12799801
2025-12-08T12:51:04.893365,1359.54567415
2025-12-08T12:52:06.101373,1361.52641057
2025-12-08T12:53:07.364225,1361.59646654
2025-12-08T12:54:08.661937,1361.93114355
2025-12-08T12:55:09.917389,1363.40469854
2025-12-08T12:56:11.167083,1363.75202606
2025-12-08T12:57:12.429405,1361.53217218
2025-12-08T12:58:13.645906,1361.52433158
2025-12-08T12:59:14.837386,1360.91249133
2025-12-08T13:00:16.068387,1360.85484617
2025-12-08T13:01:17.912378,1355.32572922
2025-12-08T13:02:19.212796,1353.33141504
2025-12-08T13:03:20.475104,1353.49602842
2025-12-08T13:04:21.734016,1352.56958931
2025-12-08T13:05:22.949382,1353.36313815
2025-12-08T13:06:24.209241,1353.51786518
2025-12-08T13:07:25.405376,1354.12361489
2025-12-08T13:08:26.581414,1356.80373837
2025-12-08T13:09:27.827663,1357.56923916
2025-12-08T13:10:29.059121,1358.97064361
2025-12-08T13:11:30.346869,1358.30148407
2025-12-08T13:12:31.581377,1355.51659819
2025-12-08T13:13:32.837397,1353.94424352
2025-12-08T13:14:34.093370,1349.67496749
2025-12-08T13:15:35.309392,1352.61974832
2025-12-08T13:16:36.524473,1352.60287193
2025-12-08T13:17:37.757371,1351.29126493
2025-12-08T13:18:39.033806,1354.65589177
2025-12-08T13:19:40.253371,1352.36923635
2025-12-08T13:20:41.512755,1352.83755155
2025-12-08T13:21:42.725373,1345.98118702
2025-12-08T13:22:43.925374,1344.99692397
2025-12-08T13:23:45.149614,1344.58335190
2025-12-08T13:24:46.397042,1349.26310713
2025-12-08T13:25:47.597373,1349.72238546
2025-12-08T13:26:48.853371,1349.97919469
2025-12-08T13:27:50.141342,1349.81238459
2025-12-08T13:28:51.373733,1347.12140027
2025-12-08T13:29:52.613367,1348.52680345
2025-12-08T13:30:53.845371,1349.74578818
2025-12-08T13:31:55.085377,1351.41173973
2025-12-08T13:32:56.316993,1351.04814799
2025-12-08T13:33:57.557367,1352.49710519
2025-12-08T13:34:58.773383,1350.97052762
2025-12-08T13:36:00.029393,1352.89901357
2025-12-08T13:37:01.289147,1353.77864883
2025-12-08T13:38:02.501366,1350.09183748
2025-12-08T13:39:03.813962,1350.24707525
2025-12-08T13:40:05.059013,1352.89161239
2025-12-08T13:41:06.324735,1353.43923127
2025-12-08T13:42:07.583321,1353.96153889
2025-12-08T13:43:08.877018,1352.41313579
2025-12-08T13:44:10.069361,1352.49052177
2025-12-08T13:45:11.318318,1352.57218826
2025-12-08T13:46:12.550396,1352.72898063
2025-12-08T13:47:13.778750,1353.72243027
2025-12-08T13:48:15.037316,1352.31111254
2025-12-08T13:49:16.245372,1351.10405703
2025-12-08T13:50:17.502580,1349.75904626
2025-12-08T13:51:18.685354,1352.56521821
2025-12-08T13:52:19.955560,1353.14692922
2025-12-08T13:53:21.142705,1350.78647556
2025-12-08T13:54:22.421404,1349.08283864
2025-12-08T13:55:23.673312,1350.34966234
2025-12-08T13:56:24.853370,1349.19879183
2025-12-08T13:57:26.138210,1347.68972902
2025-12-08T13:58:27.373370,1347.60215801
2025-12-08T13:59:28.610614,1346.48238314
2025-12-08T14:00:29.868617,1342.05838027
2025-12-08T14:01:31.813564,1341.28682976
2025-12-08T14:02:33.058416,1342.76616340
2025-12-08T14:03:34.314817,1344.22622169
2025-12-08T14:04:35.558912,1345.64840040
2025-12-08T14:05:36.837332,1346.89990389
2025-12-08T14:06:38.117383,1347.23749954
2025-12-08T14:07:39.395379,1345.99054302
2025-12-08T14:08:40.589386,1346.50691752
2025-12-08T14:09:41.861155,1346.41447922
2025-12-08T14:10:43.093366,1344.58713777
2025-12-08T14:11:44.319867,1346.76672628
2025-12-08T14:12:45.581387,1344.01662944
2025-12-08T14:13:46.829705,1343.16052573
2025-12-08T14:14:48.053771,1341.74188802
2025-12-08T14:15:49.309238,1341.52900408
2025-12-08T14:16:50.602832,1342.18641639
2025-12-08T14:17:51.849348,1340.36441776
2025-12-08T14:18:53.058640,1338.31525236
2025-12-08T14:19:54.261616,1340.73629896
2025-12-08T14:20:55.494062,1342.59438604
2025-12-08T14:21:56.677085,1344.92778120
2025-12-08T14:22:57.933375,1345.51737773
2025-12-08T14:23:59.183441,1348.47998815
2025-12-08T14:25:00.445370,1347.76038481
2025-12-08T14:26:01.756677,1348.88700611
2025-12-08T14:27:02.958335,1349.00195464
2025-12-08T14:28:04.210313,1349.08466966
2025-12-08T14:29:05.469549,1349.08750916
2025-12-08T14:30:06.677374,1348.73803219
2025-12-08T14:31:07.917380,1348.53456993
2025-12-08T14:32:09.167397,1345.29585772
2025-12-08T14:33:10.420823,1349.75520941
2025-12-08T14:34:11.645390,1351.54436738
2025-12-08T14:35:12.902992,1351.72972790
2025-12-08T14:36:14.140011,1347.86959512
2025-12-08T14:37:15.441628,1353.33893624
2025-12-08T14:38:16.797329,1350.47302481
2025-12-08T14:39:18.029375,1350.35850354
2025-12-08T14:40:19.319906,1347.64173440
2025-12-08T14:41:20.541376,1350.96986384
2025-12-08T14:42:21.693401,1347.74938109
2025-12-08T14:43:22.955770,1347.90011430
2025-12-08T14:44:24.205378,1345.64671313
2025-12-08T14:45:25.435817,1344.56027042
2025-12-08T14:46:26.681387,1341.04289377
2025-12-08T14:47:27.956620,1343.33906775
2025-12-08T14:48:29.192907,1348.85717914
2025-12-08T14:49:30.476853,1348.28782007
2025-12-08T14:50:31.775897,1351.51112235
2025-12-08T14:51:33.007309,1350.45017631
2025-12-08T14:52:34.253370,1349.27560785
2025-12-08T14:53:35.553778,1348.85041844
2025-12-08T14:54:36.757377,1350.74647858
2025-12-08T14:55:38.010506,1347.54583775
2025-12-08T14:56:39.222327,1348.65638888
2025-12-08T14:57:40.429366,1349.57841015
2025-12-08T14:58:41.676831,1346.55505496
2025-12-08T14:59:42.933375,1343.16228886
2025-12-08T15:00:44.173666,1343.50704747
2025-12-08T15:01:46.017383,1344.04925370
2025-12-08T15:02:47.229384,1341.56558767
2025-12-08T15:03:48.469764,1342.78569018
2025-12-08T15:04:49.739850,1342.19466291
2025-12-08T15:05:51.025065,1343.47562535
2025-12-08T15:06:52.253368,1338.45957584
2025-12-08T15:07:53.540850,1340.74778095
2025-12-08T15:08:54.840775,1346.16205952
2025-12-08T15:09:56.094069,1347.25656183
2025-12-08T15:10:57.380799,1345.34855410
2025-12-08T15:11:58.637366,1344.37608093
2025-12-08T15:12:59.861378,1347.77190537
2025-12-08T15:14:01.058908,1347.59990027
2025-12-08T15:15:02.301391,1346.65449265
2025-12-08T15:16:03.501381,1344.98557630
2025-12-08T15:17:04.788234,1343.30676093
2025-12-08T15:18:06.094907,1345.34673804
2025-12-08T15:19:07.325369,1347.60854866
2025-12-08T15:20:08.606807,1351.37549939
2025-12-08T15:21:09.845368,1351.45468474
2025-12-08T15:22:11.093372,1352.32871896
2025-12-08T15:23:12.349376,1355.28949454
2025-12-08T15:24:13.663951,1355.97585028
2025-12-08T15:25:14.901377,1353.77041073
2025-12-08T15:26:16.163574,1351.74091393
2025-12-08T15:27:17.373420,1353.37970185
2025-12-08T15:28:18.645314,1348.85755071
2025-12-08T15:29:19.893177,1348.09408583
2025-12-08T15:30:21.152221,1347.00021560
2025-12-08T15:31:22.397369,1346.88073489
2025-12-08T15:32:23.658497,1346.42795016
2025-12-08T15:33:24.885381,1344.00260576
2025-12-08T15:34:26.140157,1345.54729715
2025-12-08T15:35:27.413379,1348.94671290
2025-12-08T15:36:28.705305,1351.51003347
2025-12-08T15:37:29.928966,1349.19714721
2025-12-08T15:38:31.205446,1349.61195277
2025-12-08T15:39:32.445403,1352.10830272
2025-12-08T15:40:33.697128,1350.66020457
2025-12-08T15:41:34.970492,1351.62199785
2025-12-08T15:42:36.245383,1352.55908203
2025-12-08T15:43:37.469384,1354.34990031
2025-12-08T15:44:38.677369,1353.69696611
2025-12-08T15:45:39.925380,1352.92535256
2025-12-08T15:46:41.134318,1349.56646353
2025-12-08T15:47:42.431510,1348.75382471
2025-12-08T15:48:43.645400,1348.81928194
2025-12-08T15:49:44.853406,1351.74283750
2025-12-08T15:50:46.101387,1351.94224437
2025-12-08T15:51:47.309425,1351.52219067
2025-12-08T15:52:48.573017,1351.61507174
2025-12-08T15:53:49.821393,1350.55027817
2025-12-08T15:54:51.093453,1347.43478385
2025-12-08T15:55:52.277581,1348.53029308
2025-12-08T15:56:53.485394,1345.95928593
2025-12-08T15:57:54.709396,1341.34889254
2025-12-08T15:58:55.893374,1337.68403653
2025-12-08T15:59:57.139555,1341.22065538
2025-12-08T16:00:58.386727,1338.56603281
2025-12-08T16:01:59.632920,1340.90185652
2025-12-08T16:03:00.885372,1338.77986159
2025-12-08T16:04:02.173384,1337.29131526
2025-12-08T16:05:03.454247,1332.93032394
2025-12-08T16:06:04.685370,1334.39565416
2025-12-08T16:07:06.021330,1331.13598947
2025-12-08T16:08:07.256018,1332.70687967
2025-12-08T16:09:08.510911,1336.24136756
2025-12-08T16:10:09.790031,1336.85076281
2025-12-08T16:11:11.050756,1339.09268912
2025-12-08T16:12:12.325048,1343.45604021
2025-12-08T16:13:13.557371,1339.47703013
2025-12-08T16:14:14.733389,1338.87706318
2025-12-08T16:15:16.018049,1338.26785550
2025-12-08T16:16:17.228331,1339.45956895
2025-12-08T16:17:18.476908,1341.38495323
2025-12-08T16:18:19.745851,1342.83486285
2025-12-08T16:19:20.981381,1343.87468884
2025-12-08T16:20:22.214954,1341.93443439
2025-12-08T16:21:23.413385,1341.80840401
2025-12-08T16:22:24.724846,1340.71944700
2025-12-08T16:23:25.933370,1340.19561232
2025-12-08T16:24:27.200986,1336.73754676
2025-12-08T16:25:28.514191,1338.12953156
2025-12-08T16:26:29.717377,1333.09069615
2025-12-08T16:27:30.957373,1335.50382162
2025-12-08T16:28:32.204756,1334.15627071
2025-12-08T16:29:33.408372,1332.27695574
2025-12-08T16:30:34.661378,1330.64436970
2025-12-08T16:31:35.893369,1331.07220492
2025-12-08T16:32:37.133385,1333.19112732
2025-12-08T16:33:38.391911,1332.27066476
2025-12-08T16:34:39.605384,1330.31329415
2025-12-08T16:35:40.797400,1330.53402798
2025-12-08T16:36:42.069377,1332.26780263
2025-12-08T16:37:43.317375,1332.28860525
2025-12-08T16:38:44.547107,1332.52880443
2025-12-08T16:39:45.805220,1329.94956225
2025-12-08T16:40:47.061370,1330.98504319
2025-12-08T16:41:48.273146,1332.31658693
2025-12-08T16:42:49.573125,1332.42801486
2025-12-08T16:43:50.846330,1329.81421282
2025-12-08T16:44:52.076106,1329.88831186
2025-12-08T16:45:53.357396,1330.02368564
2025-12-08T16:46:54.632367,1328.42526271
2025-12-08T16:47:55.797372,1323.00593055
2025-12-08T16:48:57.059345,1322.62205824
2025-12-08T16:49:58.323042,1322.40578571
2025-12-08T16:50:59.533478,1317.97168414
2025-12-08T16:52:00.788480,1318.03805256
2025-12-08T16:53:02.114944,1317.62282788
2025-12-08T16:54:03.341381,1318.52125908
2025-12-08T16:55:04.649387,1317.16594214
2025-12-08T16:56:05.913835,1320.20428153
2025-12-08T16:57:07.161680,1317.51655049
2025-12-08T16:58:08.424958,1315.75644524
2025-12-08T16:59:09.680862,1314.38760002
2025-12-08T17:00:10.901378,1316.25221983
2025-12-08T17:01:12.508787,1315.02532420
2025-12-08T17:02:13.733392,1310.80207544
2025-12-08T17:03:14.971070,1307.28745463
2025-12-08T17:04:16.338926,1305.15132620
2025-12-08T17:05:17.620325,1305.26542211
2025-12-08T17:06:18.870911,1305.10539646
2025-12-08T17:07:20.149389,1304.73163874
2025-12-08T17:08:21.405377,1306.76302772
2025-12-08T17:09:22.637369,1307.25032414
2025-12-08T17:10:23.893420,1303.40913372
2025-12-08T17:11:25.189016,1305.58170757
2025-12-08T17:12:26.399965,1304.02027836
2025-12-08T17:13:27.659447,1302.68476760
2025-12-08T17:14:28.885421,1302.96837156
2025-12-08T17:15:30.138178,1302.11208093
2025-12-08T17:16:31.343370,1302.20056547
2025-12-08T17:17:32.604104,1302.54581320
2025-12-08T17:18:33.850989,1301.85785312
2025-12-08T17:19:35.125359,1303.22058398
2025-12-08T17:20:36.395309,1302.58827500
2025-12-08T17:21:37.557376,1315.39762502
2025-12-08T17:22:38.781373,1311.12963567
2025-12-08T17:23:39.992891,1312.44977867
2025-12-08T17:24:41.214537,1310.33906578
2025-12-08T17:25:42.445378,1311.28290717
2025-12-08T17:26:43.733434,1310.92789668
2025-12-08T17:27:44.951227,1310.82632007
2025-12-08T17:28:46.214816,1310.80485134
2025-12-08T17:29:47.469377,1307.62947713
2025-12-08T17:30:48.687330,1308.54729555
2025-12-08T17:31:49.909381,1310.67162558
2025-12-08T17:32:51.133394,1310.29948247
2025-12-08T17:33:52.307300,1310.40614016
2025-12-08T17:34:53.586131,1308.69322992
2025-12-08T17:35:54.798258,1309.68312578
2025-12-08T17:36:56.016477,1308.99123707
2025-12-08T17:37:57.260228,1307.91950928
2025-12-08T17:38:58.538322,1306.56998005
2025-12-08T17:39:59.717376,1308.07220183
2025-12-08T17:41:01.041819,1307.37082418
2025-12-08T17:42:02.325500,1307.50204842
2025-12-08T17:43:03.558595,1307.70042541
2025-12-08T17:44:04.845373,1307.25290915
2025-12-08T17:45:06.088508,1306.01265301
2025-12-08T17:46:07.292940,1305.42228938
2025-12-08T17:47:08.509389,1305.55548250
2025-12-08T17:48:09.796016,1305.15013407
2025-12-08T17:49:11.021377,1306.85986871
2025-12-08T17:50:12.287895,1308.21551812
2025-12-08T17:51:13.493388,1310.12596973
2025-12-08T17:52:14.685391,1308.78856429
2025-12-08T17:53:15.918609,1309.04734723
2025-12-08T17:54:17.192485,1309.51714932
2025-12-08T17:55:18.349394,1311.31343168
2025-12-08T17:56:19.823656,1311.70805302
2025-12-08T17:57:21.058718,1311.62352271
2025-12-08T17:58:22.293394,1310.79909139
2025-12-08T17:59:23.551201,1310.82475528
2025-12-08T18:00:24.817367,1313.51254732
2025-12-08T18:01:26.027312,1312.60455325
2025-12-08T18:02:27.279860,1312.48169859
2025-12-08T18:03:28.539326,1311.16146108
2025-12-08T18:04:29.757391,1310.25719583
2025-12-08T18:05:31.026297,1310.08706149
2025-12-08T18:06:32.269425,1309.23708540
2025-12-08T18:07:33.421637,1310.13464917
2025-12-08T18:08:34.645475,1309.50365875
2025-12-08T18:09:35.893377,1311.76016783
2025-12-08T18:10:37.120508,1311.42440491
2025-12-08T18:11:38.354304,1310.15457558
2025-12-08T18:12:39.597386,1311.42733151
2025-12-08T18:13:40.820736,1314.45193983
2025-12-08T18:14:42.050480,1315.60670274
2025-12-08T18:15:43.261496,1315.83855188
2025-12-08T18:16:44.488402,1314.85682831
2025-12-08T18:17:45.773366,1315.72177487
2025-12-08T18:18:47.024353,1315.05338505
2025-12-08T18:19:48.173375,1314.12848245
2025-12-08T18:20:49.431077,1313.93905372
2025-12-08T18:21:50.645377,1314.84494937
2025-12-08T18:22:51.861382,1316.93496392
2025-12-08T18:23:53.101386,1317.31459703
2025-12-08T18:24:54.361009,1319.11092906
2025-12-08T18:25:55.541377,1318.87633211
2025-12-08T18:26:56.765369,1319.22895546
2025-12-08T18:27:58.061387,1318.51734673
2025-12-08T18:28:59.277380,1317.84783700
2025-12-08T18:30:00.533382,1318.14616966
2025-12-08T18:31:01.786390,1317.97006429
2025-12-08T18:32:03.042472,1315.75554367
2025-12-08T18:33:04.301369,1314.31913201
2025-12-08T18:34:05.597563,1315.06579291
2025-12-08T18:35:06.813378,1316.04640967
2025-12-08T18:36:08.103303,1314.72227179
2025-12-08T18:37:09.325390,1315.44487543
2025-12-08T18:38:10.565326,1315.79111913
2025-12-08T18:39:11.838369,1317.38770124
2025-12-08T18:40:13.058928,1316.99305475
2025-12-08T18:41:14.281848,1317.46138857
2025-12-08T18:42:15.501386,1316.46550377
2025-12-08T18:43:16.765988,1318.99729827
2025-12-08T18:44:18.011320,1318.66692315
2025-12-08T18:45:19.241377,1318.25471547
2025-12-08T18:46:20.525403,1321.29370751
2025-12-08T18:47:21.749371,1325.57876709
2025-12-08T18:48:23.026217,1325.63775391
2025-12-08T18:49:24.245377,1324.89101577
2025-12-08T18:50:25.491312,1328.73724470
2025-12-08T18:51:26.731218,1328.21460312
2025-12-08T18:52:27.988967,1331.38268161
2025-12-08T18:53:29.149375,1329.26725083
2025-12-08T18:54:30.365382,1329.31313364
2025-12-08T18:55:31.591602,1331.24594715
2025-12-08T18:56:32.808823,1330.50961485
2025-12-08T18:57:34.085375,1330.13200475
2025-12-08T18:58:35.362948,1330.70934564
2025-12-08T18:59:36.613990,1330.58590218
2025-12-08T19:00:37.841735,1333.31207531
2025-12-08T19:01:39.772583,1340.14989279
2025-12-08T19:02:40.981373,1339.12846572
2025-12-08T19:03:42.260507,1340.81750156
2025-12-08T19:04:43.554546,1341.53862942
2025-12-08T19:05:44.762918,1342.12750599
2025-12-08T19:06:46.005612,1339.21219770
2025-12-08T19:07:47.211012,1341.98077921
2025-12-08T19:08:48.479813,1341.78065539
2025-12-08T19:09:49.725384,1341.38469611
2025-12-08T19:10:50.901345,1338.20198782
2025-12-08T19:11:52.085376,1336.47291204
2025-12-08T19:12:53.340999,1335.47095233
2025-12-08T19:13:54.581389,1337.59754467
2025-12-08T19:14:55.844207,1338.99813142
2025-12-08T19:15:57.059033,1341.90039565
2025-12-08T19:16:58.261414,1344.15181135
2025-12-08T19:17:59.497312,1344.98119858
2025-12-08T19:19:00.693385,1348.44207612
2025-12-08T19:20:02.002049,1347.37215062
2025-12-08T19:21:03.189383,1349.52670573
2025-12-08T19:22:04.437377,1350.44610377
2025-12-08T19:23:05.685377,1350.10466888
2025-12-08T19:24:06.930052,1351.58970944
2025-12-08T19:25:08.232499,1349.70840334
2025-12-08T19:26:09.464347,1351.09988097
2025-12-08T19:27:10.692498,1349.32519706
2025-12-08T19:28:11.917429,1347.79564716
2025-12-08T19:29:13.168481,1347.28713374
2025-12-08T19:30:14.405299,1347.24664709
2025-12-08T19:31:15.655145,1348.12934078
2025-12-08T19:32:16.853379,1349.93442083
2025-12-08T19:33:18.081038,1347.88777114
2025-12-08T19:34:19.355763,1348.08241221
2025-12-08T19:35:20.597449,1349.65571951
2025-12-08T19:36:21.816183,1352.42667792
2025-12-08T19:37:23.081003,1355.29507501
2025-12-08T19:38:24.298168,1352.49418356
2025-12-08T19:39:25.515446,1353.69060621
2025-12-08T19:40:26.773391,1352.54907609
2025-12-08T19:41:28.021390,1352.44307572
2025-12-08T19:42:29.235627,1356.68504362
2025-12-08T19:43:30.519687,1358.62494032
2025-12-08T19:44:31.788489,1357.48341381
2025-12-08T19:45:33.005393,1356.77248456
2025-12-08T19:46:34.317353,1354.17556055
2025-12-08T19:47:35.573380,1356.37153329
2025-12-08T19:48:36.824468,1357.46666926
2025-12-08T19:49:38.108294,1356.30543026
2025-12-08T19:50:39.341368,1353.89915745
2025-12-08T19:51:40.597604,1353.87930934
2025-12-08T19:52:41.849835,1353.37150474
2025-12-08T19:53:43.156209,1351.04008569
2025-12-08T19:54:44.381646,1350.51894513
2025-12-08T19:55:45.646374,1350.76246308
2025-12-08T19:56:46.853383,1351.75174800
2025-12-08T19:57:48.109190,1351.60721146
2025-12-08T19:58:49.373945,1350.26517565
2025-12-08T19:59:50.647109,1348.96124929
2025-12-08T20:00:51.797503,1346.22327115
2025-12-08T20:01:53.058498,1346.78389869
2025-12-08T20:02:54.367950,1349.23012662
2025-12-08T20:03:55.565403,1350.62443279
2025-12-08T20:04:56.831007,1349.43467035
2025-12-08T20:05:58.101366,1348.41289567
2025-12-08T20:06:59.353994,1350.68682665
2025-12-08T20:08:00.597374,1350.06201539
2025-12-08T20:09:01.845384,1350.50956425
2025-12-08T20:10:03.083688,1349.76704049
2025-12-08T20:11:04.337735,1349.49978842
2025-12-08T20:12:05.613354,1349.30721453
2025-12-08T20:13:06.862231,1350.63689966
2025-12-08T20:14:08.117369,1348.48095178
2025-12-08T20:15:09.403966,1348.24281529
2025-12-08T20:16:10.589386,1349.44152033
2025-12-08T20:17:11.803369,1351.88435216
2025-12-08T20:18:13.044585,1352.85374170
2025-12-08T20:19:14.280602,1355.02014071
2025-12-08T20:20:15.577579,1355.58198704
2025-12-08T20:21:16.876211,1357.53595451
2025-12-08T20:22:18.100215,1357.86483028
2025-12-08T20:23:19.326342,1355.24659153
2025-12-08T20:24:20.570227,1356.13318160
2025-12-08T20:25:21.792593,1353.91286207
2025-12-08T20:26:23.050137,1352.88329622
2025-12-08T20:27:24.272599,1354.04843662
2025-12-08T20:28:25.489102,1353.40831593
2025-12-08T20:29:26.761555,1353.42141243
2025-12-08T20:30:28.013399,1353.13467675
2025-12-08T20:31:29.210170,1354.35463618
2025-12-08T20:32:30.476900,1353.82668463
2025-12-08T20:33:31.781245,1353.64209704
2025-12-08T20:34:32.988160,1353.49030866
2025-12-08T20:35:34.236801,1356.13955039
2025-12-08T20:36:35.513200,1356.46301497
2025-12-08T20:37:36.729314,1355.69137696
2025-12-08T20:38:37.952347,1352.24577794
2025-12-08T20:39:39.202475,1352.77289927
2025-12-08T20:40:40.445493,1351.05424568
2025-12-08T20:41:41.717362,1350.92636521
2025-12-08T20:42:42.957338,1351.39084439
2025-12-08T20:43:44.189962,1349.86577954
2025-12-08T20:44:45.389485,1350.80421811
2025-12-08T20:45:46.655344,1351.47980043
2025-12-08T20:46:47.852933,1347.58367515
2025-12-08T20:47:49.059267,1344.99693021
2025-12-08T20:48:50.317626,1344.36392796
2025-12-08T20:49:51.528920,1345.73003165
2025-12-08T20:50:52.785461,1349.45763097
2025-12-08T20:51:54.050871,1354.07750727
2025-12-08T20:52:55.229402,1353.73864631
2025-12-08T20:53:56.437390,1353.79593730
2025-12-08T20:54:57.699476,1352.66247513
2025-12-08T20:55:58.869381,1353.75374676
2025-12-08T20:57:00.091952,1357.18015775
2025-12-08T20:58:01.375939,1355.51924602
2025-12-08T20:59:02.620924,1354.92923193
2025-12-08T21:00:03.843376,1358.30160208
2025-12-08T21:01:05.123470,1357.92976233
2025-12-08T21:02:06.366738,1358.10593984
2025-12-08T21:03:07.629853,1358.59221377
2025-12-08T21:04:08.906136,1358.98015101
2025-12-08T21:05:10.138201,1360.93700995
2025-12-08T21:06:11.405375,1358.00538465
2025-12-08T21:07:12.671977,1359.81690646
2025-12-08T21:08:13.845411,1359.84916313
2025-12-08T21:09:15.093371,1361.67731799
2025-12-08T21:10:16.345173,1362.66921300
2025-12-08T21:11:17.587219,1364.12140910
2025-12-08T21:12:18.821376,1366.57077420
2025-12-08T21:13:20.078806,1366.49099691
2025-12-08T21:14:21.288581,1366.38819228
2025-12-08T21:15:22.581382,1368.01127735
2025-12-08T21:16:23.805395,1364.78081770
2025-12-08T21:17:25.059331,1366.72401352
2025-12-08T21:18:26.308818,1367.92688044
2025-12-08T21:19:27.567058,1369.23449374
2025-12-08T21:20:28.828527,1365.33815575
2025-12-08T21:21:30.105111,1366.26469551
2025-12-08T21:22:31.341377,1365.35597910
2025-12-08T21:23:32.493395,1368.15114874
2025-12-08T21:24:33.751808,1368.58008510
2025-12-08T21:25:34.964021,1369.22957145
2025-12-08T21:26:36.181353,1369.67020158
2025-12-08T21:27:37.430316,1373.06692161
2025-12-08T21:28:38.669379,1372.01913199
2025-12-08T21:29:39.861402,1373.78418173
2025-12-08T21:30:41.069363,1370.67874162
2025-12-08T21:31:42.302795,1371.62128464
2025-12-08T21:32:43.541390,1373.94825004
2025-12-08T21:33:44.775293,1373.20115956
2025-12-08T21:34:45.995393,1373.82293119
2025-12-08T21:35:47.150358,1374.80672909
2025-12-08T21:36:48.367359,1374.49204608
2025-12-08T21:37:49.630079,1374.63911850
2025-12-08T21:38:50.873632,1376.33652087
2025-12-08T21:39:52.085376,1375.54160686
2025-12-08T21:40:53.333363,1377.38681268
2025-12-08T21:41:54.477370,1377.24769493
2025-12-08T21:42:55.702163,1377.52319910
2025-12-08T21:43:56.979774,1378.94662471
2025-12-08T21:44:58.197381,1378.46104251
2025-12-08T21:45:59.448903,1378.89677959
2025-12-08T21:47:00.724336,1379.60281146
2025-12-08T21:48:01.987414,1380.53586381
2025-12-08T21:49:03.271946,1378.54905147
2025-12-08T21:50:04.524747,1379.10036414
2025-12-08T21:51:05.731065,1378.42874704
2025-12-08T21:52:06.933387,1378.09629376
2025-12-08T21:53:08.190327,1376.45436730
2025-12-08T21:54:09.341372,1376.67144886
2025-12-08T21:55:10.615179,1376.86282758
2025-12-08T21:56:11.853384,1378.78846583
2025-12-08T21:57:13.058543,1379.38913059
2025-12-08T21:58:14.321745,1371.45691767
2025-12-08T21:59:15.509386,1371.88901367
2025-12-08T22:00:16.739504,1372.54967882
2025-12-08T22:01:18.653373,1370.89885760
2025-12-08T22:02:19.861427,1370.40724311
2025-12-08T22:03:21.120423,1374.43064045
2025-12-08T22:04:22.403457,1372.51446222
2025-12-08T22:05:23.672838,1372.54916731
2025-12-08T22:06:24.884387,1366.74199516
2025-12-08T22:07:26.140171,1365.83923903
2025-12-08T22:08:27.408390,1364.32059784
2025-12-08T22:09:28.658437,1365.03125837
2025-12-08T22:10:29.919775,1364.96490416
2025-12-08T22:11:31.195418,1363.52273699
2025-12-08T22:12:32.365400,1363.23822956
2025-12-08T22:13:33.589379,1361.50567937
2025-12-08T22:14:34.837384,1364.68844925
2025-12-08T22:15:36.095602,1364.69338313
2025-12-08T22:16:37.371318,1364.68991720
2025-12-08T22:17:38.653008,1365.42741006
2025-12-08T22:18:39.893402,1362.36444839
2025-12-08T22:19:41.155188,1361.37780641
2025-12-08T22:20:42.413382,1364.13941639
2025-12-08T22:21:43.636338,1360.93894855
2025-12-08T22:22:44.861394,1358.14288849
2025-12-08T22:23:46.077376,1356.99305046
2025-12-08T22:24:47.324309,1360.12934630
2025-12-08T22:25:48.571124,1362.21890489
2025-12-08T22:26:49.805372,1358.98247341
2025-12-08T22:27:50.997392,1360.41933299
2025-12-08T22:28:52.253397,1361.55910280
2025-12-08T22:29:53.541225,1359.89828743
2025-12-08T22:30:54.749390,1360.21922038
2025-12-08T22:31:56.030869,1360.64524115
2025-12-08T22:32:57.277371,1360.70547035
2025-12-08T22:33:58.512148,1356.89553025
2025-12-08T22:34:59.786113,1353.87368493
2025-12-08T22:36:01.059264,1348.47445384
2025-12-08T22:37:02.288067,1347.72800829
2025-12-08T22:38:03.561401,1345.89524300
2025-12-08T22:39:04.840756,1341.99182201
2025-12-08T22:40:06.048684,1342.69397340
2025-12-08T22:41:07.320604,1341.70461067
2025-12-08T22:42:08.533369,1343.55108172
2025-12-08T22:43:09.750402,1343.35039607
2025-12-08T22:44:10.965415,1340.02706600
2025-12-08T22:45:12.273170,1338.19918688
2025-12-08T22:46:13.501482,1339.44912696
2025-12-08T22:47:14.774258,1341.52832151
2025-12-08T22:48:16.013389,1341.78705357
2025-12-08T22:49:17.174203,1340.89397692
2025-12-08T22:50:18.453371,1345.64902858
2025-12-08T22:51:19.704379,1341.67127004
2025-12-08T22:52:20.885423,1339.34975605
2025-12-08T22:53:22.126226,1338.19911084
2025-12-08T22:54:23.403944,1337.63719789
2025-12-08T22:55:24.614449,1337.40522176
2025-12-08T22:56:25.845382,1342.75463708
2025-12-08T22:57:27.061383,1344.69378900
2025-12-08T22:58:28.245399,1347.03955421
2025-12-08T22:59:29.462188,1346.74608515
2025-12-08T23:00:30.719364,1345.48400293
2025-12-08T23:01:32.606607,1351.17365743
2025-12-08T23:02:33.877475,1350.40871617
2025-12-08T23:03:35.125362,1348.27940905
2025-12-08T23:04:36.378294,1349.22765232
2025-12-08T23:05:37.634972,1347.62764011
2025-12-08T23:06:38.933386,1347.67526198
2025-12-08T23:07:40.138636,1346.19473861
2025-12-08T23:08:41.341398,1344.94768496
2025-12-08T23:09:42.637332,1345.97216282
2025-12-08T23:10:43.853434,1345.45477114
2025-12-08T23:11:45.138204,1344.10837549
2025-12-08T23:12:46.366313,1344.63711398
2025-12-08T23:13:47.581438,1342.78579807
2025-12-08T23:14:48.853378,1342.13459790
2025-12-08T23:15:50.128722,1343.31027811
2025-12-08T23:16:51.373158,1342.53825215
2025-12-08T23:17:52.613374,1344.12989676
2025-12-08T23:18:53.883327,1346.29745917
2025-12-08T23:19:55.053406,1347.57474518
2025-12-08T23:20:56.333327,1347.47856313
2025-12-08T23:21:57.584325,1347.81221991
2025-12-08T23:22:58.813978,1348.28638101
2025-12-08T23:24:00.077389,1348.93150489
2025-12-08T23:25:01.427127,1349.09300450
2025-12-08T23:26:02.709385,1346.22766104
2025-12-08T23:27:03.950320,1344.42605214
2025-12-08T23:28:05.205378,1344.01284411
2025-12-08T23:29:06.406167,1343.26057208
2025-12-08T23:30:07.637379,1344.51495421
2025-12-08T23:31:08.885386,1345.47899810
2025-12-08T23:32:10.140173,1343.93666908
2025-12-08T23:33:11.381367,1342.26531955
2025-12-08T23:34:12.565412,1340.36010103
2025-12-08T23:35:13.732513,1344.70497336
2025-12-08T23:36:14.948510,1344.36551062
2025-12-08T23:37:16.210349,1344.69799271
2025-12-08T23:38:17.450691,1345.46367845
2025-12-08T23:39:18.719719,1347.32219555
2025-12-08T23:40:20.034552,1345.55825777
2025-12-08T23:41:21.249894,1344.10384061
2025-12-08T23:42:22.485358,1344.74803732
2025-12-08T23:43:23.732697,1345.45186290
2025-12-08T23:44:24.989392,1345.56134706
2025-12-08T23:45:26.237424,1342.11109861
2025-12-08T23:46:27.502378,1342.61287667
2025-12-08T23:47:28.709389,1341.59194003
2025-12-08T23:48:29.982587,1345.39660217
2025-12-08T23:49:31.229192,1345.09035661
2025-12-08T23:50:32.452107,1345.09509961
2025-12-08T23:51:33.717394,1343.55823059
2025-12-08T23:52:34.998896,1344.16468289
2025-12-08T23:53:36.239327,1343.40358524
2025-12-08T23:54:37.494300,1340.34993201
2025-12-08T23:55:38.791632,1337.90408658
2025-12-08T23:56:40.043550,1332.05913190
2025-12-08T23:57:41.290990,1333.79394767
2025-12-08T23:58:42.557381,1334.80668595
2025-12-08T23:59:43.752793,1334.50164895
2025-12-09T00:00:44.987430,1332.17449628
2025-12-09T00:01:46.755134,1332.27381867
2025-12-09T00:02:48.005379,1333.62418660
2025-12-09T00:03:49.226630,1333.07567982
2025-12-09T00:04:50.475089,1331.82550112
2025-12-09T00:05:51.648922,1333.82052459
2025-12-09T00:06:52.885375,1330.74906561
2025-12-09T00:07:54.140168,1332.68685127
2025-12-09T00:08:55.319005,1332.35077965
2025-12-09T00:09:56.565410,1331.55550832
2025-12-09T00:10:57.815814,1333.57892501
2025-12-09T00:11:59.005641,1334.55858734
2025-12-09T00:13:00.270946,1335.86149958
2025-12-09T00:14:01.517374,1337.97750380
2025-12-09T00:15:02.767897,1338.55957718
2025-12-09T00:16:03.981381,1338.82417395
2025-12-09T00:17:05.237382,1336.51632729
2025-12-09T00:18:06.479588,1335.80918769
2025-12-09T00:19:07.747817,1335.22278562
2025-12-09T00:20:09.053382,1337.04131521
2025-12-09T00:21:10.339096,1336.50757950
2025-12-09T00:22:11.650614,1335.58070254
2025-12-09T00:23:12.925518,1335.93370081
2025-12-09T00:24:14.165370,1334.20907678
2025-12-09T00:25:15.424263,1332.16479625
2025-12-09T00:26:16.683807,1331.07413699
2025-12-09T00:27:17.918009,1329.90131326
2025-12-09T00:28:19.157395,1329.56408695
2025-12-09T00:29:20.405380,1329.98992393
2025-12-09T00:30:21.639800,1331.01408236
2025-12-09T00:31:22.925122,1328.45795717
2025-12-09T00:32:24.213461,1327.68475645
2025-12-09T00:33:25.445318,1329.92726328
2025-12-09T00:34:26.711988,1332.05351919
2025-12-09T00:35:27.957371,1329.93902297
2025-12-09T00:36:29.170575,1326.34267279
2025-12-09T00:37:30.458407,1329.09635704
2025-12-09T00:38:31.701378,1327.92646519
2025-12-09T00:39:32.901450,1328.31190364
2025-12-09T00:40:34.173372,1326.29164577
2025-12-09T00:41:35.394667,1323.38983930
2025-12-09T00:42:36.582416,1323.78657187
2025-12-09T00:43:37.854557,1321.88990895
2025-12-09T00:44:39.142780,1323.65683602
2025-12-09T00:45:40.349373,1322.73574258
2025-12-09T00:46:41.620324,1323.55112001
2025-12-09T00:47:42.861380,1322.63475047
2025-12-09T00:48:44.106773,1324.06097859
2025-12-09T00:49:45.365379,1324.63255438
2025-12-09T00:50:46.625868,1327.51534377
2025-12-09T00:51:47.837383,1326.24133635
2025-12-09T00:52:49.058478,1326.32968886
2025-12-09T00:53:50.309387,1326.03563125
2025-12-09T00:54:51.549394,1329.26313316
2025-12-09T00:55:52.779305,1329.87236850
2025-12-09T00:56:54.036098,1331.92556744
2025-12-09T00:57:55.213403,1332.01101884
2025-12-09T00:58:56.469381,1336.08321610
2025-12-09T00:59:57.706403,1336.47489506
2025-12-09T01:00:58.963786,1336.79779904
2025-12-09T01:02:00.235102,1335.53638060
2025-12-09T01:03:01.478671,1338.04764457
2025-12-09T01:04:02.723349,1340.29135241
2025-12-09T01:05:03.993163,1340.06880033
2025-12-09T01:06:05.261395,1340.94802993
2025-12-09T01:07:06.453376,1338.13114336
2025-12-09T01:08:07.720378,1338.61614960
2025-12-09T01:09:09.045671,1337.61862157
2025-12-09T01:10:10.285368,1340.67435835
2025-12-09T01:11:11.529879,1340.66019744
2025-12-09T01:12:12.797377,1341.50751088
2025-12-09T01:13:14.013312,1340.55909024
2025-12-09T01:14:15.320444,1342.37591515
2025-12-09T01:15:16.601023,1341.04234753
2025-12-09T01:16:17.813385,1338.40573963
2025-12-09T01:17:19.060213,1337.92229642
2025-12-09T01:18:20.364856,1340.78778962
2025-12-09T01:19:21.595605,1340.42525042
2025-12-09T01:20:22.845380,1341.16617298
2025-12-09T01:21:24.095072,1341.68912936
2025-12-09T01:22:25.339087,1339.06075456
2025-12-09T01:23:26.623333,1341.77413921
2025-12-09T01:24:27.863387,1341.01754075
2025-12-09T01:25:29.058913,1344.41038822
2025-12-09T01:26:30.333326,1341.82316655
2025-12-09T01:27:31.621503,1342.60904547
2025-12-09T01:28:32.837371,1342.06698132
2025-12-09T01:29:34.037434,1343.19746706
2025-12-09T01:30:35.285378,1341.44423193
2025-12-09T01:31:36.444464,1345.65586213
2025-12-09T01:32:37.706472,1346.15473913
2025-12-09T01:33:38.901376,1345.46527119
2025-12-09T01:34:40.147808,1345.09848115
2025-12-09T01:35:41.373375,1346.37374982
2025-12-09T01:36:42.660437,1347.98739382
2025-12-09T01:37:43.861213,1347.63374081
2025-12-09T01:38:45.139356,1347.58836038
2025-12-09T01:39:46.389537,1350.61672276
2025-12-09T01:40:47.573378,1347.29751704
2025-12-09T01:41:48.852382,1350.50710571
2025-12-09T01:42:50.061394,1347.65436192
2025-12-09T01:43:51.339388,1345.51823705
2025-12-09T01:44:52.580810,1344.62764577
2025-12-09T01:45:53.824348,1345.73146658
2025-12-09T01:46:55.050367,1345.54076497
2025-12-09T01:47:56.263800,1347.76370323
2025-12-09T01:48:57.500316,1349.03224023
2025-12-09T01:49:58.741434,1348.22724427
2025-12-09T01:51:00.043637,1351.57414113
2025-12-09T01:52:01.289616,1349.99064038
2025-12-09T01:53:02.535692,1350.67735912
2025-12-09T01:54:03.773376,1352.76664501
2025-12-09T01:55:04.981364,1355.39936869
2025-12-09T01:56:06.229376,1352.33928536
2025-12-09T01:57:07.437380,1351.66006824
2025-12-09T01:58:08.722157,1352.29145337
2025-12-09T01:59:09.934446,1349.81087771
2025-12-09T02:00:11.210335,1347.00723681
2025-12-09T02:01:12.669385,1346.29407122
2025-12-09T02:02:13.845371,1346.13614094
2025-12-09T02:03:15.093399,1344.53482973
2025-12-09T02:04:16.333373,1344.84823115
2025-12-09T02:05:17.587331,1347.09842226
2025-12-09T02:06:18.821378,1347.50978066
2025-12-09T02:07:20.064874,1347.34020951
2025-12-09T02:08:21.260470,1348.14797733
2025-12-09T02:09:22.533196,1347.30916440
2025-12-09T02:10:23.765388,1350.28291772
2025-12-09T02:11:24.987413,1350.22097023
2025-12-09T02:12:26.237366,1349.96813524
2025-12-09T02:13:27.509370,1350.51915061
2025-12-09T02:14:28.685370,1350.25818542
2025-12-09T02:15:29.877421,1348.00465236
2025-12-09T02:16:31.149573,1348.03069676
2025-12-09T02:17:32.349379,1346.98182926
2025-12-09T02:18:33.627610,1349.10457500
2025-12-09T02:19:34.869364,1350.33786518
2025-12-09T02:20:36.135322,1361.38591926
2025-12-09T02:21:37.365584,1368.34524851
2025-12-09T02:22:38.647800,1367.89744782
2025-12-09T02:23:39.861432,1363.99196453
2025-12-09T02:24:41.058890,1364.98367309
2025-12-09T02:25:42.331007,1366.32177048
2025-12-09T02:26:43.549394,1368.23281628
2025-12-09T02:27:44.802950,1366.23010231
2025-12-09T02:28:46.061371,1367.49300897
2025-12-09T02:29:47.285370,1366.34530540
2025-12-09T02:30:48.536403,1367.04951657
2025-12-09T02:31:49.725383,1358.15142465
2025-12-09T02:32:50.957370,1357.69340963
2025-12-09T02:33:52.149375,1358.35355813
2025-12-09T02:34:53.429390,1359.69866396
2025-12-09T02:35:54.697524,1359.49164756
2025-12-09T02:36:55.893390,1360.11055930
2025-12-09T02:37:57.152224,1361.83429139
2025-12-09T02:38:58.373375,1364.35793627
2025-12-09T02:39:59.565387,1364.08920900
2025-12-09T02:41:00.845385,1366.36863461
2025-12-09T02:42:02.123012,1369.49602880
2025-12-09T02:43:03.404855,1378.08145382
2025-12-09T02:44:04.693490,1384.39145454
2025-12-09T02:45:05.877382,1380.45391947
2025-12-09T02:46:07.101563,1380.39403182
2025-12-09T02:47:08.375143,1384.19710359
2025-12-09T02:48:09.557357,1387.90228185
2025-12-09T02:49:10.831314,1385.83532821
2025-12-09T02:50:12.143479,1382.74996090
2025-12-09T02:51:13.365380,1384.55182846
2025-12-09T02:52:14.631207,1387.12157333
2025-12-09T02:53:15.861367,1392.65204871
2025-12-09T02:54:17.165375,1394.97293893
2025-12-09T02:55:18.421375,1406.59779575
2025-12-09T02:56:19.661394,1403.95155721
2025-12-09T02:57:20.813390,1411.08328159
2025-12-09T02:58:22.062316,1410.86246121
2025-12-09T02:59:23.313215,1419.89674586
2025-12-09T03:00:24.525381,1422.52005374
2025-12-09T03:01:26.421349,1423.99333241
2025-12-09T03:02:27.712688,1428.93514081
2025-12-09T03:03:28.853383,1441.14474166
2025-12-09T03:04:30.101156,1434.81724440
2025-12-09T03:05:31.392728,1436.03358953
2025-12-09T03:06:32.621446,1431.85796483
2025-12-09T03:07:33.845432,1436.25599650
2025-12-09T03:08:35.093368,1445.38473823
2025-12-09T03:09:36.271356,1443.22532374
2025-12-09T03:10:37.550458,1450.57740570
2025-12-09T03:11:38.813388,1450.77512725
2025-12-09T03:12:40.057954,1462.21191356
2025-12-09T03:13:41.297793,1459.56604211
2025-12-09T03:14:42.545908,1458.87484562
2025-12-09T03:15:43.788806,1459.66728851
2025-12-09T03:16:45.085099,1460.61276821
2025-12-09T03:17:46.349375,1450.57268506
2025-12-09T03:18:47.607206,1450.26856424
2025-12-09T03:19:48.844730,1449.95596758
2025-12-09T03:20:50.103692,1455.49870383
2025-12-09T03:21:51.354762,1459.32007916
2025-12-09T03:22:52.627114,1479.18041041
2025-12-09T03:23:53.877404,1474.49459699
2025-12-09T03:24:55.061374,1489.01581920
2025-12-09T03:25:56.300433,1488.63203415
2025-12-09T03:26:57.571304,1486.43282049
2025-12-09T03:27:58.701404,1491.61600894
2025-12-09T03:28:59.968424,1494.47624974
2025-12-09T03:30:01.181370,1498.21951081
2025-12-09T03:31:02.456792,1500.16252473
2025-12-09T03:32:03.726470,1500.95858103
2025-12-09T03:33:04.988720,1498.10267538
2025-12-09T03:34:06.215195,1498.19988431
2025-12-09T03:35:07.413373,1504.64715589
2025-12-09T03:36:08.652860,1505.51485435
2025-12-09T03:37:09.880379,1486.42398277
2025-12-09T03:38:11.093380,1492.00593872
2025-12-09T03:39:12.341428,1480.89342192
2025-12-09T03:40:13.565373,1490.87211138
2025-12-09T03:41:14.771375,1493.09794590
2025-12-09T03:42:16.037312,1492.88842811
2025-12-09T03:43:17.291703,1502.90243701
2025-12-09T03:44:18.563608,1504.68487165
2025-12-09T03:45:19.741372,1503.73277531
2025-12-09T03:46:21.007939,1499.04614830
2025-12-09T03:47:22.213786,1505.49280606
2025-12-09T03:48:23.485551,1502.61683740
2025-12-09T03:49:24.727771,1505.85049426
2025-12-09T03:50:25.993326,1512.71197739
2025-12-09T03:51:27.272457,1511.56894103
2025-12-09T03:52:28.501380,1507.02590217
2025-12-09T03:53:29.749381,1506.16696526
2025-12-09T03:54:31.028827,1502.40339298
2025-12-09T03:55:32.270480,1507.33671324
2025-12-09T03:56:33.542588,1506.46055729
2025-12-09T03:57:34.813369,1506.70009564
2025-12-09T03:58:35.965376,1495.29145933
2025-12-09T03:59:37.145368,1498.44838165
2025-12-09T04:00:38.377037,1512.78128578
2025-12-09T04:01:40.253398,1515.98513445
2025-12-09T04:02:41.473370,1518.40855821
2025-12-09T04:03:42.725379,1557.32653190
2025-12-09T04:04:43.917396,1558.14559652
2025-12-09T04:05:45.173384,1556.45103289
2025-12-09T04:06:46.429401,1554.50645270
2025-12-09T04:07:47.581389,1556.90795821
2025-12-09T04:08:48.843972,1546.71713429
2025-12-09T04:09:50.093365,1542.86349684
2025-12-09T04:10:51.245383,1547.52237453
2025-12-09T04:11:52.469383,1549.91072079
2025-12-09T04:12:53.714966,1550.63396817
2025-12-09T04:13:54.930943,1555.19500335
2025-12-09T04:14:56.192701,1550.78377631
2025-12-09T04:15:57.421383,1553.37937947
2025-12-09T04:16:58.652305,1548.91380087
2025-12-09T04:17:59.933406,1550.85719729
2025-12-09T04:19:01.205887,1551.08069128
2025-12-09T04:20:02.445389,1550.96912412
2025-12-09T04:21:03.690793,1549.35012556
2025-12-09T04:22:05.020121,1547.49083108
2025-12-09T04:23:06.233764,1549.21073887
2025-12-09T04:24:07.507746,1553.27504618
2025-12-09T04:25:08.769734,1557.45774628
2025-12-09T04:26:09.981372,1551.33808428
2025-12-09T04:27:11.243008,1550.32558761
2025-12-09T04:28:12.493431,1547.08078787
2025-12-09T04:29:13.753537,1552.82143100
2025-12-09T04:30:15.001719,1561.53768029
2025-12-09T04:31:16.285729,1560.27030388
2025-12-09T04:32:17.462356,1559.92245927
2025-12-09T04:33:18.669385,1559.25155561
2025-12-09T04:34:19.944652,1558.62230165
2025-12-09T04:35:21.148651,1560.22201544
2025-12-09T04:36:22.428688,1560.91013776
2025-12-09T04:37:23.693391,1556.71605563
2025-12-09T04:38:24.845369,1516.27991346
2025-12-09T04:39:26.081898,1512.97796806
2025-12-09T04:40:27.343045,1518.26771126
2025-12-09T04:41:28.593312,1520.41215380
2025-12-09T04:42:29.864846,1520.98708231
2025-12-09T04:43:31.159453,1519.60814558
2025-12-09T04:44:32.381357,1534.49844333
2025-12-09T04:45:33.615587,1536.02134942
2025-12-09T04:46:34.875118,1543.23758086
2025-12-09T04:47:36.125357,1547.08941665
2025-12-09T04:48:37.349698,1555.76141157
2025-12-09T04:49:38.603564,1557.08346393
2025-12-09T04:50:39.829367,1554.90890425
2025-12-09T04:51:41.081867,1556.08362797
2025-12-09T04:52:42.315465,1555.93367810
2025-12-09T04:53:43.535764,1550.47661463
2025-12-09T04:54:44.825360,1554.69468514
2025-12-09T04:55:46.045345,1552.18280980
2025-12-09T04:56:47.274023,1554.06545708
2025-12-09T04:57:48.487839,1557.52086476
2025-12-09T04:58:49.749377,1561.61212656
2025-12-09T04:59:51.001168,1566.56026362
2025-12-09T05:00:52.181398,1571.03554920
2025-12-09T05:01:53.421425,1563.51238415
2025-12-09T05:02:54.613395,1572.16932396
2025-12-09T05:03:55.861382,1570.24507329
2025-12-09T05:04:57.085379,1575.04647916
2025-12-09T05:05:58.293371,1578.03201736
2025-12-09T05:06:59.581431,1572.06723429
2025-12-09T05:08:00.845433,1574.73061787
2025-12-09T05:09:02.101056,1568.97866052
2025-12-09T05:10:03.414992,1567.26302997
2025-12-09T05:11:04.621422,1568.50996299
2025-12-09T05:12:05.845381,1567.11035534
2025-12-09T05:13:07.093367,1564.28925385
2025-12-09T05:14:08.298157,1567.24516682
2025-12-09T05:15:09.529068,1567.18569719
2025-12-09T05:16:10.783115,1567.94074175
2025-12-09T05:17:11.979263,1571.73237109
2025-12-09T05:18:13.217707,1568.75042953
2025-12-09T05:19:14.501528,1568.00817853
2025-12-09T05:20:15.765364,1567.09035715
2025-12-09T05:21:16.941627,1571.88924010
2025-12-09T05:22:18.195393,1573.27045680
2025-12-09T05:23:19.479307,1570.47946464
2025-12-09T05:24:20.637363,1578.23489759
2025-12-09T05:25:21.877402,1576.01178644
2025-12-09T05:26:23.093381,1581.76167013
2025-12-09T05:27:24.301367,1581.29500744
2025-12-09T05:28:25.498507,1579.64122487
2025-12-09T05:29:26.721319,1581.74664480
2025-12-09T05:30:27.965614,1581.69297453
2025-12-09T05:31:29.200027,1584.79370387
2025-12-09T05:32:30.454816,1586.97134139
2025-12-09T05:33:31.708333,1586.37033790
2025-12-09T05:34:32.924353,1588.91346373
2025-12-09T05:35:34.141347,1587.03879318
2025-12-09T05:36:35.330077,1589.35516031
2025-12-09T05:37:36.549372,1593.01103722
2025-12-09T05:38:37.805377,1596.10311265
2025-12-09T05:39:38.998663,1595.48369435
2025-12-09T05:40:40.285051,1586.14070177
2025-12-09T05:41:41.578745,1594.07379405
2025-12-09T05:42:42.822157,1593.56137595
2025-12-09T05:43:44.043127,1597.09334616
2025-12-09T05:44:45.292001,1593.17973522
2025-12-09T05:45:46.493372,1592.44658232
2025-12-09T05:46:47.745344,1583.32769145
2025-12-09T05:47:48.964896,1587.78707096
2025-12-09T05:48:50.157374,1594.36001821
2025-12-09T05:49:51.381364,1595.26387034
2025-12-09T05:50:52.653093,1593.48235107
2025-12-09T05:51:53.892378,1588.42837888
2025-12-09T05:52:55.125401,1586.48802307
2025-12-09T05:53:56.408775,1587.16890982
2025-12-09T05:54:57.631561,1581.54331234
2025-12-09T05:55:58.911387,1586.55114899
2025-12-09T05:57:00.169345,1588.16893356
2025-12-09T05:58:01.393091,1590.26043378
2025-12-09T05:59:02.645400,1584.62920258
2025-12-09T06:00:03.894321,1585.48470406
2025-12-09T06:01:05.143408,1601.88567140
2025-12-09T06:02:06.381392,1595.96650634
2025-12-09T06:03:07.589495,1597.12803574
2025-12-09T06:04:08.789376,1597.15300981
2025-12-09T06:05:10.045374,1592.59570922
2025-12-09T06:06:11.279578,1592.33626932
2025-12-09T06:07:12.517384,1589.94522279
2025-12-09T06:08:13.781395,1589.01551095
2025-12-09T06:09:15.068578,1588.18932997
2025-12-09T06:10:16.277483,1590.51081275
2025-12-09T06:11:17.536927,1581.25515582
2025-12-09T06:12:18.817172,1583.86206472
2025-12-09T06:13:20.047764,1583.73731442
2025-12-09T06:14:21.323351,1581.27742971
2025-12-09T06:15:22.586433,1580.72776351
2025-12-09T06:16:23.829364,1575.91619135
2025-12-09T06:17:25.056141,1570.08810211
2025-12-09T06:18:26.325353,1566.39787050
2025-12-09T06:19:27.550598,1574.64225099
2025-12-09T06:20:28.771222,1565.02262592
2025-12-09T06:21:30.005387,1562.08738654
2025-12-09T06:22:31.276402,1559.84232471
2025-12-09T06:23:32.501357,1564.84925527
2025-12-09T06:24:33.753660,1553.19160905
2025-12-09T06:25:34.957382,1554.92642950
2025-12-09T06:26:36.212743,1557.10787044
2025-12-09T06:27:37.467083,1551.10167223
2025-12-09T06:28:38.684583,1548.40699089
2025-12-09T06:29:39.937108,1547.67337121
2025-12-09T06:30:41.160450,1547.27677028
2025-12-09T06:31:42.379805,1539.29886873
2025-12-09T06:32:43.625946,1539.72513907
2025-12-09T06:33:44.889015,1546.77899956
2025-12-09T06:34:46.140156,1545.78363560
2025-12-09T06:35:47.413358,1555.10210551
2025-12-09T06:36:48.629380,1559.03585612
2025-12-09T06:37:49.821386,1574.95722972
2025-12-09T06:38:51.093403,1575.24815718
2025-12-09T06:39:52.333376,1574.35980388
2025-12-09T06:40:53.485370,1579.64796486
2025-12-09T06:41:54.720900,1580.66005147
2025-12-09T06:42:55.993194,1584.52715345
2025-12-09T06:43:57.210143,1582.30994876
2025-12-09T06:44:58.395664,1579.28961212
2025-12-09T06:45:59.661373,1580.57148178
2025-12-09T06:47:00.885367,1581.53880236
2025-12-09T06:48:02.140222,1579.41072066
2025-12-09T06:49:03.414305,1577.17451310
2025-12-09T06:50:04.671444,1578.21502720
2025-12-09T06:51:05.877408,1576.22670082
2025-12-09T06:52:07.140655,1579.87108598
2025-12-09T06:53:08.349387,1579.57319500
2025-12-09T06:54:09.557368,1578.50385028
2025-12-09T06:55:10.807767,1582.58711956
2025-12-09T06:56:11.989380,1585.48967448
2025-12-09T06:57:13.264818,1589.33760232
2025-12-09T06:58:14.525371,1586.55286668
2025-12-09T06:59:15.733357,1591.12220106
2025-12-09T07:00:16.998369,1588.90828875
2025-12-09T07:01:18.939467,1594.50623349
2025-12-09T07:02:20.173373,1599.36855601
2025-12-09T07:03:21.413844,1590.02968730
2025-12-09T07:04:22.685394,1607.10373876
2025-12-09T07:05:23.925364,1599.41049498
2025-12-09T07:06:25.127349,1598.57030914
2025-12-09T07:07:26.374718,1603.45513479
2025-12-09T07:08:27.555305,1605.86717515
2025-12-09T07:09:28.829705,1597.11884454
2025-12-09T07:10:30.037369,1586.37237121
2025-12-09T07:11:31.239326,1584.04453809
2025-12-09T07:12:32.531469,1581.66748573
2025-12-09T07:13:33.781385,1579.94579156
2025-12-09T07:14:35.027642,1571.24513872
2025-12-09T07:15:36.213365,1568.55770496
2025-12-09T07:16:37.469247,1571.07566510
2025-12-09T07:17:38.645377,1562.67841444
2025-12-09T07:18:39.949315,1554.86203919
2025-12-09T07:19:41.213389,1558.63920117
2025-12-09T07:20:42.444841,1557.33036043
2025-12-09T07:21:43.729454,1551.22504150
2025-12-09T07:22:45.003804,1553.38596842
2025-12-09T07:23:46.224749,1552.82026930
2025-12-09T07:24:47.445369,1555.38461559
2025-12-09T07:25:48.707500,1558.81721917
2025-12-09T07:26:49.901378,1558.13767774
2025-12-09T07:27:51.112716,1558.25866195
2025-12-09T07:28:52.309377,1562.07321931
2025-12-09T07:29:53.540945,1576.02100236
2025-12-09T07:30:54.752798,1572.24132984
2025-12-09T07:31:55.989379,1570.64576671
2025-12-09T07:32:57.229412,1565.61720457
2025-12-09T07:33:58.525376,1561.71667560
2025-12-09T07:34:59.742374,1567.73957548
2025-12-09T07:36:01.309377,1569.81298652
2025-12-09T07:37:02.590590,1565.40624714
2025-12-09T07:38:03.797385,1563.83866858
2025-12-09T07:39:05.058970,1573.72225844
2025-12-09T07:40:06.325411,1574.20236844
2025-12-09T07:41:07.596305,1570.90263885
2025-12-09T07:42:08.817033,1569.16943325
2025-12-09T07:43:10.068324,1571.58697399
2025-12-09T07:44:11.315619,1571.33689568
2025-12-09T07:45:12.509396,1571.78573806
2025-12-09T07:46:13.791160,1570.76008373
2025-12-09T07:47:15.021369,1567.29427431
2025-12-09T07:48:16.246025,1566.07655793
2025-12-09T07:49:17.484200,1567.21204607
2025-12-09T07:50:18.685378,1566.34704133
2025-12-09T07:51:19.893379,1564.70476265
2025-12-09T07:52:21.141374,1570.25640795
2025-12-09T07:53:22.354513,1566.17673823
2025-12-09T07:54:23.584862,1565.22329134
2025-12-09T07:55:24.885381,1567.39246568
2025-12-09T07:56:26.140155,1563.48978252
2025-12-09T07:57:27.303375,1569.53852772
2025-12-09T07:58:28.560615,1565.68791451
2025-12-09T07:59:29.859510,1560.71744321
2025-12-09T08:00:31.085379,1540.90685089
2025-12-09T08:01:32.949356,1533.28902060
2025-12-09T08:02:34.173388,1533.30896658
2025-12-09T08:03:35.404701,1525.23804322
2025-12-09T08:04:36.650991,1536.63613027
2025-12-09T08:05:37.939195,1542.81296025
2025-12-09T08:06:39.131354,1537.33397167
2025-12-09T08:07:40.337346,1527.54467325
2025-12-09T08:08:41.588469,1525.92691136
2025-12-09T08:09:42.794219,1529.61986252
2025-12-09T08:10:44.013369,1536.50727411
2025-12-09T08:11:45.286443,1533.04207014
2025-12-09T08:12:46.496670,1526.94469371
2025-12-09T08:13:47.696963,1527.52412934
2025-12-09T08:14:48.970129,1523.84860060
2025-12-09T08:15:50.189407,1529.23021962
2025-12-09T08:16:51.413369,1527.23206192
2025-12-09T08:17:52.658938,1528.55870905
2025-12-09T08:18:53.914783,1533.62660656
2025-12-09T08:19:55.210188,1530.74158609
2025-12-09T08:20:56.389355,1528.01007060
2025-12-09T08:21:57.603043,1529.43969017
2025-12-09T08:22:58.840723,1531.03114075
2025-12-09T08:24:00.065360,1532.28833817
2025-12-09T08:25:01.330152,1525.57638275
2025-12-09T08:26:02.637430,1531.71377813
2025-12-09T08:27:03.911580,1541.89832253
2025-12-09T08:28:05.077393,1546.49344866
2025-12-09T08:29:06.287605,1540.69919442
2025-12-09T08:30:07.564650,1531.43384876
2025-12-09T08:31:08.851302,1537.41307070
2025-12-09T08:32:10.077354,1532.75933338
2025-12-09T08:33:11.361802,1532.52448587
2025-12-09T08:34:12.565393,1539.46158331
2025-12-09T08:35:13.800991,1538.46185680
2025-12-09T08:36:15.061371,1549.49732999
2025-12-09T08:37:16.254307,1547.54254139
2025-12-09T08:38:17.526330,1543.30301868
2025-12-09T08:39:18.765373,1543.39640761
2025-12-09T08:40:20.885368,1533.14505328
2025-12-09T08:41:22.138202,1533.90373040
2025-12-09T08:42:23.375446,1531.21438683
2025-12-09T08:43:24.589372,1540.77736316
2025-12-09T08:44:25.825122,1538.00686100
2025-12-09T08:45:27.061387,1534.39065422
2025-12-09T08:46:28.273975,1538.23312579
2025-12-09T08:47:29.495364,1537.26329616
2025-12-09T08:48:30.743398,1539.67772711
2025-12-09T08:49:31.949384,1538.00929709
2025-12-09T08:50:33.173401,1541.14273111
2025-12-09T08:51:34.421378,1548.60018760
2025-12-09T08:52:35.613371,1545.02571711
2025-12-09T08:53:36.853412,1542.10193149
2025-12-09T08:54:38.109229,1543.86845954
2025-12-09T08:55:39.277390,1544.31018680
2025-12-09T08:56:40.529652,1544.53919445
2025-12-09T08:57:41.792464,1546.34693635
2025-12-09T08:58:43.032351,1546.80908113
2025-12-09T08:59:44.301380,1547.42913219
2025-12-09T09:00:45.527578,1551.15445305
2025-12-09T09:01:46.743612,1553.13503656
2025-12-09T09:02:47.965370,1548.58173011
2025-12-09T09:03:49.238230,1547.14091137
2025-12-09T09:04:50.467430,1549.10784136
2025-12-09T09:05:51.701368,1546.35028755
2025-12-09T09:06:52.949369,1544.27503536
2025-12-09T09:07:54.138194,1541.68059919
2025-12-09T09:08:55.423037,1541.97502258
2025-12-09T09:09:56.653384,1541.81762909
2025-12-09T09:10:57.897946,1545.64178000
2025-12-09T09:11:59.165371,1541.12255839
2025-12-09T09:13:00.463806,1545.35230325
2025-12-09T09:14:01.669376,1548.06705770
2025-12-09T09:15:02.999008,1544.37772649
2025-12-09T09:16:04.355487,1544.13516438
2025-12-09T09:17:05.557326,1537.27848876
2025-12-09T09:18:06.801821,1536.90635818
2025-12-09T09:19:08.055846,1538.72534833
2025-12-09T09:20:09.213541,1538.38218442
2025-12-09T09:21:10.470329,1537.73868072
2025-12-09T09:22:11.725377,1536.40373133
2025-12-09T09:23:12.963329,1535.96613171
2025-12-09T09:24:14.237383,1537.79267364
2025-12-09T09:25:15.477374,1543.04507354
2025-12-09T09:26:16.647625,1541.58622730
2025-12-09T09:27:17.901391,1547.67507126
2025-12-09T09:28:19.123476,1548.16916484
2025-12-09T09:29:20.333377,1550.55546091
2025-12-09T09:30:21.565380,1550.54429077
2025-12-09T09:31:22.825667,1556.48515923
2025-12-09T09:32:24.097083,1553.77440303
2025-12-09T09:33:25.349374,1550.96763198
2025-12-09T09:34:26.589341,1559.13498279
2025-12-09T09:35:27.765368,1554.29195623
2025-12-09T09:36:29.058485,1560.49651390
2025-12-09T09:37:30.349368,1562.15426330
2025-12-09T09:38:31.613401,1565.27993911
2025-12-09T09:39:32.821377,1562.50380681
2025-12-09T09:40:34.125526,1559.01130839
2025-12-09T09:41:35.325870,1555.19703934
2025-12-09T09:42:36.600924,1556.50163229
2025-12-09T09:43:37.813360,1554.11986002
2025-12-09T09:44:39.050906,1552.17860125
2025-12-09T09:45:40.237381,1550.80409387
2025-12-09T09:46:41.453371,1549.23659131
2025-12-09T09:47:42.677354,1551.38300193
2025-12-09T09:48:43.861380,1550.35423799
2025-12-09T09:49:45.058906,1546.71713450
2025-12-09T09:50:46.301330,1548.69080583
2025-12-09T09:51:47.499779,1552.68297875
2025-12-09T09:52:48.733491,1555.00555382
2025-12-09T09:53:49.935308,1545.11507215
2025-12-09T09:54:51.139869,1548.58736350
2025-12-09T09:55:52.405369,1549.99513972
2025-12-09T09:56:53.645248,1548.48879919
2025-12-09T09:57:54.877151,1547.40114315
2025-12-09T09:58:56.134615,1547.17131616
2025-12-09T09:59:57.284469,1549.50690982
2025-12-09T10:00:58.549500,1550.77459448
2025-12-09T10:01:59.865340,1554.26849391
2025-12-09T10:03:01.077352,1559.42927605
2025-12-09T10:04:02.323353,1559.98151257
2025-12-09T10:05:03.582976,1557.09228840
2025-12-09T10:06:04.821364,1557.58024826
2025-12-09T10:07:06.075067,1554.41204403
2025-12-09T10:08:07.367312,1556.13374914
2025-12-09T10:09:08.580811,1554.98268864
2025-12-09T10:10:09.813378,1557.61430267
2025-12-09T10:11:11.061390,1558.67026947
2025-12-09T10:12:12.256432,1554.73344735
2025-12-09T10:13:13.485363,1556.12161163
2025-12-09T10:14:14.741374,1554.86046863
2025-12-09T10:15:15.989368,1553.45600518
2025-12-09T10:16:17.254161,1555.00705064
2025-12-09T10:17:18.545054,1555.16158642
2025-12-09T10:18:19.733375,1558.07084649
2025-12-09T10:19:20.981365,1553.48252192
2025-12-09T10:20:22.226725,1556.03633141
2025-12-09T10:21:23.419590,1556.46368997
2025-12-09T10:22:24.694260,1552.17723987
2025-12-09T10:23:25.885369,1559.68127448
2025-12-09T10:24:27.092032,1559.08814808
2025-12-09T10:25:28.349457,1558.27988426
2025-12-09T10:26:29.617540,1556.83637305
2025-12-09T10:27:30.776914,1555.94734308
2025-12-09T10:28:31.983803,1555.26109437
2025-12-09T10:29:33.205435,1550.35319131
2025-12-09T10:30:34.389375,1549.04374042
2025-12-09T10:31:35.629373,1550.83440159
2025-12-09T10:32:36.829358,1548.67672138
2025-12-09T10:33:38.005378,1549.88886035
2025-12-09T10:34:39.196914,1550.22004300
2025-12-09T10:35:40.442322,1553.45903996
2025-12-09T10:36:41.621371,1556.26474286
2025-12-09T10:37:42.869380,1554.24713281
2025-12-09T10:38:44.117369,1556.93182988
2025-12-09T10:39:45.309388,1557.01210114
2025-12-09T10:40:46.553733,1553.54729637
2025-12-09T10:41:47.822718,1550.27748618
2025-12-09T10:42:49.015617,1547.32217520
2025-12-09T10:43:50.261371,1548.50126339
2025-12-09T10:44:51.485334,1548.64549071
2025-12-09T10:45:52.730319,1546.77419856
2025-12-09T10:46:53.949968,1547.52303759
2025-12-09T10:47:55.221377,1549.35964975
2025-12-09T10:48:56.429597,1545.53389280
2025-12-09T10:49:57.652319,1541.49518185
2025-12-09T10:50:58.863254,1542.83270874
2025-12-09T10:52:00.085370,1535.37593584
2025-12-09T10:53:01.355113,1534.45522183
2025-12-09T10:54:02.613375,1535.16780194
2025-12-09T10:55:03.781377,1535.49573756
2025-12-09T10:56:05.059402,1537.94402972
2025-12-09T10:57:06.281352,1536.19185110
2025-12-09T10:58:07.544106,1534.65042980
2025-12-09T10:59:08.757375,1533.45306522
2025-12-09T11:00:10.007635,1528.35515762
2025-12-09T11:01:11.317481,1530.95897892
2025-12-09T11:02:12.587018,1527.09908819
2025-12-09T11:03:13.837505,1526.06741439
2025-12-09T11:04:15.064063,1526.46480128
2025-12-09T11:05:16.309373,1526.04951236
2025-12-09T11:06:17.549389,1527.94172175
2025-12-09T11:07:18.799050,1531.70458983
2025-12-09T11:08:20.061403,1527.87083323
2025-12-09T11:09:21.293292,1518.90260454
2025-12-09T11:10:22.494998,1513.64591786
2025-12-09T11:11:23.725371,1513.29045634
2025-12-09T11:12:24.988330,1515.20766670
2025-12-09T11:13:26.208314,1511.37215865
2025-12-09T11:14:27.481411,1511.41414255
2025-12-09T11:15:28.680898,1514.74691819
2025-12-09T11:16:29.901365,1514.36132459
2025-12-09T11:17:31.135544,1515.17981270
2025-12-09T11:18:32.405375,1516.42700301
2025-12-09T11:19:33.641058,1514.48845208
2025-12-09T11:20:34.895072,1511.71245493
2025-12-09T11:21:36.158744,1513.18589643
2025-12-09T11:22:37.400705,1513.64818728
2025-12-09T11:23:38.666206,1511.07458441
2025-12-09T11:24:39.877369,1508.97150234
2025-12-09T11:25:41.077359,1511.59198908
2025-12-09T11:26:42.281978,1512.93578077
2025-12-09T11:27:43.554431,1514.77509156
2025-12-09T11:28:44.766312,1504.73737532
2025-12-09T11:29:45.994875,1507.88214617
2025-12-09T11:30:47.253370,1507.42884415
2025-12-09T11:31:48.429370,1505.31370227
2025-12-09T11:32:49.700698,1503.25693501
2025-12-09T11:33:50.942848,1505.85821138
2025-12-09T11:34:52.183750,1508.42298131
2025-12-09T11:35:53.429375,1497.28624804
2025-12-09T11:36:54.655948,1489.61197874
2025-12-09T11:37:55.878016,1490.12122094
2025-12-09T11:38:57.169018,1486.53464411
2025-12-09T11:39:58.388035,1488.51889208
2025-12-09T11:40:59.613807,1489.99947694
2025-12-09T11:42:00.853377,1496.43643273
2025-12-09T11:43:02.101376,1502.41435982
2025-12-09T11:44:03.293368,1507.16281965
2025-12-09T11:45:04.535946,1508.31682907
2025-12-09T11:46:05.805377,1513.67851034
2025-12-09T11:47:07.089544,1513.27232274
2025-12-09T11:48:08.317374,1515.41962033
2025-12-09T11:49:09.596510,1514.05413863
2025-12-09T11:50:10.854651,1504.65261451
2025-12-09T11:51:12.085401,1517.69913337
2025-12-09T11:52:13.313011,1517.00486187
2025-12-09T11:53:14.497194,1519.80371565
2025-12-09T11:54:15.738407,1519.81302830
2025-12-09T11:55:17.005390,1527.51943043
2025-12-09T11:56:18.243510,1522.66776769
2025-12-09T11:57:19.508316,1524.62716792
2025-12-09T11:58:20.755108,1522.89055654
2025-12-09T11:59:21.962481,1523.37887687
2025-12-09T12:00:23.182551,1524.77313108
2025-12-09T12:01:25.114193,1527.67679061
2025-12-09T12:02:26.333641,1520.89121382
2025-12-09T12:03:27.549779,1516.86080420
2025-12-09T12:04:28.836946,1517.83868645
2025-12-09T12:05:30.069346,1516.79153804
2025-12-09T12:06:31.309349,1515.99816287
2025-12-09T12:07:32.557032,1521.13094055
2025-12-09T12:08:33.781390,1522.26681803
2025-12-09T12:09:34.997378,1521.04853068
2025-12-09T12:10:36.277026,1518.46780044
2025-12-09T12:11:37.429370,1516.39546880
2025-12-09T12:12:38.669395,1514.35838952
2025-12-09T12:13:39.886220,1514.20484971
2025-12-09T12:14:41.078885,1514.25234880
2025-12-09T12:15:42.333367,1494.95844947
2025-12-09T12:16:43.605381,1485.49930861
2025-12-09T12:17:44.820139,1480.39648321
2025-12-09T12:18:46.079174,1485.62521532
2025-12-09T12:19:47.321202,1480.23366209
2025-12-09T12:20:48.509395,1491.17445170
2025-12-09T12:21:49.768832,1488.47110948
2025-12-09T12:22:51.021377,1487.19038535
2025-12-09T12:23:52.176286,1484.37702391
2025-12-09T12:24:53.457782,1491.02693518
2025-12-09T12:25:54.685384,1493.36787065
2025-12-09T12:26:55.893387,1494.71261536
2025-12-09T12:27:57.125044,1493.22995346
2025-12-09T12:28:58.370155,1489.65146454
2025-12-09T12:29:59.558088,1490.76432473
2025-12-09T12:31:01.763458,1493.17431321
2025-12-09T12:32:03.016431,1486.12365697
2025-12-09T12:33:04.205428,1486.14736851
2025-12-09T12:34:05.773367,1486.66850820
2025-12-09T12:35:07.011332,1486.29212746
2025-12-09T12:36:08.234934,1491.74276367
2025-12-09T12:37:09.470548,1492.16748170
2025-12-09T12:38:10.700721,1489.99753340
2025-12-09T12:39:11.949364,1491.14162972
2025-12-09T12:40:13.153214,1491.14730098
2025-12-09T12:41:14.414310,1492.48806185
2025-12-09T12:42:15.613374,1489.30249204
2025-12-09T12:43:16.869365,1485.56354810
2025-12-09T12:44:18.140342,1484.07639553
2025-12-09T12:45:19.353748,1480.66104975
2025-12-09T12:46:20.618516,1485.79317871
2025-12-09T12:47:21.877381,1485.72311336
2025-12-09T12:48:23.061384,1490.41315663
2025-12-09T12:49:24.311311,1489.74314301
2025-12-09T12:50:25.597123,1491.04537789
2025-12-09T12:51:26.806465,1491.04004620
2025-12-09T12:52:28.074044,1489.89936423
2025-12-09T12:53:29.327575,1488.37951833
2025-12-09T12:54:30.572781,1489.06324559
2025-12-09T12:55:31.797356,1485.95087355
2025-12-09T12:56:33.013784,1484.56400549
2025-12-09T12:57:34.234821,1483.74233806
2025-12-09T12:58:35.501391,1483.88784445
2025-12-09T12:59:36.776087,1482.42462181
2025-12-09T13:00:38.009369,1485.01346932
2025-12-09T13:01:39.861373,1486.87176731
2025-12-09T13:02:41.126944,1490.09433086
2025-12-09T13:03:42.301371,1495.06879318
2025-12-09T13:04:43.525379,1493.48903220
2025-12-09T13:05:44.750682,1491.76768939
2025-12-09T13:06:45.949365,1490.54441032
2025-12-09T13:07:47.179091,1479.99792730
2025-12-09T13:08:48.469339,1477.92732162
2025-12-09T13:09:49.695427,1476.64868243
2025-12-09T13:10:50.981419,1473.24715132
2025-12-09T13:11:52.274763,1472.29046578
2025-12-09T13:12:53.501387,1471.94271177
2025-12-09T13:13:54.775103,1470.82053549
2025-12-09T13:14:56.063315,1463.20196831
2025-12-09T13:15:57.267184,1467.98914475
2025-12-09T13:16:58.516981,1470.26603498
2025-12-09T13:17:59.786584,1465.53517890
2025-12-09T13:19:01.059226,1460.16002372
2025-12-09T13:20:02.342715,1458.01146808
2025-12-09T13:21:03.549377,1460.18224698
2025-12-09T13:22:04.757337,1461.78653469
2025-12-09T13:23:06.019319,1460.92987033
2025-12-09T13:24:07.213375,1462.33103264
2025-12-09T13:25:08.457512,1459.09767780
2025-12-09T13:26:09.700315,1457.09060048
2025-12-09T13:27:10.980001,1455.07447384
2025-12-09T13:28:12.205370,1455.45276255
2025-12-09T13:29:13.449144,1453.48698940
2025-12-09T13:30:14.677379,1454.48102198
2025-12-09T13:31:15.901380,1456.62468459
2025-12-09T13:32:17.109398,1453.70770391
2025-12-09T13:33:18.347524,1453.82954046
2025-12-09T13:34:19.514412,1455.14574243
2025-12-09T13:35:20.725370,1454.25918145
2025-12-09T13:36:21.981704,1455.50616002
2025-12-09T13:37:23.199386,1457.57408712
2025-12-09T13:38:24.458357,1452.69170281
2025-12-09T13:39:25.717366,1452.25442016
2025-12-09T13:40:26.965368,1449.97434992
2025-12-09T13:41:28.203217,1448.19233555
2025-12-09T13:42:29.420071,1445.51681470
2025-12-09T13:43:30.659077,1448.00375628
2025-12-09T13:44:31.893374,1445.87669840
2025-12-09T13:45:33.125372,1443.24549378
2025-12-09T13:46:34.373155,1443.57790275
2025-12-09T13:47:35.654168,1441.61286847
2025-12-09T13:48:36.885537,1438.24909351
2025-12-09T13:49:38.096652,1440.13050389
2025-12-09T13:50:39.349151,1434.88537772
2025-12-09T13:51:40.605372,1429.83271201
2025-12-09T13:52:41.811338,1423.62793225
2025-12-09T13:53:43.071820,1422.22974755
2025-12-09T13:54:44.341386,1417.39611180
2025-12-09T13:55:45.589888,1420.00925879
2025-12-09T13:56:46.840311,1419.29020412
2025-12-09T13:57:48.089386,1423.79590372
2025-12-09T13:58:49.285373,1422.10265185
2025-12-09T13:59:50.549339,1420.33001755
2025-12-09T14:00:51.776474,1417.46851011
2025-12-09T14:01:52.957361,1423.08401014
2025-12-09T14:02:54.246032,1423.54888344
2025-12-09T14:03:55.529864,1425.72831228
2025-12-09T14:04:56.701368,1425.60358879
2025-12-09T14:05:57.909366,1424.64520490
2025-12-09T14:06:59.133395,1425.57456834
2025-12-09T14:08:00.405393,1426.01311351
2025-12-09T14:09:01.662691,1426.23235040
2025-12-09T14:10:02.901521,1422.07020798
2025-12-09T14:11:04.145309,1422.68622381
2025-12-09T14:12:05.409861,1422.41515898
2025-12-09T14:13:06.602379,1426.44372331
2025-12-09T14:14:07.822254,1425.39862175
2025-12-09T14:15:09.078537,1426.13082658
2025-12-09T14:16:10.333395,1430.37579633
2025-12-09T14:17:11.600658,1438.45793047
2025-12-09T14:18:12.885373,1433.90978984
2025-12-09T14:19:14.140175,1435.47450153
2025-12-09T14:20:15.357385,1431.35580115
2025-12-09T14:21:16.639527,1426.84628179
2025-12-09T14:22:17.877396,1421.24820942
2025-12-09T14:23:19.061488,1418.20380988
2025-12-09T14:24:20.319442,1415.49372368
2025-12-09T14:25:21.545062,1414.43844446
2025-12-09T14:26:22.802236,1413.98455271
2025-12-09T14:27:24.045363,1411.82414102
2025-12-09T14:28:25.326207,1411.40742774
2025-12-09T14:29:26.578694,1408.83746806
2025-12-09T14:30:27.853369,1406.97799753
2025-12-09T14:31:29.109402,1402.65064750
2025-12-09T14:32:30.325365,1401.02236480
2025-12-09T14:33:31.567004,1400.04582729
2025-12-09T14:34:32.853382,1402.85793208
2025-12-09T14:35:34.062773,1399.51684915
2025-12-09T14:36:35.366399,1394.45097879
2025-12-09T14:37:36.605391,1393.41046137
2025-12-09T14:38:37.781896,1395.23113843
2025-12-09T14:39:39.056454,1398.93891923
2025-12-09T14:40:40.350602,1393.04165369
2025-12-09T14:41:41.541383,1390.78241523
2025-12-09T14:42:42.839711,1388.56088815
2025-12-09T14:43:44.122323,1385.45875778
2025-12-09T14:44:45.392949,1385.79006655
2025-12-09T14:45:46.645368,1386.78073288
2025-12-09T14:46:47.886258,1383.21517386
2025-12-09T14:47:49.117392,1385.47598588
2025-12-09T14:48:50.350207,1387.03160170
2025-12-09T14:49:51.589371,1386.97086492
2025-12-09T14:50:52.813786,1389.67461995
2025-12-09T14:51:54.061389,1387.45073078
2025-12-09T14:52:55.317403,1392.74663734
2025-12-09T14:53:56.533368,1393.13586492
2025-12-09T14:54:57.771349,1390.78392539
2025-12-09T14:55:59.061356,1393.94171850
2025-12-09T14:57:00.324666,1397.46812349
2025-12-09T14:58:01.586189,1409.82463703
2025-12-09T14:59:02.869400,1410.46568685
2025-12-09T15:00:04.098583,1408.93014622
2025-12-09T15:01:05.354478,1403.43054149
2025-12-09T15:02:06.645504,1406.65074759
2025-12-09T15:03:07.945675,1408.49644590
2025-12-09T15:04:09.229701,1402.68458602
2025-12-09T15:05:10.520630,1395.23613911
2025-12-09T15:06:11.743005,1394.85228052
2025-12-09T15:07:12.990505,1394.52752256
2025-12-09T15:08:14.229389,1389.78250718
2025-12-09T15:09:15.437378,1389.47736093
2025-12-09T15:10:16.725387,1389.26844259
2025-12-09T15:11:17.973389,1385.94481421
2025-12-09T15:12:19.198924,1395.52124251
2025-12-09T15:13:20.456450,1413.07550576
2025-12-09T15:14:21.703618,1411.01074374
2025-12-09T15:15:22.946990,1403.22655751
2025-12-09T15:16:24.213371,1397.34441695
2025-12-09T15:17:25.485386,1398.35343629
2025-12-09T15:18:26.701391,1398.00196922
2025-12-09T15:19:27.970467,1399.24822215
2025-12-09T15:20:29.209508,1398.07940726
2025-12-09T15:21:30.453377,1400.76974926
2025-12-09T15:22:31.661375,1399.94924901
2025-12-09T15:23:32.943871,1402.19800806
2025-12-09T15:24:34.173374,1404.30870257
2025-12-09T15:25:35.432761,1398.44734743
2025-12-09T15:26:36.685399,1400.94673136
2025-12-09T15:27:37.877378,1399.80336874
2025-12-09T15:28:39.126206,1416.14079145
2025-12-09T15:29:40.373369,1419.22336996
2025-12-09T15:30:41.608012,1415.37307136
2025-12-09T15:31:42.838636,1412.40135588
2025-12-09T15:32:44.065381,1413.52224839
2025-12-09T15:33:45.327582,1413.50262297
2025-12-09T15:34:46.516384,1409.53916121
2025-12-09T15:35:47.782164,1409.71116535
2025-12-09T15:36:49.037350,1406.54986835
2025-12-09T15:37:50.313666,1407.50078294
2025-12-09T15:38:51.549375,1403.65052235
2025-12-09T15:39:52.725392,1407.75514667
2025-12-09T15:40:53.955367,1408.79235199
2025-12-09T15:41:55.213381,1407.42651010
2025-12-09T15:42:56.396458,1396.57079772
2025-12-09T15:43:57.637373,1404.16805937
2025-12-09T15:44:58.859734,1408.13952301
2025-12-09T15:46:00.092583,1411.76864903
2025-12-09T15:47:01.333375,1407.90935481
2025-12-09T15:48:02.645593,1409.27094848
2025-12-09T15:49:03.870032,1406.89250132
2025-12-09T15:50:05.104658,1407.04761857
2025-12-09T15:51:06.343020,1408.17205003
2025-12-09T15:52:07.572322,1406.39093477
2025-12-09T15:53:08.851897,1414.35588427
2025-12-09T15:54:10.133396,1416.92250920
2025-12-09T15:55:11.369605,1417.31597645
2025-12-09T15:56:12.590335,1416.30539570
2025-12-09T15:57:13.813381,1416.86290728
2025-12-09T15:58:15.061377,1409.47563206
2025-12-09T15:59:16.369666,1404.47832221
2025-12-09T16:00:17.639228,1394.83319378
2025-12-09T16:01:19.481525,1382.15086672
2025-12-09T16:02:20.681422,1384.97412775
2025-12-09T16:03:21.963167,1385.56444788
2025-12-09T16:04:23.144074,1386.47821616
2025-12-09T16:05:24.395143,1379.52785605
2025-12-09T16:06:25.654771,1378.54279300
2025-12-09T16:07:26.892602,1379.34240231
2025-12-09T16:08:28.157376,1384.93922340
2025-12-09T16:09:29.452122,1381.64933331
2025-12-09T16:10:30.700760,1384.42695146
2025-12-09T16:11:31.981409,1380.89933256
2025-12-09T16:12:33.253092,1381.22825584
2025-12-09T16:13:34.559161,1380.33969124
2025-12-09T16:14:35.832952,1379.72873230
2025-12-09T16:15:37.095185,1382.66386108
2025-12-09T16:16:38.326885,1382.66741340
2025-12-09T16:17:39.584400,1386.77157635
2025-12-09T16:18:40.845376,1387.99326070
2025-12-09T16:19:42.101371,1384.90655916
2025-12-09T16:20:43.361244,1384.72213236
2025-12-09T16:21:44.610049,1379.46802484
2025-12-09T16:22:45.829399,1367.52175501
2025-12-09T16:23:47.127820,1369.50136570
2025-12-09T16:24:48.381401,1359.24774244
2025-12-09T16:25:49.635615,1354.76621542
2025-12-09T16:26:50.963527,1370.83681492
2025-12-09T16:27:52.149374,1375.44304040
2025-12-09T16:28:53.404320,1372.56791321
2025-12-09T16:29:54.661817,1378.15987460
2025-12-09T16:30:55.893377,1373.60351752
2025-12-09T16:31:57.130896,1370.40237471
2025-12-09T16:32:58.365368,1365.48526911
2025-12-09T16:33:59.656060,1359.89923077
2025-12-09T16:35:00.899799,1357.96239397
2025-12-09T16:36:02.149364,1356.14345224
2025-12-09T16:37:03.381382,1356.16876580
2025-12-09T16:38:04.605393,1356.00794064
2025-12-09T16:39:05.877389,1358.14627503
2025-12-09T16:40:07.093384,1353.30882610
2025-12-09T16:41:08.309377,1349.00392305
2025-12-09T16:42:09.571648,1350.98155576
2025-12-09T16:43:10.834555,1371.40497242
2025-12-09T16:44:12.037386,1383.51617307
2025-12-09T16:45:13.293386,1384.30665130
2025-12-09T16:46:14.509373,1382.25463907
2025-12-09T16:47:15.735243,1381.24640845
2025-12-09T16:48:16.957367,1381.02602873
2025-12-09T16:49:18.189907,1379.85781766
2025-12-09T16:50:19.371417,1380.28975579
2025-12-09T16:51:20.613380,1381.83921548
2025-12-09T16:52:21.935898,1384.04214107
2025-12-09T16:53:23.206243,1389.44974923
2025-12-09T16:54:24.419344,1388.53472255
2025-12-09T16:55:25.673022,1396.11156196
2025-12-09T16:56:26.917553,1394.81937160
2025-12-09T16:57:28.157371,1392.35100584
2025-12-09T16:58:29.441823,1393.65056605
2025-12-09T16:59:30.669397,1397.78809663
2025-12-09T17:00:31.969359,1401.30872533
2025-12-09T17:01:33.933770,1398.96589209
2025-12-09T17:02:35.165355,1396.13494040
2025-12-09T17:03:36.425764,1389.92393949
2025-12-09T17:04:37.677390,1391.95873099
2025-12-09T17:05:38.901431,1389.74375682
2025-12-09T17:06:40.171614,1390.93785138
2025-12-09T17:07:41.433102,1386.65396121
2025-12-09T17:08:42.701416,1385.86816828
2025-12-09T17:09:43.923374,1385.19179605
2025-12-09T17:10:45.181367,1383.77924997
2025-12-09T17:11:46.410205,1383.19929273
2025-12-09T17:12:47.653370,1382.54614883
2025-12-09T17:13:48.877367,1384.27959277
2025-12-09T17:14:50.140131,1386.18269525
2025-12-09T17:15:51.385695,1392.51185047
2025-12-09T17:16:52.682253,1388.80116517
2025-12-09T17:17:53.877375,1389.55301005
2025-12-09T17:18:55.161104,1391.41535763
2025-12-09T17:19:56.413372,1386.75356613
2025-12-09T17:20:57.673032,1388.22662441
2025-12-09T17:21:58.982888,1392.44033137
2025-12-09T17:23:00.220364,1393.45358482
2025-12-09T17:24:01.437392,1403.49117970
2025-12-09T17:25:02.677378,1401.81004383
2025-12-09T17:26:03.949406,1431.88465771
2025-12-09T17:27:05.233508,1432.26867463
2025-12-09T17:28:06.539497,1428.70820657
2025-12-09T17:29:07.819142,1436.44523322
2025-12-09T17:30:09.040723,1434.56389613
2025-12-09T17:31:10.293380,1433.38762899
2025-12-09T17:32:11.548632,1434.23303455
2025-12-09T17:33:12.789395,1434.11451996
2025-12-09T17:34:13.997372,1434.28584844
2025-12-09T17:35:15.257605,1432.48717423
2025-12-09T17:36:16.469379,1436.85452680
2025-12-09T17:37:17.727223,1435.27168966
2025-12-09T17:38:19.002465,1431.82119488
2025-12-09T17:39:20.280686,1430.33526922
2025-12-09T17:40:21.536656,1427.10615292
2025-12-09T17:41:22.765373,1416.94876289
2025-12-09T17:42:23.993937,1415.43000269
2025-12-09T17:43:25.197380,1420.17835330
2025-12-09T17:44:26.455987,1419.84725531
2025-12-09T17:45:27.652158,1416.80494461
2025-12-09T17:46:28.861397,1417.86025587
2025-12-09T17:47:30.140162,1415.09756390
2025-12-09T17:48:31.381424,1416.65061814
2025-12-09T17:49:32.639508,1421.31574787
2025-12-09T17:50:33.877403,1418.22255902
2025-12-09T17:51:35.101341,1418.39399269
2025-12-09T17:52:36.341371,1415.38885790
2025-12-09T17:53:37.597382,1414.81120602
2025-12-09T17:54:38.865874,1415.04739064
2025-12-09T17:55:40.069382,1416.22817883
2025-12-09T17:56:41.309392,1416.31200023
2025-12-09T17:57:42.467602,1415.52014191
2025-12-09T17:58:43.695321,1415.43492144
2025-12-09T17:59:44.947613,1416.57485435
2025-12-09T18:00:46.181050,1414.49427931
2025-12-09T18:01:47.389376,1411.64142713
2025-12-09T18:02:48.634855,1412.04582630
2025-12-09T18:03:49.870747,1401.25850912
2025-12-09T18:04:51.093383,1401.41695143
2025-12-09T18:05:52.333259,1400.57789546
2025-12-09T18:06:53.563526,1399.07528662
2025-12-09T18:07:54.798293,1399.84150253
2025-12-09T18:08:56.021373,1400.82668901
2025-12-09T18:09:57.205371,1399.66155329
2025-12-09T18:10:58.395680,1400.35831226
2025-12-09T18:11:59.637362,1399.82142295
2025-12-09T18:13:00.893356,1396.01517456
2025-12-09T18:14:02.153829,1394.56973991
2025-12-09T18:15:03.381373,1392.76550057
2025-12-09T18:16:04.601143,1392.67308570
2025-12-09T18:17:05.877446,1393.52321276
2025-12-09T18:18:07.107535,1393.92930561
2025-12-09T18:19:08.351107,1394.52658748
2025-12-09T18:20:09.581370,1394.18379965
2025-12-09T18:21:10.861162,1396.49221780
2025-12-09T18:22:12.053365,1395.45158225
2025-12-09T18:23:13.328612,1393.41545012
2025-12-09T18:24:14.587061,1391.35051394
2025-12-09T18:25:15.835208,1390.29777952
2025-12-09T18:26:17.045392,1385.86471638
2025-12-09T18:27:18.293380,1382.35434213
2025-12-09T18:28:19.493080,1381.98667744
2025-12-09T18:29:20.780032,1379.95126525
2025-12-09T18:30:22.037378,1376.31859461
2025-12-09T18:31:23.293429,1363.94600958
2025-12-09T18:32:24.533377,1361.38217447
2025-12-09T18:33:25.805402,1361.37516750
2025-12-09T18:34:27.042443,1365.36976994
2025-12-09T18:35:28.317381,1360.59135370
2025-12-09T18:36:29.614928,1362.23588849
2025-12-09T18:37:30.810887,1364.42592496
2025-12-09T18:38:32.055378,1364.64598007
2025-12-09T18:39:33.303924,1362.33587290
2025-12-09T18:40:34.563836,1367.28782864
2025-12-09T18:41:35.853376,1366.47898765
2025-12-09T18:42:37.141409,1364.41931131
2025-12-09T18:43:38.365394,1361.64431069
2025-12-09T18:44:39.611180,1362.66084157
2025-12-09T18:45:40.877369,1365.60710375
2025-12-09T18:46:42.069376,1364.35001821
2025-12-09T18:47:43.317380,1365.32850101
2025-12-09T18:48:44.617105,1363.88446665
2025-12-09T18:49:45.829375,1364.14230615
2025-12-09T18:50:47.087677,1370.06289174
2025-12-09T18:51:48.321560,1369.12803418
2025-12-09T18:52:49.493371,1370.12323578
2025-12-09T18:53:50.770126,1369.77512751
2025-12-09T18:54:52.018181,1372.95149763
2025-12-09T18:55:53.229383,1369.21185306
2025-12-09T18:56:54.552734,1368.35459423
2025-12-09T18:57:55.835050,1364.78415481
2025-12-09T18:58:57.083385,1363.78375922
2025-12-09T18:59:58.371680,1363.28568461
2025-12-09T19:00:59.613416,1356.75937681
2025-12-09T19:02:00.912568,1358.27976584
2025-12-09T19:03:02.149395,1361.06506837
2025-12-09T19:04:03.463178,1355.95947283
2025-12-09T19:05:04.709431,1355.44323394
2025-12-09T19:06:05.997389,1355.44319919
2025-12-09T19:07:07.221380,1359.84904072
2025-12-09T19:08:08.476793,1359.57917968
2025-12-09T19:09:09.756057,1363.36862975
2025-12-09T19:10:11.025946,1367.74894414
2025-12-09T19:11:12.262999,1365.59842535
2025-12-09T19:12:13.525376,1368.23917652
2025-12-09T19:13:14.794675,1373.85367411
2025-12-09T19:14:16.045371,1377.80663510
2025-12-09T19:15:17.309608,1377.23103049
2025-12-09T19:16:18.557381,1379.19820363
2025-12-09T19:17:19.818121,1375.74284802
2025-12-09T19:18:21.084918,1375.26542385
2025-12-09T19:19:22.386465,1371.61553728
2025-12-09T19:20:23.573391,1371.78593898
2025-12-09T19:21:24.860844,1374.44230130
2025-12-09T19:22:26.140143,1370.72053125
2025-12-09T19:23:27.373367,1371.74286471
2025-12-09T19:24:28.686996,1370.99045480
2025-12-09T19:25:29.941401,1367.29366429
2025-12-09T19:26:31.215318,1365.45748218
2025-12-09T19:27:32.477400,1368.06841692
2025-12-09T19:28:33.738800,1366.09296279
2025-12-09T19:29:34.989388,1366.06033860
2025-12-09T19:30:36.245398,1364.32163638
2025-12-09T19:31:37.501438,1361.68330250
2025-12-09T19:32:38.742205,1361.13839279
2025-12-09T19:33:40.014368,1365.43348908
2025-12-09T19:34:41.293644,1365.20837321
2025-12-09T19:35:42.525378,1364.22050488
2025-12-09T19:36:43.762663,1363.33216195
2025-12-09T19:37:45.037372,1364.31135645
2025-12-09T19:38:46.250218,1362.55849084
2025-12-09T19:39:47.526175,1364.98749667
2025-12-09T19:40:48.759831,1364.74900105
2025-12-09T19:41:49.973387,1364.86265036
2025-12-09T19:42:51.218659,1365.59267338
2025-12-09T19:43:52.469386,1369.59920079
2025-12-09T19:44:53.687719,1372.97501948
2025-12-09T19:45:54.979397,1369.71930410
2025-12-09T19:46:56.237376,1366.40478062
2025-12-09T19:47:57.454038,1364.99493220
2025-12-09T19:48:58.737989,1365.62859042
2025-12-09T19:50:00.013382,1370.45715239
2025-12-09T19:51:01.768548,1367.35434276
2025-12-09T19:52:03.037372,1365.78914976
2025-12-09T19:53:04.277376,1365.90189152
2025-12-09T19:54:05.549396,1367.37202013
2025-12-09T19:55:06.824809,1368.72278362
2025-12-09T19:56:08.080968,1366.83748809
2025-12-09T19:57:09.274411,1363.89804401
2025-12-09T19:58:10.522851,1364.84192672
2025-12-09T19:59:11.830988,1364.08764736
2025-12-09T20:00:13.070336,1365.11882607
2025-12-09T20:01:14.965386,1363.35013059
2025-12-09T20:02:16.221380,1370.82348485
2025-12-09T20:03:17.496517,1365.64390025
2025-12-09T20:04:18.733540,1367.24005965
2025-12-09T20:05:20.011501,1364.10521500
2025-12-09T20:06:21.245383,1364.98318084
2025-12-09T20:07:22.520651,1365.36490226
2025-12-09T20:08:23.757376,1365.23891038
2025-12-09T20:09:24.980305,1358.25785231
2025-12-09T20:10:26.245378,1359.73643755
2025-12-09T20:11:27.509372,1358.79701195
2025-12-09T20:12:28.782768,1355.58420942
2025-12-09T20:13:30.046118,1355.49053296
2025-12-09T20:14:31.293403,1354.49020166
2025-12-09T20:15:32.535435,1354.85419869
2025-12-09T20:16:33.848419,1359.69402729
2025-12-09T20:17:35.129377,1358.69661530
2025-12-09T20:18:36.330893,1360.21086829
2025-12-09T20:19:37.557372,1358.47685912
2025-12-09T20:20:38.795378,1360.89224385
2025-12-09T20:21:40.025386,1359.58161961
2025-12-09T20:22:41.295535,1362.62344277
2025-12-09T20:23:42.565393,1362.40487587
2025-12-09T20:24:43.787536,1361.19932646
2025-12-09T20:25:45.059099,1364.57678599
2025-12-09T20:26:46.303570,1363.64697068
2025-12-09T20:27:47.509392,1363.60071884
2025-12-09T20:28:48.778575,1360.53922117
2025-12-09T20:29:50.065411,1362.44992397
2025-12-09T20:30:51.353224,1366.42623941
2025-12-09T20:31:52.595644,1365.94763709
2025-12-09T20:32:53.826690,1367.08131540
2025-12-09T20:33:55.045375,1365.31280820
2025-12-09T20:34:56.333356,1364.92144825
2025-12-09T20:35:57.589374,1361.53672731
2025-12-09T20:36:58.815951,1359.98274869
2025-12-09T20:38:00.077407,1362.06418538
2025-12-09T20:39:01.350666,1361.85818406
2025-12-09T20:40:02.590353,1362.13290162
2025-12-09T20:41:03.891735,1365.14488429
2025-12-09T20:42:05.162814,1366.52987852
2025-12-09T20:43:06.393668,1363.28466372
2025-12-09T20:44:07.702652,1364.99916163
2025-12-09T20:45:08.965672,1364.03754730
2025-12-09T20:46:10.138192,1364.03509012
2025-12-09T20:47:11.430049,1365.20075990
2025-12-09T20:48:12.727663,1365.45392409
2025-12-09T20:49:13.960723,1366.48563950
2025-12-09T20:50:15.205384,1362.64814938
2025-12-09T20:51:16.470083,1358.86518183
2025-12-09T20:52:17.661396,1354.72015228
2025-12-09T20:53:18.915771,1354.74738300
2025-12-09T20:54:20.117400,1348.31595696
2025-12-09T20:55:21.325373,1354.79095401
2025-12-09T20:56:22.528125,1354.60988426
2025-12-09T20:57:23.783428,1352.93247177
2025-12-09T20:58:24.989395,1356.14059424
2025-12-09T20:59:26.259964,1356.41953775
2025-12-09T21:00:27.502534,1362.78702863
2025-12-09T21:01:29.375013,1362.56982642
2025-12-09T21:02:30.613373,1364.37698287
2025-12-09T21:03:31.861397,1358.13401295
2025-12-09T21:04:33.085243,1359.06993364
2025-12-09T21:05:34.354411,1358.74063738
2025-12-09T21:06:35.620885,1357.72914848
2025-12-09T21:07:36.853421,1356.78842048
2025-12-09T21:08:38.140135,1356.60745892
2025-12-09T21:09:39.413404,1359.48981765
2025-12-09T21:10:40.648776,1355.62185198
2025-12-09T21:11:41.909388,1355.72639236
2025-12-09T21:12:43.157404,1353.94158594
2025-12-09T21:13:44.349368,1352.58620632
2025-12-09T21:14:45.589376,1351.09816812
2025-12-09T21:15:46.853378,1349.45838702
2025-12-09T21:16:48.111205,1351.83211007
2025-12-09T21:17:49.373377,1352.99378420
2025-12-09T21:18:50.638314,1352.17882076
2025-12-09T21:19:51.815444,1357.11283320
2025-12-09T21:20:53.059308,1359.86895223
2025-12-09T21:21:54.320657,1357.09329880
2025-12-09T21:22:55.516710,1364.49316347
2025-12-09T21:23:56.701368,1362.94068448
2025-12-09T21:24:57.986135,1364.25983492
2025-12-09T21:25:59.213391,1359.57047330
2025-12-09T21:27:00.450451,1358.62342960
2025-12-09T21:28:01.693307,1360.13578790
2025-12-09T21:29:02.972171,1360.41884470
2025-12-09T21:30:04.237379,1358.65156359
2025-12-09T21:31:05.493381,1356.73283490
2025-12-09T21:32:06.740683,1354.64979910
2025-12-09T21:33:07.925373,1359.42631556
2025-12-09T21:34:09.261374,1360.80179853
2025-12-09T21:35:10.506926,1361.32573310
2025-12-09T21:36:11.750145,1367.18715530
2025-12-09T21:37:13.007602,1370.33085485
2025-12-09T21:38:14.213551,1373.83080976
2025-12-09T21:39:15.477415,1374.35941190
2025-12-09T21:40:16.682150,1372.79243521
2025-12-09T21:41:17.937507,1372.69359789
2025-12-09T21:42:19.199115,1372.32331870
2025-12-09T21:43:20.486371,1370.47334824
2025-12-09T21:44:21.726945,1370.75058997
2025-12-09T21:45:22.973363,1372.65857179
2025-12-09T21:46:24.224248,1372.88671431
2025-12-09T21:47:25.485385,1369.85651244
2025-12-09T21:48:26.715668,1369.63981281
2025-12-09T21:49:27.978842,1372.00322233
2025-12-09T21:50:29.228033,1370.43650485
2025-12-09T21:51:30.453372,1373.93273512
2025-12-09T21:52:31.739148,1376.23829427
2025-12-09T21:53:32.989147,1372.37317615
2025-12-09T21:54:34.217320,1377.05599607
2025-12-09T21:55:35.469373,1380.24291413
2025-12-09T21:56:36.697689,1377.38023217
2025-12-09T21:57:37.952833,1377.76085506
2025-12-09T21:58:39.203705,1379.04847674
2025-12-09T21:59:40.436871,1378.17790996
2025-12-09T22:00:41.685396,1372.57587268
2025-12-09T22:01:42.997370,1371.92741129
2025-12-09T22:02:44.181467,1368.74442364
2025-12-09T22:03:45.441748,1366.05246525
2025-12-09T22:04:46.677368,1364.61470385
2025-12-09T22:05:47.885361,1368.09641449
2025-12-09T22:06:49.109385,1365.98899012
2025-12-09T22:07:50.346297,1364.67972473
2025-12-09T22:08:51.550329,1367.82810400
2025-12-09T22:09:52.789365,1367.48533760
2025-12-09T22:10:54.037387,1364.49881587
2025-12-09T22:11:55.275611,1366.10837577
2025-12-09T22:12:56.469376,1370.23479580
2025-12-09T22:13:57.725388,1375.48373453
2025-12-09T22:14:58.965374,1372.84249635
2025-12-09T22:16:00.215312,1369.58948749
2025-12-09T22:17:01.494462,1365.08329561
2025-12-09T22:18:02.725115,1365.61977708
2025-12-09T22:19:03.997366,1363.24175064
2025-12-09T22:20:05.269351,1361.91797903
2025-12-09T22:21:06.500682,1360.90767965
2025-12-09T22:22:07.765379,1356.58793745
2025-12-09T22:23:09.059240,1357.03814447
2025-12-09T22:24:10.280454,1357.48159244
2025-12-09T22:25:11.509370,1361.40361974
2025-12-09T22:26:12.794484,1361.42497824
2025-12-09T22:27:14.025255,1361.97226489
2025-12-09T22:28:15.309371,1363.00512577
2025-12-09T22:29:16.550428,1367.12093499
2025-12-09T22:30:17.750929,1368.12202844
2025-12-09T22:31:18.986083,1368.99198635
2025-12-09T22:32:20.257588,1363.10372256
2025-12-09T22:33:21.485401,1361.94263690
2025-12-09T22:34:22.708386,1367.03286371
2025-12-09T22:35:23.972334,1367.07101785
2025-12-09T22:36:25.261377,1368.94896940
2025-12-09T22:37:26.509391,1367.35665408
2025-12-09T22:38:27.733382,1366.32461379
2025-12-09T22:39:28.908809,1364.07543367
2025-12-09T22:40:30.173379,1364.84824000
2025-12-09T22:41:31.386236,1365.70536225
2025-12-09T22:42:32.628920,1370.81850899
2025-12-09T22:43:33.849924,1370.14527810
2025-12-09T22:44:35.068172,1369.48001151
2025-12-09T22:45:36.300868,1369.64898310
2025-12-09T22:46:37.525372,1370.87882631
2025-12-09T22:47:38.770408,1366.20644586
2025-12-09T22:48:39.989409,1366.91357937
2025-12-09T22:49:41.265315,1368.47118586
2025-12-09T22:50:42.518330,1367.79924812
2025-12-09T22:51:43.741456,1365.89721494
2025-12-09T22:52:45.021190,1366.28075294
2025-12-09T22:53:46.257914,1367.21601693
2025-12-09T22:54:47.509415,1366.29149131
2025-12-09T22:55:48.757549,1367.38374499
2025-12-09T22:56:49.981388,1367.40967743
2025-12-09T22:57:51.213375,1364.96658656
2025-12-09T22:58:52.470331,1362.99927571
2025-12-09T22:59:53.725388,1362.73410100
2025-12-09T23:00:54.952235,1355.52890252
2025-12-09T23:01:56.181364,1351.05430353
2025-12-09T23:02:57.413305,1350.71910756
2025-12-09T23:03:58.613395,1350.36535986
2025-12-09T23:04:59.872030,1350.04267052
2025-12-09T23:06:01.164319,1352.29338199
2025-12-09T23:07:02.393772,1354.41422291
2025-12-09T23:08:03.671972,1355.33653744
2025-12-09T23:09:04.925384,1354.82071549
2025-12-09T23:10:06.138199,1356.88682912
2025-12-09T23:11:07.349371,1353.84488238
2025-12-09T23:12:08.589398,1353.66124224
2025-12-09T23:13:09.765369,1351.71333662
2025-12-09T23:14:11.003659,1348.20467038
2025-12-09T23:15:12.253397,1349.63118086
2025-12-09T23:16:13.474034,1350.35793471
2025-12-09T23:17:14.701395,1348.53396397
2025-12-09T23:18:15.970550,1348.05545652
2025-12-09T23:19:17.209358,1349.11761831
2025-12-09T23:20:18.429397,1349.99972144
2025-12-09T23:21:19.651967,1353.06874065
2025-12-09T23:22:20.853358,1353.41473709
2025-12-09T23:23:22.069380,1354.20138621
2025-12-09T23:24:23.317374,1352.75219701
2025-12-09T23:25:24.527068,1353.64858141
2025-12-09T23:26:25.757387,1355.52170591
2025-12-09T23:27:27.013313,1357.98578255
2025-12-09T23:28:28.210329,1358.62171932
2025-12-09T23:29:29.443495,1359.17859399
2025-12-09T23:30:30.708599,1356.79336744
2025-12-09T23:31:31.921816,1359.09589448
2025-12-09T23:32:33.197936,1359.34063408
2025-12-09T23:33:34.445378,1358.89007621
2025-12-09T23:34:35.682783,1363.66694645
2025-12-09T23:35:36.949369,1364.18964662
2025-12-09T23:36:38.191346,1365.17001944
2025-12-09T23:37:39.349392,1368.11771142
2025-12-09T23:38:40.597389,1370.79596450
2025-12-09T23:39:41.845380,1370.35022353
2025-12-09T23:40:43.078431,1367.14011219
2025-12-09T23:41:44.326484,1366.51774660
2025-12-09T23:42:45.550055,1367.21054234
2025-12-09T23:43:46.773390,1366.62174752
2025-12-09T23:44:48.043044,1367.24113036
2025-12-09T23:45:49.269373,1367.28297941
2025-12-09T23:46:50.499652,1367.88324556
2025-12-09T23:47:51.765405,1364.70276473
2025-12-09T23:48:53.048925,1366.47981452
2025-12-09T23:49:54.282756,1367.89291687
2025-12-09T23:50:55.527480,1366.95492018
2025-12-09T23:51:56.757365,1367.85837241
2025-12-09T23:52:57.997375,1367.54285044
2025-12-09T23:53:59.270201,1369.92047026
2025-12-09T23:55:00.513807,1370.77596898
2025-12-09T23:56:02.138230,1371.01068267
2025-12-09T23:57:03.403776,1373.15821107
2025-12-09T23:58:04.645395,1372.43406994
2025-12-09T23:59:05.877379,1371.71025123
2025-12-10T00:00:07.113642,1370.87482276
2025-12-10T00:01:08.565403,1369.69611875
2025-12-10T00:02:09.821377,1373.41268022
2025-12-10T00:03:11.061390,1371.65051863
2025-12-10T00:04:12.333379,1370.58003211
2025-12-10T00:05:13.578836,1367.90650175
2025-12-10T00:06:14.845356,1369.97493943
2025-12-10T00:07:16.117374,1369.32992492
2025-12-10T00:08:17.349219,1370.77518048
2025-12-10T00:09:18.613377,1374.44983192
2025-12-10T00:10:19.861424,1375.15310650
2025-12-10T00:11:21.058819,1376.95423784
2025-12-10T00:12:22.309376,1375.74567646
2025-12-10T00:13:23.533399,1374.28280086
2025-12-10T00:14:24.745951,1374.21726917
2025-12-10T00:15:26.021525,1367.06677362
2025-12-10T00:16:27.276788,1371.13850370
2025-12-10T00:17:28.469378,1368.29502736
2025-12-10T00:18:29.719948,1368.89425168
2025-12-10T00:19:30.965394,1367.97930165
2025-12-10T00:20:32.221838,1366.89982914
2025-12-10T00:21:33.506962,1369.44080694
2025-12-10T00:22:34.795401,1370.81496475
2025-12-10T00:23:36.019987,1371.83217442
2025-12-10T00:24:37.269371,1371.14575240
2025-12-10T00:25:38.543949,1374.88940688
2025-12-10T00:26:39.757534,1378.48150306
2025-12-10T00:27:41.013385,1383.91668386
2025-12-10T00:28:42.229367,1381.38188850
2025-12-10T00:29:43.512322,1382.75080664
2025-12-10T00:30:44.740390,1379.69887158
2025-12-10T00:31:46.017685,1380.22814847
2025-12-10T00:32:47.253373,1380.89365823
2025-12-10T00:33:48.517229,1379.40026134
2025-12-10T00:34:49.763458,1376.65161739
2025-12-10T00:35:50.992813,1383.16518041
2025-12-10T00:36:52.251971,1382.17880301
2025-12-10T00:37:53.493970,1385.40841041
2025-12-10T00:38:54.706811,1386.12447843
2025-12-10T00:39:55.921168,1385.58562797
2025-12-10T00:40:57.134217,1383.91309765
2025-12-10T00:41:58.320664,1383.92487751
2025-12-10T00:42:59.533398,1390.16456079
2025-12-10T00:44:00.797937,1393.57725641
2025-12-10T00:45:02.005465,1390.12898232
2025-12-10T00:46:03.309371,1387.85899620
2025-12-10T00:47:04.592893,1387.01232990
2025-12-10T00:48:05.870551,1387.65018817
2025-12-10T00:49:07.093433,1386.84035811
2025-12-10T00:50:08.362990,1388.02627774
2025-12-10T00:51:09.625976,1382.33180163
2025-12-10T00:52:10.890394,1381.85201740
2025-12-10T00:53:12.148611,1380.89119846
2025-12-10T00:54:13.381431,1378.37045255
2025-12-10T00:55:14.632327,1377.08585722
2025-12-10T00:56:15.898294,1378.14093450
2025-12-10T00:57:17.058481,1377.37663664
2025-12-10T00:58:18.306872,1377.72448194
2025-12-10T00:59:19.566784,1377.04077126
2025-12-10T01:00:20.793378,1373.54025162
2025-12-10T01:01:22.669389,1367.96814272
2025-12-10T01:02:23.968958,1366.96391241
2025-12-10T01:03:25.186634,1363.69619369
2025-12-10T01:04:26.458584,1360.45353795
2025-12-10T01:05:27.733386,1364.84105854
2025-12-10T01:06:28.953490,1369.21556343
2025-12-10T01:07:30.197375,1367.05607232
2025-12-10T01:08:31.445379,1366.03494447
2025-12-10T01:09:32.677373,1364.60291366
2025-12-10T01:10:33.943468,1364.69336668
2025-12-10T01:11:35.229391,1366.08781880
2025-12-10T01:12:36.462340,1363.18304592
2025-12-10T01:13:37.714748,1361.55251192
2025-12-10T01:14:38.998317,1363.83275501
2025-12-10T01:15:40.253380,1362.46753911
2025-12-10T01:16:41.492981,1364.72042548
2025-12-10T01:17:42.741373,1368.39488196
2025-12-10T01:18:43.983730,1368.14480016
2025-12-10T01:19:45.237379,1369.59509162
2025-12-10T01:20:46.523620,1366.16181836
2025-12-10T01:21:47.733378,1368.61968428
2025-12-10T01:22:48.981518,1379.08460483
2025-12-10T01:23:50.229373,1372.16264542
2025-12-10T01:24:51.453375,1371.47933989
2025-12-10T01:25:52.703457,1373.33172125
2025-12-10T01:26:53.941355,1364.74266404
2025-12-10T01:27:55.157368,1363.62692152
2025-12-10T01:28:56.413391,1363.46924993
2025-12-10T01:29:57.690880,1362.34293838
2025-12-10T01:30:58.885373,1362.74728487
2025-12-10T01:32:00.130961,1361.44958809
2025-12-10T01:33:01.357366,1362.64659872
2025-12-10T01:34:02.618171,1361.75993448
2025-12-10T01:35:03.884804,1359.74328449
2025-12-10T01:36:05.162673,1358.92111125
2025-12-10T01:37:06.441466,1359.14484418
2025-12-10T01:38:07.637381,1361.76761145
2025-12-10T01:39:08.916695,1363.00377122
2025-12-10T01:40:10.138173,1360.15853179
2025-12-10T01:41:11.381443,1360.06334669
2025-12-10T01:42:12.686220,1360.73482063
2025-12-10T01:43:13.911689,1361.57549845
2025-12-10T01:44:15.153557,1361.17782483
2025-12-10T01:45:16.365376,1362.40066040
2025-12-10T01:46:17.578109,1361.02474948
2025-12-10T01:47:18.842882,1359.87608107
2025-12-10T01:48:20.095827,1361.09674461
2025-12-10T01:49:21.333666,1361.70921041
2025-12-10T01:50:22.542239,1366.78105016
2025-12-10T01:51:23.796316,1368.26713255
2025-12-10T01:52:25.045369,1364.45571346
2025-12-10T01:53:26.309439,1363.21481892
2025-12-10T01:54:27.485381,1362.11291076
2025-12-10T01:55:28.671784,1365.86835338
2025-12-10T01:56:29.980580,1368.76766230
2025-12-10T01:57:31.259192,1365.90104385
2025-12-10T01:58:32.454689,1370.71547980
2025-12-10T01:59:33.639999,1370.18995677
2025-12-10T02:00:34.894592,1369.88958451
2025-12-10T02:01:36.725367,1366.63996118
2025-12-10T02:02:37.957385,1364.81980501
2025-12-10T02:03:39.180333,1358.93294795
2025-12-10T02:04:40.405389,1361.45688090
2025-12-10T02:05:41.632516,1362.73726261
2025-12-10T02:06:42.845379,1365.48597851
2025-12-10T02:07:44.089961,1368.28667508
2025-12-10T02:08:45.332985,1365.77962994
2025-12-10T02:09:46.581384,1365.98664651
2025-12-10T02:10:47.749410,1362.89546786
2025-12-10T02:11:48.949431,1364.65353247
2025-12-10T02:12:50.173432,1362.18133600
2025-12-10T02:13:51.415655,1364.03392569
2025-12-10T02:14:52.618256,1363.78539514
2025-12-10T02:15:53.877128,1360.85993926
2025-12-10T02:16:55.091986,1348.52270196
2025-12-10T02:17:56.349386,1353.09877316
2025-12-10T02:18:57.601227,1351.34747508
2025-12-10T02:19:58.790960,1350.64561311
2025-12-10T02:21:00.013371,1351.40346928
2025-12-10T02:22:01.285132,1350.48554970
2025-12-10T02:23:02.523207,1351.02532931
2025-12-10T02:24:03.778761,1351.21319722
2025-12-10T02:25:05.037385,1354.26291076
2025-12-10T02:26:06.284078,1353.79433819
2025-12-10T02:27:07.493689,1352.83473005
2025-12-10T02:28:08.701354,1355.35562889
2025-12-10T02:29:09.935545,1357.74394614
2025-12-10T02:30:11.157395,1359.14996265
2025-12-10T02:31:12.365356,1359.63131617
2025-12-10T02:32:13.583152,1355.70872701
2025-12-10T02:33:14.848033,1356.32414265
2025-12-10T02:34:16.102442,1353.74824846
2025-12-10T02:35:17.235593,1354.39436287
2025-12-10T02:36:18.445433,1353.07813939
2025-12-10T02:37:19.692519,1351.15150422
2025-12-10T02:38:20.906366,1353.11368182
2025-12-10T02:39:22.197386,1352.87468129
2025-12-10T02:40:23.437395,1349.45106302
2025-12-10T02:41:24.688117,1350.86908153
2025-12-10T02:42:25.909368,1349.38548032
2025-12-10T02:43:27.188371,1348.12848679
2025-12-10T02:44:28.449140,1345.58202985
2025-12-10T02:45:29.651748,1348.08814054
2025-12-10T02:46:30.869393,1349.09317766
2025-12-10T02:47:32.055061,1343.68094998
2025-12-10T02:48:33.299073,1342.43296782
2025-12-10T02:49:34.557380,1341.12663594
2025-12-10T02:50:35.783206,1340.96778542
2025-12-10T02:51:37.023149,1340.78150008
2025-12-10T02:52:38.287505,1340.00722291
2025-12-10T02:53:39.490602,1337.76044823
2025-12-10T02:54:40.741360,1335.56002105
2025-12-10T02:55:41.970210,1333.05239249
2025-12-10T02:56:43.157376,1326.83512225
2025-12-10T02:57:44.426983,1327.66156066
2025-12-10T02:58:45.685385,1326.62306733
2025-12-10T02:59:46.901399,1318.51011366
2025-12-10T03:00:48.085373,1312.06492439
2025-12-10T03:01:49.364030,1310.81812170
2025-12-10T03:02:50.602195,1304.03501714
2025-12-10T03:03:51.829385,1300.76262978
2025-12-10T03:04:53.058445,1305.54206243
2025-12-10T03:05:54.261371,1301.13254886
2025-12-10T03:06:55.573485,1300.02986552
2025-12-10T03:07:56.850594,1299.25872779
2025-12-10T03:08:58.005369,1300.28311278
2025-12-10T03:09:59.269054,1297.53771183
2025-12-10T03:11:00.509379,1299.64897435
2025-12-10T03:12:01.749379,1301.05891238
2025-12-10T03:13:02.965382,1301.22366258
2025-12-10T03:14:04.272351,1298.15255662
2025-12-10T03:15:05.557379,1301.06044978
2025-12-10T03:16:06.797392,1293.28107405
2025-12-10T03:17:08.049310,1278.93637483
2025-12-10T03:18:09.248005,1280.09168884
2025-12-10T03:19:10.461371,1279.49583109
2025-12-10T03:20:11.669379,1281.47981700
2025-12-10T03:21:12.869343,1281.55862233
2025-12-10T03:22:14.121263,1286.85908356
2025-12-10T03:23:15.349367,1282.16360439
2025-12-10T03:24:16.640458,1269.01887742
2025-12-10T03:25:17.910586,1271.24525741
2025-12-10T03:26:19.149395,1267.04936647
2025-12-10T03:27:20.301360,1267.82130453
2025-12-10T03:28:21.547023,1264.32761363
2025-12-10T03:29:22.765380,1259.72341535
2025-12-10T03:30:23.966314,1252.45060350
2025-12-10T03:31:25.211994,1258.18247442
2025-12-10T03:32:26.453036,1256.91241809
2025-12-10T03:33:27.709369,1259.94103988
2025-12-10T03:34:28.912042,1245.29558373
2025-12-10T03:35:30.141409,1249.04308344
2025-12-10T03:36:31.372894,1301.12030763
2025-12-10T03:37:32.636941,1313.19272918
2025-12-10T03:38:33.894569,1324.12241136
2025-12-10T03:39:35.130995,1324.79306163
2025-12-10T03:40:36.309363,1319.86838910
2025-12-10T03:41:37.586855,1319.30217727
2025-12-10T03:42:38.803908,1313.41447005
2025-12-10T03:43:40.061113,1317.88359118
2025-12-10T03:44:41.309764,1312.03629772
2025-12-10T03:45:42.485380,1316.94691751
2025-12-10T03:46:43.729025,1306.55070910
2025-12-10T03:47:44.981383,1308.97675483
2025-12-10T03:48:46.186766,1307.88820440
2025-12-10T03:49:47.459543,1308.61320086
2025-12-10T03:50:48.670323,1305.12517909
2025-12-10T03:51:49.944287,1298.55505280
2025-12-10T03:52:51.167942,1319.59959987
2025-12-10T03:53:52.390256,1329.66141593
2025-12-10T03:54:53.592034,1324.59761509
2025-12-10T03:55:54.841420,1322.11500489
2025-12-10T03:56:56.090039,1318.05731199
2025-12-10T03:57:57.332879,1327.92438696
2025-12-10T03:58:58.509373,1329.85393059
2025-12-10T03:59:59.772021,1320.65678202
2025-12-10T04:01:01.158956,1317.92234177
2025-12-10T04:02:02.414198,1321.72986782
2025-12-10T04:03:03.637372,1314.14985951
2025-12-10T04:04:04.885376,1316.93042123
2025-12-10T04:05:06.138205,1322.73980821
2025-12-10T04:06:07.405388,1322.50202939
2025-12-10T04:07:08.628995,1323.46951316
2025-12-10T04:08:09.877388,1319.03665682
2025-12-10T04:09:11.139510,1317.96771493
2025-12-10T04:10:12.365407,1314.56976061
2025-12-10T04:11:13.590944,1308.99517915
2025-12-10T04:12:14.807496,1298.66410157
2025-12-10T04:13:16.029402,1296.07448634
2025-12-10T04:14:17.269394,1298.07284032
2025-12-10T04:15:18.521329,1300.73986995
2025-12-10T04:16:19.733366,1292.98283071
2025-12-10T04:17:20.952132,1294.98569611
2025-12-10T04:18:22.173383,1299.80259079
2025-12-10T04:19:23.341373,1304.76599090
2025-12-10T04:20:25.134313,1289.92273946
2025-12-10T04:21:26.433511,1288.81692107
2025-12-10T04:22:27.605796,1287.19347383
2025-12-10T04:23:28.853419,1284.28193939
2025-12-10T04:24:30.093382,1283.94202452
2025-12-10T04:25:31.309390,1275.92658298
2025-12-10T04:26:32.529330,1275.97485472
2025-12-10T04:27:33.723722,1266.40008708
2025-12-10T04:28:34.923939,1272.96455255
2025-12-10T04:29:36.125380,1265.69973919
2025-12-10T04:30:37.333367,1262.13580253
2025-12-10T04:31:38.517371,1266.40213730
2025-12-10T04:32:39.774630,1267.83016908
2025-12-10T04:33:41.043062,1277.68752977
2025-12-10T04:34:42.262219,1273.58582103
2025-12-10T04:35:43.498944,1271.95393373
2025-12-10T04:36:44.693360,1275.93116262
2025-12-10T04:37:45.909350,1313.34248483
2025-12-10T04:38:47.125349,1306.88491677
2025-12-10T04:39:48.401458,1303.46025277
2025-12-10T04:40:49.629371,1302.02783541
2025-12-10T04:41:50.903929,1302.76921758
2025-12-10T04:42:52.141360,1298.41151901
2025-12-10T04:43:53.325563,1301.77309940
2025-12-10T04:44:54.597899,1299.17051881
2025-12-10T04:45:55.861385,1300.26084728
2025-12-10T04:46:57.061307,1297.83345440
2025-12-10T04:47:58.334399,1292.61915573
2025-12-10T04:48:59.562377,1283.56186284
2025-12-10T04:50:00.757360,1287.85700419
2025-12-10T04:51:01.984173,1289.59363891
2025-12-10T04:52:03.254172,1285.38603733
2025-12-10T04:53:04.495071,1289.50817946
2025-12-10T04:54:05.783201,1293.78647313
2025-12-10T04:55:07.005368,1304.42236577
2025-12-10T04:56:08.239799,1304.69139304
2025-12-10T04:57:09.461373,1304.61647097
2025-12-10T04:58:10.709804,1309.08210379
2025-12-10T04:59:11.893373,1313.38142754
2025-12-10T05:00:13.152337,1316.04925217
2025-12-10T05:01:15.062064,1326.41918211
2025-12-10T05:02:16.303551,1332.78495097
2025-12-10T05:03:17.497530,1325.32023072
2025-12-10T05:04:18.781047,1324.57822444
2025-12-10T05:05:19.964745,1328.26115782
2025-12-10T05:06:21.208728,1329.77638858
2025-12-10T05:07:22.451669,1329.37254736
2025-12-10T05:08:23.637367,1335.44254635
2025-12-10T05:09:24.797381,1337.72457841
2025-12-10T05:10:26.070379,1330.07179542
2025-12-10T05:11:27.265440,1335.12195253
2025-12-10T05:12:28.501380,1329.94190071
2025-12-10T05:13:29.767309,1322.07396923
2025-12-10T05:14:30.973367,1309.43255500
2025-12-10T05:15:32.213869,1309.83924625
2025-12-10T05:16:33.459007,1317.87510618
2025-12-10T05:17:34.637389,1326.87178683
2025-12-10T05:18:35.853371,1321.46927444
2025-12-10T05:19:37.131525,1321.52176112
2025-12-10T05:20:38.325354,1322.94879857
2025-12-10T05:21:39.541385,1324.67124185
2025-12-10T05:22:40.797365,1320.32259733
2025-12-10T05:23:41.973348,1321.02076323
2025-12-10T05:24:43.221341,1327.34784316
2025-12-10T05:25:44.469370,1332.98594772
2025-12-10T05:26:45.702745,1332.82905069
2025-12-10T05:27:46.924979,1331.36951287
2025-12-10T05:28:48.141345,1331.64959602
2025-12-10T05:29:49.365018,1331.80400226
2025-12-10T05:30:50.581375,1334.86992999
2025-12-10T05:31:51.805394,1334.32670071
2025-12-10T05:32:53.020940,1332.87931983
2025-12-10T05:33:54.240827,1334.61081763
2025-12-10T05:34:55.469756,1351.38184847
2025-12-10T05:35:56.692320,1348.35359675
2025-12-10T05:36:57.877384,1344.65004468
2025-12-10T05:37:59.061369,1342.77781227
2025-12-10T05:39:00.285372,1343.67093146
2025-12-10T05:40:01.570542,1343.39186950
2025-12-10T05:41:02.825101,1345.75469649
2025-12-10T05:42:04.010667,1346.38825284
2025-12-10T05:43:05.222622,1343.98702912
2025-12-10T05:44:06.531770,1345.98198724
2025-12-10T05:45:07.799741,1348.34070996
2025-12-10T05:46:09.058907,1345.01257246
2025-12-10T05:47:10.306448,1343.91081993
2025-12-10T05:48:11.485371,1346.18947255
2025-12-10T05:49:12.729340,1343.43339969
2025-12-10T05:50:13.917394,1341.91761395
2025-12-10T05:51:15.093377,1343.56448928
2025-12-10T05:52:16.353500,1338.02324918
2025-12-10T05:53:17.528336,1339.02854710
2025-12-10T05:54:18.736030,1343.06737268
2025-12-10T05:55:19.965375,1346.11352807
2025-12-10T05:56:21.205412,1354.14943943
2025-12-10T05:57:22.389370,1351.81332420
2025-12-10T05:58:23.629373,1347.15010261
2025-12-10T05:59:24.871795,1350.11846280
2025-12-10T06:00:26.138135,1349.82216785
2025-12-10T06:01:28.029399,1346.06490542
2025-12-10T06:02:29.274216,1348.47887768
2025-12-10T06:03:30.512321,1354.98361074
2025-12-10T06:04:31.767351,1346.66547259
2025-12-10T06:05:32.941369,1347.97101562
2025-12-10T06:06:34.141689,1348.28138130
2025-12-10T06:07:35.381358,1346.48908953
2025-12-10T06:08:36.613239,1343.68670818
2025-12-10T06:09:37.798233,1346.16197833
2025-12-10T06:10:39.228551,1345.61821752
2025-12-10T06:11:40.478894,1345.51806538
2025-12-10T06:12:41.629429,1346.11184054
2025-12-10T06:13:42.822859,1347.36361277
2025-12-10T06:14:44.053379,1343.84903868
2025-12-10T06:15:45.293383,1344.87277024
2025-12-10T06:16:46.516749,1351.56062489
2025-12-10T06:17:47.750530,1352.99356674
2025-12-10T06:18:48.905572,1349.60121581
2025-12-10T06:19:50.138146,1344.45365425
2025-12-10T06:20:51.427089,1346.77592293
2025-12-10T06:21:52.666513,1350.35639185
2025-12-10T06:22:53.875899,1352.69167567
2025-12-10T06:23:55.093373,1352.55470079
2025-12-10T06:24:56.322557,1357.13877930
2025-12-10T06:25:57.529807,1355.97292385
2025-12-10T06:26:58.773444,1356.21749734
2025-12-10T06:27:59.957349,1354.99290913
2025-12-10T06:29:01.239470,1356.72753850
2025-12-10T06:30:02.461368,1357.19375178
2025-12-10T06:31:03.714958,1366.06995377
2025-12-10T06:32:04.949471,1366.95075462
2025-12-10T06:33:06.216442,1367.80704396
2025-12-10T06:34:07.484012,1366.00205652
2025-12-10T06:35:08.757365,1367.29138718
2025-12-10T06:36:09.997398,1367.11507786
2025-12-10T06:37:11.221916,1370.23686963
2025-12-10T06:38:12.458200,1369.36886861
2025-12-10T06:39:13.661380,1367.80859832
2025-12-10T06:40:14.869405,1365.67754504
2025-12-10T06:41:16.135664,1367.79664095
2025-12-10T06:42:17.361735,1367.07164577
2025-12-10T06:43:18.600820,1367.67970634
2025-12-10T06:44:19.861361,1369.49044913
2025-12-10T06:45:21.059314,1371.50863079
2025-12-10T06:46:22.269333,1371.55337280
2025-12-10T06:47:23.501374,1371.23083048
2025-12-10T06:48:24.725371,1373.13991304
2025-12-10T06:49:25.973373,1373.42707021
2025-12-10T06:50:27.166319,1374.51639619
2025-12-10T06:51:28.447026,1371.00751905
2025-12-10T06:52:29.653399,1372.86796496
2025-12-10T06:53:30.901385,1372.59005587
2025-12-10T06:54:32.149386,1375.82484899
2025-12-10T06:55:33.341368,1374.14301606
2025-12-10T06:56:34.587605,1376.74653057
2025-12-10T06:57:35.830745,1377.37512182
2025-12-10T06:58:37.059122,1377.42844646
2025-12-10T06:59:38.278057,1377.73469575
2025-12-10T07:00:39.513626,1379.91652219
2025-12-10T07:01:41.334692,1380.00015460
2025-12-10T07:02:42.594720,1378.83979024
2025-12-10T07:03:43.805371,1386.11160073
2025-12-10T07:04:45.013373,1385.58563305
2025-12-10T07:05:46.223211,1382.77505736
2025-12-10T07:06:47.445369,1379.96703168
2025-12-10T07:07:48.621367,1384.36237606
2025-12-10T07:08:49.853372,1382.62419372
2025-12-10T07:09:51.061372,1384.67766628
2025-12-10T07:10:52.262401,1389.70002153
2025-12-10T07:11:53.437369,1388.41345658
2025-12-10T07:12:54.688039,1389.09102729
2025-12-10T07:13:55.861364,1392.93211855
2025-12-10T07:14:57.101387,1384.76099699
2025-12-10T07:15:58.298601,1386.36712776
2025-12-10T07:16:59.477332,1388.88184108
2025-12-10T07:18:00.725366,1391.24821619
2025-12-10T07:19:01.917386,1395.58345737
2025-12-10T07:20:03.179994,1396.21199863
2025-12-10T07:21:04.429372,1398.03805386
2025-12-10T07:22:05.669384,1402.59547396
2025-12-10T07:23:06.901385,1406.82214958
2025-12-10T07:24:08.141353,1408.39844514
2025-12-10T07:25:09.405390,1408.63496287
2025-12-10T07:26:10.605374,1407.48224928
2025-12-10T07:27:11.869973,1410.63135918
2025-12-10T07:28:13.115094,1408.84397115
2025-12-10T07:29:14.325403,1401.27766678
2025-12-10T07:30:15.557364,1402.71088018
2025-12-10T07:31:16.864871,1399.54219392
2025-12-10T07:32:18.111057,1400.35814339
2025-12-10T07:33:19.322403,1396.18982478
2025-12-10T07:34:20.586807,1396.81970717
2025-12-10T07:35:21.805388,1391.48294047
2025-12-10T07:36:23.061370,1389.96467693
2025-12-10T07:37:24.323109,1394.68262174
2025-12-10T07:38:25.550623,1394.86649150
2025-12-10T07:39:26.811103,1393.64234334
2025-12-10T07:40:28.071690,1389.97512215
2025-12-10T07:41:29.294470,1384.93218087
2025-12-10T07:42:30.493369,1389.41428692
2025-12-10T07:43:31.725920,1388.69595696
2025-12-10T07:44:32.944662,1380.93480195
2025-12-10T07:45:34.162083,1378.56439972
2025-12-10T07:46:35.365468,1380.43468218
2025-12-10T07:47:36.576768,1382.72659535
2025-12-10T07:48:37.805365,1382.91341969
2025-12-10T07:49:39.072233,1383.28598322
2025-12-10T07:50:40.280765,1380.08090949
2025-12-10T07:51:41.485393,1378.14462264
2025-12-10T07:52:42.699737,1381.78147422
2025-12-10T07:53:43.893393,1381.39991571
2025-12-10T07:54:45.112644,1383.67725785
2025-12-10T07:55:46.367752,1382.53215950
2025-12-10T07:56:47.604177,1381.20870166
2025-12-10T07:57:48.813358,1382.65850313
2025-12-10T07:58:50.012218,1381.44766918
2025-12-10T07:59:51.258864,1377.56466146
2025-12-10T08:00:52.489140,1375.12239524
2025-12-10T08:01:53.773746,1376.00036712
2025-12-10T08:02:54.989382,1386.20141162
2025-12-10T08:03:56.269111,1387.76063125
2025-12-10T08:04:57.501490,1389.78571318
2025-12-10T08:05:58.749759,1387.94370351
2025-12-10T08:06:59.965695,1390.05849391
2025-12-10T08:08:01.261918,1387.02373064
2025-12-10T08:09:02.464232,1388.54905355
2025-12-10T08:10:03.677374,1385.56105661
2025-12-10T08:11:04.909374,1385.33355346
2025-12-10T08:12:06.138167,1381.19412507
2025-12-10T08:13:07.341390,1381.03108121
2025-12-10T08:14:08.565641,1380.29431030
2025-12-10T08:15:09.781727,1376.31975933
2025-12-10T08:16:11.005872,1372.32965553
2025-12-10T08:17:12.277380,1374.16513923
2025-12-10T08:18:13.517393,1380.72909132
2025-12-10T08:19:14.763006,1382.19291684
2025-12-10T08:20:15.963728,1391.65136699
2025-12-10T08:21:17.141388,1393.28132868
2025-12-10T08:22:18.333399,1394.28774684
2025-12-10T08:23:19.581615,1394.07583303
2025-12-10T08:24:20.813368,1399.02790104
2025-12-10T08:25:22.041590,1402.85868227
2025-12-10T08:26:23.285457,1406.17841356
2025-12-10T08:27:24.509386,1400.63120933
2025-12-10T08:28:25.746750,1399.42345423
2025-12-10T08:29:26.999332,1399.53561225
2025-12-10T08:30:28.229376,1400.38327920
2025-12-10T08:31:29.489799,1398.45171848
2025-12-10T08:32:30.701366,1400.82818992
2025-12-10T08:33:31.909797,1398.49636055
2025-12-10T08:34:33.161869,1401.38768595
2025-12-10T08:35:34.349366,1399.62058883
2025-12-10T08:36:35.541399,1397.80732183
2025-12-10T08:37:36.808524,1398.95922824
2025-12-10T08:38:38.091259,1393.21233731
2025-12-10T08:39:39.285405,1396.44482855
2025-12-10T08:40:40.525387,1392.75984203
2025-12-10T08:41:41.733660,1388.56704142
2025-12-10T08:42:42.967141,1384.84750946
2025-12-10T08:43:44.235670,1382.06342257
2025-12-10T08:44:45.459349,1385.62210637
2025-12-10T08:45:46.698325,1393.53041709
2025-12-10T08:46:47.963890,1391.85595918
2025-12-10T08:47:49.205374,1392.47289520
2025-12-10T08:48:50.365380,1393.04586945
2025-12-10T08:49:51.619383,1393.71446996
2025-12-10T08:50:52.877409,1396.12242929
2025-12-10T08:51:54.069377,1390.80716489
2025-12-10T08:52:55.302424,1394.40571679
2025-12-10T08:53:56.541363,1392.51614540
2025-12-10T08:54:57.749368,1391.49081291
2025-12-10T08:55:59.008913,1393.25403180
2025-12-10T08:57:00.245376,1399.91856651
2025-12-10T08:58:01.418633,1396.68523508
2025-12-10T08:59:02.676352,1393.12634727
2025-12-10T09:00:03.916923,1387.96632702
2025-12-10T09:01:05.175300,1385.12513262
2025-12-10T09:02:06.381366,1378.45682519
2025-12-10T09:03:07.643504,1384.67525163
2025-12-10T09:04:08.881227,1389.15779672
2025-12-10T09:05:10.138188,1394.39251718
2025-12-10T09:06:11.401079,1394.45456479
2025-12-10T09:07:12.566343,1397.59344562
2025-12-10T09:08:13.813983,1401.64398319
2025-12-10T09:09:15.058630,1399.11665016
2025-12-10T09:10:16.267783,1399.93432721
2025-12-10T09:11:17.518501,1396.64504500
2025-12-10T09:12:18.797367,1396.84834267
2025-12-10T09:13:19.980323,1397.89450746
2025-12-10T09:14:21.243290,1397.03660157
2025-12-10T09:15:22.480322,1396.84161042
2025-12-10T09:16:23.722578,1395.81088062
2025-12-10T09:17:24.932665,1392.06102998
2025-12-10T09:18:26.140167,1392.21832077
2025-12-10T09:19:27.425827,1390.22875608
2025-12-10T09:20:28.675898,1386.69786843
2025-12-10T09:21:29.932229,1386.17595459
2025-12-10T09:22:31.159189,1385.70385766
