2025-11-24 08:21:36 | INFO     | [LOG] 日志文件: /home/ubuntu/crypto_trading_code/binance_implement/whole_strategy/logs/craz.log
2025-11-24 08:21:36 | INFO     | ============================================================
2025-11-24 08:21:36 | INFO     | [SYSTEM] 启动自动化交易系统
2025-11-24 08:21:36 | INFO     | ============================================================
2025-11-24 08:21:36 | INFO     | [INIT] 初始化交易组件...
2025-11-24 08:21:37 | INFO     | [OK] API连接成功 - LIVE
2025-11-24 08:21:37 | INFO     | [BALANCE] USDT总余额: 343.75
2025-11-24 08:21:37 | INFO     | [INFO] 找到 535 个活跃USDT永续合约
2025-11-24 08:21:37 | INFO     | [OK] 交易执行器初始化成功
2025-11-24 08:21:38 | INFO     | [OK] API连接测试成功，耗时: 0.969秒
2025-11-24 08:21:38 | INFO     | [OK] 优化数据处理器初始化成功
2025-11-24 08:21:38 | INFO     | [OK] 优化因子计算器初始化成功
2025-11-24 08:21:38 | INFO     |    设备: cpu
2025-11-24 08:21:38 | INFO     |    时间框架: ['1h', '2h', '4h']
2025-11-24 08:21:38 | INFO     |    模型路径: /home/ubuntu/crypto_trading_code/binance_implement/whole_strategy/../../figure_model/model_saved/baseline_epoch_45_train_0.00174_val_0.00444.pt
2025-11-24 08:21:38 | INFO     | [BALANCE] 当前账户余额: 343.75 USDT
2025-11-24 08:21:39 | INFO     | [DINGDING] 通知已发送:  账户余额报告
 时间: 2025-11-24 08:21:38
 USDT余额: 343.75
2025-11-24 08:21:39 | INFO     | [BALANCE] 余额通知已发送: 343.75 USDT
2025-11-24 08:21:39 | INFO     | [BALANCE] 16小时模式首次每个cycle可用资金: 21.48 USDT
2025-11-24 08:21:39 | INFO     | [OK] 系统初始化完成，16小时周期执行 (起始 09:00)
2025-11-24 08:21:39 | INFO     | [SCHEDULE] Cycle 0/16 下次执行时间: 2025-11-24 09:00:00
2025-11-24 08:21:39 | INFO     | [LOOP] 开始主交易循环
2025-11-24 08:21:39 | INFO     | [16H] Cycle 0/16 下次执行时间: 2025-11-24 09:00:00
2025-11-24 08:21:39 | INFO     | [WAIT] 等待 2300 秒 (0.6 小时)
2025-11-24 08:23:19 | INFO     | [WAIT] Cycle 0/16 剩余等待时间: 36.7 分钟
2025-11-24 08:25:00 | INFO     | [WAIT] Cycle 0/16 剩余等待时间: 35.0 分钟
2025-11-24 08:26:40 | INFO     | [WAIT] Cycle 0/16 剩余等待时间: 33.3 分钟
2025-11-24 08:28:20 | INFO     | [WAIT] Cycle 0/16 剩余等待时间: 31.7 分钟
2025-11-24 08:30:00 | INFO     | [WAIT] Cycle 0/16 剩余等待时间: 30.0 分钟
2025-11-24 08:31:40 | INFO     | [WAIT] Cycle 0/16 剩余等待时间: 28.3 分钟
2025-11-24 08:33:20 | INFO     | [WAIT] Cycle 0/16 剩余等待时间: 26.7 分钟
2025-11-24 08:35:00 | INFO     | [WAIT] Cycle 0/16 剩余等待时间: 25.0 分钟
2025-11-24 08:36:40 | INFO     | [WAIT] Cycle 0/16 剩余等待时间: 23.3 分钟
2025-11-24 08:38:20 | INFO     | [WAIT] Cycle 0/16 剩余等待时间: 21.7 分钟
2025-11-24 08:40:00 | INFO     | [WAIT] Cycle 0/16 剩余等待时间: 20.0 分钟
2025-11-24 08:41:41 | INFO     | [WAIT] Cycle 0/16 剩余等待时间: 18.3 分钟
2025-11-24 08:43:21 | INFO     | [WAIT] Cycle 0/16 剩余等待时间: 16.6 分钟
2025-11-24 08:45:01 | INFO     | [WAIT] Cycle 0/16 剩余等待时间: 15.0 分钟
2025-11-24 08:46:41 | INFO     | [WAIT] Cycle 0/16 剩余等待时间: 13.3 分钟
2025-11-24 08:48:21 | INFO     | [WAIT] Cycle 0/16 剩余等待时间: 11.6 分钟
2025-11-24 08:50:01 | INFO     | [WAIT] Cycle 0/16 剩余等待时间: 10.0 分钟
2025-11-24 08:51:41 | INFO     | [WAIT] Cycle 0/16 剩余等待时间: 8.3 分钟
2025-11-24 08:53:21 | INFO     | [WAIT] Cycle 0/16 剩余等待时间: 6.6 分钟
2025-11-24 08:55:01 | INFO     | [WAIT] Cycle 0/16 剩余等待时间: 5.0 分钟
2025-11-24 08:56:41 | INFO     | [WAIT] Cycle 0/16 剩余等待时间: 3.3 分钟
2025-11-24 08:58:22 | INFO     | [WAIT] Cycle 0/16 剩余等待时间: 1.6 分钟
2025-11-24 08:59:32 | INFO     | [WAIT] Cycle 0/16 最后等待: 28 秒
2025-11-24 09:00:00 | INFO     | 
==================================================
2025-11-24 09:00:00 | INFO     | [CYCLE] 第 1 轮交易周期 (Cycle 0/16)
2025-11-24 09:00:00 | INFO     | [TIME] 开始时间: 2025-11-24 09:00:00
2025-11-24 09:00:00 | INFO     | ==================================================
2025-11-24 09:00:00 | INFO     | [STEP 1] Cycle 0/16 平仓字典中存储的仓位...
2025-11-24 09:00:00 | INFO     | [INFO] 仓位字典为空，无需平仓
2025-11-24 09:00:00 | INFO     | [STEP 2] 跳过验证步骤...
2025-11-24 09:00:00 | INFO     | [STEP 3] 提取OHLC数据并计算因子...
2025-11-24 09:00:00 | INFO     | [OK] 获取活跃交易对完成，耗时: 0.001秒
2025-11-24 09:00:02 | WARNING  | [DATA] BOB/USDT:USDT 1h 数据不足: 获取到 71 条数据，需要 83 条
2025-11-24 09:00:02 | WARNING  | [SKIP] BOB/USDT:USDT 跳过: 无法获取有效的多时间框架数据
2025-11-24 09:01:13 | INFO     | [FACTORS] 计算得到 533 个有效因子
2025-11-24 09:01:13 | INFO     | [STEP 4] 根据因子值选择交易标的...
2025-11-24 09:01:13 | INFO     | [FILTER] 忽略 1 个交易对: ['BTC/USDT:USDT']
2025-11-24 09:01:13 | INFO     | [STATS] 因子统计:
2025-11-24 09:01:13 | INFO     |    总计: 532 个标的
2025-11-24 09:01:13 | INFO     |    因子值范围: -0.060610 ~ 0.182876
2025-11-24 09:01:13 | INFO     |    选择做多: 2 个
2025-11-24 09:01:13 | INFO     |    选择做空: 2 个
2025-11-24 09:01:13 | INFO     | [TOP 20] 因子值排名前20的交易对:
2025-11-24 09:01:13 | INFO     |    第1名: FORM/USDT:USDT: 0.182876
2025-11-24 09:01:13 | INFO     |    第2名: RIVER/USDT:USDT: 0.170088
2025-11-24 09:01:13 | INFO     |    第3名: FHE/USDT:USDT: 0.164701
2025-11-24 09:01:13 | INFO     |    第4名: FIS/USDT:USDT: 0.156439
2025-11-24 09:01:13 | INFO     |    第5名: CVC/USDT:USDT: 0.155901
2025-11-24 09:01:13 | INFO     |    第6名: DRIFT/USDT:USDT: 0.144032
2025-11-24 09:01:13 | INFO     |    第7名: VINE/USDT:USDT: 0.141748
2025-11-24 09:01:13 | INFO     |    第8名: UNI/USDT:USDT: 0.141486
2025-11-24 09:01:13 | INFO     |    第9名: MAVIA/USDT:USDT: 0.140743
2025-11-24 09:01:13 | INFO     |    第10名: ZORA/USDT:USDT: 0.140401
2025-11-24 09:01:13 | INFO     |    第11名: IMX/USDT:USDT: 0.138892
2025-11-24 09:01:13 | INFO     |    第12名: 4/USDT:USDT: 0.135045
2025-11-24 09:01:13 | INFO     |    第13名: VET/USDT:USDT: 0.131686
2025-11-24 09:01:13 | INFO     |    第14名: NIL/USDT:USDT: 0.130935
2025-11-24 09:01:13 | INFO     |    第15名: SENT/USDT:USDT: 0.129332
2025-11-24 09:01:13 | INFO     |    第16名: SOON/USDT:USDT: 0.129107
2025-11-24 09:01:13 | INFO     |    第17名: PENGU/USDT:USDT: 0.126235
2025-11-24 09:01:13 | INFO     |    第18名: PNUT/USDT:USDT: 0.126211
2025-11-24 09:01:13 | INFO     |    第19名: BRETT/USDT:USDT: 0.125927
2025-11-24 09:01:13 | INFO     |    第20名: JASMY/USDT:USDT: 0.125676
2025-11-24 09:01:13 | INFO     | [BOTTOM 20] 因子值排名后20的交易对:
2025-11-24 09:01:13 | INFO     |    第513名: OGN/USDT:USDT: -0.025298
2025-11-24 09:01:13 | INFO     |    第514名: SOLV/USDT:USDT: -0.025583
2025-11-24 09:01:13 | INFO     |    第515名: TIA/USDT:USDT: -0.025668
2025-11-24 09:01:13 | INFO     |    第516名: XAI/USDT:USDT: -0.027190
2025-11-24 09:01:13 | INFO     |    第517名: TRUST/USDT:USDT: -0.030453
2025-11-24 09:01:13 | INFO     |    第518名: CHZ/USDT:USDT: -0.031378
2025-11-24 09:01:13 | INFO     |    第519名: BAS/USDT:USDT: -0.031757
2025-11-24 09:01:13 | INFO     |    第520名: COS/USDT:USDT: -0.033683
2025-11-24 09:01:13 | INFO     |    第521名: ZKC/USDT:USDT: -0.033962
2025-11-24 09:01:13 | INFO     |    第522名: STG/USDT:USDT: -0.035573
2025-11-24 09:01:13 | INFO     |    第523名: TRB/USDT:USDT: -0.036125
2025-11-24 09:01:13 | INFO     |    第524名: ASR/USDT:USDT: -0.038531
2025-11-24 09:01:13 | INFO     |    第525名: SKY/USDT:USDT: -0.039614
2025-11-24 09:01:13 | INFO     |    第526名: FOLKS/USDT:USDT: -0.041686
2025-11-24 09:01:13 | INFO     |    第527名: CHILLGUY/USDT:USDT: -0.043654
2025-11-24 09:01:13 | INFO     |    第528名: AERGO/USDT:USDT: -0.047005
2025-11-24 09:01:13 | INFO     |    第529名: PAXG/USDT:USDT: -0.048242
2025-11-24 09:01:13 | INFO     |    第530名: AAVE/USDT:USDT: -0.049256
2025-11-24 09:01:13 | INFO     |    第531名: HIPPO/USDT:USDT: -0.059746
2025-11-24 09:01:13 | INFO     |    第532名: COAI/USDT:USDT: -0.060610
2025-11-24 09:01:13 | INFO     | [LONG SYMBOLS] 做多标的详情:
2025-11-24 09:01:13 | INFO     |    FORM/USDT:USDT: 0.182876
2025-11-24 09:01:13 | INFO     |    RIVER/USDT:USDT: 0.170088
2025-11-24 09:01:13 | INFO     | [SHORT SYMBOLS] 做空标的详情:
2025-11-24 09:01:13 | INFO     |    COAI/USDT:USDT: -0.060610
2025-11-24 09:01:13 | INFO     |    HIPPO/USDT:USDT: -0.059746
2025-11-24 09:01:13 | INFO     | [SELECTION] 选择交易标的:
2025-11-24 09:01:13 | INFO     |    做多: ['FORM/USDT:USDT', 'RIVER/USDT:USDT']
2025-11-24 09:01:13 | INFO     |    做空: ['COAI/USDT:USDT', 'HIPPO/USDT:USDT']
2025-11-24 09:01:14 | INFO     | [DINGDING] 通知已发送: Cycle 0/16 交易标的选择完成:
做多 (2个):
  FORM/USDT:USDT: 0.182876
  RIVER/USDT:USDT: 0.170088
做空 (2个):
  COAI/USDT:USDT: -0.060610
  HIPPO/USDT:USDT: -0.059746

因子统计:
  总计: 533 个标的
  范围: -0.060610 ~ 0.182876
2025-11-24 09:01:14 | INFO     | [STEP 5] 获取当前合约保证金...
2025-11-24 09:01:14 | INFO     | [BALANCE] 当前保证金余额: 343.75 USDT
2025-11-24 09:01:15 | INFO     | [DINGDING] 通知已发送:  账户余额报告
 时间: 2025-11-24 09:01:14
 USDT余额: 343.75
2025-11-24 09:01:15 | INFO     | [BALANCE] 余额通知已发送: 343.75 USDT
2025-11-24 09:01:15 | INFO     | [BALANCE] Cycle 0/16 首次交易，使用预分配资金 21.48 USDT
2025-11-24 09:01:15 | INFO     | [STEP 6] 执行开仓交易...
2025-11-24 09:01:15 | INFO     | [BALANCE] 总余额: 21.48 USDT
2025-11-24 09:01:15 | INFO     | [INFO] 总仓位数: 4
2025-11-24 09:01:15 | INFO     | [VALUE] 单仓价值: 15.79 USDT
2025-11-24 09:01:15 | INFO     | [MARGIN] 设置保证金模式为 ISOLATED...
2025-11-24 09:01:15 | INFO     | [MARGIN] FORM/USDT:USDT 已经是 ISOLATED 模式
2025-11-24 09:01:15 | INFO     | [MARGIN] RIVER/USDT:USDT 已经是 ISOLATED 模式
2025-11-24 09:01:15 | INFO     | [MARGIN] COAI/USDT:USDT 已经是 ISOLATED 模式
2025-11-24 09:01:15 | INFO     | [MARGIN] HIPPO/USDT:USDT 已经是 ISOLATED 模式
2025-11-24 09:01:15 | INFO     | [MARGIN] 保证金模式设置完成: 4/4 成功
2025-11-24 09:01:15 | INFO     | [LEVERAGE] 设置杠杆为 3x...
2025-11-24 09:01:15 | INFO     | [LIVE LONG] 开多头仓位: 2 个
2025-11-24 09:01:15 | INFO     | [LIVE BUY] 做多 FORM/USDT:USDT: 42.5 @ 0.3713
2025-11-24 09:01:15 | INFO     | [LIVE MARKET] 创建市价单 FORM/USDT:USDT: buy 42.5
2025-11-24 09:01:15 | INFO     | [LIVE SUCCESS] FORM/USDT:USDT 市价单创建成功 ID:1334312953 成交:42.5
2025-11-24 09:01:15 | INFO     | [PROTECT] FORM/USDT:USDT 止盈单创建成功 ID:1334312954 触发价:0.4456
2025-11-24 09:01:15 | INFO     | [PROTECT] FORM/USDT:USDT 止损单创建成功 ID:1334312955 触发价:0.297
2025-11-24 09:01:15 | INFO     | [LIVE BUY] 做多 RIVER/USDT:USDT: 4.4 @ 3.585
2025-11-24 09:01:15 | INFO     | [LIVE MARKET] 创建市价单 RIVER/USDT:USDT: buy 4.4
2025-11-24 09:01:15 | INFO     | [LIVE SUCCESS] RIVER/USDT:USDT 市价单创建成功 ID:263188728 成交:4.4
2025-11-24 09:01:15 | INFO     | [PROTECT] RIVER/USDT:USDT 止盈单创建成功 ID:263188731 触发价:4.302
2025-11-24 09:01:15 | INFO     | [PROTECT] RIVER/USDT:USDT 止损单创建成功 ID:263188735 触发价:2.868
2025-11-24 09:01:16 | INFO     | [LIVE OK] 多头开仓: 2/2 成功
2025-11-24 09:01:16 | INFO     | [LIVE SHORT] 开空头仓位: 2 个
2025-11-24 09:01:16 | INFO     | [LIVE SELL] 做空 COAI/USDT:USDT: 31.2 @ 0.5057
2025-11-24 09:01:16 | INFO     | [LIVE MARKET] 创建市价单 COAI/USDT:USDT: sell 31.2
2025-11-24 09:01:16 | INFO     | [LIVE SUCCESS] COAI/USDT:USDT 市价单创建成功 ID:1894308417 成交:31.0
2025-11-24 09:01:16 | INFO     | [PROTECT] COAI/USDT:USDT 止盈单创建成功 ID:1894308429 触发价:0.4046
2025-11-24 09:01:16 | INFO     | [PROTECT] COAI/USDT:USDT 止损单创建成功 ID:1894308438 触发价:0.6068
2025-11-24 09:01:16 | INFO     | [LIVE SELL] 做空 HIPPO/USDT:USDT: 13671.7 @ 0.001155
2025-11-24 09:01:16 | INFO     | [LIVE MARKET] 创建市价单 HIPPO/USDT:USDT: sell 13671.7
2025-11-24 09:01:16 | INFO     | [LIVE SUCCESS] HIPPO/USDT:USDT 市价单创建成功 ID:1817010676 成交:13671.0
2025-11-24 09:01:16 | INFO     | [PROTECT] HIPPO/USDT:USDT 止盈单创建成功 ID:1817010679 触发价:0.000924
2025-11-24 09:01:16 | INFO     | [PROTECT] HIPPO/USDT:USDT 止损单创建成功 ID:1817010684 触发价:0.001386
2025-11-24 09:01:16 | INFO     | [LIVE OK] 空头开仓: 2/2 成功
2025-11-24 09:01:16 | INFO     | [POSITIONS] 新仓位已添加到字典: {'FORM/USDT:USDT': {'side': 'long', 'quantity': 42.5, 'open_price': 0.3713, 'position_side': 'LONG', 'take_profit_order_id': '1334312954', 'take_profit_price': 0.4456, 'stop_loss_order_id': '1334312955', 'stop_loss_price': 0.297}, 'RIVER/USDT:USDT': {'side': 'long', 'quantity': 4.4, 'open_price': 3.585, 'position_side': 'LONG', 'take_profit_order_id': '263188731', 'take_profit_price': 4.302, 'stop_loss_order_id': '263188735', 'stop_loss_price': 2.868}, 'COAI/USDT:USDT': {'side': 'short', 'quantity': 31.2, 'open_price': 0.5057, 'position_side': 'SHORT', 'take_profit_order_id': '1894308429', 'take_profit_price': 0.4046, 'stop_loss_order_id': '1894308438', 'stop_loss_price': 0.6068}, 'HIPPO/USDT:USDT': {'side': 'short', 'quantity': 13671.7, 'open_price': 0.001155, 'position_side': 'SHORT', 'take_profit_order_id': '1817010679', 'take_profit_price': 0.000924, 'stop_loss_order_id': '1817010684', 'stop_loss_price': 0.001386}}
2025-11-24 09:01:16 | INFO     | [POSITIONS] 当前仓位字典: {'FORM/USDT:USDT': {'side': 'long', 'quantity': 42.5, 'open_price': 0.3713, 'position_side': 'LONG', 'take_profit_order_id': '1334312954', 'take_profit_price': 0.4456, 'stop_loss_order_id': '1334312955', 'stop_loss_price': 0.297}, 'RIVER/USDT:USDT': {'side': 'long', 'quantity': 4.4, 'open_price': 3.585, 'position_side': 'LONG', 'take_profit_order_id': '263188731', 'take_profit_price': 4.302, 'stop_loss_order_id': '263188735', 'stop_loss_price': 2.868}, 'COAI/USDT:USDT': {'side': 'short', 'quantity': 31.2, 'open_price': 0.5057, 'position_side': 'SHORT', 'take_profit_order_id': '1894308429', 'take_profit_price': 0.4046, 'stop_loss_order_id': '1894308438', 'stop_loss_price': 0.6068}, 'HIPPO/USDT:USDT': {'side': 'short', 'quantity': 13671.7, 'open_price': 0.001155, 'position_side': 'SHORT', 'take_profit_order_id': '1817010679', 'take_profit_price': 0.000924, 'stop_loss_order_id': '1817010684', 'stop_loss_price': 0.001386}}
2025-11-24 09:01:16 | INFO     | [STEP 7] 开仓交易完成
2025-11-24 09:01:16 | INFO     | [INFO] 跳过详细仓位验证，交易周期完成
2025-11-24 09:01:16 | INFO     | [STEP 8] 记录当前交易对价格和因子信息...
2025-11-24 09:01:16 | INFO     | [API] 成功获取 533 个交易对价格
2025-11-24 09:01:16 | INFO     | [RECORD] 记录了 533 个交易对的价格和因子信息
2025-11-24 09:01:16 | INFO     | [OK] 交易周期执行成功
2025-11-24 09:01:16 | INFO     | [TIME] 周期耗时: 76.6秒
2025-11-24 09:01:16 | INFO     | [16H] Cycle 1/16 下次执行时间: 2025-11-24 10:00:00
2025-11-24 09:01:16 | INFO     | [WAIT] 等待 3523 秒 (1.0 小时)
2025-11-24 09:03:33 | INFO     | [WAIT] Cycle 1/16 剩余等待时间: 56.4 分钟
2025-11-24 09:05:51 | INFO     | [WAIT] Cycle 1/16 剩余等待时间: 54.1 分钟
2025-11-24 09:08:08 | INFO     | [WAIT] Cycle 1/16 剩余等待时间: 51.9 分钟
2025-11-24 09:10:26 | INFO     | [WAIT] Cycle 1/16 剩余等待时间: 49.6 分钟
2025-11-24 09:12:43 | INFO     | [WAIT] Cycle 1/16 剩余等待时间: 47.3 分钟
2025-11-24 09:15:01 | INFO     | [WAIT] Cycle 1/16 剩余等待时间: 45.0 分钟
2025-11-24 09:17:18 | INFO     | [WAIT] Cycle 1/16 剩余等待时间: 42.7 分钟
2025-11-24 09:19:35 | INFO     | [WAIT] Cycle 1/16 剩余等待时间: 40.4 分钟
2025-11-24 09:21:53 | INFO     | [WAIT] Cycle 1/16 剩余等待时间: 38.1 分钟
2025-11-24 09:24:10 | INFO     | [WAIT] Cycle 1/16 剩余等待时间: 35.8 分钟
2025-11-24 09:26:28 | INFO     | [WAIT] Cycle 1/16 剩余等待时间: 33.5 分钟
2025-11-24 09:28:45 | INFO     | [WAIT] Cycle 1/16 剩余等待时间: 31.2 分钟
2025-11-24 09:31:03 | INFO     | [WAIT] Cycle 1/16 剩余等待时间: 28.9 分钟
2025-11-24 09:33:20 | INFO     | [WAIT] Cycle 1/16 剩余等待时间: 26.7 分钟
2025-11-24 09:35:38 | INFO     | [WAIT] Cycle 1/16 剩余等待时间: 24.4 分钟
2025-11-24 09:37:55 | INFO     | [WAIT] Cycle 1/16 剩余等待时间: 22.1 分钟
2025-11-24 09:40:12 | INFO     | [WAIT] Cycle 1/16 剩余等待时间: 19.8 分钟
2025-11-24 09:42:30 | INFO     | [WAIT] Cycle 1/16 剩余等待时间: 17.5 分钟
2025-11-24 09:44:47 | INFO     | [WAIT] Cycle 1/16 剩余等待时间: 15.2 分钟
2025-11-24 09:47:05 | INFO     | [WAIT] Cycle 1/16 剩余等待时间: 12.9 分钟
2025-11-24 09:49:23 | INFO     | [WAIT] Cycle 1/16 剩余等待时间: 10.6 分钟
2025-11-24 09:51:41 | INFO     | [WAIT] Cycle 1/16 剩余等待时间: 8.3 分钟
2025-11-24 09:53:59 | INFO     | [WAIT] Cycle 1/16 剩余等待时间: 6.0 分钟
2025-11-24 09:56:17 | INFO     | [WAIT] Cycle 1/16 剩余等待时间: 3.7 分钟
2025-11-24 09:58:35 | INFO     | [WAIT] Cycle 1/16 剩余等待时间: 1.4 分钟
2025-11-24 09:59:31 | INFO     | [WAIT] Cycle 1/16 最后等待: 29 秒
2025-11-24 10:00:01 | INFO     | 
==================================================
2025-11-24 10:00:01 | INFO     | [CYCLE] 第 2 轮交易周期 (Cycle 1/16)
2025-11-24 10:00:01 | INFO     | [TIME] 开始时间: 2025-11-24 10:00:01
2025-11-24 10:00:01 | INFO     | ==================================================
2025-11-24 10:00:03 | INFO     | [STEP 1] Cycle 1/16 平仓字典中存储的仓位...
2025-11-24 10:00:03 | INFO     | [INFO] 仓位字典为空，无需平仓
2025-11-24 10:00:03 | INFO     | [STEP 2] 跳过验证步骤...
2025-11-24 10:00:03 | INFO     | [STEP 3] 提取OHLC数据并计算因子...
2025-11-24 10:00:03 | INFO     | [OK] 获取活跃交易对完成，耗时: 0.001秒
2025-11-24 10:00:03 | WARNING  | [DATA] BOB/USDT:USDT 1h 数据不足: 获取到 73 条数据，需要 83 条
2025-11-24 10:00:03 | WARNING  | [SKIP] BOB/USDT:USDT 跳过: 无法获取有效的多时间框架数据
2025-11-24 10:01:15 | INFO     | [FACTORS] 计算得到 533 个有效因子
2025-11-24 10:01:15 | INFO     | [STEP 4] 根据因子值选择交易标的...
2025-11-24 10:01:15 | INFO     | [FILTER] 忽略 1 个交易对: ['BTC/USDT:USDT']
2025-11-24 10:01:15 | INFO     | [STATS] 因子统计:
2025-11-24 10:01:15 | INFO     |    总计: 532 个标的
2025-11-24 10:01:15 | INFO     |    因子值范围: -0.080522 ~ 0.180773
2025-11-24 10:01:15 | INFO     |    选择做多: 2 个
2025-11-24 10:01:15 | INFO     |    选择做空: 2 个
2025-11-24 10:01:15 | INFO     | [TOP 20] 因子值排名前20的交易对:
2025-11-24 10:01:15 | INFO     |    第1名: ZORA/USDT:USDT: 0.180773
2025-11-24 10:01:15 | INFO     |    第2名: VIRTUAL/USDT:USDT: 0.176278
2025-11-24 10:01:15 | INFO     |    第3名: RIVER/USDT:USDT: 0.159081
2025-11-24 10:01:15 | INFO     |    第4名: VVV/USDT:USDT: 0.153401
2025-11-24 10:01:15 | INFO     |    第5名: EPIC/USDT:USDT: 0.153086
2025-11-24 10:01:15 | INFO     |    第6名: IMX/USDT:USDT: 0.152622
2025-11-24 10:01:15 | INFO     |    第7名: FIS/USDT:USDT: 0.152420
2025-11-24 10:01:15 | INFO     |    第8名: DRIFT/USDT:USDT: 0.148461
2025-11-24 10:01:15 | INFO     |    第9名: ETHW/USDT:USDT: 0.147436
2025-11-24 10:01:15 | INFO     |    第10名: MAVIA/USDT:USDT: 0.144951
2025-11-24 10:01:15 | INFO     |    第11名: 4/USDT:USDT: 0.142674
2025-11-24 10:01:15 | INFO     |    第12名: UNI/USDT:USDT: 0.141492
2025-11-24 10:01:15 | INFO     |    第13名: DOLO/USDT:USDT: 0.138864
2025-11-24 10:01:15 | INFO     |    第14名: FHE/USDT:USDT: 0.138549
2025-11-24 10:01:15 | INFO     |    第15名: ASTER/USDT:USDT: 0.134856
2025-11-24 10:01:15 | INFO     |    第16名: PUMP/USDT:USDT: 0.131305
2025-11-24 10:01:15 | INFO     |    第17名: AKT/USDT:USDT: 0.130869
2025-11-24 10:01:15 | INFO     |    第18名: PENGU/USDT:USDT: 0.130595
2025-11-24 10:01:15 | INFO     |    第19名: TNSR/USDT:USDT: 0.129776
2025-11-24 10:01:15 | INFO     |    第20名: SENT/USDT:USDT: 0.129333
2025-11-24 10:01:15 | INFO     | [BOTTOM 20] 因子值排名后20的交易对:
2025-11-24 10:01:15 | INFO     |    第513名: A2Z/USDT:USDT: -0.024932
2025-11-24 10:01:15 | INFO     |    第514名: SOLV/USDT:USDT: -0.025134
2025-11-24 10:01:15 | INFO     |    第515名: BLUR/USDT:USDT: -0.025333
2025-11-24 10:01:15 | INFO     |    第516名: BAS/USDT:USDT: -0.026812
2025-11-24 10:01:15 | INFO     |    第517名: OGN/USDT:USDT: -0.027173
2025-11-24 10:01:15 | INFO     |    第518名: STG/USDT:USDT: -0.027830
2025-11-24 10:01:15 | INFO     |    第519名: FLOW/USDT:USDT: -0.029139
2025-11-24 10:01:15 | INFO     |    第520名: 2Z/USDT:USDT: -0.030385
2025-11-24 10:01:15 | INFO     |    第521名: BANANA/USDT:USDT: -0.031580
2025-11-24 10:01:15 | INFO     |    第522名: AVNT/USDT:USDT: -0.031925
2025-11-24 10:01:15 | INFO     |    第523名: COMP/USDT:USDT: -0.035853
2025-11-24 10:01:15 | INFO     |    第524名: TRB/USDT:USDT: -0.037491
2025-11-24 10:01:15 | INFO     |    第525名: KGEN/USDT:USDT: -0.041400
2025-11-24 10:01:15 | INFO     |    第526名: PAXG/USDT:USDT: -0.041950
2025-11-24 10:01:15 | INFO     |    第527名: TLM/USDT:USDT: -0.043517
2025-11-24 10:01:15 | INFO     |    第528名: AERGO/USDT:USDT: -0.044154
2025-11-24 10:01:15 | INFO     |    第529名: COS/USDT:USDT: -0.046824
2025-11-24 10:01:15 | INFO     |    第530名: ASR/USDT:USDT: -0.050484
2025-11-24 10:01:15 | INFO     |    第531名: COAI/USDT:USDT: -0.068183
2025-11-24 10:01:15 | INFO     |    第532名: CHILLGUY/USDT:USDT: -0.080522
2025-11-24 10:01:15 | INFO     | [LONG SYMBOLS] 做多标的详情:
2025-11-24 10:01:15 | INFO     |    ZORA/USDT:USDT: 0.180773
2025-11-24 10:01:15 | INFO     |    VIRTUAL/USDT:USDT: 0.176278
2025-11-24 10:01:15 | INFO     | [SHORT SYMBOLS] 做空标的详情:
2025-11-24 10:01:15 | INFO     |    CHILLGUY/USDT:USDT: -0.080522
2025-11-24 10:01:15 | INFO     |    COAI/USDT:USDT: -0.068183
2025-11-24 10:01:15 | INFO     | [SELECTION] 选择交易标的:
2025-11-24 10:01:15 | INFO     |    做多: ['ZORA/USDT:USDT', 'VIRTUAL/USDT:USDT']
2025-11-24 10:01:15 | INFO     |    做空: ['CHILLGUY/USDT:USDT', 'COAI/USDT:USDT']
2025-11-24 10:01:16 | INFO     | [DINGDING] 通知已发送: Cycle 1/16 交易标的选择完成:
做多 (2个):
  ZORA/USDT:USDT: 0.180773
  VIRTUAL/USDT:USDT: 0.176278
做空 (2个):
  CHILLGUY/USDT:USDT: -0.080522
  COAI/USDT:USDT: -0.068183

因子统计:
  总计: 533 个标的
  范围: -0.080522 ~ 0.180773
2025-11-24 10:01:16 | INFO     | [STEP 5] 获取当前合约保证金...
2025-11-24 10:01:16 | INFO     | [BALANCE] 当前保证金余额: 322.74 USDT
2025-11-24 10:01:17 | INFO     | [DINGDING] 通知已发送:  账户余额报告
 时间: 2025-11-24 10:01:16
 USDT余额: 322.74
2025-11-24 10:01:17 | INFO     | [BALANCE] 余额通知已发送: 322.74 USDT
2025-11-24 10:01:17 | INFO     | [BALANCE] Cycle 1/16 首次交易，使用预分配资金 21.48 USDT
2025-11-24 10:01:17 | INFO     | [STEP 6] 执行开仓交易...
2025-11-24 10:01:17 | INFO     | [BALANCE] 总余额: 21.48 USDT
2025-11-24 10:01:17 | INFO     | [INFO] 总仓位数: 4
2025-11-24 10:01:17 | INFO     | [VALUE] 单仓价值: 15.79 USDT
2025-11-24 10:01:17 | INFO     | [MARGIN] 设置保证金模式为 ISOLATED...
2025-11-24 10:01:17 | INFO     | [MARGIN] ZORA/USDT:USDT 已经是 ISOLATED 模式
2025-11-24 10:01:17 | INFO     | [MARGIN] VIRTUAL/USDT:USDT (VIRTUALUSDT) 保证金模式设置为 ISOLATED ✓
2025-11-24 10:01:17 | INFO     | [MARGIN] CHILLGUY/USDT:USDT (CHILLGUYUSDT) 保证金模式设置为 ISOLATED ✓
2025-11-24 10:01:17 | INFO     | [MARGIN] COAI/USDT:USDT 已经是 ISOLATED 模式
2025-11-24 10:01:17 | INFO     | [MARGIN] 保证金模式设置完成: 4/4 成功
2025-11-24 10:01:17 | INFO     | [LEVERAGE] 设置杠杆为 3x...
2025-11-24 10:01:17 | INFO     | [LIVE LONG] 开多头仓位: 2 个
2025-11-24 10:01:17 | INFO     | [LIVE BUY] 做多 ZORA/USDT:USDT: 306.2 @ 0.05156
2025-11-24 10:01:17 | INFO     | [LIVE MARKET] 创建市价单 ZORA/USDT:USDT: buy 306.2
2025-11-24 10:01:17 | INFO     | [LIVE SUCCESS] ZORA/USDT:USDT 市价单创建成功 ID:1051808611 成交:306.0
2025-11-24 10:01:17 | INFO     | [PROTECT] ZORA/USDT:USDT 止盈单创建成功 ID:1051808613 触发价:0.06187
2025-11-24 10:01:17 | INFO     | [PROTECT] ZORA/USDT:USDT 止损单创建成功 ID:1051808616 触发价:0.04125
2025-11-24 10:01:17 | INFO     | [LIVE BUY] 做多 VIRTUAL/USDT:USDT: 18.1 @ 0.8684
2025-11-24 10:01:17 | INFO     | [LIVE MARKET] 创建市价单 VIRTUAL/USDT:USDT: buy 18.1
2025-11-24 10:01:17 | INFO     | [LIVE SUCCESS] VIRTUAL/USDT:USDT 市价单创建成功 ID:5768432274 成交:18.1
2025-11-24 10:01:17 | INFO     | [PROTECT] VIRTUAL/USDT:USDT 止盈单创建成功 ID:5768432279 触发价:1.0421
2025-11-24 10:01:17 | INFO     | [PROTECT] VIRTUAL/USDT:USDT 止损单创建成功 ID:5768432294 触发价:0.6947
2025-11-24 10:01:17 | INFO     | [LIVE OK] 多头开仓: 2/2 成功
2025-11-24 10:01:17 | INFO     | [LIVE SHORT] 开空头仓位: 2 个
2025-11-24 10:01:17 | INFO     | [LIVE SELL] 做空 CHILLGUY/USDT:USDT: 993.8 @ 0.01589
2025-11-24 10:01:17 | INFO     | [LIVE MARKET] 创建市价单 CHILLGUY/USDT:USDT: sell 993.8
2025-11-24 10:01:17 | INFO     | [LIVE SUCCESS] CHILLGUY/USDT:USDT 市价单创建成功 ID:1566673237 成交:993.0
2025-11-24 10:01:17 | INFO     | [PROTECT] CHILLGUY/USDT:USDT 止盈单创建成功 ID:1566673240 触发价:0.01271
2025-11-24 10:01:17 | INFO     | [PROTECT] CHILLGUY/USDT:USDT 止损单创建成功 ID:1566673245 触发价:0.01907
2025-11-24 10:01:18 | INFO     | [LIVE SELL] 做空 COAI/USDT:USDT: 32.1 @ 0.4921
2025-11-24 10:01:18 | INFO     | [LIVE MARKET] 创建市价单 COAI/USDT:USDT: sell 32.1
2025-11-24 10:01:18 | INFO     | [LIVE SUCCESS] COAI/USDT:USDT 市价单创建成功 ID:1894499770 成交:32.0
2025-11-24 10:01:18 | INFO     | [PROTECT] COAI/USDT:USDT 止盈单创建成功 ID:1894499784 触发价:0.3937
2025-11-24 10:01:18 | INFO     | [PROTECT] COAI/USDT:USDT 止损单创建成功 ID:1894499799 触发价:0.5905
2025-11-24 10:01:18 | INFO     | [LIVE OK] 空头开仓: 2/2 成功
2025-11-24 10:01:18 | INFO     | [POSITIONS] 新仓位已添加到字典: {'ZORA/USDT:USDT': {'side': 'long', 'quantity': 306.2, 'open_price': 0.05156, 'position_side': 'LONG', 'take_profit_order_id': '1051808613', 'take_profit_price': 0.06187, 'stop_loss_order_id': '1051808616', 'stop_loss_price': 0.04125}, 'VIRTUAL/USDT:USDT': {'side': 'long', 'quantity': 18.1, 'open_price': 0.8684, 'position_side': 'LONG', 'take_profit_order_id': '5768432279', 'take_profit_price': 1.0421, 'stop_loss_order_id': '5768432294', 'stop_loss_price': 0.6947}, 'CHILLGUY/USDT:USDT': {'side': 'short', 'quantity': 993.8, 'open_price': 0.01589, 'position_side': 'SHORT', 'take_profit_order_id': '1566673240', 'take_profit_price': 0.01271, 'stop_loss_order_id': '1566673245', 'stop_loss_price': 0.01907}, 'COAI/USDT:USDT': {'side': 'short', 'quantity': 32.1, 'open_price': 0.4921, 'position_side': 'SHORT', 'take_profit_order_id': '1894499784', 'take_profit_price': 0.3937, 'stop_loss_order_id': '1894499799', 'stop_loss_price': 0.5905}}
2025-11-24 10:01:18 | INFO     | [POSITIONS] 当前仓位字典: {'ZORA/USDT:USDT': {'side': 'long', 'quantity': 306.2, 'open_price': 0.05156, 'position_side': 'LONG', 'take_profit_order_id': '1051808613', 'take_profit_price': 0.06187, 'stop_loss_order_id': '1051808616', 'stop_loss_price': 0.04125}, 'VIRTUAL/USDT:USDT': {'side': 'long', 'quantity': 18.1, 'open_price': 0.8684, 'position_side': 'LONG', 'take_profit_order_id': '5768432279', 'take_profit_price': 1.0421, 'stop_loss_order_id': '5768432294', 'stop_loss_price': 0.6947}, 'CHILLGUY/USDT:USDT': {'side': 'short', 'quantity': 993.8, 'open_price': 0.01589, 'position_side': 'SHORT', 'take_profit_order_id': '1566673240', 'take_profit_price': 0.01271, 'stop_loss_order_id': '1566673245', 'stop_loss_price': 0.01907}, 'COAI/USDT:USDT': {'side': 'short', 'quantity': 32.1, 'open_price': 0.4921, 'position_side': 'SHORT', 'take_profit_order_id': '1894499784', 'take_profit_price': 0.3937, 'stop_loss_order_id': '1894499799', 'stop_loss_price': 0.5905}}
2025-11-24 10:01:18 | INFO     | [STEP 7] 开仓交易完成
2025-11-24 10:01:18 | INFO     | [INFO] 跳过详细仓位验证，交易周期完成
2025-11-24 10:01:18 | INFO     | [STEP 8] 记录当前交易对价格和因子信息...
2025-11-24 10:01:18 | INFO     | [API] 成功获取 533 个交易对价格
2025-11-24 10:01:18 | INFO     | [RECORD] 记录了 533 个交易对的价格和因子信息
2025-11-24 10:01:18 | INFO     | [OK] 交易周期执行成功
2025-11-24 10:01:18 | INFO     | [TIME] 周期耗时: 76.6秒
2025-11-24 10:01:18 | INFO     | [16H] Cycle 2/16 下次执行时间: 2025-11-24 11:00:00
2025-11-24 10:01:18 | INFO     | [WAIT] 等待 3522 秒 (1.0 小时)
2025-11-24 10:04:15 | INFO     | [WAIT] Cycle 2/16 剩余等待时间: 55.7 分钟
2025-11-24 10:07:11 | INFO     | [WAIT] Cycle 2/16 剩余等待时间: 52.8 分钟
2025-11-24 10:10:08 | INFO     | [WAIT] Cycle 2/16 剩余等待时间: 49.9 分钟
2025-11-24 10:13:05 | INFO     | [WAIT] Cycle 2/16 剩余等待时间: 46.9 分钟
2025-11-24 10:16:02 | INFO     | [WAIT] Cycle 2/16 剩余等待时间: 44.0 分钟
2025-11-24 10:18:59 | INFO     | [WAIT] Cycle 2/16 剩余等待时间: 41.0 分钟
2025-11-24 10:21:56 | INFO     | [WAIT] Cycle 2/16 剩余等待时间: 38.1 分钟
2025-11-24 10:24:52 | INFO     | [WAIT] Cycle 2/16 剩余等待时间: 35.1 分钟
2025-11-24 10:27:49 | INFO     | [WAIT] Cycle 2/16 剩余等待时间: 32.2 分钟
2025-11-24 10:30:46 | INFO     | [WAIT] Cycle 2/16 剩余等待时间: 29.2 分钟
2025-11-24 10:33:43 | INFO     | [WAIT] Cycle 2/16 剩余等待时间: 26.3 分钟
2025-11-24 10:36:40 | INFO     | [WAIT] Cycle 2/16 剩余等待时间: 23.3 分钟
2025-11-24 10:39:36 | INFO     | [WAIT] Cycle 2/16 剩余等待时间: 20.4 分钟
2025-11-24 10:42:33 | INFO     | [WAIT] Cycle 2/16 剩余等待时间: 17.4 分钟
2025-11-24 10:45:30 | INFO     | [WAIT] Cycle 2/16 剩余等待时间: 14.5 分钟
2025-11-24 10:48:27 | INFO     | [WAIT] Cycle 2/16 剩余等待时间: 11.5 分钟
2025-11-24 10:51:24 | INFO     | [WAIT] Cycle 2/16 剩余等待时间: 8.6 分钟
2025-11-24 10:54:21 | INFO     | [WAIT] Cycle 2/16 剩余等待时间: 5.6 分钟
2025-11-24 10:57:18 | INFO     | [WAIT] Cycle 2/16 剩余等待时间: 2.7 分钟
2025-11-24 10:59:40 | INFO     | [WAIT] Cycle 2/16 最后等待: 19 秒
2025-11-24 11:00:02 | INFO     | 
==================================================
2025-11-24 11:00:02 | INFO     | [CYCLE] 第 3 轮交易周期 (Cycle 2/16)
2025-11-24 11:00:02 | INFO     | [TIME] 开始时间: 2025-11-24 11:00:02
2025-11-24 11:00:02 | INFO     | ==================================================
2025-11-24 11:00:05 | INFO     | [STEP 1] Cycle 2/16 平仓字典中存储的仓位...
2025-11-24 11:00:05 | INFO     | [INFO] 仓位字典为空，无需平仓
2025-11-24 11:00:05 | INFO     | [STEP 2] 跳过验证步骤...
2025-11-24 11:00:05 | INFO     | [STEP 3] 提取OHLC数据并计算因子...
2025-11-24 11:00:05 | INFO     | [OK] 获取活跃交易对完成，耗时: 0.001秒
2025-11-24 11:00:05 | WARNING  | [DATA] BOB/USDT:USDT 1h 数据不足: 获取到 74 条数据，需要 83 条
2025-11-24 11:00:05 | WARNING  | [SKIP] BOB/USDT:USDT 跳过: 无法获取有效的多时间框架数据
2025-11-24 11:01:17 | INFO     | [FACTORS] 计算得到 533 个有效因子
2025-11-24 11:01:17 | INFO     | [STEP 4] 根据因子值选择交易标的...
2025-11-24 11:01:17 | INFO     | [FILTER] 忽略 1 个交易对: ['BTC/USDT:USDT']
2025-11-24 11:01:17 | INFO     | [STATS] 因子统计:
2025-11-24 11:01:17 | INFO     |    总计: 532 个标的
2025-11-24 11:01:17 | INFO     |    因子值范围: -0.061964 ~ 0.191539
2025-11-24 11:01:17 | INFO     |    选择做多: 2 个
2025-11-24 11:01:17 | INFO     |    选择做空: 2 个
2025-11-24 11:01:17 | INFO     | [TOP 20] 因子值排名前20的交易对:
2025-11-24 11:01:17 | INFO     |    第1名: DRIFT/USDT:USDT: 0.191539
2025-11-24 11:01:17 | INFO     |    第2名: AKT/USDT:USDT: 0.179408
2025-11-24 11:01:17 | INFO     |    第3名: GOAT/USDT:USDT: 0.173687
2025-11-24 11:01:17 | INFO     |    第4名: LQTY/USDT:USDT: 0.172832
2025-11-24 11:01:17 | INFO     |    第5名: ZORA/USDT:USDT: 0.165714
2025-11-24 11:01:17 | INFO     |    第6名: VINE/USDT:USDT: 0.160873
2025-11-24 11:01:17 | INFO     |    第7名: EPIC/USDT:USDT: 0.155167
2025-11-24 11:01:17 | INFO     |    第8名: XNY/USDT:USDT: 0.151429
2025-11-24 11:01:17 | INFO     |    第9名: VIRTUAL/USDT:USDT: 0.151379
2025-11-24 11:01:17 | INFO     |    第10名: RVV/USDT:USDT: 0.147588
2025-11-24 11:01:17 | INFO     |    第11名: SENT/USDT:USDT: 0.146181
2025-11-24 11:01:17 | INFO     |    第12名: HOOK/USDT:USDT: 0.146135
2025-11-24 11:01:17 | INFO     |    第13名: LRC/USDT:USDT: 0.146107
2025-11-24 11:01:17 | INFO     |    第14名: EVAA/USDT:USDT: 0.145723
2025-11-24 11:01:17 | INFO     |    第15名: AXL/USDT:USDT: 0.143886
2025-11-24 11:01:17 | INFO     |    第16名: RIVER/USDT:USDT: 0.134900
2025-11-24 11:01:17 | INFO     |    第17名: MAVIA/USDT:USDT: 0.134720
2025-11-24 11:01:17 | INFO     |    第18名: MBOX/USDT:USDT: 0.131981
2025-11-24 11:01:17 | INFO     |    第19名: YB/USDT:USDT: 0.130226
2025-11-24 11:01:17 | INFO     |    第20名: JASMY/USDT:USDT: 0.129536
2025-11-24 11:01:17 | INFO     | [BOTTOM 20] 因子值排名后20的交易对:
2025-11-24 11:01:17 | INFO     |    第513名: A2Z/USDT:USDT: -0.017465
2025-11-24 11:01:17 | INFO     |    第514名: ICP/USDT:USDT: -0.017503
2025-11-24 11:01:17 | INFO     |    第515名: HIGH/USDT:USDT: -0.021961
2025-11-24 11:01:17 | INFO     |    第516名: BANANA/USDT:USDT: -0.022075
2025-11-24 11:01:17 | INFO     |    第517名: TLM/USDT:USDT: -0.022696
2025-11-24 11:01:17 | INFO     |    第518名: FLOW/USDT:USDT: -0.023200
2025-11-24 11:01:17 | INFO     |    第519名: EUL/USDT:USDT: -0.024245
2025-11-24 11:01:17 | INFO     |    第520名: USELESS/USDT:USDT: -0.024502
2025-11-24 11:01:17 | INFO     |    第521名: CHILLGUY/USDT:USDT: -0.026869
2025-11-24 11:01:17 | INFO     |    第522名: TRX/USDT:USDT: -0.027757
2025-11-24 11:01:17 | INFO     |    第523名: TRB/USDT:USDT: -0.029525
2025-11-24 11:01:17 | INFO     |    第524名: CATI/USDT:USDT: -0.029817
2025-11-24 11:01:17 | INFO     |    第525名: STG/USDT:USDT: -0.032186
2025-11-24 11:01:17 | INFO     |    第526名: TOWNS/USDT:USDT: -0.032486
2025-11-24 11:01:17 | INFO     |    第527名: HIPPO/USDT:USDT: -0.033146
2025-11-24 11:01:17 | INFO     |    第528名: COAI/USDT:USDT: -0.042105
2025-11-24 11:01:17 | INFO     |    第529名: PAXG/USDT:USDT: -0.045422
2025-11-24 11:01:17 | INFO     |    第530名: ASR/USDT:USDT: -0.051230
2025-11-24 11:01:17 | INFO     |    第531名: COS/USDT:USDT: -0.059330
2025-11-24 11:01:17 | INFO     |    第532名: ORDER/USDT:USDT: -0.061964
2025-11-24 11:01:17 | INFO     | [LONG SYMBOLS] 做多标的详情:
2025-11-24 11:01:17 | INFO     |    DRIFT/USDT:USDT: 0.191539
2025-11-24 11:01:17 | INFO     |    AKT/USDT:USDT: 0.179408
2025-11-24 11:01:17 | INFO     | [SHORT SYMBOLS] 做空标的详情:
2025-11-24 11:01:17 | INFO     |    ORDER/USDT:USDT: -0.061964
2025-11-24 11:01:17 | INFO     |    COS/USDT:USDT: -0.059330
2025-11-24 11:01:17 | INFO     | [SELECTION] 选择交易标的:
2025-11-24 11:01:17 | INFO     |    做多: ['DRIFT/USDT:USDT', 'AKT/USDT:USDT']
2025-11-24 11:01:17 | INFO     |    做空: ['ORDER/USDT:USDT', 'COS/USDT:USDT']
2025-11-24 11:01:18 | INFO     | [DINGDING] 通知已发送: Cycle 2/16 交易标的选择完成:
做多 (2个):
  DRIFT/USDT:USDT: 0.191539
  AKT/USDT:USDT: 0.179408
做空 (2个):
  ORDER/USDT:USDT: -0.061964
  COS/USDT:USDT: -0.059330

因子统计:
  总计: 533 个标的
  范围: -0.061964 ~ 0.191539
2025-11-24 11:01:18 | INFO     | [STEP 5] 获取当前合约保证金...
2025-11-24 11:01:18 | INFO     | [BALANCE] 当前保证金余额: 301.73 USDT
2025-11-24 11:01:18 | INFO     | [DINGDING] 通知已发送:  账户余额报告
 时间: 2025-11-24 11:01:18
 USDT余额: 301.73
2025-11-24 11:01:18 | INFO     | [BALANCE] 余额通知已发送: 301.73 USDT
2025-11-24 11:01:18 | INFO     | [BALANCE] Cycle 2/16 首次交易，使用预分配资金 21.48 USDT
2025-11-24 11:01:18 | INFO     | [STEP 6] 执行开仓交易...
2025-11-24 11:01:18 | INFO     | [BALANCE] 总余额: 21.48 USDT
2025-11-24 11:01:18 | INFO     | [INFO] 总仓位数: 4
2025-11-24 11:01:18 | INFO     | [VALUE] 单仓价值: 15.79 USDT
2025-11-24 11:01:18 | INFO     | [MARGIN] 设置保证金模式为 ISOLATED...
2025-11-24 11:01:18 | INFO     | [MARGIN] DRIFT/USDT:USDT 已经是 ISOLATED 模式
2025-11-24 11:01:18 | INFO     | [MARGIN] AKT/USDT:USDT (AKTUSDT) 保证金模式设置为 ISOLATED ✓
2025-11-24 11:01:19 | INFO     | [MARGIN] ORDER/USDT:USDT (ORDERUSDT) 保证金模式设置为 ISOLATED ✓
2025-11-24 11:01:19 | INFO     | [MARGIN] COS/USDT:USDT 已经是 ISOLATED 模式
2025-11-24 11:01:19 | INFO     | [MARGIN] 保证金模式设置完成: 4/4 成功
2025-11-24 11:01:19 | INFO     | [LEVERAGE] 设置杠杆为 3x...
2025-11-24 11:01:19 | INFO     | [LIVE LONG] 开多头仓位: 2 个
2025-11-24 11:01:19 | INFO     | [LIVE BUY] 做多 DRIFT/USDT:USDT: 76.6 @ 0.2061
2025-11-24 11:01:19 | INFO     | [LIVE MARKET] 创建市价单 DRIFT/USDT:USDT: buy 76.6
2025-11-24 11:01:19 | INFO     | [LIVE SUCCESS] DRIFT/USDT:USDT 市价单创建成功 ID:1106437174 成交:76.0
2025-11-24 11:01:19 | INFO     | [PROTECT] DRIFT/USDT:USDT 止盈单创建成功 ID:1106437175 触发价:0.2473
2025-11-24 11:01:19 | INFO     | [PROTECT] DRIFT/USDT:USDT 止损单创建成功 ID:1106437176 触发价:0.1649
2025-11-24 11:01:19 | INFO     | [LIVE BUY] 做多 AKT/USDT:USDT: 32.9 @ 0.4798
2025-11-24 11:01:19 | INFO     | [LIVE MARKET] 创建市价单 AKT/USDT:USDT: buy 32.9
2025-11-24 11:01:19 | INFO     | [LIVE SUCCESS] AKT/USDT:USDT 市价单创建成功 ID:428993687 成交:32.9
2025-11-24 11:01:19 | INFO     | [PROTECT] AKT/USDT:USDT 止盈单创建成功 ID:428993693 触发价:0.5758
2025-11-24 11:01:19 | INFO     | [PROTECT] AKT/USDT:USDT 止损单创建成功 ID:428993695 触发价:0.3838
2025-11-24 11:01:19 | INFO     | [LIVE OK] 多头开仓: 2/2 成功
2025-11-24 11:01:19 | INFO     | [LIVE SHORT] 开空头仓位: 2 个
2025-11-24 11:01:19 | INFO     | [LIVE SELL] 做空 ORDER/USDT:USDT: 125.9 @ 0.12543
2025-11-24 11:01:19 | INFO     | [LIVE MARKET] 创建市价单 ORDER/USDT:USDT: sell 125.9
2025-11-24 11:01:19 | INFO     | [LIVE SUCCESS] ORDER/USDT:USDT 市价单创建成功 ID:390656041 成交:125.0
2025-11-24 11:01:19 | INFO     | [PROTECT] ORDER/USDT:USDT 止盈单创建成功 ID:390656042 触发价:0.10034
2025-11-24 11:01:19 | INFO     | [PROTECT] ORDER/USDT:USDT 止损单创建成功 ID:390656094 触发价:0.15052
2025-11-24 11:01:20 | INFO     | [LIVE SELL] 做空 COS/USDT:USDT: 10416.1 @ 0.001516
2025-11-24 11:01:20 | INFO     | [LIVE MARKET] 创建市价单 COS/USDT:USDT: sell 10416.1
2025-11-24 11:01:20 | INFO     | [LIVE SUCCESS] COS/USDT:USDT 市价单创建成功 ID:698418477 成交:10416.0
2025-11-24 11:01:20 | INFO     | [PROTECT] COS/USDT:USDT 止盈单创建成功 ID:698418480 触发价:0.001213
2025-11-24 11:01:20 | INFO     | [PROTECT] COS/USDT:USDT 止损单创建成功 ID:698418481 触发价:0.001819
2025-11-24 11:01:20 | INFO     | [LIVE OK] 空头开仓: 2/2 成功
2025-11-24 11:01:20 | INFO     | [POSITIONS] 新仓位已添加到字典: {'DRIFT/USDT:USDT': {'side': 'long', 'quantity': 76.6, 'open_price': 0.2061, 'position_side': 'LONG', 'take_profit_order_id': '1106437175', 'take_profit_price': 0.2473, 'stop_loss_order_id': '1106437176', 'stop_loss_price': 0.1649}, 'AKT/USDT:USDT': {'side': 'long', 'quantity': 32.9, 'open_price': 0.4798, 'position_side': 'LONG', 'take_profit_order_id': '428993693', 'take_profit_price': 0.5758, 'stop_loss_order_id': '428993695', 'stop_loss_price': 0.3838}, 'ORDER/USDT:USDT': {'side': 'short', 'quantity': 125.9, 'open_price': 0.12543, 'position_side': 'SHORT', 'take_profit_order_id': '390656042', 'take_profit_price': 0.10034, 'stop_loss_order_id': '390656094', 'stop_loss_price': 0.15052}, 'COS/USDT:USDT': {'side': 'short', 'quantity': 10416.1, 'open_price': 0.001516, 'position_side': 'SHORT', 'take_profit_order_id': '698418480', 'take_profit_price': 0.001213, 'stop_loss_order_id': '698418481', 'stop_loss_price': 0.001819}}
2025-11-24 11:01:20 | INFO     | [POSITIONS] 当前仓位字典: {'DRIFT/USDT:USDT': {'side': 'long', 'quantity': 76.6, 'open_price': 0.2061, 'position_side': 'LONG', 'take_profit_order_id': '1106437175', 'take_profit_price': 0.2473, 'stop_loss_order_id': '1106437176', 'stop_loss_price': 0.1649}, 'AKT/USDT:USDT': {'side': 'long', 'quantity': 32.9, 'open_price': 0.4798, 'position_side': 'LONG', 'take_profit_order_id': '428993693', 'take_profit_price': 0.5758, 'stop_loss_order_id': '428993695', 'stop_loss_price': 0.3838}, 'ORDER/USDT:USDT': {'side': 'short', 'quantity': 125.9, 'open_price': 0.12543, 'position_side': 'SHORT', 'take_profit_order_id': '390656042', 'take_profit_price': 0.10034, 'stop_loss_order_id': '390656094', 'stop_loss_price': 0.15052}, 'COS/USDT:USDT': {'side': 'short', 'quantity': 10416.1, 'open_price': 0.001516, 'position_side': 'SHORT', 'take_profit_order_id': '698418480', 'take_profit_price': 0.001213, 'stop_loss_order_id': '698418481', 'stop_loss_price': 0.001819}}
2025-11-24 11:01:20 | INFO     | [STEP 7] 开仓交易完成
2025-11-24 11:01:20 | INFO     | [INFO] 跳过详细仓位验证，交易周期完成
2025-11-24 11:01:20 | INFO     | [STEP 8] 记录当前交易对价格和因子信息...
2025-11-24 11:01:20 | INFO     | [API] 成功获取 533 个交易对价格
2025-11-24 11:01:20 | INFO     | [RECORD] 记录了 533 个交易对的价格和因子信息
2025-11-24 11:01:20 | INFO     | [OK] 交易周期执行成功
2025-11-24 11:01:20 | INFO     | [TIME] 周期耗时: 77.7秒
2025-11-24 11:01:20 | INFO     | [16H] Cycle 3/16 下次执行时间: 2025-11-24 12:00:00
2025-11-24 11:01:20 | INFO     | [WAIT] 等待 3520 秒 (1.0 小时)
2025-11-24 11:04:55 | INFO     | [WAIT] Cycle 3/16 剩余等待时间: 55.1 分钟
2025-11-24 11:08:31 | INFO     | [WAIT] Cycle 3/16 剩余等待时间: 51.5 分钟
2025-11-24 11:12:07 | INFO     | [WAIT] Cycle 3/16 剩余等待时间: 47.9 分钟
2025-11-24 11:15:43 | INFO     | [WAIT] Cycle 3/16 剩余等待时间: 44.3 分钟
2025-11-24 11:19:18 | INFO     | [WAIT] Cycle 3/16 剩余等待时间: 40.7 分钟
2025-11-24 11:22:54 | INFO     | [WAIT] Cycle 3/16 剩余等待时间: 37.1 分钟
2025-11-24 11:26:29 | INFO     | [WAIT] Cycle 3/16 剩余等待时间: 33.5 分钟
2025-11-24 11:30:05 | INFO     | [WAIT] Cycle 3/16 剩余等待时间: 29.9 分钟
2025-11-24 11:33:41 | INFO     | [WAIT] Cycle 3/16 剩余等待时间: 26.3 分钟
2025-11-24 11:37:16 | INFO     | [WAIT] Cycle 3/16 剩余等待时间: 22.7 分钟
2025-11-24 11:40:52 | INFO     | [WAIT] Cycle 3/16 剩余等待时间: 19.1 分钟
2025-11-24 11:44:28 | INFO     | [WAIT] Cycle 3/16 剩余等待时间: 15.5 分钟
2025-11-24 11:48:04 | INFO     | [WAIT] Cycle 3/16 剩余等待时间: 11.9 分钟
2025-11-24 11:51:41 | INFO     | [WAIT] Cycle 3/16 剩余等待时间: 8.3 分钟
2025-11-24 11:55:18 | INFO     | [WAIT] Cycle 3/16 剩余等待时间: 4.7 分钟
2025-11-24 11:58:54 | INFO     | [WAIT] Cycle 3/16 剩余等待时间: 1.1 分钟
2025-11-24 11:59:37 | INFO     | [WAIT] Cycle 3/16 最后等待: 22 秒
2025-11-24 12:00:03 | INFO     | 
==================================================
2025-11-24 12:00:03 | INFO     | [CYCLE] 第 4 轮交易周期 (Cycle 3/16)
2025-11-24 12:00:03 | INFO     | [TIME] 开始时间: 2025-11-24 12:00:03
2025-11-24 12:00:03 | INFO     | ==================================================
2025-11-24 12:00:07 | INFO     | [STEP 1] Cycle 3/16 平仓字典中存储的仓位...
2025-11-24 12:00:07 | INFO     | [INFO] 仓位字典为空，无需平仓
2025-11-24 12:00:07 | INFO     | [STEP 2] 跳过验证步骤...
2025-11-24 12:00:07 | INFO     | [STEP 3] 提取OHLC数据并计算因子...
2025-11-24 12:00:07 | INFO     | [OK] 获取活跃交易对完成，耗时: 0.001秒
2025-11-24 12:00:08 | WARNING  | [DATA] BOB/USDT:USDT 1h 数据不足: 获取到 75 条数据，需要 83 条
2025-11-24 12:00:08 | WARNING  | [SKIP] BOB/USDT:USDT 跳过: 无法获取有效的多时间框架数据
2025-11-24 12:01:20 | INFO     | [FACTORS] 计算得到 533 个有效因子
2025-11-24 12:01:20 | INFO     | [STEP 4] 根据因子值选择交易标的...
2025-11-24 12:01:20 | INFO     | [FILTER] 忽略 1 个交易对: ['BTC/USDT:USDT']
2025-11-24 12:01:20 | INFO     | [STATS] 因子统计:
2025-11-24 12:01:20 | INFO     |    总计: 532 个标的
2025-11-24 12:01:20 | INFO     |    因子值范围: -0.063138 ~ 0.189188
2025-11-24 12:01:20 | INFO     |    选择做多: 2 个
2025-11-24 12:01:20 | INFO     |    选择做空: 2 个
2025-11-24 12:01:20 | INFO     | [TOP 20] 因子值排名前20的交易对:
2025-11-24 12:01:20 | INFO     |    第1名: DRIFT/USDT:USDT: 0.189188
2025-11-24 12:01:20 | INFO     |    第2名: RIVER/USDT:USDT: 0.187249
2025-11-24 12:01:20 | INFO     |    第3名: F/USDT:USDT: 0.167393
2025-11-24 12:01:20 | INFO     |    第4名: VIRTUAL/USDT:USDT: 0.164030
2025-11-24 12:01:20 | INFO     |    第5名: IMX/USDT:USDT: 0.163904
2025-11-24 12:01:20 | INFO     |    第6名: ZORA/USDT:USDT: 0.158237
2025-11-24 12:01:20 | INFO     |    第7名: RVV/USDT:USDT: 0.155428
2025-11-24 12:01:20 | INFO     |    第8名: AKT/USDT:USDT: 0.154908
2025-11-24 12:01:20 | INFO     |    第9名: LQTY/USDT:USDT: 0.154787
2025-11-24 12:01:20 | INFO     |    第10名: SENT/USDT:USDT: 0.154434
2025-11-24 12:01:20 | INFO     |    第11名: CVC/USDT:USDT: 0.153210
2025-11-24 12:01:20 | INFO     |    第12名: VINE/USDT:USDT: 0.151514
2025-11-24 12:01:20 | INFO     |    第13名: HOOK/USDT:USDT: 0.149553
2025-11-24 12:01:20 | INFO     |    第14名: EPT/USDT:USDT: 0.141586
2025-11-24 12:01:20 | INFO     |    第15名: DOLO/USDT:USDT: 0.139274
2025-11-24 12:01:20 | INFO     |    第16名: 4/USDT:USDT: 0.138690
2025-11-24 12:01:20 | INFO     |    第17名: M/USDT:USDT: 0.137806
2025-11-24 12:01:20 | INFO     |    第18名: GOAT/USDT:USDT: 0.135540
2025-11-24 12:01:20 | INFO     |    第19名: SYRUP/USDT:USDT: 0.134946
2025-11-24 12:01:20 | INFO     |    第20名: ZK/USDT:USDT: 0.133065
2025-11-24 12:01:20 | INFO     | [BOTTOM 20] 因子值排名后20的交易对:
2025-11-24 12:01:20 | INFO     |    第513名: ALT/USDT:USDT: -0.026150
2025-11-24 12:01:20 | INFO     |    第514名: TRB/USDT:USDT: -0.029003
2025-11-24 12:01:20 | INFO     |    第515名: ZKC/USDT:USDT: -0.030360
2025-11-24 12:01:20 | INFO     |    第516名: STG/USDT:USDT: -0.031181
2025-11-24 12:01:20 | INFO     |    第517名: NOT/USDT:USDT: -0.032448
2025-11-24 12:01:20 | INFO     |    第518名: PIPPIN/USDT:USDT: -0.033407
2025-11-24 12:01:20 | INFO     |    第519名: ID/USDT:USDT: -0.033796
2025-11-24 12:01:20 | INFO     |    第520名: TRUST/USDT:USDT: -0.034690
2025-11-24 12:01:20 | INFO     |    第521名: TRX/USDT:USDT: -0.035089
2025-11-24 12:01:20 | INFO     |    第522名: COS/USDT:USDT: -0.035950
2025-11-24 12:01:20 | INFO     |    第523名: DODOX/USDT:USDT: -0.037617
2025-11-24 12:01:20 | INFO     |    第524名: AAVE/USDT:USDT: -0.039780
2025-11-24 12:01:20 | INFO     |    第525名: FORTH/USDT:USDT: -0.040841
2025-11-24 12:01:20 | INFO     |    第526名: PAXG/USDT:USDT: -0.041327
2025-11-24 12:01:20 | INFO     |    第527名: BROCCOLI714/USDT:USDT: -0.043789
2025-11-24 12:01:20 | INFO     |    第528名: CETUS/USDT:USDT: -0.044314
2025-11-24 12:01:20 | INFO     |    第529名: TOWNS/USDT:USDT: -0.046415
2025-11-24 12:01:20 | INFO     |    第530名: COAI/USDT:USDT: -0.049096
2025-11-24 12:01:20 | INFO     |    第531名: ASR/USDT:USDT: -0.060167
2025-11-24 12:01:20 | INFO     |    第532名: HIPPO/USDT:USDT: -0.063138
2025-11-24 12:01:20 | INFO     | [LONG SYMBOLS] 做多标的详情:
2025-11-24 12:01:20 | INFO     |    DRIFT/USDT:USDT: 0.189188
2025-11-24 12:01:20 | INFO     |    RIVER/USDT:USDT: 0.187249
2025-11-24 12:01:20 | INFO     | [SHORT SYMBOLS] 做空标的详情:
2025-11-24 12:01:20 | INFO     |    HIPPO/USDT:USDT: -0.063138
2025-11-24 12:01:20 | INFO     |    ASR/USDT:USDT: -0.060167
2025-11-24 12:01:20 | INFO     | [SELECTION] 选择交易标的:
2025-11-24 12:01:20 | INFO     |    做多: ['DRIFT/USDT:USDT', 'RIVER/USDT:USDT']
2025-11-24 12:01:20 | INFO     |    做空: ['HIPPO/USDT:USDT', 'ASR/USDT:USDT']
2025-11-24 12:01:20 | INFO     | [DINGDING] 通知已发送: Cycle 3/16 交易标的选择完成:
做多 (2个):
  DRIFT/USDT:USDT: 0.189188
  RIVER/USDT:USDT: 0.187249
做空 (2个):
  HIPPO/USDT:USDT: -0.063138
  ASR/USDT:USDT: -0.060167

因子统计:
  总计: 533 个标的
  范围: -0.063138 ~ 0.189188
2025-11-24 12:01:20 | INFO     | [STEP 5] 获取当前合约保证金...
2025-11-24 12:01:20 | INFO     | [BALANCE] 当前保证金余额: 280.73 USDT
2025-11-24 12:01:21 | INFO     | [DINGDING] 通知已发送:  账户余额报告
 时间: 2025-11-24 12:01:20
 USDT余额: 280.73
2025-11-24 12:01:21 | INFO     | [BALANCE] 余额通知已发送: 280.73 USDT
2025-11-24 12:01:21 | INFO     | [BALANCE] Cycle 3/16 首次交易，使用预分配资金 21.48 USDT
2025-11-24 12:01:21 | INFO     | [STEP 6] 执行开仓交易...
2025-11-24 12:01:21 | INFO     | [BALANCE] 总余额: 21.48 USDT
2025-11-24 12:01:21 | INFO     | [INFO] 总仓位数: 4
2025-11-24 12:01:21 | INFO     | [VALUE] 单仓价值: 15.79 USDT
2025-11-24 12:01:21 | INFO     | [MARGIN] 设置保证金模式为 ISOLATED...
2025-11-24 12:01:21 | INFO     | [MARGIN] DRIFT/USDT:USDT 已经是 ISOLATED 模式
2025-11-24 12:01:21 | INFO     | [MARGIN] RIVER/USDT:USDT 已经是 ISOLATED 模式
2025-11-24 12:01:21 | INFO     | [MARGIN] HIPPO/USDT:USDT 已经是 ISOLATED 模式
2025-11-24 12:01:21 | INFO     | [MARGIN] ASR/USDT:USDT (ASRUSDT) 保证金模式设置为 ISOLATED ✓
2025-11-24 12:01:21 | INFO     | [MARGIN] 保证金模式设置完成: 4/4 成功
2025-11-24 12:01:21 | INFO     | [LEVERAGE] 设置杠杆为 3x...
2025-11-24 12:01:21 | INFO     | [LIVE LONG] 开多头仓位: 2 个
2025-11-24 12:01:21 | INFO     | [LIVE BUY] 做多 DRIFT/USDT:USDT: 75.8 @ 0.2083
2025-11-24 12:01:21 | INFO     | [LIVE MARKET] 创建市价单 DRIFT/USDT:USDT: buy 75.8
2025-11-24 12:01:21 | INFO     | [LIVE SUCCESS] DRIFT/USDT:USDT 市价单创建成功 ID:1106462884 成交:75.0
2025-11-24 12:01:21 | INFO     | [PROTECT] DRIFT/USDT:USDT 止盈单创建成功 ID:1106462886 触发价:0.25
2025-11-24 12:01:21 | INFO     | [PROTECT] DRIFT/USDT:USDT 止损单创建成功 ID:1106462887 触发价:0.1666
2025-11-24 12:01:21 | INFO     | [LIVE BUY] 做多 RIVER/USDT:USDT: 4.4 @ 3.575
2025-11-24 12:01:21 | INFO     | [LIVE MARKET] 创建市价单 RIVER/USDT:USDT: buy 4.4
2025-11-24 12:01:21 | INFO     | [LIVE SUCCESS] RIVER/USDT:USDT 市价单创建成功 ID:263269874 成交:4.4
2025-11-24 12:01:21 | INFO     | [PROTECT] RIVER/USDT:USDT 止盈单创建成功 ID:263269885 触发价:4.29
2025-11-24 12:01:21 | INFO     | [PROTECT] RIVER/USDT:USDT 止损单创建成功 ID:263269889 触发价:2.86
2025-11-24 12:01:21 | INFO     | [LIVE OK] 多头开仓: 2/2 成功
2025-11-24 12:01:21 | INFO     | [LIVE SHORT] 开空头仓位: 2 个
2025-11-24 12:01:21 | INFO     | [LIVE SELL] 做空 HIPPO/USDT:USDT: 14073.8 @ 0.001122
2025-11-24 12:01:21 | INFO     | [LIVE MARKET] 创建市价单 HIPPO/USDT:USDT: sell 14073.8
2025-11-24 12:01:21 | INFO     | [LIVE SUCCESS] HIPPO/USDT:USDT 市价单创建成功 ID:1817436232 成交:14073.0
2025-11-24 12:01:21 | INFO     | [PROTECT] HIPPO/USDT:USDT 止盈单创建成功 ID:1817436235 触发价:0.000898
2025-11-24 12:01:21 | INFO     | [PROTECT] HIPPO/USDT:USDT 止损单创建成功 ID:1817436238 触发价:0.001346
2025-11-24 12:01:22 | INFO     | [LIVE SELL] 做空 ASR/USDT:USDT: 11.5 @ 1.377
2025-11-24 12:01:22 | INFO     | [LIVE MARKET] 创建市价单 ASR/USDT:USDT: sell 11.5
2025-11-24 12:01:22 | INFO     | [LIVE SUCCESS] ASR/USDT:USDT 市价单创建成功 ID:474851456 成交:11.5
2025-11-24 12:01:22 | INFO     | [PROTECT] ASR/USDT:USDT 止盈单创建成功 ID:474851458 触发价:1.102
2025-11-24 12:01:22 | INFO     | [PROTECT] ASR/USDT:USDT 止损单创建成功 ID:474851459 触发价:1.652
2025-11-24 12:01:22 | INFO     | [LIVE OK] 空头开仓: 2/2 成功
2025-11-24 12:01:22 | INFO     | [POSITIONS] 新仓位已添加到字典: {'DRIFT/USDT:USDT': {'side': 'long', 'quantity': 75.8, 'open_price': 0.2083, 'position_side': 'LONG', 'take_profit_order_id': '1106462886', 'take_profit_price': 0.25, 'stop_loss_order_id': '1106462887', 'stop_loss_price': 0.1666}, 'RIVER/USDT:USDT': {'side': 'long', 'quantity': 4.4, 'open_price': 3.575, 'position_side': 'LONG', 'take_profit_order_id': '263269885', 'take_profit_price': 4.29, 'stop_loss_order_id': '263269889', 'stop_loss_price': 2.86}, 'HIPPO/USDT:USDT': {'side': 'short', 'quantity': 14073.8, 'open_price': 0.001122, 'position_side': 'SHORT', 'take_profit_order_id': '1817436235', 'take_profit_price': 0.000898, 'stop_loss_order_id': '1817436238', 'stop_loss_price': 0.001346}, 'ASR/USDT:USDT': {'side': 'short', 'quantity': 11.5, 'open_price': 1.377, 'position_side': 'SHORT', 'take_profit_order_id': '474851458', 'take_profit_price': 1.102, 'stop_loss_order_id': '474851459', 'stop_loss_price': 1.652}}
2025-11-24 12:01:22 | INFO     | [POSITIONS] 当前仓位字典: {'DRIFT/USDT:USDT': {'side': 'long', 'quantity': 75.8, 'open_price': 0.2083, 'position_side': 'LONG', 'take_profit_order_id': '1106462886', 'take_profit_price': 0.25, 'stop_loss_order_id': '1106462887', 'stop_loss_price': 0.1666}, 'RIVER/USDT:USDT': {'side': 'long', 'quantity': 4.4, 'open_price': 3.575, 'position_side': 'LONG', 'take_profit_order_id': '263269885', 'take_profit_price': 4.29, 'stop_loss_order_id': '263269889', 'stop_loss_price': 2.86}, 'HIPPO/USDT:USDT': {'side': 'short', 'quantity': 14073.8, 'open_price': 0.001122, 'position_side': 'SHORT', 'take_profit_order_id': '1817436235', 'take_profit_price': 0.000898, 'stop_loss_order_id': '1817436238', 'stop_loss_price': 0.001346}, 'ASR/USDT:USDT': {'side': 'short', 'quantity': 11.5, 'open_price': 1.377, 'position_side': 'SHORT', 'take_profit_order_id': '474851458', 'take_profit_price': 1.102, 'stop_loss_order_id': '474851459', 'stop_loss_price': 1.652}}
2025-11-24 12:01:22 | INFO     | [STEP 7] 开仓交易完成
2025-11-24 12:01:22 | INFO     | [INFO] 跳过详细仓位验证，交易周期完成
2025-11-24 12:01:22 | INFO     | [STEP 8] 记录当前交易对价格和因子信息...
2025-11-24 12:01:22 | INFO     | [API] 成功获取 533 个交易对价格
2025-11-24 12:01:22 | INFO     | [RECORD] 记录了 533 个交易对的价格和因子信息
2025-11-24 12:01:22 | INFO     | [OK] 交易周期执行成功
2025-11-24 12:01:22 | INFO     | [TIME] 周期耗时: 78.5秒
2025-11-24 12:01:22 | INFO     | [16H] Cycle 4/16 下次执行时间: 2025-11-24 13:00:00
2025-11-24 12:01:22 | INFO     | [WAIT] 等待 3518 秒 (1.0 小时)
2025-11-24 12:05:37 | INFO     | [WAIT] Cycle 4/16 剩余等待时间: 54.4 分钟
2025-11-24 12:09:52 | INFO     | [WAIT] Cycle 4/16 剩余等待时间: 50.1 分钟
2025-11-24 12:14:07 | INFO     | [WAIT] Cycle 4/16 剩余等待时间: 45.9 分钟
2025-11-24 12:18:22 | INFO     | [WAIT] Cycle 4/16 剩余等待时间: 41.6 分钟
2025-11-24 12:22:38 | INFO     | [WAIT] Cycle 4/16 剩余等待时间: 37.4 分钟
2025-11-24 12:26:53 | INFO     | [WAIT] Cycle 4/16 剩余等待时间: 33.1 分钟
2025-11-24 12:31:08 | INFO     | [WAIT] Cycle 4/16 剩余等待时间: 28.9 分钟
2025-11-24 12:35:23 | INFO     | [WAIT] Cycle 4/16 剩余等待时间: 24.6 分钟
2025-11-24 12:39:38 | INFO     | [WAIT] Cycle 4/16 剩余等待时间: 20.4 分钟
2025-11-24 12:43:54 | INFO     | [WAIT] Cycle 4/16 剩余等待时间: 16.1 分钟
2025-11-24 12:48:09 | INFO     | [WAIT] Cycle 4/16 剩余等待时间: 11.8 分钟
2025-11-24 12:52:25 | INFO     | [WAIT] Cycle 4/16 剩余等待时间: 7.6 分钟
2025-11-24 12:56:41 | INFO     | [WAIT] Cycle 4/16 剩余等待时间: 3.3 分钟
2025-11-24 12:59:40 | INFO     | [WAIT] Cycle 4/16 最后等待: 20 秒
2025-11-24 13:00:05 | INFO     | 
==================================================
2025-11-24 13:00:05 | INFO     | [CYCLE] 第 5 轮交易周期 (Cycle 4/16)
2025-11-24 13:00:05 | INFO     | [TIME] 开始时间: 2025-11-24 13:00:05
2025-11-24 13:00:05 | INFO     | ==================================================
2025-11-24 13:00:10 | INFO     | [STEP 1] Cycle 4/16 平仓字典中存储的仓位...
2025-11-24 13:00:10 | INFO     | [INFO] 仓位字典为空，无需平仓
2025-11-24 13:00:10 | INFO     | [STEP 2] 跳过验证步骤...
2025-11-24 13:00:10 | INFO     | [STEP 3] 提取OHLC数据并计算因子...
2025-11-24 13:00:10 | INFO     | [OK] 获取活跃交易对完成，耗时: 0.001秒
2025-11-24 13:00:11 | WARNING  | [DATA] BOB/USDT:USDT 1h 数据不足: 获取到 76 条数据，需要 83 条
2025-11-24 13:00:11 | WARNING  | [SKIP] BOB/USDT:USDT 跳过: 无法获取有效的多时间框架数据
2025-11-24 13:01:23 | INFO     | [FACTORS] 计算得到 533 个有效因子
2025-11-24 13:01:23 | INFO     | [STEP 4] 根据因子值选择交易标的...
2025-11-24 13:01:23 | INFO     | [FILTER] 忽略 1 个交易对: ['BTC/USDT:USDT']
2025-11-24 13:01:23 | INFO     | [STATS] 因子统计:
2025-11-24 13:01:23 | INFO     |    总计: 532 个标的
2025-11-24 13:01:23 | INFO     |    因子值范围: -0.104785 ~ 0.197623
2025-11-24 13:01:23 | INFO     |    选择做多: 2 个
2025-11-24 13:01:23 | INFO     |    选择做空: 2 个
2025-11-24 13:01:23 | INFO     | [TOP 20] 因子值排名前20的交易对:
2025-11-24 13:01:23 | INFO     |    第1名: FHE/USDT:USDT: 0.197623
2025-11-24 13:01:23 | INFO     |    第2名: IMX/USDT:USDT: 0.195430
2025-11-24 13:01:23 | INFO     |    第3名: HOOK/USDT:USDT: 0.187308
2025-11-24 13:01:23 | INFO     |    第4名: F/USDT:USDT: 0.178407
2025-11-24 13:01:23 | INFO     |    第5名: RVV/USDT:USDT: 0.166329
2025-11-24 13:01:23 | INFO     |    第6名: ZORA/USDT:USDT: 0.163113
2025-11-24 13:01:23 | INFO     |    第7名: DRIFT/USDT:USDT: 0.157662
2025-11-24 13:01:23 | INFO     |    第8名: RIVER/USDT:USDT: 0.154323
2025-11-24 13:01:23 | INFO     |    第9名: 4/USDT:USDT: 0.151260
2025-11-24 13:01:23 | INFO     |    第10名: SUI/USDT:USDT: 0.148856
2025-11-24 13:01:23 | INFO     |    第11名: VIRTUAL/USDT:USDT: 0.148840
2025-11-24 13:01:23 | INFO     |    第12名: M/USDT:USDT: 0.146762
2025-11-24 13:01:23 | INFO     |    第13名: LQTY/USDT:USDT: 0.140780
2025-11-24 13:01:23 | INFO     |    第14名: BEL/USDT:USDT: 0.134897
2025-11-24 13:01:23 | INFO     |    第15名: AKT/USDT:USDT: 0.133899
2025-11-24 13:01:23 | INFO     |    第16名: EPT/USDT:USDT: 0.131922
2025-11-24 13:01:23 | INFO     |    第17名: NIL/USDT:USDT: 0.125368
2025-11-24 13:01:23 | INFO     |    第18名: ON/USDT:USDT: 0.124709
2025-11-24 13:01:23 | INFO     |    第19名: SPELL/USDT:USDT: 0.120909
2025-11-24 13:01:23 | INFO     |    第20名: LAYER/USDT:USDT: 0.117841
2025-11-24 13:01:23 | INFO     | [BOTTOM 20] 因子值排名后20的交易对:
2025-11-24 13:01:23 | INFO     |    第513名: PTB/USDT:USDT: -0.025221
2025-11-24 13:01:23 | INFO     |    第514名: RECALL/USDT:USDT: -0.025517
2025-11-24 13:01:23 | INFO     |    第515名: KGEN/USDT:USDT: -0.026291
2025-11-24 13:01:23 | INFO     |    第516名: 2Z/USDT:USDT: -0.027879
2025-11-24 13:01:23 | INFO     |    第517名: ENA/USDT:USDT: -0.028002
2025-11-24 13:01:23 | INFO     |    第518名: AVNT/USDT:USDT: -0.028335
2025-11-24 13:01:23 | INFO     |    第519名: CATI/USDT:USDT: -0.033616
2025-11-24 13:01:23 | INFO     |    第520名: CETUS/USDT:USDT: -0.037990
2025-11-24 13:01:23 | INFO     |    第521名: HIPPO/USDT:USDT: -0.038348
2025-11-24 13:01:23 | INFO     |    第522名: ASR/USDT:USDT: -0.040345
2025-11-24 13:01:23 | INFO     |    第523名: COAI/USDT:USDT: -0.040354
2025-11-24 13:01:23 | INFO     |    第524名: FORTH/USDT:USDT: -0.040907
2025-11-24 13:01:23 | INFO     |    第525名: PAXG/USDT:USDT: -0.041359
2025-11-24 13:01:23 | INFO     |    第526名: TRX/USDT:USDT: -0.042039
2025-11-24 13:01:23 | INFO     |    第527名: TRB/USDT:USDT: -0.042231
2025-11-24 13:01:23 | INFO     |    第528名: COS/USDT:USDT: -0.044053
2025-11-24 13:01:23 | INFO     |    第529名: BROCCOLI714/USDT:USDT: -0.046551
2025-11-24 13:01:23 | INFO     |    第530名: TOWNS/USDT:USDT: -0.049068
2025-11-24 13:01:23 | INFO     |    第531名: CELO/USDT:USDT: -0.073006
2025-11-24 13:01:23 | INFO     |    第532名: ZKC/USDT:USDT: -0.104785
2025-11-24 13:01:23 | INFO     | [LONG SYMBOLS] 做多标的详情:
2025-11-24 13:01:23 | INFO     |    FHE/USDT:USDT: 0.197623
2025-11-24 13:01:23 | INFO     |    IMX/USDT:USDT: 0.195430
2025-11-24 13:01:23 | INFO     | [SHORT SYMBOLS] 做空标的详情:
2025-11-24 13:01:23 | INFO     |    ZKC/USDT:USDT: -0.104785
2025-11-24 13:01:23 | INFO     |    CELO/USDT:USDT: -0.073006
2025-11-24 13:01:23 | INFO     | [SELECTION] 选择交易标的:
2025-11-24 13:01:23 | INFO     |    做多: ['FHE/USDT:USDT', 'IMX/USDT:USDT']
2025-11-24 13:01:23 | INFO     |    做空: ['ZKC/USDT:USDT', 'CELO/USDT:USDT']
2025-11-24 13:01:24 | INFO     | [DINGDING] 通知已发送: Cycle 4/16 交易标的选择完成:
做多 (2个):
  FHE/USDT:USDT: 0.197623
  IMX/USDT:USDT: 0.195430
做空 (2个):
  ZKC/USDT:USDT: -0.104785
  CELO/USDT:USDT: -0.073006

因子统计:
  总计: 533 个标的
  范围: -0.104785 ~ 0.197623
2025-11-24 13:01:24 | INFO     | [STEP 5] 获取当前合约保证金...
2025-11-24 13:01:24 | INFO     | [BALANCE] 当前保证金余额: 259.71 USDT
2025-11-24 13:01:24 | INFO     | [DINGDING] 通知已发送:  账户余额报告
 时间: 2025-11-24 13:01:24
 USDT余额: 259.71
2025-11-24 13:01:24 | INFO     | [BALANCE] 余额通知已发送: 259.71 USDT
2025-11-24 13:01:24 | INFO     | [BALANCE] Cycle 4/16 首次交易，使用预分配资金 21.48 USDT
2025-11-24 13:01:24 | INFO     | [STEP 6] 执行开仓交易...
2025-11-24 13:01:24 | INFO     | [BALANCE] 总余额: 21.48 USDT
2025-11-24 13:01:24 | INFO     | [INFO] 总仓位数: 4
2025-11-24 13:01:24 | INFO     | [VALUE] 单仓价值: 15.79 USDT
2025-11-24 13:01:24 | INFO     | [MARGIN] 设置保证金模式为 ISOLATED...
2025-11-24 13:01:24 | INFO     | [MARGIN] FHE/USDT:USDT (FHEUSDT) 保证金模式设置为 ISOLATED ✓
2025-11-24 13:01:24 | INFO     | [MARGIN] IMX/USDT:USDT (IMXUSDT) 保证金模式设置为 ISOLATED ✓
2025-11-24 13:01:25 | INFO     | [MARGIN] ZKC/USDT:USDT (ZKCUSDT) 保证金模式设置为 ISOLATED ✓
2025-11-24 13:01:25 | INFO     | [MARGIN] CELO/USDT:USDT (CELOUSDT) 保证金模式设置为 ISOLATED ✓
2025-11-24 13:01:25 | INFO     | [MARGIN] 保证金模式设置完成: 4/4 成功
2025-11-24 13:01:25 | INFO     | [LEVERAGE] 设置杠杆为 3x...
2025-11-24 13:01:25 | INFO     | [LIVE LONG] 开多头仓位: 2 个
2025-11-24 13:01:25 | INFO     | [LIVE BUY] 做多 FHE/USDT:USDT: 787.1 @ 0.02006
2025-11-24 13:01:25 | INFO     | [LIVE MARKET] 创建市价单 FHE/USDT:USDT: buy 787.1
2025-11-24 13:01:25 | INFO     | [LIVE SUCCESS] FHE/USDT:USDT 市价单创建成功 ID:541631433 成交:787.0
2025-11-24 13:01:25 | INFO     | [PROTECT] FHE/USDT:USDT 止盈单创建成功 ID:541631450 触发价:0.02407
2025-11-24 13:01:25 | INFO     | [PROTECT] FHE/USDT:USDT 止损单创建成功 ID:541631451 触发价:0.01605
2025-11-24 13:01:25 | INFO     | [LIVE BUY] 做多 IMX/USDT:USDT: 51.4 @ 0.3067
2025-11-24 13:01:25 | INFO     | [LIVE MARKET] 创建市价单 IMX/USDT:USDT: buy 51.4
2025-11-24 13:01:25 | INFO     | [LIVE SUCCESS] IMX/USDT:USDT 市价单创建成功 ID:6933431813 成交:51.0
2025-11-24 13:01:25 | INFO     | [PROTECT] IMX/USDT:USDT 止盈单创建成功 ID:6933431814 触发价:0.368
2025-11-24 13:01:25 | INFO     | [PROTECT] IMX/USDT:USDT 止损单创建成功 ID:6933431818 触发价:0.2454
2025-11-24 13:01:25 | INFO     | [LIVE OK] 多头开仓: 2/2 成功
2025-11-24 13:01:25 | INFO     | [LIVE SHORT] 开空头仓位: 2 个
2025-11-24 13:01:25 | INFO     | [LIVE SELL] 做空 ZKC/USDT:USDT: 106.6 @ 0.1481
2025-11-24 13:01:25 | INFO     | [LIVE MARKET] 创建市价单 ZKC/USDT:USDT: sell 106.6
2025-11-24 13:01:25 | INFO     | [LIVE SUCCESS] ZKC/USDT:USDT 市价单创建成功 ID:519649792 成交:106.0
2025-11-24 13:01:25 | INFO     | [PROTECT] ZKC/USDT:USDT 止盈单创建成功 ID:519649793 触发价:0.1185
2025-11-24 13:01:25 | INFO     | [PROTECT] ZKC/USDT:USDT 止损单创建成功 ID:519649795 触发价:0.1777
2025-11-24 13:01:26 | INFO     | [LIVE SELL] 做空 CELO/USDT:USDT: 96.3 @ 0.164
2025-11-24 13:01:26 | INFO     | [LIVE MARKET] 创建市价单 CELO/USDT:USDT: sell 96.3
2025-11-24 13:01:26 | INFO     | [LIVE SUCCESS] CELO/USDT:USDT 市价单创建成功 ID:11632411786 成交:96.3
2025-11-24 13:01:26 | INFO     | [PROTECT] CELO/USDT:USDT 止盈单创建成功 ID:11632411788 触发价:0.131
2025-11-24 13:01:26 | INFO     | [PROTECT] CELO/USDT:USDT 止损单创建成功 ID:11632411793 触发价:0.197
2025-11-24 13:01:26 | INFO     | [LIVE OK] 空头开仓: 2/2 成功
2025-11-24 13:01:26 | INFO     | [POSITIONS] 新仓位已添加到字典: {'FHE/USDT:USDT': {'side': 'long', 'quantity': 787.1, 'open_price': 0.02006, 'position_side': 'LONG', 'take_profit_order_id': '541631450', 'take_profit_price': 0.02407, 'stop_loss_order_id': '541631451', 'stop_loss_price': 0.01605}, 'IMX/USDT:USDT': {'side': 'long', 'quantity': 51.4, 'open_price': 0.3067, 'position_side': 'LONG', 'take_profit_order_id': '6933431814', 'take_profit_price': 0.368, 'stop_loss_order_id': '6933431818', 'stop_loss_price': 0.2454}, 'ZKC/USDT:USDT': {'side': 'short', 'quantity': 106.6, 'open_price': 0.1481, 'position_side': 'SHORT', 'take_profit_order_id': '519649793', 'take_profit_price': 0.1185, 'stop_loss_order_id': '519649795', 'stop_loss_price': 0.1777}, 'CELO/USDT:USDT': {'side': 'short', 'quantity': 96.3, 'open_price': 0.164, 'position_side': 'SHORT', 'take_profit_order_id': '11632411788', 'take_profit_price': 0.131, 'stop_loss_order_id': '11632411793', 'stop_loss_price': 0.197}}
2025-11-24 13:01:26 | INFO     | [POSITIONS] 当前仓位字典: {'FHE/USDT:USDT': {'side': 'long', 'quantity': 787.1, 'open_price': 0.02006, 'position_side': 'LONG', 'take_profit_order_id': '541631450', 'take_profit_price': 0.02407, 'stop_loss_order_id': '541631451', 'stop_loss_price': 0.01605}, 'IMX/USDT:USDT': {'side': 'long', 'quantity': 51.4, 'open_price': 0.3067, 'position_side': 'LONG', 'take_profit_order_id': '6933431814', 'take_profit_price': 0.368, 'stop_loss_order_id': '6933431818', 'stop_loss_price': 0.2454}, 'ZKC/USDT:USDT': {'side': 'short', 'quantity': 106.6, 'open_price': 0.1481, 'position_side': 'SHORT', 'take_profit_order_id': '519649793', 'take_profit_price': 0.1185, 'stop_loss_order_id': '519649795', 'stop_loss_price': 0.1777}, 'CELO/USDT:USDT': {'side': 'short', 'quantity': 96.3, 'open_price': 0.164, 'position_side': 'SHORT', 'take_profit_order_id': '11632411788', 'take_profit_price': 0.131, 'stop_loss_order_id': '11632411793', 'stop_loss_price': 0.197}}
2025-11-24 13:01:26 | INFO     | [STEP 7] 开仓交易完成
2025-11-24 13:01:26 | INFO     | [INFO] 跳过详细仓位验证，交易周期完成
2025-11-24 13:01:26 | INFO     | [STEP 8] 记录当前交易对价格和因子信息...
2025-11-24 13:01:26 | INFO     | [API] 成功获取 533 个交易对价格
2025-11-24 13:01:26 | INFO     | [RECORD] 记录了 533 个交易对的价格和因子信息
2025-11-24 13:01:26 | INFO     | [OK] 交易周期执行成功
2025-11-24 13:01:26 | INFO     | [TIME] 周期耗时: 80.9秒
2025-11-24 13:01:26 | INFO     | [16H] Cycle 5/16 下次执行时间: 2025-11-24 14:00:00
2025-11-24 13:01:26 | INFO     | [WAIT] 等待 3514 秒 (1.0 小时)
2025-11-24 13:06:20 | INFO     | [WAIT] Cycle 5/16 剩余等待时间: 53.7 分钟
2025-11-24 13:11:15 | INFO     | [WAIT] Cycle 5/16 剩余等待时间: 48.7 分钟
2025-11-24 13:16:09 | INFO     | [WAIT] Cycle 5/16 剩余等待时间: 43.8 分钟
2025-11-24 13:21:03 | INFO     | [WAIT] Cycle 5/16 剩余等待时间: 38.9 分钟
2025-11-24 13:25:57 | INFO     | [WAIT] Cycle 5/16 剩余等待时间: 34.0 分钟
2025-11-24 13:30:51 | INFO     | [WAIT] Cycle 5/16 剩余等待时间: 29.1 分钟
2025-11-24 13:35:46 | INFO     | [WAIT] Cycle 5/16 剩余等待时间: 24.2 分钟
2025-11-24 13:40:41 | INFO     | [WAIT] Cycle 5/16 剩余等待时间: 19.3 分钟
2025-11-24 13:45:35 | INFO     | [WAIT] Cycle 5/16 剩余等待时间: 14.4 分钟
2025-11-24 13:50:30 | INFO     | [WAIT] Cycle 5/16 剩余等待时间: 9.5 分钟
2025-11-24 13:55:26 | INFO     | [WAIT] Cycle 5/16 剩余等待时间: 4.6 分钟
2025-11-24 13:59:52 | INFO     | [WAIT] Cycle 5/16 最后等待: 8 秒
2025-11-24 14:00:07 | INFO     | 
==================================================
2025-11-24 14:00:07 | INFO     | [CYCLE] 第 6 轮交易周期 (Cycle 5/16)
2025-11-24 14:00:07 | INFO     | [TIME] 开始时间: 2025-11-24 14:00:07
2025-11-24 14:00:07 | INFO     | ==================================================
2025-11-24 14:00:13 | INFO     | [STEP 1] Cycle 5/16 平仓字典中存储的仓位...
2025-11-24 14:00:13 | INFO     | [INFO] 仓位字典为空，无需平仓
2025-11-24 14:00:13 | INFO     | [STEP 2] 跳过验证步骤...
2025-11-24 14:00:13 | INFO     | [STEP 3] 提取OHLC数据并计算因子...
2025-11-24 14:00:13 | INFO     | [OK] 获取活跃交易对完成，耗时: 0.001秒
2025-11-24 14:00:14 | WARNING  | [DATA] BOB/USDT:USDT 1h 数据不足: 获取到 77 条数据，需要 83 条
2025-11-24 14:00:14 | WARNING  | [SKIP] BOB/USDT:USDT 跳过: 无法获取有效的多时间框架数据
2025-11-24 14:01:26 | INFO     | [FACTORS] 计算得到 533 个有效因子
2025-11-24 14:01:26 | INFO     | [STEP 4] 根据因子值选择交易标的...
2025-11-24 14:01:26 | INFO     | [FILTER] 忽略 1 个交易对: ['BTC/USDT:USDT']
2025-11-24 14:01:26 | INFO     | [STATS] 因子统计:
2025-11-24 14:01:26 | INFO     |    总计: 532 个标的
2025-11-24 14:01:26 | INFO     |    因子值范围: -0.064811 ~ 0.204561
2025-11-24 14:01:26 | INFO     |    选择做多: 2 个
2025-11-24 14:01:26 | INFO     |    选择做空: 2 个
2025-11-24 14:01:26 | INFO     | [TOP 20] 因子值排名前20的交易对:
2025-11-24 14:01:26 | INFO     |    第1名: VIRTUAL/USDT:USDT: 0.204561
2025-11-24 14:01:26 | INFO     |    第2名: 4/USDT:USDT: 0.180739
2025-11-24 14:01:26 | INFO     |    第3名: ZORA/USDT:USDT: 0.167619
2025-11-24 14:01:26 | INFO     |    第4名: UAI/USDT:USDT: 0.167163
2025-11-24 14:01:26 | INFO     |    第5名: IMX/USDT:USDT: 0.160963
2025-11-24 14:01:26 | INFO     |    第6名: RIVER/USDT:USDT: 0.158669
2025-11-24 14:01:26 | INFO     |    第7名: SUI/USDT:USDT: 0.155900
2025-11-24 14:01:26 | INFO     |    第8名: FHE/USDT:USDT: 0.155868
2025-11-24 14:01:26 | INFO     |    第9名: BMT/USDT:USDT: 0.152604
2025-11-24 14:01:26 | INFO     |    第10名: EDEN/USDT:USDT: 0.137106
2025-11-24 14:01:26 | INFO     |    第11名: SYRUP/USDT:USDT: 0.135628
2025-11-24 14:01:26 | INFO     |    第12名: SPELL/USDT:USDT: 0.134317
2025-11-24 14:01:26 | INFO     |    第13名: HOOK/USDT:USDT: 0.131708
2025-11-24 14:01:26 | INFO     |    第14名: ON/USDT:USDT: 0.130972
2025-11-24 14:01:26 | INFO     |    第15名: TNSR/USDT:USDT: 0.130817
2025-11-24 14:01:26 | INFO     |    第16名: EDU/USDT:USDT: 0.126935
2025-11-24 14:01:26 | INFO     |    第17名: F/USDT:USDT: 0.126004
2025-11-24 14:01:26 | INFO     |    第18名: LQTY/USDT:USDT: 0.121575
2025-11-24 14:01:26 | INFO     |    第19名: MINA/USDT:USDT: 0.118600
2025-11-24 14:01:26 | INFO     |    第20名: DRIFT/USDT:USDT: 0.116459
2025-11-24 14:01:26 | INFO     | [BOTTOM 20] 因子值排名后20的交易对:
2025-11-24 14:01:26 | INFO     |    第513名: TRX/USDT:USDT: -0.026731
2025-11-24 14:01:26 | INFO     |    第514名: USTC/USDT:USDT: -0.027049
2025-11-24 14:01:26 | INFO     |    第515名: 2Z/USDT:USDT: -0.028088
2025-11-24 14:01:26 | INFO     |    第516名: COS/USDT:USDT: -0.030607
2025-11-24 14:01:26 | INFO     |    第517名: RPL/USDT:USDT: -0.030921
2025-11-24 14:01:26 | INFO     |    第518名: RECALL/USDT:USDT: -0.031193
2025-11-24 14:01:26 | INFO     |    第519名: TIA/USDT:USDT: -0.031241
2025-11-24 14:01:26 | INFO     |    第520名: STABLE/USDT:USDT: -0.032735
2025-11-24 14:01:26 | INFO     |    第521名: SOLV/USDT:USDT: -0.037869
2025-11-24 14:01:26 | INFO     |    第522名: CATI/USDT:USDT: -0.041229
2025-11-24 14:01:26 | INFO     |    第523名: METIS/USDT:USDT: -0.042968
2025-11-24 14:01:26 | INFO     |    第524名: PAXG/USDT:USDT: -0.045381
2025-11-24 14:01:26 | INFO     |    第525名: BROCCOLI714/USDT:USDT: -0.045520
2025-11-24 14:01:26 | INFO     |    第526名: FORTH/USDT:USDT: -0.047947
2025-11-24 14:01:26 | INFO     |    第527名: CELO/USDT:USDT: -0.049624
2025-11-24 14:01:26 | INFO     |    第528名: TOWNS/USDT:USDT: -0.055053
2025-11-24 14:01:26 | INFO     |    第529名: COAI/USDT:USDT: -0.055298
2025-11-24 14:01:26 | INFO     |    第530名: KGEN/USDT:USDT: -0.057363
2025-11-24 14:01:26 | INFO     |    第531名: ASR/USDT:USDT: -0.064369
2025-11-24 14:01:26 | INFO     |    第532名: ZKC/USDT:USDT: -0.064811
2025-11-24 14:01:26 | INFO     | [LONG SYMBOLS] 做多标的详情:
2025-11-24 14:01:26 | INFO     |    VIRTUAL/USDT:USDT: 0.204561
2025-11-24 14:01:26 | INFO     |    4/USDT:USDT: 0.180739
2025-11-24 14:01:26 | INFO     | [SHORT SYMBOLS] 做空标的详情:
2025-11-24 14:01:26 | INFO     |    ZKC/USDT:USDT: -0.064811
2025-11-24 14:01:26 | INFO     |    ASR/USDT:USDT: -0.064369
2025-11-24 14:01:26 | INFO     | [SELECTION] 选择交易标的:
2025-11-24 14:01:26 | INFO     |    做多: ['VIRTUAL/USDT:USDT', '4/USDT:USDT']
2025-11-24 14:01:26 | INFO     |    做空: ['ZKC/USDT:USDT', 'ASR/USDT:USDT']
2025-11-24 14:01:26 | INFO     | [DINGDING] 通知已发送: Cycle 5/16 交易标的选择完成:
做多 (2个):
  VIRTUAL/USDT:USDT: 0.204561
  4/USDT:USDT: 0.180739
做空 (2个):
  ZKC/USDT:USDT: -0.064811
  ASR/USDT:USDT: -0.064369

因子统计:
  总计: 533 个标的
  范围: -0.064811 ~ 0.204561
2025-11-24 14:01:26 | INFO     | [STEP 5] 获取当前合约保证金...
2025-11-24 14:01:26 | INFO     | [BALANCE] 当前保证金余额: 238.62 USDT
2025-11-24 14:01:27 | INFO     | [DINGDING] 通知已发送:  账户余额报告
 时间: 2025-11-24 14:01:26
 USDT余额: 238.62
2025-11-24 14:01:27 | INFO     | [BALANCE] 余额通知已发送: 238.62 USDT
2025-11-24 14:01:27 | INFO     | [BALANCE] Cycle 5/16 首次交易，使用预分配资金 21.48 USDT
2025-11-24 14:01:27 | INFO     | [STEP 6] 执行开仓交易...
2025-11-24 14:01:27 | INFO     | [BALANCE] 总余额: 21.48 USDT
2025-11-24 14:01:27 | INFO     | [INFO] 总仓位数: 4
2025-11-24 14:01:27 | INFO     | [VALUE] 单仓价值: 15.79 USDT
2025-11-24 14:01:27 | INFO     | [MARGIN] 设置保证金模式为 ISOLATED...
2025-11-24 14:01:27 | INFO     | [MARGIN] VIRTUAL/USDT:USDT 已经是 ISOLATED 模式
2025-11-24 14:01:27 | INFO     | [MARGIN] 4/USDT:USDT 已经是 ISOLATED 模式
2025-11-24 14:01:27 | INFO     | [MARGIN] ZKC/USDT:USDT 已经是 ISOLATED 模式
2025-11-24 14:01:27 | INFO     | [MARGIN] ASR/USDT:USDT 已经是 ISOLATED 模式
2025-11-24 14:01:27 | INFO     | [MARGIN] 保证金模式设置完成: 4/4 成功
2025-11-24 14:01:27 | INFO     | [LEVERAGE] 设置杠杆为 3x...
2025-11-24 14:01:27 | INFO     | [LIVE LONG] 开多头仓位: 2 个
2025-11-24 14:01:27 | INFO     | [LIVE BUY] 做多 VIRTUAL/USDT:USDT: 18.1 @ 0.8722
2025-11-24 14:01:27 | INFO     | [LIVE MARKET] 创建市价单 VIRTUAL/USDT:USDT: buy 18.1
2025-11-24 14:01:27 | INFO     | [LIVE SUCCESS] VIRTUAL/USDT:USDT 市价单创建成功 ID:5770155345 成交:18.1
2025-11-24 14:01:27 | INFO     | [PROTECT] VIRTUAL/USDT:USDT 止盈单创建成功 ID:5770155347 触发价:1.0466
2025-11-24 14:01:27 | INFO     | [PROTECT] VIRTUAL/USDT:USDT 止损单创建成功 ID:5770155362 触发价:0.6978
2025-11-24 14:01:27 | INFO     | [LIVE BUY] 做多 4/USDT:USDT: 469.1 @ 0.03366
2025-11-24 14:01:27 | INFO     | [LIVE MARKET] 创建市价单 4/USDT:USDT: buy 469.1
2025-11-24 14:01:27 | INFO     | [LIVE SUCCESS] 4/USDT:USDT 市价单创建成功 ID:649079571 成交:469.0
2025-11-24 14:01:27 | INFO     | [PROTECT] 4/USDT:USDT 止盈单创建成功 ID:649079575 触发价:0.04039
2025-11-24 14:01:27 | INFO     | [PROTECT] 4/USDT:USDT 止损单创建成功 ID:649079576 触发价:0.02693
2025-11-24 14:01:28 | INFO     | [LIVE OK] 多头开仓: 2/2 成功
2025-11-24 14:01:28 | INFO     | [LIVE SHORT] 开空头仓位: 2 个
2025-11-24 14:01:28 | INFO     | [LIVE SELL] 做空 ZKC/USDT:USDT: 104.5 @ 0.1511
2025-11-24 14:01:28 | INFO     | [LIVE MARKET] 创建市价单 ZKC/USDT:USDT: sell 104.5
2025-11-24 14:01:28 | INFO     | [LIVE SUCCESS] ZKC/USDT:USDT 市价单创建成功 ID:519738042 成交:104.0
2025-11-24 14:01:28 | INFO     | [PROTECT] ZKC/USDT:USDT 止盈单创建成功 ID:519738043 触发价:0.1209
2025-11-24 14:01:28 | INFO     | [PROTECT] ZKC/USDT:USDT 止损单创建成功 ID:519738048 触发价:0.1813
2025-11-24 14:01:28 | INFO     | [LIVE SELL] 做空 ASR/USDT:USDT: 11.4 @ 1.384
2025-11-24 14:01:28 | INFO     | [LIVE MARKET] 创建市价单 ASR/USDT:USDT: sell 11.4
2025-11-24 14:01:28 | INFO     | [LIVE SUCCESS] ASR/USDT:USDT 市价单创建成功 ID:474880296 成交:11.4
2025-11-24 14:01:28 | INFO     | [PROTECT] ASR/USDT:USDT 止盈单创建成功 ID:474880297 触发价:1.107
2025-11-24 14:01:28 | INFO     | [PROTECT] ASR/USDT:USDT 止损单创建成功 ID:474880298 触发价:1.661
2025-11-24 14:01:28 | INFO     | [LIVE OK] 空头开仓: 2/2 成功
2025-11-24 14:01:28 | INFO     | [POSITIONS] 新仓位已添加到字典: {'VIRTUAL/USDT:USDT': {'side': 'long', 'quantity': 18.1, 'open_price': 0.8722, 'position_side': 'LONG', 'take_profit_order_id': '5770155347', 'take_profit_price': 1.0466, 'stop_loss_order_id': '5770155362', 'stop_loss_price': 0.6978}, '4/USDT:USDT': {'side': 'long', 'quantity': 469.1, 'open_price': 0.03366, 'position_side': 'LONG', 'take_profit_order_id': '649079575', 'take_profit_price': 0.04039, 'stop_loss_order_id': '649079576', 'stop_loss_price': 0.02693}, 'ZKC/USDT:USDT': {'side': 'short', 'quantity': 104.5, 'open_price': 0.1511, 'position_side': 'SHORT', 'take_profit_order_id': '519738043', 'take_profit_price': 0.1209, 'stop_loss_order_id': '519738048', 'stop_loss_price': 0.1813}, 'ASR/USDT:USDT': {'side': 'short', 'quantity': 11.4, 'open_price': 1.384, 'position_side': 'SHORT', 'take_profit_order_id': '474880297', 'take_profit_price': 1.107, 'stop_loss_order_id': '474880298', 'stop_loss_price': 1.661}}
2025-11-24 14:01:28 | INFO     | [POSITIONS] 当前仓位字典: {'VIRTUAL/USDT:USDT': {'side': 'long', 'quantity': 18.1, 'open_price': 0.8722, 'position_side': 'LONG', 'take_profit_order_id': '5770155347', 'take_profit_price': 1.0466, 'stop_loss_order_id': '5770155362', 'stop_loss_price': 0.6978}, '4/USDT:USDT': {'side': 'long', 'quantity': 469.1, 'open_price': 0.03366, 'position_side': 'LONG', 'take_profit_order_id': '649079575', 'take_profit_price': 0.04039, 'stop_loss_order_id': '649079576', 'stop_loss_price': 0.02693}, 'ZKC/USDT:USDT': {'side': 'short', 'quantity': 104.5, 'open_price': 0.1511, 'position_side': 'SHORT', 'take_profit_order_id': '519738043', 'take_profit_price': 0.1209, 'stop_loss_order_id': '519738048', 'stop_loss_price': 0.1813}, 'ASR/USDT:USDT': {'side': 'short', 'quantity': 11.4, 'open_price': 1.384, 'position_side': 'SHORT', 'take_profit_order_id': '474880297', 'take_profit_price': 1.107, 'stop_loss_order_id': '474880298', 'stop_loss_price': 1.661}}
2025-11-24 14:01:28 | INFO     | [STEP 7] 开仓交易完成
2025-11-24 14:01:28 | INFO     | [INFO] 跳过详细仓位验证，交易周期完成
2025-11-24 14:01:28 | INFO     | [STEP 8] 记录当前交易对价格和因子信息...
2025-11-24 14:01:28 | INFO     | [API] 成功获取 533 个交易对价格
2025-11-24 14:01:28 | INFO     | [RECORD] 记录了 533 个交易对的价格和因子信息
2025-11-24 14:01:28 | INFO     | [OK] 交易周期执行成功
2025-11-24 14:01:28 | INFO     | [TIME] 周期耗时: 81.6秒
2025-11-24 14:01:28 | INFO     | [16H] Cycle 6/16 下次执行时间: 2025-11-24 15:00:00
2025-11-24 14:01:28 | INFO     | [WAIT] 等待 3511 秒 (1.0 小时)
2025-11-24 14:07:01 | INFO     | [WAIT] Cycle 6/16 剩余等待时间: 53.0 分钟
2025-11-24 14:12:35 | INFO     | [WAIT] Cycle 6/16 剩余等待时间: 47.4 分钟
2025-11-24 14:18:08 | INFO     | [WAIT] Cycle 6/16 剩余等待时间: 41.9 分钟
2025-11-24 14:23:41 | INFO     | [WAIT] Cycle 6/16 剩余等待时间: 36.3 分钟
2025-11-24 14:29:14 | INFO     | [WAIT] Cycle 6/16 剩余等待时间: 30.8 分钟
2025-11-24 14:34:48 | INFO     | [WAIT] Cycle 6/16 剩余等待时间: 25.2 分钟
2025-11-24 14:40:22 | INFO     | [WAIT] Cycle 6/16 剩余等待时间: 19.6 分钟
2025-11-24 14:45:55 | INFO     | [WAIT] Cycle 6/16 剩余等待时间: 14.1 分钟
2025-11-24 14:51:30 | INFO     | [WAIT] Cycle 6/16 剩余等待时间: 8.5 分钟
2025-11-24 14:57:03 | INFO     | [WAIT] Cycle 6/16 剩余等待时间: 2.9 分钟
2025-11-24 14:59:50 | INFO     | [WAIT] Cycle 6/16 最后等待: 9 秒
2025-11-24 15:00:08 | INFO     | 
==================================================
2025-11-24 15:00:08 | INFO     | [CYCLE] 第 7 轮交易周期 (Cycle 6/16)
2025-11-24 15:00:08 | INFO     | [TIME] 开始时间: 2025-11-24 15:00:08
2025-11-24 15:00:08 | INFO     | ==================================================
2025-11-24 15:00:16 | INFO     | [STEP 1] Cycle 6/16 平仓字典中存储的仓位...
2025-11-24 15:00:16 | INFO     | [INFO] 仓位字典为空，无需平仓
2025-11-24 15:00:16 | INFO     | [STEP 2] 跳过验证步骤...
2025-11-24 15:00:16 | INFO     | [STEP 3] 提取OHLC数据并计算因子...
2025-11-24 15:00:16 | INFO     | [OK] 获取活跃交易对完成，耗时: 0.001秒
2025-11-24 15:00:16 | WARNING  | [DATA] BOB/USDT:USDT 1h 数据不足: 获取到 78 条数据，需要 83 条
2025-11-24 15:00:16 | WARNING  | [SKIP] BOB/USDT:USDT 跳过: 无法获取有效的多时间框架数据
2025-11-24 15:01:28 | INFO     | [FACTORS] 计算得到 533 个有效因子
2025-11-24 15:01:28 | INFO     | [STEP 4] 根据因子值选择交易标的...
2025-11-24 15:01:28 | INFO     | [FILTER] 忽略 1 个交易对: ['BTC/USDT:USDT']
2025-11-24 15:01:28 | INFO     | [STATS] 因子统计:
2025-11-24 15:01:28 | INFO     |    总计: 532 个标的
2025-11-24 15:01:28 | INFO     |    因子值范围: -0.074141 ~ 0.242821
2025-11-24 15:01:28 | INFO     |    选择做多: 2 个
2025-11-24 15:01:28 | INFO     |    选择做空: 2 个
2025-11-24 15:01:28 | INFO     | [TOP 20] 因子值排名前20的交易对:
2025-11-24 15:01:28 | INFO     |    第1名: FHE/USDT:USDT: 0.242821
2025-11-24 15:01:28 | INFO     |    第2名: AKT/USDT:USDT: 0.183649
2025-11-24 15:01:28 | INFO     |    第3名: UAI/USDT:USDT: 0.181968
2025-11-24 15:01:28 | INFO     |    第4名: VIRTUAL/USDT:USDT: 0.181249
2025-11-24 15:01:28 | INFO     |    第5名: ZORA/USDT:USDT: 0.171666
2025-11-24 15:01:28 | INFO     |    第6名: M/USDT:USDT: 0.169938
2025-11-24 15:01:28 | INFO     |    第7名: 4/USDT:USDT: 0.145483
2025-11-24 15:01:28 | INFO     |    第8名: DRIFT/USDT:USDT: 0.143408
2025-11-24 15:01:28 | INFO     |    第9名: MERL/USDT:USDT: 0.137684
2025-11-24 15:01:28 | INFO     |    第10名: RIVER/USDT:USDT: 0.136534
2025-11-24 15:01:28 | INFO     |    第11名: EVAA/USDT:USDT: 0.134095
2025-11-24 15:01:28 | INFO     |    第12名: HOOK/USDT:USDT: 0.122976
2025-11-24 15:01:28 | INFO     |    第13名: MINA/USDT:USDT: 0.120003
2025-11-24 15:01:28 | INFO     |    第14名: F/USDT:USDT: 0.119571
2025-11-24 15:01:28 | INFO     |    第15名: SKYAI/USDT:USDT: 0.119098
2025-11-24 15:01:28 | INFO     |    第16名: NFP/USDT:USDT: 0.117996
2025-11-24 15:01:28 | INFO     |    第17名: NIL/USDT:USDT: 0.111275
2025-11-24 15:01:28 | INFO     |    第18名: RVV/USDT:USDT: 0.111173
2025-11-24 15:01:28 | INFO     |    第19名: BOME/USDT:USDT: 0.108887
2025-11-24 15:01:28 | INFO     |    第20名: ON/USDT:USDT: 0.107496
2025-11-24 15:01:28 | INFO     | [BOTTOM 20] 因子值排名后20的交易对:
2025-11-24 15:01:28 | INFO     |    第513名: OM/USDT:USDT: -0.031153
2025-11-24 15:01:28 | INFO     |    第514名: RONIN/USDT:USDT: -0.031489
2025-11-24 15:01:28 | INFO     |    第515名: TOWNS/USDT:USDT: -0.031596
2025-11-24 15:01:28 | INFO     |    第516名: RECALL/USDT:USDT: -0.032338
2025-11-24 15:01:28 | INFO     |    第517名: TRADOOR/USDT:USDT: -0.033679
2025-11-24 15:01:28 | INFO     |    第518名: AIOT/USDT:USDT: -0.037501
2025-11-24 15:01:28 | INFO     |    第519名: CETUS/USDT:USDT: -0.038752
2025-11-24 15:01:28 | INFO     |    第520名: COAI/USDT:USDT: -0.039770
2025-11-24 15:01:28 | INFO     |    第521名: STX/USDT:USDT: -0.041007
2025-11-24 15:01:28 | INFO     |    第522名: G/USDT:USDT: -0.041246
2025-11-24 15:01:28 | INFO     |    第523名: COS/USDT:USDT: -0.041875
2025-11-24 15:01:28 | INFO     |    第524名: BANANA/USDT:USDT: -0.041887
2025-11-24 15:01:28 | INFO     |    第525名: ASR/USDT:USDT: -0.045579
2025-11-24 15:01:28 | INFO     |    第526名: PTB/USDT:USDT: -0.046380
2025-11-24 15:01:28 | INFO     |    第527名: TRX/USDT:USDT: -0.051270
2025-11-24 15:01:28 | INFO     |    第528名: STEEM/USDT:USDT: -0.057751
2025-11-24 15:01:28 | INFO     |    第529名: SOLV/USDT:USDT: -0.064288
2025-11-24 15:01:28 | INFO     |    第530名: CATI/USDT:USDT: -0.066698
2025-11-24 15:01:28 | INFO     |    第531名: ZKC/USDT:USDT: -0.072407
2025-11-24 15:01:28 | INFO     |    第532名: BROCCOLI714/USDT:USDT: -0.074141
2025-11-24 15:01:28 | INFO     | [LONG SYMBOLS] 做多标的详情:
2025-11-24 15:01:28 | INFO     |    FHE/USDT:USDT: 0.242821
2025-11-24 15:01:28 | INFO     |    AKT/USDT:USDT: 0.183649
2025-11-24 15:01:28 | INFO     | [SHORT SYMBOLS] 做空标的详情:
2025-11-24 15:01:28 | INFO     |    BROCCOLI714/USDT:USDT: -0.074141
2025-11-24 15:01:28 | INFO     |    ZKC/USDT:USDT: -0.072407
2025-11-24 15:01:28 | INFO     | [SELECTION] 选择交易标的:
2025-11-24 15:01:28 | INFO     |    做多: ['FHE/USDT:USDT', 'AKT/USDT:USDT']
2025-11-24 15:01:28 | INFO     |    做空: ['BROCCOLI714/USDT:USDT', 'ZKC/USDT:USDT']
2025-11-24 15:01:30 | INFO     | [DINGDING] 通知已发送: Cycle 6/16 交易标的选择完成:
做多 (2个):
  FHE/USDT:USDT: 0.242821
  AKT/USDT:USDT: 0.183649
做空 (2个):
  BROCCOLI714/USDT:USDT: -0.074141
  ZKC/USDT:USDT: -0.072407

因子统计:
  总计: 533 个标的
  范围: -0.074141 ~ 0.242821
2025-11-24 15:01:30 | INFO     | [STEP 5] 获取当前合约保证金...
2025-11-24 15:01:30 | INFO     | [BALANCE] 当前保证金余额: 217.56 USDT
2025-11-24 15:01:30 | INFO     | [DINGDING] 通知已发送:  账户余额报告
 时间: 2025-11-24 15:01:30
 USDT余额: 217.56
2025-11-24 15:01:30 | INFO     | [BALANCE] 余额通知已发送: 217.56 USDT
2025-11-24 15:01:30 | INFO     | [BALANCE] Cycle 6/16 首次交易，使用预分配资金 21.48 USDT
2025-11-24 15:01:30 | INFO     | [STEP 6] 执行开仓交易...
2025-11-24 15:01:30 | INFO     | [BALANCE] 总余额: 21.48 USDT
2025-11-24 15:01:30 | INFO     | [INFO] 总仓位数: 4
2025-11-24 15:01:30 | INFO     | [VALUE] 单仓价值: 15.79 USDT
2025-11-24 15:01:30 | INFO     | [MARGIN] 设置保证金模式为 ISOLATED...
2025-11-24 15:01:30 | INFO     | [MARGIN] FHE/USDT:USDT 已经是 ISOLATED 模式
2025-11-24 15:01:30 | INFO     | [MARGIN] AKT/USDT:USDT 已经是 ISOLATED 模式
2025-11-24 15:01:30 | INFO     | [MARGIN] BROCCOLI714/USDT:USDT (BROCCOLI714USDT) 保证金模式设置为 ISOLATED ✓
2025-11-24 15:01:30 | INFO     | [MARGIN] ZKC/USDT:USDT 已经是 ISOLATED 模式
2025-11-24 15:01:30 | INFO     | [MARGIN] 保证金模式设置完成: 4/4 成功
2025-11-24 15:01:30 | INFO     | [LEVERAGE] 设置杠杆为 3x...
2025-11-24 15:01:30 | INFO     | [LIVE LONG] 开多头仓位: 2 个
2025-11-24 15:01:30 | INFO     | [LIVE BUY] 做多 FHE/USDT:USDT: 810.2 @ 0.01949
2025-11-24 15:01:30 | INFO     | [LIVE MARKET] 创建市价单 FHE/USDT:USDT: buy 810.2
2025-11-24 15:01:30 | INFO     | [LIVE SUCCESS] FHE/USDT:USDT 市价单创建成功 ID:541677885 成交:810.0
2025-11-24 15:01:30 | INFO     | [PROTECT] FHE/USDT:USDT 止盈单创建成功 ID:541677886 触发价:0.02339
2025-11-24 15:01:31 | INFO     | [PROTECT] FHE/USDT:USDT 止损单创建成功 ID:541677887 触发价:0.01559
2025-11-24 15:01:31 | INFO     | [LIVE BUY] 做多 AKT/USDT:USDT: 33.2 @ 0.4755
2025-11-24 15:01:31 | INFO     | [LIVE MARKET] 创建市价单 AKT/USDT:USDT: buy 33.2
2025-11-24 15:01:31 | INFO     | [LIVE SUCCESS] AKT/USDT:USDT 市价单创建成功 ID:429165476 成交:33.2
2025-11-24 15:01:31 | INFO     | [PROTECT] AKT/USDT:USDT 止盈单创建成功 ID:429165479 触发价:0.5706
2025-11-24 15:01:31 | INFO     | [PROTECT] AKT/USDT:USDT 止损单创建成功 ID:429165482 触发价:0.3804
2025-11-24 15:01:31 | INFO     | [LIVE OK] 多头开仓: 2/2 成功
2025-11-24 15:01:31 | INFO     | [LIVE SHORT] 开空头仓位: 2 个
2025-11-24 15:01:31 | INFO     | [LIVE SELL] 做空 BROCCOLI714/USDT:USDT: 1112.0 @ 0.0142
2025-11-24 15:01:31 | INFO     | [LIVE MARKET] 创建市价单 BROCCOLI714/USDT:USDT: sell 1112.0
2025-11-24 15:01:31 | INFO     | [LIVE SUCCESS] BROCCOLI714/USDT:USDT 市价单创建成功 ID:655466369 成交:1112.0
2025-11-24 15:01:31 | INFO     | [PROTECT] BROCCOLI714/USDT:USDT 止盈单创建成功 ID:655466374 触发价:0.01136
2025-11-24 15:01:31 | INFO     | [PROTECT] BROCCOLI714/USDT:USDT 止损单创建成功 ID:655466375 触发价:0.01704
2025-11-24 15:01:31 | INFO     | [LIVE SELL] 做空 ZKC/USDT:USDT: 105.3 @ 0.15
2025-11-24 15:01:31 | INFO     | [LIVE MARKET] 创建市价单 ZKC/USDT:USDT: sell 105.3
2025-11-24 15:01:31 | INFO     | [LIVE SUCCESS] ZKC/USDT:USDT 市价单创建成功 ID:519859406 成交:105.0
2025-11-24 15:01:31 | INFO     | [PROTECT] ZKC/USDT:USDT 止盈单创建成功 ID:519859408 触发价:0.12
2025-11-24 15:01:31 | INFO     | [PROTECT] ZKC/USDT:USDT 止损单创建成功 ID:519859409 触发价:0.18
2025-11-24 15:01:31 | INFO     | [LIVE OK] 空头开仓: 2/2 成功
2025-11-24 15:01:31 | INFO     | [POSITIONS] 新仓位已添加到字典: {'FHE/USDT:USDT': {'side': 'long', 'quantity': 810.2, 'open_price': 0.01949, 'position_side': 'LONG', 'take_profit_order_id': '541677886', 'take_profit_price': 0.02339, 'stop_loss_order_id': '541677887', 'stop_loss_price': 0.01559}, 'AKT/USDT:USDT': {'side': 'long', 'quantity': 33.2, 'open_price': 0.4755, 'position_side': 'LONG', 'take_profit_order_id': '429165479', 'take_profit_price': 0.5706, 'stop_loss_order_id': '429165482', 'stop_loss_price': 0.3804}, 'BROCCOLI714/USDT:USDT': {'side': 'short', 'quantity': 1112.0, 'open_price': 0.0142, 'position_side': 'SHORT', 'take_profit_order_id': '655466374', 'take_profit_price': 0.01136, 'stop_loss_order_id': '655466375', 'stop_loss_price': 0.01704}, 'ZKC/USDT:USDT': {'side': 'short', 'quantity': 105.3, 'open_price': 0.15, 'position_side': 'SHORT', 'take_profit_order_id': '519859408', 'take_profit_price': 0.12, 'stop_loss_order_id': '519859409', 'stop_loss_price': 0.18}}
2025-11-24 15:01:31 | INFO     | [POSITIONS] 当前仓位字典: {'FHE/USDT:USDT': {'side': 'long', 'quantity': 810.2, 'open_price': 0.01949, 'position_side': 'LONG', 'take_profit_order_id': '541677886', 'take_profit_price': 0.02339, 'stop_loss_order_id': '541677887', 'stop_loss_price': 0.01559}, 'AKT/USDT:USDT': {'side': 'long', 'quantity': 33.2, 'open_price': 0.4755, 'position_side': 'LONG', 'take_profit_order_id': '429165479', 'take_profit_price': 0.5706, 'stop_loss_order_id': '429165482', 'stop_loss_price': 0.3804}, 'BROCCOLI714/USDT:USDT': {'side': 'short', 'quantity': 1112.0, 'open_price': 0.0142, 'position_side': 'SHORT', 'take_profit_order_id': '655466374', 'take_profit_price': 0.01136, 'stop_loss_order_id': '655466375', 'stop_loss_price': 0.01704}, 'ZKC/USDT:USDT': {'side': 'short', 'quantity': 105.3, 'open_price': 0.15, 'position_side': 'SHORT', 'take_profit_order_id': '519859408', 'take_profit_price': 0.12, 'stop_loss_order_id': '519859409', 'stop_loss_price': 0.18}}
2025-11-24 15:01:31 | INFO     | [STEP 7] 开仓交易完成
2025-11-24 15:01:31 | INFO     | [INFO] 跳过详细仓位验证，交易周期完成
2025-11-24 15:01:31 | INFO     | [STEP 8] 记录当前交易对价格和因子信息...
2025-11-24 15:01:31 | INFO     | [API] 成功获取 533 个交易对价格
2025-11-24 15:01:31 | INFO     | [RECORD] 记录了 533 个交易对的价格和因子信息
2025-11-24 15:01:31 | INFO     | [OK] 交易周期执行成功
2025-11-24 15:01:31 | INFO     | [TIME] 周期耗时: 83.6秒
2025-11-24 15:01:31 | INFO     | [16H] Cycle 7/16 下次执行时间: 2025-11-24 16:00:00
2025-11-24 15:01:31 | INFO     | [WAIT] 等待 3508 秒 (1.0 小时)
2025-11-24 15:07:44 | INFO     | [WAIT] Cycle 7/16 剩余等待时间: 52.3 分钟
2025-11-24 15:13:56 | INFO     | [WAIT] Cycle 7/16 剩余等待时间: 46.1 分钟
2025-11-24 15:20:09 | INFO     | [WAIT] Cycle 7/16 剩余等待时间: 39.8 分钟
2025-11-24 15:26:22 | INFO     | [WAIT] Cycle 7/16 剩余等待时间: 33.6 分钟
2025-11-24 15:32:35 | INFO     | [WAIT] Cycle 7/16 剩余等待时间: 27.4 分钟
2025-11-24 15:38:49 | INFO     | [WAIT] Cycle 7/16 剩余等待时间: 21.2 分钟
2025-11-24 15:45:02 | INFO     | [WAIT] Cycle 7/16 剩余等待时间: 15.0 分钟
2025-11-24 15:51:16 | INFO     | [WAIT] Cycle 7/16 剩余等待时间: 8.7 分钟
2025-11-24 15:57:30 | INFO     | [WAIT] Cycle 7/16 剩余等待时间: 2.5 分钟
2025-11-24 15:59:59 | INFO     | [WAIT] Cycle 7/16 最后等待: 0 秒
2025-11-24 16:00:09 | INFO     | 
==================================================
2025-11-24 16:00:09 | INFO     | [CYCLE] 第 8 轮交易周期 (Cycle 7/16)
2025-11-24 16:00:09 | INFO     | [TIME] 开始时间: 2025-11-24 16:00:09
2025-11-24 16:00:09 | INFO     | ==================================================
2025-11-24 16:00:18 | INFO     | [STEP 1] Cycle 7/16 平仓字典中存储的仓位...
2025-11-24 16:00:18 | INFO     | [INFO] 仓位字典为空，无需平仓
2025-11-24 16:00:18 | INFO     | [STEP 2] 跳过验证步骤...
2025-11-24 16:00:18 | INFO     | [STEP 3] 提取OHLC数据并计算因子...
2025-11-24 16:00:18 | INFO     | [OK] 获取活跃交易对完成，耗时: 0.001秒
2025-11-24 16:00:19 | WARNING  | [DATA] BOB/USDT:USDT 1h 数据不足: 获取到 79 条数据，需要 83 条
2025-11-24 16:00:19 | WARNING  | [SKIP] BOB/USDT:USDT 跳过: 无法获取有效的多时间框架数据
2025-11-24 16:01:33 | INFO     | [FACTORS] 计算得到 533 个有效因子
2025-11-24 16:01:33 | INFO     | [STEP 4] 根据因子值选择交易标的...
2025-11-24 16:01:33 | INFO     | [FILTER] 忽略 1 个交易对: ['BTC/USDT:USDT']
2025-11-24 16:01:33 | INFO     | [STATS] 因子统计:
2025-11-24 16:01:33 | INFO     |    总计: 532 个标的
2025-11-24 16:01:33 | INFO     |    因子值范围: -0.065108 ~ 0.234637
2025-11-24 16:01:33 | INFO     |    选择做多: 2 个
2025-11-24 16:01:33 | INFO     |    选择做空: 2 个
2025-11-24 16:01:33 | INFO     | [TOP 20] 因子值排名前20的交易对:
2025-11-24 16:01:33 | INFO     |    第1名: FHE/USDT:USDT: 0.234637
2025-11-24 16:01:33 | INFO     |    第2名: RIVER/USDT:USDT: 0.191897
2025-11-24 16:01:33 | INFO     |    第3名: VIRTUAL/USDT:USDT: 0.183568
2025-11-24 16:01:33 | INFO     |    第4名: MMT/USDT:USDT: 0.176112
2025-11-24 16:01:33 | INFO     |    第5名: LQTY/USDT:USDT: 0.161556
2025-11-24 16:01:33 | INFO     |    第6名: ZK/USDT:USDT: 0.152140
2025-11-24 16:01:33 | INFO     |    第7名: ON/USDT:USDT: 0.144772
2025-11-24 16:01:33 | INFO     |    第8名: ZORA/USDT:USDT: 0.141207
2025-11-24 16:01:33 | INFO     |    第9名: M/USDT:USDT: 0.138434
2025-11-24 16:01:33 | INFO     |    第10名: LDO/USDT:USDT: 0.136706
2025-11-24 16:01:33 | INFO     |    第11名: FARTCOIN/USDT:USDT: 0.134999
2025-11-24 16:01:33 | INFO     |    第12名: DOLO/USDT:USDT: 0.131843
2025-11-24 16:01:33 | INFO     |    第13名: MINA/USDT:USDT: 0.124648
2025-11-24 16:01:33 | INFO     |    第14名: DRIFT/USDT:USDT: 0.123353
2025-11-24 16:01:33 | INFO     |    第15名: AKT/USDT:USDT: 0.122799
2025-11-24 16:01:33 | INFO     |    第16名: EVAA/USDT:USDT: 0.122593
2025-11-24 16:01:33 | INFO     |    第17名: AERGO/USDT:USDT: 0.115171
2025-11-24 16:01:33 | INFO     |    第18名: CHESS/USDT:USDT: 0.114904
2025-11-24 16:01:33 | INFO     |    第19名: LPT/USDT:USDT: 0.113898
2025-11-24 16:01:33 | INFO     |    第20名: VET/USDT:USDT: 0.112789
2025-11-24 16:01:33 | INFO     | [BOTTOM 20] 因子值排名后20的交易对:
2025-11-24 16:01:33 | INFO     |    第513名: NOT/USDT:USDT: -0.026841
2025-11-24 16:01:33 | INFO     |    第514名: CELO/USDT:USDT: -0.026848
2025-11-24 16:01:33 | INFO     |    第515名: TRX/USDT:USDT: -0.027586
2025-11-24 16:01:33 | INFO     |    第516名: STX/USDT:USDT: -0.029597
2025-11-24 16:01:33 | INFO     |    第517名: G/USDT:USDT: -0.030556
2025-11-24 16:01:33 | INFO     |    第518名: FIO/USDT:USDT: -0.030992
2025-11-24 16:01:33 | INFO     |    第519名: ZKC/USDT:USDT: -0.031112
2025-11-24 16:01:33 | INFO     |    第520名: CATI/USDT:USDT: -0.031263
2025-11-24 16:01:33 | INFO     |    第521名: ASR/USDT:USDT: -0.032390
2025-11-24 16:01:33 | INFO     |    第522名: 1000LUNC/USDT:USDT: -0.032845
2025-11-24 16:01:33 | INFO     |    第523名: ALLO/USDT:USDT: -0.033590
2025-11-24 16:01:33 | INFO     |    第524名: TIA/USDT:USDT: -0.034273
2025-11-24 16:01:33 | INFO     |    第525名: A2Z/USDT:USDT: -0.034444
2025-11-24 16:01:33 | INFO     |    第526名: PAXG/USDT:USDT: -0.035263
2025-11-24 16:01:33 | INFO     |    第527名: BROCCOLI714/USDT:USDT: -0.038020
2025-11-24 16:01:33 | INFO     |    第528名: COS/USDT:USDT: -0.040624
2025-11-24 16:01:33 | INFO     |    第529名: TRADOOR/USDT:USDT: -0.044477
2025-11-24 16:01:33 | INFO     |    第530名: COAI/USDT:USDT: -0.045005
2025-11-24 16:01:33 | INFO     |    第531名: STEEM/USDT:USDT: -0.050953
2025-11-24 16:01:33 | INFO     |    第532名: SOLV/USDT:USDT: -0.065108
2025-11-24 16:01:33 | INFO     | [LONG SYMBOLS] 做多标的详情:
2025-11-24 16:01:33 | INFO     |    FHE/USDT:USDT: 0.234637
2025-11-24 16:01:33 | INFO     |    RIVER/USDT:USDT: 0.191897
2025-11-24 16:01:33 | INFO     | [SHORT SYMBOLS] 做空标的详情:
2025-11-24 16:01:33 | INFO     |    SOLV/USDT:USDT: -0.065108
2025-11-24 16:01:33 | INFO     |    STEEM/USDT:USDT: -0.050953
2025-11-24 16:01:33 | INFO     | [SELECTION] 选择交易标的:
2025-11-24 16:01:33 | INFO     |    做多: ['FHE/USDT:USDT', 'RIVER/USDT:USDT']
2025-11-24 16:01:33 | INFO     |    做空: ['SOLV/USDT:USDT', 'STEEM/USDT:USDT']
2025-11-24 16:01:33 | INFO     | [DINGDING] 通知已发送: Cycle 7/16 交易标的选择完成:
做多 (2个):
  FHE/USDT:USDT: 0.234637
  RIVER/USDT:USDT: 0.191897
做空 (2个):
  SOLV/USDT:USDT: -0.065108
  STEEM/USDT:USDT: -0.050953

因子统计:
  总计: 533 个标的
  范围: -0.065108 ~ 0.234637
2025-11-24 16:01:33 | INFO     | [STEP 5] 获取当前合约保证金...
2025-11-24 16:01:33 | INFO     | [BALANCE] 当前保证金余额: 196.50 USDT
2025-11-24 16:01:34 | INFO     | [DINGDING] 通知已发送:  账户余额报告
 时间: 2025-11-24 16:01:33
 USDT余额: 196.50
2025-11-24 16:01:34 | INFO     | [BALANCE] 余额通知已发送: 196.50 USDT
2025-11-24 16:01:34 | INFO     | [BALANCE] Cycle 7/16 首次交易，使用预分配资金 21.48 USDT
2025-11-24 16:01:34 | INFO     | [STEP 6] 执行开仓交易...
2025-11-24 16:01:34 | INFO     | [BALANCE] 总余额: 21.48 USDT
2025-11-24 16:01:34 | INFO     | [INFO] 总仓位数: 4
2025-11-24 16:01:34 | INFO     | [VALUE] 单仓价值: 15.79 USDT
2025-11-24 16:01:34 | INFO     | [MARGIN] 设置保证金模式为 ISOLATED...
2025-11-24 16:01:34 | INFO     | [MARGIN] FHE/USDT:USDT 已经是 ISOLATED 模式
2025-11-24 16:01:34 | INFO     | [MARGIN] RIVER/USDT:USDT 已经是 ISOLATED 模式
2025-11-24 16:01:34 | INFO     | [MARGIN] SOLV/USDT:USDT 已经是 ISOLATED 模式
2025-11-24 16:01:34 | INFO     | [MARGIN] STEEM/USDT:USDT (STEEMUSDT) 保证金模式设置为 ISOLATED ✓
2025-11-24 16:01:34 | INFO     | [MARGIN] 保证金模式设置完成: 4/4 成功
2025-11-24 16:01:34 | INFO     | [LEVERAGE] 设置杠杆为 3x...
2025-11-24 16:01:34 | INFO     | [LIVE LONG] 开多头仓位: 2 个
2025-11-24 16:01:34 | INFO     | [LIVE BUY] 做多 FHE/USDT:USDT: 797.9 @ 0.01979
2025-11-24 16:01:34 | INFO     | [LIVE MARKET] 创建市价单 FHE/USDT:USDT: buy 797.9
2025-11-24 16:01:34 | INFO     | [LIVE SUCCESS] FHE/USDT:USDT 市价单创建成功 ID:541708148 成交:797.0
2025-11-24 16:01:34 | INFO     | [PROTECT] FHE/USDT:USDT 止盈单创建成功 ID:541708149 触发价:0.02375
2025-11-24 16:01:34 | INFO     | [PROTECT] FHE/USDT:USDT 止损单创建成功 ID:541708150 触发价:0.01583
2025-11-24 16:01:34 | INFO     | [LIVE BUY] 做多 RIVER/USDT:USDT: 4.3 @ 3.618
2025-11-24 16:01:34 | INFO     | [LIVE MARKET] 创建市价单 RIVER/USDT:USDT: buy 4.3
2025-11-24 16:01:34 | INFO     | [LIVE SUCCESS] RIVER/USDT:USDT 市价单创建成功 ID:263387758 成交:4.3
2025-11-24 16:01:34 | INFO     | [PROTECT] RIVER/USDT:USDT 止盈单创建成功 ID:263387763 触发价:4.342
2025-11-24 16:01:34 | INFO     | [PROTECT] RIVER/USDT:USDT 止损单创建成功 ID:263387768 触发价:2.894
2025-11-24 16:01:35 | INFO     | [LIVE OK] 多头开仓: 2/2 成功
2025-11-24 16:01:35 | INFO     | [LIVE SHORT] 开空头仓位: 2 个
2025-11-24 16:01:35 | INFO     | [LIVE SELL] 做空 SOLV/USDT:USDT: 952.4 @ 0.01658
2025-11-24 16:01:35 | INFO     | [LIVE MARKET] 创建市价单 SOLV/USDT:USDT: sell 952.4
2025-11-24 16:01:35 | INFO     | [LIVE SUCCESS] SOLV/USDT:USDT 市价单创建成功 ID:1132968832 成交:952.0
2025-11-24 16:01:35 | INFO     | [PROTECT] SOLV/USDT:USDT 止盈单创建成功 ID:1132968833 触发价:0.01326
2025-11-24 16:01:35 | INFO     | [PROTECT] SOLV/USDT:USDT 止损单创建成功 ID:1132968844 触发价:0.0199
2025-11-24 16:01:35 | INFO     | [LIVE SELL] 做空 STEEM/USDT:USDT: 217.2 @ 0.07271
2025-11-24 16:01:35 | INFO     | [LIVE MARKET] 创建市价单 STEEM/USDT:USDT: sell 217.2
2025-11-24 16:01:35 | INFO     | [LIVE SUCCESS] STEEM/USDT:USDT 市价单创建成功 ID:2043797654 成交:217.0
2025-11-24 16:01:35 | INFO     | [PROTECT] STEEM/USDT:USDT 止盈单创建成功 ID:2043797657 触发价:0.05817
2025-11-24 16:01:35 | INFO     | [PROTECT] STEEM/USDT:USDT 止损单创建成功 ID:2043797659 触发价:0.08725
2025-11-24 16:01:35 | INFO     | [LIVE OK] 空头开仓: 2/2 成功
2025-11-24 16:01:35 | INFO     | [POSITIONS] 新仓位已添加到字典: {'FHE/USDT:USDT': {'side': 'long', 'quantity': 797.9, 'open_price': 0.01979, 'position_side': 'LONG', 'take_profit_order_id': '541708149', 'take_profit_price': 0.02375, 'stop_loss_order_id': '541708150', 'stop_loss_price': 0.01583}, 'RIVER/USDT:USDT': {'side': 'long', 'quantity': 4.3, 'open_price': 3.618, 'position_side': 'LONG', 'take_profit_order_id': '263387763', 'take_profit_price': 4.342, 'stop_loss_order_id': '263387768', 'stop_loss_price': 2.894}, 'SOLV/USDT:USDT': {'side': 'short', 'quantity': 952.4, 'open_price': 0.01658, 'position_side': 'SHORT', 'take_profit_order_id': '1132968833', 'take_profit_price': 0.01326, 'stop_loss_order_id': '1132968844', 'stop_loss_price': 0.0199}, 'STEEM/USDT:USDT': {'side': 'short', 'quantity': 217.2, 'open_price': 0.07271, 'position_side': 'SHORT', 'take_profit_order_id': '2043797657', 'take_profit_price': 0.05817, 'stop_loss_order_id': '2043797659', 'stop_loss_price': 0.08725}}
2025-11-24 16:01:35 | INFO     | [POSITIONS] 当前仓位字典: {'FHE/USDT:USDT': {'side': 'long', 'quantity': 797.9, 'open_price': 0.01979, 'position_side': 'LONG', 'take_profit_order_id': '541708149', 'take_profit_price': 0.02375, 'stop_loss_order_id': '541708150', 'stop_loss_price': 0.01583}, 'RIVER/USDT:USDT': {'side': 'long', 'quantity': 4.3, 'open_price': 3.618, 'position_side': 'LONG', 'take_profit_order_id': '263387763', 'take_profit_price': 4.342, 'stop_loss_order_id': '263387768', 'stop_loss_price': 2.894}, 'SOLV/USDT:USDT': {'side': 'short', 'quantity': 952.4, 'open_price': 0.01658, 'position_side': 'SHORT', 'take_profit_order_id': '1132968833', 'take_profit_price': 0.01326, 'stop_loss_order_id': '1132968844', 'stop_loss_price': 0.0199}, 'STEEM/USDT:USDT': {'side': 'short', 'quantity': 217.2, 'open_price': 0.07271, 'position_side': 'SHORT', 'take_profit_order_id': '2043797657', 'take_profit_price': 0.05817, 'stop_loss_order_id': '2043797659', 'stop_loss_price': 0.08725}}
2025-11-24 16:01:35 | INFO     | [STEP 7] 开仓交易完成
2025-11-24 16:01:35 | INFO     | [INFO] 跳过详细仓位验证，交易周期完成
2025-11-24 16:01:35 | INFO     | [STEP 8] 记录当前交易对价格和因子信息...
2025-11-24 16:01:35 | INFO     | [API] 成功获取 533 个交易对价格
2025-11-24 16:01:35 | INFO     | [RECORD] 记录了 533 个交易对的价格和因子信息
2025-11-24 16:01:35 | INFO     | [OK] 交易周期执行成功
2025-11-24 16:01:35 | INFO     | [TIME] 周期耗时: 86.0秒
2025-11-24 16:01:35 | INFO     | [16H] Cycle 8/16 下次执行时间: 2025-11-24 17:00:00
2025-11-24 16:01:35 | INFO     | [WAIT] 等待 3504 秒 (1.0 小时)
2025-11-24 16:08:28 | INFO     | [WAIT] Cycle 8/16 剩余等待时间: 51.5 分钟
2025-11-24 16:15:21 | INFO     | [WAIT] Cycle 8/16 剩余等待时间: 44.6 分钟
2025-11-24 16:22:15 | INFO     | [WAIT] Cycle 8/16 剩余等待时间: 37.7 分钟
2025-11-24 16:29:07 | INFO     | [WAIT] Cycle 8/16 剩余等待时间: 30.9 分钟
2025-11-24 16:36:00 | INFO     | [WAIT] Cycle 8/16 剩余等待时间: 24.0 分钟
2025-11-24 16:42:52 | INFO     | [WAIT] Cycle 8/16 剩余等待时间: 17.1 分钟
2025-11-24 16:49:45 | INFO     | [WAIT] Cycle 8/16 剩余等待时间: 10.2 分钟
2025-11-24 16:56:38 | INFO     | [WAIT] Cycle 8/16 剩余等待时间: 3.4 分钟
2025-11-24 17:00:05 | INFO     | 
==================================================
2025-11-24 17:00:05 | INFO     | [CYCLE] 第 9 轮交易周期 (Cycle 8/16)
2025-11-24 17:00:05 | INFO     | [TIME] 开始时间: 2025-11-24 17:00:05
2025-11-24 17:00:05 | INFO     | ==================================================
2025-11-24 17:00:16 | INFO     | [STEP 1] Cycle 8/16 平仓字典中存储的仓位...
2025-11-24 17:00:16 | INFO     | [INFO] 仓位字典为空，无需平仓
2025-11-24 17:00:16 | INFO     | [STEP 2] 跳过验证步骤...
2025-11-24 17:00:16 | INFO     | [STEP 3] 提取OHLC数据并计算因子...
2025-11-24 17:00:16 | INFO     | [OK] 获取活跃交易对完成，耗时: 0.001秒
2025-11-24 17:00:17 | WARNING  | [DATA] BOB/USDT:USDT 1h 数据不足: 获取到 80 条数据，需要 83 条
2025-11-24 17:00:17 | WARNING  | [SKIP] BOB/USDT:USDT 跳过: 无法获取有效的多时间框架数据
2025-11-24 17:01:31 | INFO     | [FACTORS] 计算得到 533 个有效因子
2025-11-24 17:01:31 | INFO     | [STEP 4] 根据因子值选择交易标的...
2025-11-24 17:01:31 | INFO     | [FILTER] 忽略 1 个交易对: ['BTC/USDT:USDT']
2025-11-24 17:01:31 | INFO     | [STATS] 因子统计:
2025-11-24 17:01:31 | INFO     |    总计: 532 个标的
2025-11-24 17:01:31 | INFO     |    因子值范围: -0.070741 ~ 0.261574
2025-11-24 17:01:31 | INFO     |    选择做多: 2 个
2025-11-24 17:01:31 | INFO     |    选择做空: 2 个
2025-11-24 17:01:31 | INFO     | [TOP 20] 因子值排名前20的交易对:
2025-11-24 17:01:31 | INFO     |    第1名: FHE/USDT:USDT: 0.261574
2025-11-24 17:01:31 | INFO     |    第2名: SAGA/USDT:USDT: 0.170882
2025-11-24 17:01:31 | INFO     |    第3名: ON/USDT:USDT: 0.170829
2025-11-24 17:01:31 | INFO     |    第4名: HOOK/USDT:USDT: 0.148770
2025-11-24 17:01:31 | INFO     |    第5名: RIVER/USDT:USDT: 0.148682
2025-11-24 17:01:31 | INFO     |    第6名: HOLO/USDT:USDT: 0.146453
2025-11-24 17:01:31 | INFO     |    第7名: MMT/USDT:USDT: 0.144798
2025-11-24 17:01:31 | INFO     |    第8名: ZEN/USDT:USDT: 0.142252
2025-11-24 17:01:31 | INFO     |    第9名: M/USDT:USDT: 0.137924
2025-11-24 17:01:31 | INFO     |    第10名: FARTCOIN/USDT:USDT: 0.137338
2025-11-24 17:01:31 | INFO     |    第11名: AERGO/USDT:USDT: 0.134721
2025-11-24 17:01:31 | INFO     |    第12名: STO/USDT:USDT: 0.129891
2025-11-24 17:01:31 | INFO     |    第13名: PNUT/USDT:USDT: 0.128719
2025-11-24 17:01:31 | INFO     |    第14名: VIRTUAL/USDT:USDT: 0.127348
2025-11-24 17:01:31 | INFO     |    第15名: ZORA/USDT:USDT: 0.126815
2025-11-24 17:01:31 | INFO     |    第16名: MERL/USDT:USDT: 0.126741
2025-11-24 17:01:31 | INFO     |    第17名: 币安人生/USDT:USDT: 0.119520
2025-11-24 17:01:31 | INFO     |    第18名: LAYER/USDT:USDT: 0.114440
2025-11-24 17:01:31 | INFO     |    第19名: DOLO/USDT:USDT: 0.111833
2025-11-24 17:01:31 | INFO     |    第20名: NFP/USDT:USDT: 0.111419
2025-11-24 17:01:31 | INFO     | [BOTTOM 20] 因子值排名后20的交易对:
2025-11-24 17:01:31 | INFO     |    第513名: FIO/USDT:USDT: -0.028904
2025-11-24 17:01:31 | INFO     |    第514名: IO/USDT:USDT: -0.029212
2025-11-24 17:01:31 | INFO     |    第515名: HIGH/USDT:USDT: -0.030575
2025-11-24 17:01:31 | INFO     |    第516名: VANRY/USDT:USDT: -0.032010
2025-11-24 17:01:31 | INFO     |    第517名: BROCCOLI714/USDT:USDT: -0.032552
2025-11-24 17:01:31 | INFO     |    第518名: BAS/USDT:USDT: -0.033762
2025-11-24 17:01:31 | INFO     |    第519名: RESOLV/USDT:USDT: -0.034218
2025-11-24 17:01:31 | INFO     |    第520名: STEEM/USDT:USDT: -0.034391
2025-11-24 17:01:31 | INFO     |    第521名: A2Z/USDT:USDT: -0.035005
2025-11-24 17:01:31 | INFO     |    第522名: EPIC/USDT:USDT: -0.035908
2025-11-24 17:01:31 | INFO     |    第523名: CATI/USDT:USDT: -0.039297
2025-11-24 17:01:31 | INFO     |    第524名: AVA/USDT:USDT: -0.042933
2025-11-24 17:01:31 | INFO     |    第525名: MITO/USDT:USDT: -0.045843
2025-11-24 17:01:31 | INFO     |    第526名: CELO/USDT:USDT: -0.046770
2025-11-24 17:01:31 | INFO     |    第527名: CETUS/USDT:USDT: -0.047357
2025-11-24 17:01:31 | INFO     |    第528名: 1INCH/USDT:USDT: -0.048960
2025-11-24 17:01:31 | INFO     |    第529名: SWARMS/USDT:USDT: -0.050803
2025-11-24 17:01:31 | INFO     |    第530名: AVAX/USDT:USDT: -0.057215
2025-11-24 17:01:31 | INFO     |    第531名: COS/USDT:USDT: -0.060429
2025-11-24 17:01:31 | INFO     |    第532名: ZKC/USDT:USDT: -0.070741
2025-11-24 17:01:31 | INFO     | [LONG SYMBOLS] 做多标的详情:
2025-11-24 17:01:31 | INFO     |    FHE/USDT:USDT: 0.261574
2025-11-24 17:01:31 | INFO     |    SAGA/USDT:USDT: 0.170882
2025-11-24 17:01:31 | INFO     | [SHORT SYMBOLS] 做空标的详情:
2025-11-24 17:01:31 | INFO     |    ZKC/USDT:USDT: -0.070741
2025-11-24 17:01:31 | INFO     |    COS/USDT:USDT: -0.060429
2025-11-24 17:01:31 | INFO     | [SELECTION] 选择交易标的:
2025-11-24 17:01:31 | INFO     |    做多: ['FHE/USDT:USDT', 'SAGA/USDT:USDT']
2025-11-24 17:01:31 | INFO     |    做空: ['ZKC/USDT:USDT', 'COS/USDT:USDT']
2025-11-24 17:01:31 | INFO     | [DINGDING] 通知已发送: Cycle 8/16 交易标的选择完成:
做多 (2个):
  FHE/USDT:USDT: 0.261574
  SAGA/USDT:USDT: 0.170882
做空 (2个):
  ZKC/USDT:USDT: -0.070741
  COS/USDT:USDT: -0.060429

因子统计:
  总计: 533 个标的
  范围: -0.070741 ~ 0.261574
2025-11-24 17:01:31 | INFO     | [STEP 5] 获取当前合约保证金...
2025-11-24 17:01:31 | INFO     | [BALANCE] 当前保证金余额: 175.50 USDT
2025-11-24 17:01:32 | INFO     | [DINGDING] 通知已发送:  账户余额报告
 时间: 2025-11-24 17:01:31
 USDT余额: 175.50
2025-11-24 17:01:32 | INFO     | [BALANCE] 余额通知已发送: 175.50 USDT
2025-11-24 17:01:32 | INFO     | [BALANCE] Cycle 8/16 首次交易，使用预分配资金 21.48 USDT
2025-11-24 17:01:32 | INFO     | [STEP 6] 执行开仓交易...
2025-11-24 17:01:32 | INFO     | [BALANCE] 总余额: 21.48 USDT
2025-11-24 17:01:32 | INFO     | [INFO] 总仓位数: 4
2025-11-24 17:01:32 | INFO     | [VALUE] 单仓价值: 15.79 USDT
2025-11-24 17:01:32 | INFO     | [MARGIN] 设置保证金模式为 ISOLATED...
2025-11-24 17:01:32 | INFO     | [MARGIN] FHE/USDT:USDT 已经是 ISOLATED 模式
2025-11-24 17:01:33 | INFO     | [MARGIN] SAGA/USDT:USDT (SAGAUSDT) 保证金模式设置为 ISOLATED ✓
2025-11-24 17:01:33 | INFO     | [MARGIN] ZKC/USDT:USDT 已经是 ISOLATED 模式
2025-11-24 17:01:33 | INFO     | [MARGIN] COS/USDT:USDT 已经是 ISOLATED 模式
2025-11-24 17:01:33 | INFO     | [MARGIN] 保证金模式设置完成: 4/4 成功
2025-11-24 17:01:33 | INFO     | [LEVERAGE] 设置杠杆为 3x...
2025-11-24 17:01:33 | INFO     | [LIVE LONG] 开多头仓位: 2 个
2025-11-24 17:01:33 | INFO     | [LIVE BUY] 做多 FHE/USDT:USDT: 791.9 @ 0.01994
2025-11-24 17:01:33 | INFO     | [LIVE MARKET] 创建市价单 FHE/USDT:USDT: buy 791.9
2025-11-24 17:01:33 | INFO     | [LIVE SUCCESS] FHE/USDT:USDT 市价单创建成功 ID:541729070 成交:791.0
2025-11-24 17:01:33 | INFO     | [PROTECT] FHE/USDT:USDT 止盈单创建成功 ID:541729071 触发价:0.02393
2025-11-24 17:01:33 | INFO     | [PROTECT] FHE/USDT:USDT 止损单创建成功 ID:541729073 触发价:0.01595
2025-11-24 17:01:33 | INFO     | [LIVE BUY] 做多 SAGA/USDT:USDT: 174.8 @ 0.0903
2025-11-24 17:01:33 | INFO     | [LIVE MARKET] 创建市价单 SAGA/USDT:USDT: buy 174.8
2025-11-24 17:01:33 | INFO     | [LIVE SUCCESS] SAGA/USDT:USDT 市价单创建成功 ID:4225431361 成交:174.8
2025-11-24 17:01:33 | INFO     | [PROTECT] SAGA/USDT:USDT 止盈单创建成功 ID:4225431365 触发价:0.1084
2025-11-24 17:01:33 | INFO     | [PROTECT] SAGA/USDT:USDT 止损单创建成功 ID:4225431367 触发价:0.0722
2025-11-24 17:01:33 | INFO     | [LIVE OK] 多头开仓: 2/2 成功
2025-11-24 17:01:33 | INFO     | [LIVE SHORT] 开空头仓位: 2 个
2025-11-24 17:01:33 | INFO     | [LIVE SELL] 做空 ZKC/USDT:USDT: 102.7 @ 0.1537
2025-11-24 17:01:33 | INFO     | [LIVE MARKET] 创建市价单 ZKC/USDT:USDT: sell 102.7
2025-11-24 17:01:33 | INFO     | [LIVE SUCCESS] ZKC/USDT:USDT 市价单创建成功 ID:520050306 成交:102.0
2025-11-24 17:01:33 | INFO     | [PROTECT] ZKC/USDT:USDT 止盈单创建成功 ID:520050308 触发价:0.123
2025-11-24 17:01:33 | INFO     | [PROTECT] ZKC/USDT:USDT 止损单创建成功 ID:520050319 触发价:0.1844
2025-11-24 17:01:33 | INFO     | [LIVE SELL] 做空 COS/USDT:USDT: 10207.4 @ 0.001547
2025-11-24 17:01:33 | INFO     | [LIVE MARKET] 创建市价单 COS/USDT:USDT: sell 10207.4
2025-11-24 17:01:34 | INFO     | [LIVE SUCCESS] COS/USDT:USDT 市价单创建成功 ID:698513062 成交:10207.0
2025-11-24 17:01:34 | INFO     | [PROTECT] COS/USDT:USDT 止盈单创建成功 ID:698513074 触发价:0.001238
2025-11-24 17:01:34 | INFO     | [PROTECT] COS/USDT:USDT 止损单创建成功 ID:698513075 触发价:0.001856
2025-11-24 17:01:34 | INFO     | [LIVE OK] 空头开仓: 2/2 成功
2025-11-24 17:01:34 | INFO     | [POSITIONS] 新仓位已添加到字典: {'FHE/USDT:USDT': {'side': 'long', 'quantity': 791.9, 'open_price': 0.01994, 'position_side': 'LONG', 'take_profit_order_id': '541729071', 'take_profit_price': 0.02393, 'stop_loss_order_id': '541729073', 'stop_loss_price': 0.01595}, 'SAGA/USDT:USDT': {'side': 'long', 'quantity': 174.8, 'open_price': 0.0903, 'position_side': 'LONG', 'take_profit_order_id': '4225431365', 'take_profit_price': 0.1084, 'stop_loss_order_id': '4225431367', 'stop_loss_price': 0.0722}, 'ZKC/USDT:USDT': {'side': 'short', 'quantity': 102.7, 'open_price': 0.1537, 'position_side': 'SHORT', 'take_profit_order_id': '520050308', 'take_profit_price': 0.123, 'stop_loss_order_id': '520050319', 'stop_loss_price': 0.1844}, 'COS/USDT:USDT': {'side': 'short', 'quantity': 10207.4, 'open_price': 0.001547, 'position_side': 'SHORT', 'take_profit_order_id': '698513074', 'take_profit_price': 0.001238, 'stop_loss_order_id': '698513075', 'stop_loss_price': 0.001856}}
2025-11-24 17:01:34 | INFO     | [POSITIONS] 当前仓位字典: {'FHE/USDT:USDT': {'side': 'long', 'quantity': 791.9, 'open_price': 0.01994, 'position_side': 'LONG', 'take_profit_order_id': '541729071', 'take_profit_price': 0.02393, 'stop_loss_order_id': '541729073', 'stop_loss_price': 0.01595}, 'SAGA/USDT:USDT': {'side': 'long', 'quantity': 174.8, 'open_price': 0.0903, 'position_side': 'LONG', 'take_profit_order_id': '4225431365', 'take_profit_price': 0.1084, 'stop_loss_order_id': '4225431367', 'stop_loss_price': 0.0722}, 'ZKC/USDT:USDT': {'side': 'short', 'quantity': 102.7, 'open_price': 0.1537, 'position_side': 'SHORT', 'take_profit_order_id': '520050308', 'take_profit_price': 0.123, 'stop_loss_order_id': '520050319', 'stop_loss_price': 0.1844}, 'COS/USDT:USDT': {'side': 'short', 'quantity': 10207.4, 'open_price': 0.001547, 'position_side': 'SHORT', 'take_profit_order_id': '698513074', 'take_profit_price': 0.001238, 'stop_loss_order_id': '698513075', 'stop_loss_price': 0.001856}}
2025-11-24 17:01:34 | INFO     | [STEP 7] 开仓交易完成
2025-11-24 17:01:34 | INFO     | [INFO] 跳过详细仓位验证，交易周期完成
2025-11-24 17:01:34 | INFO     | [STEP 8] 记录当前交易对价格和因子信息...
2025-11-24 17:01:34 | INFO     | [API] 成功获取 533 个交易对价格
2025-11-24 17:01:34 | INFO     | [RECORD] 记录了 533 个交易对的价格和因子信息
2025-11-24 17:01:34 | INFO     | [OK] 交易周期执行成功
2025-11-24 17:01:34 | INFO     | [TIME] 周期耗时: 88.5秒
2025-11-24 17:01:34 | INFO     | [16H] Cycle 9/16 下次执行时间: 2025-11-24 18:00:00
2025-11-24 17:01:34 | INFO     | [WAIT] 等待 3506 秒 (1.0 小时)
2025-11-24 17:09:07 | INFO     | [WAIT] Cycle 9/16 剩余等待时间: 50.9 分钟
2025-11-24 17:16:39 | INFO     | [WAIT] Cycle 9/16 剩余等待时间: 43.3 分钟
2025-11-24 17:24:12 | INFO     | [WAIT] Cycle 9/16 剩余等待时间: 35.8 分钟
2025-11-24 17:31:43 | INFO     | [WAIT] Cycle 9/16 剩余等待时间: 28.3 分钟
2025-11-24 17:39:15 | INFO     | [WAIT] Cycle 9/16 剩余等待时间: 20.7 分钟
2025-11-24 17:46:46 | INFO     | [WAIT] Cycle 9/16 剩余等待时间: 13.2 分钟
2025-11-24 17:54:18 | INFO     | [WAIT] Cycle 9/16 剩余等待时间: 5.7 分钟
2025-11-24 17:59:34 | INFO     | [WAIT] Cycle 9/16 最后等待: 25 秒
2025-11-24 18:00:12 | INFO     | 
==================================================
2025-11-24 18:00:12 | INFO     | [CYCLE] 第 10 轮交易周期 (Cycle 9/16)
2025-11-24 18:00:12 | INFO     | [TIME] 开始时间: 2025-11-24 18:00:12
2025-11-24 18:00:12 | INFO     | ==================================================
2025-11-24 18:00:23 | INFO     | [STEP 1] Cycle 9/16 平仓字典中存储的仓位...
2025-11-24 18:00:23 | INFO     | [INFO] 仓位字典为空，无需平仓
2025-11-24 18:00:23 | INFO     | [STEP 2] 跳过验证步骤...
2025-11-24 18:00:23 | INFO     | [STEP 3] 提取OHLC数据并计算因子...
2025-11-24 18:00:23 | INFO     | [OK] 获取活跃交易对完成，耗时: 0.001秒
2025-11-24 18:00:24 | WARNING  | [DATA] BOB/USDT:USDT 1h 数据不足: 获取到 81 条数据，需要 83 条
2025-11-24 18:00:24 | WARNING  | [SKIP] BOB/USDT:USDT 跳过: 无法获取有效的多时间框架数据
2025-11-24 18:01:38 | INFO     | [FACTORS] 计算得到 533 个有效因子
2025-11-24 18:01:38 | INFO     | [STEP 4] 根据因子值选择交易标的...
2025-11-24 18:01:38 | INFO     | [FILTER] 忽略 1 个交易对: ['BTC/USDT:USDT']
2025-11-24 18:01:38 | INFO     | [FILTER] FHE/USDT:USDT 已在其它周期出现 4 次，达到上限 4，跳过
2025-11-24 18:01:38 | INFO     | [FILTER] ZKC/USDT:USDT 已在其它周期出现 4 次，达到上限 4，跳过
2025-11-24 18:01:38 | INFO     | [STATS] 因子统计:
2025-11-24 18:01:38 | INFO     |    总计: 532 个标的
2025-11-24 18:01:38 | INFO     |    因子值范围: -0.093586 ~ 0.206383
2025-11-24 18:01:38 | INFO     |    选择做多: 2 个
2025-11-24 18:01:38 | INFO     |    选择做空: 2 个
2025-11-24 18:01:38 | INFO     | [TOP 20] 因子值排名前20的交易对:
2025-11-24 18:01:38 | INFO     |    第1名: FHE/USDT:USDT: 0.206383
2025-11-24 18:01:38 | INFO     |    第2名: VIRTUAL/USDT:USDT: 0.196844
2025-11-24 18:01:38 | INFO     |    第3名: MOCA/USDT:USDT: 0.177534
2025-11-24 18:01:38 | INFO     |    第4名: PUMP/USDT:USDT: 0.177228
2025-11-24 18:01:38 | INFO     |    第5名: ON/USDT:USDT: 0.156893
2025-11-24 18:01:38 | INFO     |    第6名: RIVER/USDT:USDT: 0.147153
2025-11-24 18:01:38 | INFO     |    第7名: SKATE/USDT:USDT: 0.144374
2025-11-24 18:01:38 | INFO     |    第8名: TOKEN/USDT:USDT: 0.144081
2025-11-24 18:01:38 | INFO     |    第9名: HOOK/USDT:USDT: 0.143824
2025-11-24 18:01:38 | INFO     |    第10名: PNUT/USDT:USDT: 0.139779
2025-11-24 18:01:38 | INFO     |    第11名: ZEN/USDT:USDT: 0.139098
2025-11-24 18:01:38 | INFO     |    第12名: FARTCOIN/USDT:USDT: 0.137784
2025-11-24 18:01:38 | INFO     |    第13名: ZK/USDT:USDT: 0.137125
2025-11-24 18:01:38 | INFO     |    第14名: APT/USDT:USDT: 0.137011
2025-11-24 18:01:38 | INFO     |    第15名: SAGA/USDT:USDT: 0.136425
2025-11-24 18:01:38 | INFO     |    第16名: HOLO/USDT:USDT: 0.134340
2025-11-24 18:01:38 | INFO     |    第17名: CHESS/USDT:USDT: 0.133039
2025-11-24 18:01:38 | INFO     |    第18名: SXP/USDT:USDT: 0.132188
2025-11-24 18:01:38 | INFO     |    第19名: 币安人生/USDT:USDT: 0.128877
2025-11-24 18:01:38 | INFO     |    第20名: AEVO/USDT:USDT: 0.126866
2025-11-24 18:01:38 | INFO     | [BOTTOM 20] 因子值排名后20的交易对:
2025-11-24 18:01:38 | INFO     |    第513名: BABY/USDT:USDT: -0.033692
2025-11-24 18:01:38 | INFO     |    第514名: SPK/USDT:USDT: -0.033815
2025-11-24 18:01:38 | INFO     |    第515名: TRUST/USDT:USDT: -0.033922
2025-11-24 18:01:38 | INFO     |    第516名: 2Z/USDT:USDT: -0.034158
2025-11-24 18:01:38 | INFO     |    第517名: AIOT/USDT:USDT: -0.036425
2025-11-24 18:01:38 | INFO     |    第518名: 1INCH/USDT:USDT: -0.037355
2025-11-24 18:01:38 | INFO     |    第519名: BAS/USDT:USDT: -0.039037
2025-11-24 18:01:38 | INFO     |    第520名: AVAX/USDT:USDT: -0.039903
2025-11-24 18:01:38 | INFO     |    第521名: CETUS/USDT:USDT: -0.041840
2025-11-24 18:01:38 | INFO     |    第522名: RESOLV/USDT:USDT: -0.042683
2025-11-24 18:01:38 | INFO     |    第523名: ICNT/USDT:USDT: -0.044040
2025-11-24 18:01:38 | INFO     |    第524名: PUMPBTC/USDT:USDT: -0.044337
2025-11-24 18:01:38 | INFO     |    第525名: EPIC/USDT:USDT: -0.048091
2025-11-24 18:01:38 | INFO     |    第526名: AVA/USDT:USDT: -0.054571
2025-11-24 18:01:38 | INFO     |    第527名: CELO/USDT:USDT: -0.057343
2025-11-24 18:01:38 | INFO     |    第528名: A2Z/USDT:USDT: -0.057700
2025-11-24 18:01:38 | INFO     |    第529名: SWARMS/USDT:USDT: -0.066116
2025-11-24 18:01:38 | INFO     |    第530名: MITO/USDT:USDT: -0.071962
2025-11-24 18:01:38 | INFO     |    第531名: COS/USDT:USDT: -0.074573
2025-11-24 18:01:38 | INFO     |    第532名: ZKC/USDT:USDT: -0.093586
2025-11-24 18:01:38 | INFO     | [LONG SYMBOLS] 做多标的详情:
2025-11-24 18:01:38 | INFO     |    VIRTUAL/USDT:USDT: 0.196844
2025-11-24 18:01:38 | INFO     |    MOCA/USDT:USDT: 0.177534
2025-11-24 18:01:38 | INFO     | [SHORT SYMBOLS] 做空标的详情:
2025-11-24 18:01:38 | INFO     |    COS/USDT:USDT: -0.074573
2025-11-24 18:01:38 | INFO     |    MITO/USDT:USDT: -0.071962
2025-11-24 18:01:38 | INFO     | [SELECTION] 选择交易标的:
2025-11-24 18:01:38 | INFO     |    做多: ['VIRTUAL/USDT:USDT', 'MOCA/USDT:USDT']
2025-11-24 18:01:38 | INFO     |    做空: ['COS/USDT:USDT', 'MITO/USDT:USDT']
2025-11-24 18:01:39 | INFO     | [DINGDING] 通知已发送: Cycle 9/16 交易标的选择完成:
做多 (2个):
  VIRTUAL/USDT:USDT: 0.196844
  MOCA/USDT:USDT: 0.177534
做空 (2个):
  COS/USDT:USDT: -0.074573
  MITO/USDT:USDT: -0.071962

因子统计:
  总计: 533 个标的
  范围: -0.093586 ~ 0.206383
2025-11-24 18:01:39 | INFO     | [STEP 5] 获取当前合约保证金...
2025-11-24 18:01:39 | INFO     | [BALANCE] 当前保证金余额: 154.49 USDT
2025-11-24 18:01:39 | INFO     | [DINGDING] 通知已发送:  账户余额报告
 时间: 2025-11-24 18:01:39
 USDT余额: 154.49
2025-11-24 18:01:39 | INFO     | [BALANCE] 余额通知已发送: 154.49 USDT
2025-11-24 18:01:39 | INFO     | [BALANCE] Cycle 9/16 首次交易，使用预分配资金 21.48 USDT
2025-11-24 18:01:39 | INFO     | [STEP 6] 执行开仓交易...
2025-11-24 18:01:39 | INFO     | [BALANCE] 总余额: 21.48 USDT
2025-11-24 18:01:39 | INFO     | [INFO] 总仓位数: 4
2025-11-24 18:01:39 | INFO     | [VALUE] 单仓价值: 15.79 USDT
2025-11-24 18:01:39 | INFO     | [MARGIN] 设置保证金模式为 ISOLATED...
2025-11-24 18:01:39 | INFO     | [MARGIN] VIRTUAL/USDT:USDT 已经是 ISOLATED 模式
2025-11-24 18:01:39 | INFO     | [MARGIN] MOCA/USDT:USDT (MOCAUSDT) 保证金模式设置为 ISOLATED ✓
2025-11-24 18:01:39 | INFO     | [MARGIN] COS/USDT:USDT 已经是 ISOLATED 模式
2025-11-24 18:01:39 | INFO     | [MARGIN] MITO/USDT:USDT (MITOUSDT) 保证金模式设置为 ISOLATED ✓
2025-11-24 18:01:39 | INFO     | [MARGIN] 保证金模式设置完成: 4/4 成功
2025-11-24 18:01:39 | INFO     | [LEVERAGE] 设置杠杆为 3x...
2025-11-24 18:01:40 | INFO     | [LIVE LONG] 开多头仓位: 2 个
2025-11-24 18:01:40 | INFO     | [LIVE BUY] 做多 VIRTUAL/USDT:USDT: 16.8 @ 0.9379
2025-11-24 18:01:40 | INFO     | [LIVE MARKET] 创建市价单 VIRTUAL/USDT:USDT: buy 16.8
2025-11-24 18:01:40 | INFO     | [LIVE SUCCESS] VIRTUAL/USDT:USDT 市价单创建成功 ID:5773385379 成交:16.8
2025-11-24 18:01:40 | INFO     | [PROTECT] VIRTUAL/USDT:USDT 止盈单创建成功 ID:5773385428 触发价:1.1255
2025-11-24 18:01:40 | INFO     | [PROTECT] VIRTUAL/USDT:USDT 止损单创建成功 ID:5773385457 触发价:0.7503
2025-11-24 18:01:40 | INFO     | [LIVE BUY] 做多 MOCA/USDT:USDT: 621.4 @ 0.02541
2025-11-24 18:01:40 | INFO     | [LIVE MARKET] 创建市价单 MOCA/USDT:USDT: buy 621.4
2025-11-24 18:01:40 | INFO     | [LIVE SUCCESS] MOCA/USDT:USDT 市价单创建成功 ID:892382303 成交:621.0
2025-11-24 18:01:40 | INFO     | [PROTECT] MOCA/USDT:USDT 止盈单创建成功 ID:892382304 触发价:0.03049
2025-11-24 18:01:40 | INFO     | [PROTECT] MOCA/USDT:USDT 止损单创建成功 ID:892382305 触发价:0.02033
2025-11-24 18:01:40 | INFO     | [LIVE OK] 多头开仓: 2/2 成功
2025-11-24 18:01:40 | INFO     | [LIVE SHORT] 开空头仓位: 2 个
2025-11-24 18:01:40 | INFO     | [LIVE SELL] 做空 COS/USDT:USDT: 10057.9 @ 0.00157
2025-11-24 18:01:40 | INFO     | [LIVE MARKET] 创建市价单 COS/USDT:USDT: sell 10057.9
2025-11-24 18:01:40 | INFO     | [LIVE SUCCESS] COS/USDT:USDT 市价单创建成功 ID:698534898 成交:10057.0
2025-11-24 18:01:40 | INFO     | [PROTECT] COS/USDT:USDT 止盈单创建成功 ID:698534900 触发价:0.001256
2025-11-24 18:01:40 | INFO     | [PROTECT] COS/USDT:USDT 止损单创建成功 ID:698534901 触发价:0.001884
2025-11-24 18:01:41 | INFO     | [LIVE SELL] 做空 MITO/USDT:USDT: 166.8 @ 0.09465
2025-11-24 18:01:41 | INFO     | [LIVE MARKET] 创建市价单 MITO/USDT:USDT: sell 166.8
2025-11-24 18:01:41 | INFO     | [LIVE SUCCESS] MITO/USDT:USDT 市价单创建成功 ID:724110365 成交:166.0
2025-11-24 18:01:41 | INFO     | [PROTECT] MITO/USDT:USDT 止盈单创建成功 ID:724110372 触发价:0.07572
2025-11-24 18:01:41 | INFO     | [PROTECT] MITO/USDT:USDT 止损单创建成功 ID:724110383 触发价:0.11358
2025-11-24 18:01:41 | INFO     | [LIVE OK] 空头开仓: 2/2 成功
2025-11-24 18:01:41 | INFO     | [POSITIONS] 新仓位已添加到字典: {'VIRTUAL/USDT:USDT': {'side': 'long', 'quantity': 16.8, 'open_price': 0.9379, 'position_side': 'LONG', 'take_profit_order_id': '5773385428', 'take_profit_price': 1.1255, 'stop_loss_order_id': '5773385457', 'stop_loss_price': 0.7503}, 'MOCA/USDT:USDT': {'side': 'long', 'quantity': 621.4, 'open_price': 0.02541, 'position_side': 'LONG', 'take_profit_order_id': '892382304', 'take_profit_price': 0.03049, 'stop_loss_order_id': '892382305', 'stop_loss_price': 0.02033}, 'COS/USDT:USDT': {'side': 'short', 'quantity': 10057.9, 'open_price': 0.00157, 'position_side': 'SHORT', 'take_profit_order_id': '698534900', 'take_profit_price': 0.001256, 'stop_loss_order_id': '698534901', 'stop_loss_price': 0.001884}, 'MITO/USDT:USDT': {'side': 'short', 'quantity': 166.8, 'open_price': 0.09465, 'position_side': 'SHORT', 'take_profit_order_id': '724110372', 'take_profit_price': 0.07572, 'stop_loss_order_id': '724110383', 'stop_loss_price': 0.11358}}
2025-11-24 18:01:41 | INFO     | [POSITIONS] 当前仓位字典: {'VIRTUAL/USDT:USDT': {'side': 'long', 'quantity': 16.8, 'open_price': 0.9379, 'position_side': 'LONG', 'take_profit_order_id': '5773385428', 'take_profit_price': 1.1255, 'stop_loss_order_id': '5773385457', 'stop_loss_price': 0.7503}, 'MOCA/USDT:USDT': {'side': 'long', 'quantity': 621.4, 'open_price': 0.02541, 'position_side': 'LONG', 'take_profit_order_id': '892382304', 'take_profit_price': 0.03049, 'stop_loss_order_id': '892382305', 'stop_loss_price': 0.02033}, 'COS/USDT:USDT': {'side': 'short', 'quantity': 10057.9, 'open_price': 0.00157, 'position_side': 'SHORT', 'take_profit_order_id': '698534900', 'take_profit_price': 0.001256, 'stop_loss_order_id': '698534901', 'stop_loss_price': 0.001884}, 'MITO/USDT:USDT': {'side': 'short', 'quantity': 166.8, 'open_price': 0.09465, 'position_side': 'SHORT', 'take_profit_order_id': '724110372', 'take_profit_price': 0.07572, 'stop_loss_order_id': '724110383', 'stop_loss_price': 0.11358}}
2025-11-24 18:01:41 | INFO     | [STEP 7] 开仓交易完成
2025-11-24 18:01:41 | INFO     | [INFO] 跳过详细仓位验证，交易周期完成
2025-11-24 18:01:41 | INFO     | [STEP 8] 记录当前交易对价格和因子信息...
2025-11-24 18:01:41 | INFO     | [API] 成功获取 533 个交易对价格
2025-11-24 18:01:41 | INFO     | [RECORD] 记录了 533 个交易对的价格和因子信息
2025-11-24 18:01:41 | INFO     | [OK] 交易周期执行成功
2025-11-24 18:01:41 | INFO     | [TIME] 周期耗时: 89.3秒
2025-11-24 18:01:41 | INFO     | [16H] Cycle 10/16 下次执行时间: 2025-11-24 19:00:00
2025-11-24 18:01:41 | INFO     | [WAIT] 等待 3499 秒 (1.0 小时)
2025-11-24 18:09:52 | INFO     | [WAIT] Cycle 10/16 剩余等待时间: 50.1 分钟
2025-11-24 18:18:03 | INFO     | [WAIT] Cycle 10/16 剩余等待时间: 41.9 分钟
2025-11-24 18:26:15 | INFO     | [WAIT] Cycle 10/16 剩余等待时间: 33.7 分钟
2025-11-24 18:34:26 | INFO     | [WAIT] Cycle 10/16 剩余等待时间: 25.6 分钟
2025-11-24 18:42:38 | INFO     | [WAIT] Cycle 10/16 剩余等待时间: 17.4 分钟
2025-11-24 18:50:50 | INFO     | [WAIT] Cycle 10/16 剩余等待时间: 9.2 分钟
2025-11-24 18:59:03 | INFO     | [WAIT] Cycle 10/16 剩余等待时间: 0.9 分钟
2025-11-24 18:59:52 | INFO     | [WAIT] Cycle 10/16 最后等待: 8 秒
2025-11-24 19:00:13 | INFO     | 
==================================================
2025-11-24 19:00:13 | INFO     | [CYCLE] 第 11 轮交易周期 (Cycle 10/16)
2025-11-24 19:00:13 | INFO     | [TIME] 开始时间: 2025-11-24 19:00:13
2025-11-24 19:00:13 | INFO     | ==================================================
2025-11-24 19:00:26 | INFO     | [STEP 1] Cycle 10/16 平仓字典中存储的仓位...
2025-11-24 19:00:26 | INFO     | [INFO] 仓位字典为空，无需平仓
2025-11-24 19:00:26 | INFO     | [STEP 2] 跳过验证步骤...
2025-11-24 19:00:26 | INFO     | [STEP 3] 提取OHLC数据并计算因子...
2025-11-24 19:00:26 | INFO     | [OK] 获取活跃交易对完成，耗时: 0.001秒
2025-11-24 19:00:27 | WARNING  | [DATA] BOB/USDT:USDT 1h 数据不足: 获取到 82 条数据，需要 83 条
2025-11-24 19:00:27 | WARNING  | [SKIP] BOB/USDT:USDT 跳过: 无法获取有效的多时间框架数据
2025-11-24 19:01:41 | INFO     | [FACTORS] 计算得到 533 个有效因子
2025-11-24 19:01:41 | INFO     | [STEP 4] 根据因子值选择交易标的...
2025-11-24 19:01:41 | INFO     | [FILTER] 忽略 1 个交易对: ['BTC/USDT:USDT']
2025-11-24 19:01:41 | INFO     | [FILTER] FHE/USDT:USDT 已在其它周期出现 4 次，达到上限 4，跳过
2025-11-24 19:01:41 | INFO     | [FILTER] ZKC/USDT:USDT 已在其它周期出现 4 次，达到上限 4，跳过
2025-11-24 19:01:41 | INFO     | [STATS] 因子统计:
2025-11-24 19:01:41 | INFO     |    总计: 532 个标的
2025-11-24 19:01:41 | INFO     |    因子值范围: -0.090794 ~ 0.205286
2025-11-24 19:01:41 | INFO     |    选择做多: 2 个
2025-11-24 19:01:41 | INFO     |    选择做空: 2 个
2025-11-24 19:01:41 | INFO     | [TOP 20] 因子值排名前20的交易对:
2025-11-24 19:01:41 | INFO     |    第1名: FHE/USDT:USDT: 0.205286
2025-11-24 19:01:41 | INFO     |    第2名: PUMP/USDT:USDT: 0.178151
2025-11-24 19:01:41 | INFO     |    第3名: M/USDT:USDT: 0.169986
2025-11-24 19:01:41 | INFO     |    第4名: SAGA/USDT:USDT: 0.150696
2025-11-24 19:01:41 | INFO     |    第5名: EVAA/USDT:USDT: 0.142209
2025-11-24 19:01:41 | INFO     |    第6名: PNUT/USDT:USDT: 0.141674
2025-11-24 19:01:41 | INFO     |    第7名: MOCA/USDT:USDT: 0.141557
2025-11-24 19:01:41 | INFO     |    第8名: AEVO/USDT:USDT: 0.140027
2025-11-24 19:01:41 | INFO     |    第9名: ZEN/USDT:USDT: 0.139981
2025-11-24 19:01:41 | INFO     |    第10名: BANANAS31/USDT:USDT: 0.139343
2025-11-24 19:01:41 | INFO     |    第11名: SKYAI/USDT:USDT: 0.136829
2025-11-24 19:01:41 | INFO     |    第12名: ONE/USDT:USDT: 0.135958
2025-11-24 19:01:41 | INFO     |    第13名: MERL/USDT:USDT: 0.121364
2025-11-24 19:01:41 | INFO     |    第14名: VIRTUAL/USDT:USDT: 0.120315
2025-11-24 19:01:41 | INFO     |    第15名: 1000SATS/USDT:USDT: 0.119453
2025-11-24 19:01:41 | INFO     |    第16名: RIVER/USDT:USDT: 0.116046
2025-11-24 19:01:41 | INFO     |    第17名: TAKE/USDT:USDT: 0.115827
2025-11-24 19:01:41 | INFO     |    第18名: HOOK/USDT:USDT: 0.115133
2025-11-24 19:01:41 | INFO     |    第19名: BROCCOLIF3B/USDT:USDT: 0.112852
2025-11-24 19:01:41 | INFO     |    第20名: SXP/USDT:USDT: 0.111586
2025-11-24 19:01:41 | INFO     | [BOTTOM 20] 因子值排名后20的交易对:
2025-11-24 19:01:41 | INFO     |    第513名: HIGH/USDT:USDT: -0.041325
2025-11-24 19:01:41 | INFO     |    第514名: ICNT/USDT:USDT: -0.042929
2025-11-24 19:01:41 | INFO     |    第515名: BAS/USDT:USDT: -0.043536
2025-11-24 19:01:41 | INFO     |    第516名: DOT/USDT:USDT: -0.043943
2025-11-24 19:01:41 | INFO     |    第517名: 1INCH/USDT:USDT: -0.044601
2025-11-24 19:01:41 | INFO     |    第518名: CATI/USDT:USDT: -0.046221
2025-11-24 19:01:41 | INFO     |    第519名: AVA/USDT:USDT: -0.046771
2025-11-24 19:01:41 | INFO     |    第520名: KSM/USDT:USDT: -0.047086
2025-11-24 19:01:41 | INFO     |    第521名: RESOLV/USDT:USDT: -0.048243
2025-11-24 19:01:41 | INFO     |    第522名: ALPINE/USDT:USDT: -0.048961
2025-11-24 19:01:41 | INFO     |    第523名: AVAX/USDT:USDT: -0.050531
2025-11-24 19:01:41 | INFO     |    第524名: 1000CAT/USDT:USDT: -0.050839
2025-11-24 19:01:41 | INFO     |    第525名: BABY/USDT:USDT: -0.051783
2025-11-24 19:01:41 | INFO     |    第526名: SWARMS/USDT:USDT: -0.053694
2025-11-24 19:01:41 | INFO     |    第527名: CELO/USDT:USDT: -0.054437
2025-11-24 19:01:41 | INFO     |    第528名: EPIC/USDT:USDT: -0.060121
2025-11-24 19:01:41 | INFO     |    第529名: TRADOOR/USDT:USDT: -0.060481
2025-11-24 19:01:41 | INFO     |    第530名: COS/USDT:USDT: -0.072119
2025-11-24 19:01:41 | INFO     |    第531名: ZKC/USDT:USDT: -0.079558
2025-11-24 19:01:41 | INFO     |    第532名: A2Z/USDT:USDT: -0.090794
2025-11-24 19:01:41 | INFO     | [LONG SYMBOLS] 做多标的详情:
2025-11-24 19:01:41 | INFO     |    PUMP/USDT:USDT: 0.178151
2025-11-24 19:01:41 | INFO     |    M/USDT:USDT: 0.169986
2025-11-24 19:01:41 | INFO     | [SHORT SYMBOLS] 做空标的详情:
2025-11-24 19:01:41 | INFO     |    A2Z/USDT:USDT: -0.090794
2025-11-24 19:01:41 | INFO     |    COS/USDT:USDT: -0.072119
2025-11-24 19:01:41 | INFO     | [SELECTION] 选择交易标的:
2025-11-24 19:01:41 | INFO     |    做多: ['PUMP/USDT:USDT', 'M/USDT:USDT']
2025-11-24 19:01:41 | INFO     |    做空: ['A2Z/USDT:USDT', 'COS/USDT:USDT']
2025-11-24 19:01:42 | INFO     | [DINGDING] 通知已发送: Cycle 10/16 交易标的选择完成:
做多 (2个):
  PUMP/USDT:USDT: 0.178151
  M/USDT:USDT: 0.169986
做空 (2个):
  A2Z/USDT:USDT: -0.090794
  COS/USDT:USDT: -0.072119

因子统计:
  总计: 533 个标的
  范围: -0.090794 ~ 0.205286
2025-11-24 19:01:42 | INFO     | [STEP 5] 获取当前合约保证金...
2025-11-24 19:01:42 | INFO     | [BALANCE] 当前保证金余额: 133.47 USDT
2025-11-24 19:01:42 | INFO     | [DINGDING] 通知已发送:  账户余额报告
 时间: 2025-11-24 19:01:42
 USDT余额: 133.47
2025-11-24 19:01:42 | INFO     | [BALANCE] 余额通知已发送: 133.47 USDT
2025-11-24 19:01:42 | INFO     | [BALANCE] Cycle 10/16 首次交易，使用预分配资金 21.48 USDT
2025-11-24 19:01:42 | INFO     | [STEP 6] 执行开仓交易...
2025-11-24 19:01:42 | INFO     | [BALANCE] 总余额: 21.48 USDT
2025-11-24 19:01:42 | INFO     | [INFO] 总仓位数: 4
2025-11-24 19:01:42 | INFO     | [VALUE] 单仓价值: 15.79 USDT
2025-11-24 19:01:42 | INFO     | [MARGIN] 设置保证金模式为 ISOLATED...
2025-11-24 19:01:42 | INFO     | [MARGIN] PUMP/USDT:USDT (PUMPUSDT) 保证金模式设置为 ISOLATED ✓
2025-11-24 19:01:42 | INFO     | [MARGIN] M/USDT:USDT 已经是 ISOLATED 模式
2025-11-24 19:01:42 | INFO     | [MARGIN] A2Z/USDT:USDT 已经是 ISOLATED 模式
2025-11-24 19:01:42 | INFO     | [MARGIN] COS/USDT:USDT 已经是 ISOLATED 模式
2025-11-24 19:01:42 | INFO     | [MARGIN] 保证金模式设置完成: 4/4 成功
2025-11-24 19:01:42 | INFO     | [LEVERAGE] 设置杠杆为 3x...
2025-11-24 19:01:43 | INFO     | [LIVE LONG] 开多头仓位: 2 个
2025-11-24 19:01:43 | INFO     | [LIVE BUY] 做多 PUMP/USDT:USDT: 5641.6 @ 0.002799
2025-11-24 19:01:43 | INFO     | [LIVE MARKET] 创建市价单 PUMP/USDT:USDT: buy 5641.6
2025-11-24 19:01:43 | INFO     | [LIVE SUCCESS] PUMP/USDT:USDT 市价单创建成功 ID:2870369573 成交:5641.0
2025-11-24 19:01:43 | INFO     | [PROTECT] PUMP/USDT:USDT 止盈单创建成功 ID:2870369574 触发价:0.003359
2025-11-24 19:01:43 | INFO     | [PROTECT] PUMP/USDT:USDT 止损单创建成功 ID:2870369575 触发价:0.002239
2025-11-24 19:01:43 | INFO     | [LIVE BUY] 做多 M/USDT:USDT: 8.1 @ 1.943
2025-11-24 19:01:43 | INFO     | [LIVE MARKET] 创建市价单 M/USDT:USDT: buy 8.1
2025-11-24 19:01:43 | INFO     | [LIVE SUCCESS] M/USDT:USDT 市价单创建成功 ID:1020749792 成交:8.0
2025-11-24 19:01:43 | INFO     | [PROTECT] M/USDT:USDT 止盈单创建成功 ID:1020749796 触发价:2.3316
2025-11-24 19:01:43 | INFO     | [PROTECT] M/USDT:USDT 止损单创建成功 ID:1020749802 触发价:1.5544
2025-11-24 19:01:43 | INFO     | [LIVE OK] 多头开仓: 2/2 成功
2025-11-24 19:01:43 | INFO     | [LIVE SHORT] 开空头仓位: 2 个
2025-11-24 19:01:43 | INFO     | [LIVE SELL] 做空 A2Z/USDT:USDT: 4888.8 @ 0.00323
2025-11-24 19:01:43 | INFO     | [LIVE MARKET] 创建市价单 A2Z/USDT:USDT: sell 4888.8
2025-11-24 19:01:43 | INFO     | [LIVE SUCCESS] A2Z/USDT:USDT 市价单创建成功 ID:368314276 成交:4888.0
2025-11-24 19:01:43 | INFO     | [PROTECT] A2Z/USDT:USDT 止盈单创建成功 ID:368314278 触发价:0.002584
2025-11-24 19:01:43 | INFO     | [PROTECT] A2Z/USDT:USDT 止损单创建成功 ID:368314279 触发价:0.003876
2025-11-24 19:01:43 | INFO     | [LIVE SELL] 做空 COS/USDT:USDT: 10064.3 @ 0.001569
2025-11-24 19:01:43 | INFO     | [LIVE MARKET] 创建市价单 COS/USDT:USDT: sell 10064.3
2025-11-24 19:01:43 | INFO     | [LIVE SUCCESS] COS/USDT:USDT 市价单创建成功 ID:698550469 成交:10064.0
2025-11-24 19:01:43 | INFO     | [PROTECT] COS/USDT:USDT 止盈单创建成功 ID:698550471 触发价:0.001255
2025-11-24 19:01:43 | INFO     | [PROTECT] COS/USDT:USDT 止损单创建成功 ID:698550473 触发价:0.001883
2025-11-24 19:01:44 | INFO     | [LIVE OK] 空头开仓: 2/2 成功
2025-11-24 19:01:44 | INFO     | [POSITIONS] 新仓位已添加到字典: {'PUMP/USDT:USDT': {'side': 'long', 'quantity': 5641.6, 'open_price': 0.002799, 'position_side': 'LONG', 'take_profit_order_id': '2870369574', 'take_profit_price': 0.003359, 'stop_loss_order_id': '2870369575', 'stop_loss_price': 0.002239}, 'M/USDT:USDT': {'side': 'long', 'quantity': 8.1, 'open_price': 1.943, 'position_side': 'LONG', 'take_profit_order_id': '1020749796', 'take_profit_price': 2.3316, 'stop_loss_order_id': '1020749802', 'stop_loss_price': 1.5544}, 'A2Z/USDT:USDT': {'side': 'short', 'quantity': 4888.8, 'open_price': 0.00323, 'position_side': 'SHORT', 'take_profit_order_id': '368314278', 'take_profit_price': 0.002584, 'stop_loss_order_id': '368314279', 'stop_loss_price': 0.003876}, 'COS/USDT:USDT': {'side': 'short', 'quantity': 10064.3, 'open_price': 0.001569, 'position_side': 'SHORT', 'take_profit_order_id': '698550471', 'take_profit_price': 0.001255, 'stop_loss_order_id': '698550473', 'stop_loss_price': 0.001883}}
2025-11-24 19:01:44 | INFO     | [POSITIONS] 当前仓位字典: {'PUMP/USDT:USDT': {'side': 'long', 'quantity': 5641.6, 'open_price': 0.002799, 'position_side': 'LONG', 'take_profit_order_id': '2870369574', 'take_profit_price': 0.003359, 'stop_loss_order_id': '2870369575', 'stop_loss_price': 0.002239}, 'M/USDT:USDT': {'side': 'long', 'quantity': 8.1, 'open_price': 1.943, 'position_side': 'LONG', 'take_profit_order_id': '1020749796', 'take_profit_price': 2.3316, 'stop_loss_order_id': '1020749802', 'stop_loss_price': 1.5544}, 'A2Z/USDT:USDT': {'side': 'short', 'quantity': 4888.8, 'open_price': 0.00323, 'position_side': 'SHORT', 'take_profit_order_id': '368314278', 'take_profit_price': 0.002584, 'stop_loss_order_id': '368314279', 'stop_loss_price': 0.003876}, 'COS/USDT:USDT': {'side': 'short', 'quantity': 10064.3, 'open_price': 0.001569, 'position_side': 'SHORT', 'take_profit_order_id': '698550471', 'take_profit_price': 0.001255, 'stop_loss_order_id': '698550473', 'stop_loss_price': 0.001883}}
2025-11-24 19:01:44 | INFO     | [STEP 7] 开仓交易完成
2025-11-24 19:01:44 | INFO     | [INFO] 跳过详细仓位验证，交易周期完成
2025-11-24 19:01:44 | INFO     | [STEP 8] 记录当前交易对价格和因子信息...
2025-11-24 19:01:44 | INFO     | [API] 成功获取 533 个交易对价格
2025-11-24 19:01:44 | INFO     | [RECORD] 记录了 533 个交易对的价格和因子信息
2025-11-24 19:01:44 | INFO     | [OK] 交易周期执行成功
2025-11-24 19:01:44 | INFO     | [TIME] 周期耗时: 90.6秒
2025-11-24 19:01:44 | INFO     | [16H] Cycle 11/16 下次执行时间: 2025-11-24 20:00:00
2025-11-24 19:01:44 | INFO     | [WAIT] 等待 3496 秒 (1.0 小时)
2025-11-24 19:10:34 | INFO     | [WAIT] Cycle 11/16 剩余等待时间: 49.4 分钟
2025-11-24 19:19:25 | INFO     | [WAIT] Cycle 11/16 剩余等待时间: 40.6 分钟
2025-11-24 19:28:16 | INFO     | [WAIT] Cycle 11/16 剩余等待时间: 31.7 分钟
2025-11-24 19:37:07 | INFO     | [WAIT] Cycle 11/16 剩余等待时间: 22.9 分钟
2025-11-24 19:45:57 | INFO     | [WAIT] Cycle 11/16 剩余等待时间: 14.0 分钟
2025-11-24 19:54:49 | INFO     | [WAIT] Cycle 11/16 剩余等待时间: 5.2 分钟
2025-11-24 20:00:08 | INFO     | 
==================================================
2025-11-24 20:00:08 | INFO     | [CYCLE] 第 12 轮交易周期 (Cycle 11/16)
2025-11-24 20:00:08 | INFO     | [TIME] 开始时间: 2025-11-24 20:00:08
2025-11-24 20:00:08 | INFO     | ==================================================
2025-11-24 20:00:22 | INFO     | [STEP 1] Cycle 11/16 平仓字典中存储的仓位...
2025-11-24 20:00:22 | INFO     | [INFO] 仓位字典为空，无需平仓
2025-11-24 20:00:22 | INFO     | [STEP 2] 跳过验证步骤...
2025-11-24 20:00:22 | INFO     | [STEP 3] 提取OHLC数据并计算因子...
2025-11-24 20:00:22 | INFO     | [OK] 获取活跃交易对完成，耗时: 0.001秒
2025-11-24 20:01:37 | INFO     | [FACTORS] 计算得到 534 个有效因子
2025-11-24 20:01:37 | INFO     | [STEP 4] 根据因子值选择交易标的...
2025-11-24 20:01:37 | INFO     | [FILTER] 忽略 1 个交易对: ['BTC/USDT:USDT']
2025-11-24 20:01:37 | INFO     | [FILTER] FHE/USDT:USDT 已在其它周期出现 4 次，达到上限 4，跳过
2025-11-24 20:01:37 | INFO     | [STATS] 因子统计:
2025-11-24 20:01:37 | INFO     |    总计: 533 个标的
2025-11-24 20:01:37 | INFO     |    因子值范围: -0.121726 ~ 0.210203
2025-11-24 20:01:37 | INFO     |    选择做多: 2 个
2025-11-24 20:01:37 | INFO     |    选择做空: 2 个
2025-11-24 20:01:37 | INFO     | [TOP 20] 因子值排名前20的交易对:
2025-11-24 20:01:37 | INFO     |    第1名: MOCA/USDT:USDT: 0.210203
2025-11-24 20:01:37 | INFO     |    第2名: FHE/USDT:USDT: 0.209616
2025-11-24 20:01:37 | INFO     |    第3名: RIVER/USDT:USDT: 0.164276
2025-11-24 20:01:37 | INFO     |    第4名: PUMP/USDT:USDT: 0.160978
2025-11-24 20:01:37 | INFO     |    第5名: ZEN/USDT:USDT: 0.155844
2025-11-24 20:01:37 | INFO     |    第6名: EVAA/USDT:USDT: 0.151983
2025-11-24 20:01:37 | INFO     |    第7名: ICP/USDT:USDT: 0.146748
2025-11-24 20:01:37 | INFO     |    第8名: OBOL/USDT:USDT: 0.145048
2025-11-24 20:01:37 | INFO     |    第9名: M/USDT:USDT: 0.134716
2025-11-24 20:01:37 | INFO     |    第10名: 1000SATS/USDT:USDT: 0.127109
2025-11-24 20:01:37 | INFO     |    第11名: NEIRO/USDT:USDT: 0.123767
2025-11-24 20:01:37 | INFO     |    第12名: PNUT/USDT:USDT: 0.120038
2025-11-24 20:01:37 | INFO     |    第13名: DYDX/USDT:USDT: 0.118896
2025-11-24 20:01:37 | INFO     |    第14名: AXL/USDT:USDT: 0.118655
2025-11-24 20:01:37 | INFO     |    第15名: CHESS/USDT:USDT: 0.117708
2025-11-24 20:01:37 | INFO     |    第16名: ZORA/USDT:USDT: 0.112809
2025-11-24 20:01:37 | INFO     |    第17名: BROCCOLIF3B/USDT:USDT: 0.112551
2025-11-24 20:01:37 | INFO     |    第18名: SKATE/USDT:USDT: 0.112412
2025-11-24 20:01:37 | INFO     |    第19名: NFP/USDT:USDT: 0.108659
2025-11-24 20:01:37 | INFO     |    第20名: SKYAI/USDT:USDT: 0.108410
2025-11-24 20:01:37 | INFO     | [BOTTOM 20] 因子值排名后20的交易对:
2025-11-24 20:01:37 | INFO     |    第514名: POWR/USDT:USDT: -0.038933
2025-11-24 20:01:37 | INFO     |    第515名: ALLO/USDT:USDT: -0.040981
2025-11-24 20:01:37 | INFO     |    第516名: PAXG/USDT:USDT: -0.041511
2025-11-24 20:01:37 | INFO     |    第517名: ICNT/USDT:USDT: -0.044831
2025-11-24 20:01:37 | INFO     |    第518名: ORDER/USDT:USDT: -0.046019
2025-11-24 20:01:37 | INFO     |    第519名: BEAT/USDT:USDT: -0.046431
2025-11-24 20:01:37 | INFO     |    第520名: SYS/USDT:USDT: -0.047872
2025-11-24 20:01:37 | INFO     |    第521名: ZKC/USDT:USDT: -0.047902
2025-11-24 20:01:37 | INFO     |    第522名: ALPINE/USDT:USDT: -0.049519
2025-11-24 20:01:37 | INFO     |    第523名: BAS/USDT:USDT: -0.050076
2025-11-24 20:01:37 | INFO     |    第524名: 1000FLOKI/USDT:USDT: -0.050283
2025-11-24 20:01:37 | INFO     |    第525名: EPIC/USDT:USDT: -0.053873
2025-11-24 20:01:37 | INFO     |    第526名: CELO/USDT:USDT: -0.057267
2025-11-24 20:01:37 | INFO     |    第527名: COS/USDT:USDT: -0.060253
2025-11-24 20:01:37 | INFO     |    第528名: COMP/USDT:USDT: -0.060400
2025-11-24 20:01:37 | INFO     |    第529名: XPIN/USDT:USDT: -0.063660
2025-11-24 20:01:37 | INFO     |    第530名: XNY/USDT:USDT: -0.064536
2025-11-24 20:01:37 | INFO     |    第531名: 1000CAT/USDT:USDT: -0.067246
2025-11-24 20:01:37 | INFO     |    第532名: TRADOOR/USDT:USDT: -0.091030
2025-11-24 20:01:37 | INFO     |    第533名: A2Z/USDT:USDT: -0.121726
2025-11-24 20:01:37 | INFO     | [LONG SYMBOLS] 做多标的详情:
2025-11-24 20:01:37 | INFO     |    MOCA/USDT:USDT: 0.210203
2025-11-24 20:01:37 | INFO     |    RIVER/USDT:USDT: 0.164276
2025-11-24 20:01:37 | INFO     | [SHORT SYMBOLS] 做空标的详情:
2025-11-24 20:01:37 | INFO     |    A2Z/USDT:USDT: -0.121726
2025-11-24 20:01:37 | INFO     |    TRADOOR/USDT:USDT: -0.091030
2025-11-24 20:01:37 | INFO     | [SELECTION] 选择交易标的:
2025-11-24 20:01:37 | INFO     |    做多: ['MOCA/USDT:USDT', 'RIVER/USDT:USDT']
2025-11-24 20:01:37 | INFO     |    做空: ['A2Z/USDT:USDT', 'TRADOOR/USDT:USDT']
2025-11-24 20:01:38 | INFO     | [DINGDING] 通知已发送: Cycle 11/16 交易标的选择完成:
做多 (2个):
  MOCA/USDT:USDT: 0.210203
  RIVER/USDT:USDT: 0.164276
做空 (2个):
  A2Z/USDT:USDT: -0.121726
  TRADOOR/USDT:USDT: -0.091030

因子统计:
  总计: 534 个标的
  范围: -0.121726 ~ 0.210203
2025-11-24 20:01:38 | INFO     | [STEP 5] 获取当前合约保证金...
2025-11-24 20:01:38 | INFO     | [BALANCE] 当前保证金余额: 112.49 USDT
2025-11-24 20:01:38 | INFO     | [DINGDING] 通知已发送:  账户余额报告
 时间: 2025-11-24 20:01:38
 USDT余额: 112.49
2025-11-24 20:01:38 | INFO     | [BALANCE] 余额通知已发送: 112.49 USDT
2025-11-24 20:01:38 | INFO     | [BALANCE] Cycle 11/16 首次交易，使用预分配资金 21.48 USDT
2025-11-24 20:01:38 | INFO     | [STEP 6] 执行开仓交易...
2025-11-24 20:01:38 | INFO     | [BALANCE] 总余额: 21.48 USDT
2025-11-24 20:01:38 | INFO     | [INFO] 总仓位数: 4
2025-11-24 20:01:38 | INFO     | [VALUE] 单仓价值: 15.79 USDT
2025-11-24 20:01:38 | INFO     | [MARGIN] 设置保证金模式为 ISOLATED...
2025-11-24 20:01:38 | INFO     | [MARGIN] MOCA/USDT:USDT 已经是 ISOLATED 模式
2025-11-24 20:01:38 | INFO     | [MARGIN] RIVER/USDT:USDT 已经是 ISOLATED 模式
2025-11-24 20:01:38 | INFO     | [MARGIN] A2Z/USDT:USDT 已经是 ISOLATED 模式
2025-11-24 20:01:38 | INFO     | [MARGIN] TRADOOR/USDT:USDT 已经是 ISOLATED 模式
2025-11-24 20:01:38 | INFO     | [MARGIN] 保证金模式设置完成: 4/4 成功
2025-11-24 20:01:38 | INFO     | [LEVERAGE] 设置杠杆为 3x...
2025-11-24 20:01:39 | INFO     | [LIVE LONG] 开多头仓位: 2 个
2025-11-24 20:01:39 | INFO     | [LIVE BUY] 做多 MOCA/USDT:USDT: 624.6 @ 0.02528
2025-11-24 20:01:39 | INFO     | [LIVE MARKET] 创建市价单 MOCA/USDT:USDT: buy 624.6
2025-11-24 20:01:39 | INFO     | [LIVE SUCCESS] MOCA/USDT:USDT 市价单创建成功 ID:892449050 成交:624.0
2025-11-24 20:01:39 | INFO     | [PROTECT] MOCA/USDT:USDT 止盈单创建成功 ID:892449053 触发价:0.03034
2025-11-24 20:01:39 | INFO     | [PROTECT] MOCA/USDT:USDT 止损单创建成功 ID:892449055 触发价:0.02022
2025-11-24 20:01:39 | INFO     | [LIVE BUY] 做多 RIVER/USDT:USDT: 4.1 @ 3.762
2025-11-24 20:01:39 | INFO     | [LIVE MARKET] 创建市价单 RIVER/USDT:USDT: buy 4.1
2025-11-24 20:01:39 | INFO     | [LIVE SUCCESS] RIVER/USDT:USDT 市价单创建成功 ID:263508920 成交:4.1
2025-11-24 20:01:39 | INFO     | [PROTECT] RIVER/USDT:USDT 止盈单创建成功 ID:263508921 触发价:4.514
2025-11-24 20:01:39 | INFO     | [PROTECT] RIVER/USDT:USDT 止损单创建成功 ID:263508922 触发价:3.01
2025-11-24 20:01:39 | INFO     | [LIVE OK] 多头开仓: 2/2 成功
2025-11-24 20:01:39 | INFO     | [LIVE SHORT] 开空头仓位: 2 个
2025-11-24 20:01:39 | INFO     | [LIVE SELL] 做空 A2Z/USDT:USDT: 4922.3 @ 0.003208
2025-11-24 20:01:39 | INFO     | [LIVE MARKET] 创建市价单 A2Z/USDT:USDT: sell 4922.3
2025-11-24 20:01:39 | INFO     | [LIVE SUCCESS] A2Z/USDT:USDT 市价单创建成功 ID:368338916 成交:4922.0
2025-11-24 20:01:39 | INFO     | [PROTECT] A2Z/USDT:USDT 止盈单创建成功 ID:368338917 触发价:0.002566
2025-11-24 20:01:39 | INFO     | [PROTECT] A2Z/USDT:USDT 止损单创建成功 ID:368338918 触发价:0.00385
2025-11-24 20:01:39 | INFO     | [LIVE SELL] 做空 TRADOOR/USDT:USDT: 11.6 @ 1.359
2025-11-24 20:01:39 | INFO     | [LIVE MARKET] 创建市价单 TRADOOR/USDT:USDT: sell 11.6
2025-11-24 20:01:39 | INFO     | [LIVE SUCCESS] TRADOOR/USDT:USDT 市价单创建成功 ID:183225001 成交:11.0
2025-11-24 20:01:39 | INFO     | [PROTECT] TRADOOR/USDT:USDT 止盈单创建成功 ID:183225016 触发价:1.087
2025-11-24 20:01:39 | INFO     | [PROTECT] TRADOOR/USDT:USDT 止损单创建成功 ID:183225098 触发价:1.631
2025-11-24 20:01:39 | INFO     | [LIVE OK] 空头开仓: 2/2 成功
2025-11-24 20:01:39 | INFO     | [POSITIONS] 新仓位已添加到字典: {'MOCA/USDT:USDT': {'side': 'long', 'quantity': 624.6, 'open_price': 0.02528, 'position_side': 'LONG', 'take_profit_order_id': '892449053', 'take_profit_price': 0.03034, 'stop_loss_order_id': '892449055', 'stop_loss_price': 0.02022}, 'RIVER/USDT:USDT': {'side': 'long', 'quantity': 4.1, 'open_price': 3.762, 'position_side': 'LONG', 'take_profit_order_id': '263508921', 'take_profit_price': 4.514, 'stop_loss_order_id': '263508922', 'stop_loss_price': 3.01}, 'A2Z/USDT:USDT': {'side': 'short', 'quantity': 4922.3, 'open_price': 0.003208, 'position_side': 'SHORT', 'take_profit_order_id': '368338917', 'take_profit_price': 0.002566, 'stop_loss_order_id': '368338918', 'stop_loss_price': 0.00385}, 'TRADOOR/USDT:USDT': {'side': 'short', 'quantity': 11.6, 'open_price': 1.359, 'position_side': 'SHORT', 'take_profit_order_id': '183225016', 'take_profit_price': 1.087, 'stop_loss_order_id': '183225098', 'stop_loss_price': 1.631}}
2025-11-24 20:01:39 | INFO     | [POSITIONS] 当前仓位字典: {'MOCA/USDT:USDT': {'side': 'long', 'quantity': 624.6, 'open_price': 0.02528, 'position_side': 'LONG', 'take_profit_order_id': '892449053', 'take_profit_price': 0.03034, 'stop_loss_order_id': '892449055', 'stop_loss_price': 0.02022}, 'RIVER/USDT:USDT': {'side': 'long', 'quantity': 4.1, 'open_price': 3.762, 'position_side': 'LONG', 'take_profit_order_id': '263508921', 'take_profit_price': 4.514, 'stop_loss_order_id': '263508922', 'stop_loss_price': 3.01}, 'A2Z/USDT:USDT': {'side': 'short', 'quantity': 4922.3, 'open_price': 0.003208, 'position_side': 'SHORT', 'take_profit_order_id': '368338917', 'take_profit_price': 0.002566, 'stop_loss_order_id': '368338918', 'stop_loss_price': 0.00385}, 'TRADOOR/USDT:USDT': {'side': 'short', 'quantity': 11.6, 'open_price': 1.359, 'position_side': 'SHORT', 'take_profit_order_id': '183225016', 'take_profit_price': 1.087, 'stop_loss_order_id': '183225098', 'stop_loss_price': 1.631}}
2025-11-24 20:01:39 | INFO     | [STEP 7] 开仓交易完成
2025-11-24 20:01:39 | INFO     | [INFO] 跳过详细仓位验证，交易周期完成
2025-11-24 20:01:39 | INFO     | [STEP 8] 记录当前交易对价格和因子信息...
2025-11-24 20:01:40 | INFO     | [API] 成功获取 534 个交易对价格
2025-11-24 20:01:40 | INFO     | [RECORD] 记录了 534 个交易对的价格和因子信息
2025-11-24 20:01:40 | INFO     | [OK] 交易周期执行成功
2025-11-24 20:01:40 | INFO     | [TIME] 周期耗时: 91.5秒
2025-11-24 20:01:40 | INFO     | [16H] Cycle 12/16 下次执行时间: 2025-11-24 21:00:00
2025-11-24 20:01:40 | INFO     | [WAIT] 等待 3500 秒 (1.0 小时)
2025-11-24 20:11:10 | INFO     | [WAIT] Cycle 12/16 剩余等待时间: 48.8 分钟
2025-11-24 20:20:41 | INFO     | [WAIT] Cycle 12/16 剩余等待时间: 39.3 分钟
2025-11-24 20:30:11 | INFO     | [WAIT] Cycle 12/16 剩余等待时间: 29.8 分钟
2025-11-24 20:30:16 | WARNING  | [PROTECT WARNING] 获取 ORDER/USDT:USDT 持仓信息失败: binance {"code":-1007,"msg":"Timeout waiting for response from backend server. Send status unknown; execution status unknown."}
2025-11-24 20:39:43 | INFO     | [WAIT] Cycle 12/16 剩余等待时间: 20.3 分钟
2025-11-24 20:49:14 | INFO     | [WAIT] Cycle 12/16 剩余等待时间: 10.8 分钟
2025-11-24 20:58:47 | INFO     | [WAIT] Cycle 12/16 剩余等待时间: 1.2 分钟
2025-11-24 20:59:44 | INFO     | [WAIT] Cycle 12/16 最后等待: 16 秒
2025-11-24 21:00:16 | INFO     | 
==================================================
2025-11-24 21:00:16 | INFO     | [CYCLE] 第 13 轮交易周期 (Cycle 12/16)
2025-11-24 21:00:16 | INFO     | [TIME] 开始时间: 2025-11-24 21:00:16
2025-11-24 21:00:16 | INFO     | ==================================================
2025-11-24 21:00:31 | INFO     | [STEP 1] Cycle 12/16 平仓字典中存储的仓位...
2025-11-24 21:00:31 | INFO     | [INFO] 仓位字典为空，无需平仓
2025-11-24 21:00:31 | INFO     | [STEP 2] 跳过验证步骤...
2025-11-24 21:00:31 | INFO     | [STEP 3] 提取OHLC数据并计算因子...
2025-11-24 21:00:31 | INFO     | [OK] 获取活跃交易对完成，耗时: 0.001秒
2025-11-24 21:01:45 | INFO     | [FACTORS] 计算得到 534 个有效因子
2025-11-24 21:01:45 | INFO     | [STEP 4] 根据因子值选择交易标的...
2025-11-24 21:01:45 | INFO     | [FILTER] 忽略 1 个交易对: ['BTC/USDT:USDT']
2025-11-24 21:01:45 | INFO     | [FILTER] FHE/USDT:USDT 已在其它周期出现 4 次，达到上限 4，跳过
2025-11-24 21:01:45 | INFO     | [STATS] 因子统计:
2025-11-24 21:01:45 | INFO     |    总计: 533 个标的
2025-11-24 21:01:45 | INFO     |    因子值范围: -0.125493 ~ 0.217664
2025-11-24 21:01:45 | INFO     |    选择做多: 2 个
2025-11-24 21:01:45 | INFO     |    选择做空: 2 个
2025-11-24 21:01:45 | INFO     | [TOP 20] 因子值排名前20的交易对:
2025-11-24 21:01:45 | INFO     |    第1名: FHE/USDT:USDT: 0.217664
2025-11-24 21:01:45 | INFO     |    第2名: ZEN/USDT:USDT: 0.206768
2025-11-24 21:01:45 | INFO     |    第3名: MOCA/USDT:USDT: 0.179792
2025-11-24 21:01:45 | INFO     |    第4名: PNUT/USDT:USDT: 0.170644
2025-11-24 21:01:45 | INFO     |    第5名: SAGA/USDT:USDT: 0.157964
2025-11-24 21:01:45 | INFO     |    第6名: EVAA/USDT:USDT: 0.155767
2025-11-24 21:01:45 | INFO     |    第7名: OBOL/USDT:USDT: 0.136923
2025-11-24 21:01:45 | INFO     |    第8名: SLP/USDT:USDT: 0.134910
2025-11-24 21:01:45 | INFO     |    第9名: PUMP/USDT:USDT: 0.128967
2025-11-24 21:01:45 | INFO     |    第10名: RIVER/USDT:USDT: 0.128489
2025-11-24 21:01:45 | INFO     |    第11名: CHESS/USDT:USDT: 0.127802
2025-11-24 21:01:45 | INFO     |    第12名: BANANA/USDT:USDT: 0.125927
2025-11-24 21:01:45 | INFO     |    第13名: SOON/USDT:USDT: 0.125089
2025-11-24 21:01:45 | INFO     |    第14名: M/USDT:USDT: 0.123758
2025-11-24 21:01:45 | INFO     |    第15名: HOOK/USDT:USDT: 0.122817
2025-11-24 21:01:45 | INFO     |    第16名: ON/USDT:USDT: 0.120729
2025-11-24 21:01:45 | INFO     |    第17名: ICP/USDT:USDT: 0.116747
2025-11-24 21:01:45 | INFO     |    第18名: MON/USDT:USDT: 0.116199
2025-11-24 21:01:45 | INFO     |    第19名: NFP/USDT:USDT: 0.114130
2025-11-24 21:01:45 | INFO     |    第20名: AXL/USDT:USDT: 0.111227
2025-11-24 21:01:45 | INFO     | [BOTTOM 20] 因子值排名后20的交易对:
2025-11-24 21:01:45 | INFO     |    第514名: BEAT/USDT:USDT: -0.033872
2025-11-24 21:01:45 | INFO     |    第515名: DOT/USDT:USDT: -0.033967
2025-11-24 21:01:45 | INFO     |    第516名: BAS/USDT:USDT: -0.034294
2025-11-24 21:01:45 | INFO     |    第517名: B/USDT:USDT: -0.035869
2025-11-24 21:01:45 | INFO     |    第518名: PENGU/USDT:USDT: -0.036975
2025-11-24 21:01:45 | INFO     |    第519名: AVA/USDT:USDT: -0.037135
2025-11-24 21:01:45 | INFO     |    第520名: AI/USDT:USDT: -0.037378
2025-11-24 21:01:45 | INFO     |    第521名: BABY/USDT:USDT: -0.039003
2025-11-24 21:01:45 | INFO     |    第522名: XPIN/USDT:USDT: -0.039192
2025-11-24 21:01:45 | INFO     |    第523名: ALPINE/USDT:USDT: -0.040067
2025-11-24 21:01:45 | INFO     |    第524名: STX/USDT:USDT: -0.040769
2025-11-24 21:01:45 | INFO     |    第525名: NAORIS/USDT:USDT: -0.041449
2025-11-24 21:01:45 | INFO     |    第526名: VANRY/USDT:USDT: -0.041823
2025-11-24 21:01:45 | INFO     |    第527名: SYS/USDT:USDT: -0.041916
2025-11-24 21:01:45 | INFO     |    第528名: ZKC/USDT:USDT: -0.042808
2025-11-24 21:01:45 | INFO     |    第529名: TRADOOR/USDT:USDT: -0.045285
2025-11-24 21:01:45 | INFO     |    第530名: XNY/USDT:USDT: -0.056483
2025-11-24 21:01:45 | INFO     |    第531名: COS/USDT:USDT: -0.074452
2025-11-24 21:01:45 | INFO     |    第532名: EPIC/USDT:USDT: -0.074456
2025-11-24 21:01:45 | INFO     |    第533名: A2Z/USDT:USDT: -0.125493
2025-11-24 21:01:45 | INFO     | [LONG SYMBOLS] 做多标的详情:
2025-11-24 21:01:45 | INFO     |    ZEN/USDT:USDT: 0.206768
2025-11-24 21:01:45 | INFO     |    MOCA/USDT:USDT: 0.179792
2025-11-24 21:01:45 | INFO     | [SHORT SYMBOLS] 做空标的详情:
2025-11-24 21:01:45 | INFO     |    A2Z/USDT:USDT: -0.125493
2025-11-24 21:01:45 | INFO     |    EPIC/USDT:USDT: -0.074456
2025-11-24 21:01:45 | INFO     | [SELECTION] 选择交易标的:
2025-11-24 21:01:45 | INFO     |    做多: ['ZEN/USDT:USDT', 'MOCA/USDT:USDT']
2025-11-24 21:01:45 | INFO     |    做空: ['A2Z/USDT:USDT', 'EPIC/USDT:USDT']
2025-11-24 21:01:46 | INFO     | [DINGDING] 通知已发送: Cycle 12/16 交易标的选择完成:
做多 (2个):
  ZEN/USDT:USDT: 0.206768
  MOCA/USDT:USDT: 0.179792
做空 (2个):
  A2Z/USDT:USDT: -0.125493
  EPIC/USDT:USDT: -0.074456

因子统计:
  总计: 534 个标的
  范围: -0.125493 ~ 0.217664
2025-11-24 21:01:46 | INFO     | [STEP 5] 获取当前合约保证金...
2025-11-24 21:01:46 | INFO     | [BALANCE] 当前保证金余额: 91.80 USDT
2025-11-24 21:01:46 | INFO     | [DINGDING] 通知已发送:  账户余额报告
 时间: 2025-11-24 21:01:46
 USDT余额: 91.80
2025-11-24 21:01:46 | INFO     | [BALANCE] 余额通知已发送: 91.80 USDT
2025-11-24 21:01:46 | INFO     | [BALANCE] Cycle 12/16 首次交易，使用预分配资金 21.48 USDT
2025-11-24 21:01:46 | INFO     | [STEP 6] 执行开仓交易...
2025-11-24 21:01:46 | INFO     | [BALANCE] 总余额: 21.48 USDT
2025-11-24 21:01:46 | INFO     | [INFO] 总仓位数: 4
2025-11-24 21:01:46 | INFO     | [VALUE] 单仓价值: 15.79 USDT
2025-11-24 21:01:46 | INFO     | [MARGIN] 设置保证金模式为 ISOLATED...
2025-11-24 21:01:46 | INFO     | [MARGIN] ZEN/USDT:USDT (ZENUSDT) 保证金模式设置为 ISOLATED ✓
2025-11-24 21:01:46 | INFO     | [MARGIN] MOCA/USDT:USDT 已经是 ISOLATED 模式
2025-11-24 21:01:46 | INFO     | [MARGIN] A2Z/USDT:USDT 已经是 ISOLATED 模式
2025-11-24 21:01:46 | INFO     | [MARGIN] EPIC/USDT:USDT 已经是 ISOLATED 模式
2025-11-24 21:01:46 | INFO     | [MARGIN] 保证金模式设置完成: 4/4 成功
2025-11-24 21:01:46 | INFO     | [LEVERAGE] 设置杠杆为 3x...
2025-11-24 21:01:47 | INFO     | [LIVE LONG] 开多头仓位: 2 个
2025-11-24 21:01:47 | INFO     | [LIVE BUY] 做多 ZEN/USDT:USDT: 1.2 @ 12.665
2025-11-24 21:01:47 | INFO     | [LIVE MARKET] 创建市价单 ZEN/USDT:USDT: buy 1.2
2025-11-24 21:01:47 | INFO     | [LIVE SUCCESS] ZEN/USDT:USDT 市价单创建成功 ID:7953188168 成交:1.2
2025-11-24 21:01:47 | INFO     | [PROTECT] ZEN/USDT:USDT 止盈单创建成功 ID:7953188171 触发价:15.198
2025-11-24 21:01:47 | INFO     | [PROTECT] ZEN/USDT:USDT 止损单创建成功 ID:7953188172 触发价:10.132
2025-11-24 21:01:47 | INFO     | [LIVE BUY] 做多 MOCA/USDT:USDT: 621.1 @ 0.02542
2025-11-24 21:01:47 | INFO     | [LIVE MARKET] 创建市价单 MOCA/USDT:USDT: buy 621.1
2025-11-24 21:01:47 | INFO     | [LIVE SUCCESS] MOCA/USDT:USDT 市价单创建成功 ID:892482774 成交:621.0
2025-11-24 21:01:47 | INFO     | [PROTECT] MOCA/USDT:USDT 止盈单创建成功 ID:892482800 触发价:0.0305
2025-11-24 21:01:47 | INFO     | [PROTECT] MOCA/USDT:USDT 止损单创建成功 ID:892482802 触发价:0.02034
2025-11-24 21:01:47 | INFO     | [LIVE OK] 多头开仓: 2/2 成功
2025-11-24 21:01:47 | INFO     | [LIVE SHORT] 开空头仓位: 2 个
2025-11-24 21:01:47 | INFO     | [LIVE SELL] 做空 A2Z/USDT:USDT: 4899.4 @ 0.003223
2025-11-24 21:01:47 | INFO     | [LIVE MARKET] 创建市价单 A2Z/USDT:USDT: sell 4899.4
2025-11-24 21:01:47 | INFO     | [LIVE SUCCESS] A2Z/USDT:USDT 市价单创建成功 ID:368374187 成交:4899.0
2025-11-24 21:01:47 | INFO     | [PROTECT] A2Z/USDT:USDT 止盈单创建成功 ID:368374188 触发价:0.002578
2025-11-24 21:01:47 | INFO     | [PROTECT] A2Z/USDT:USDT 止损单创建成功 ID:368374189 触发价:0.003868
2025-11-24 21:01:47 | INFO     | [LIVE SELL] 做空 EPIC/USDT:USDT: 27.2 @ 0.58
2025-11-24 21:01:47 | INFO     | [LIVE MARKET] 创建市价单 EPIC/USDT:USDT: sell 27.2
2025-11-24 21:01:47 | INFO     | [LIVE SUCCESS] EPIC/USDT:USDT 市价单创建成功 ID:1002846571 成交:27.2
2025-11-24 21:01:47 | INFO     | [PROTECT] EPIC/USDT:USDT 止盈单创建成功 ID:1002846574 触发价:0.464
2025-11-24 21:01:47 | INFO     | [PROTECT] EPIC/USDT:USDT 止损单创建成功 ID:1002846579 触发价:0.696
2025-11-24 21:01:48 | INFO     | [LIVE OK] 空头开仓: 2/2 成功
2025-11-24 21:01:48 | INFO     | [POSITIONS] 新仓位已添加到字典: {'ZEN/USDT:USDT': {'side': 'long', 'quantity': 1.2, 'open_price': 12.665, 'position_side': 'LONG', 'take_profit_order_id': '7953188171', 'take_profit_price': 15.198, 'stop_loss_order_id': '7953188172', 'stop_loss_price': 10.132}, 'MOCA/USDT:USDT': {'side': 'long', 'quantity': 621.1, 'open_price': 0.02542, 'position_side': 'LONG', 'take_profit_order_id': '892482800', 'take_profit_price': 0.0305, 'stop_loss_order_id': '892482802', 'stop_loss_price': 0.02034}, 'A2Z/USDT:USDT': {'side': 'short', 'quantity': 4899.4, 'open_price': 0.003223, 'position_side': 'SHORT', 'take_profit_order_id': '368374188', 'take_profit_price': 0.002578, 'stop_loss_order_id': '368374189', 'stop_loss_price': 0.003868}, 'EPIC/USDT:USDT': {'side': 'short', 'quantity': 27.2, 'open_price': 0.58, 'position_side': 'SHORT', 'take_profit_order_id': '1002846574', 'take_profit_price': 0.464, 'stop_loss_order_id': '1002846579', 'stop_loss_price': 0.696}}
2025-11-24 21:01:48 | INFO     | [POSITIONS] 当前仓位字典: {'ZEN/USDT:USDT': {'side': 'long', 'quantity': 1.2, 'open_price': 12.665, 'position_side': 'LONG', 'take_profit_order_id': '7953188171', 'take_profit_price': 15.198, 'stop_loss_order_id': '7953188172', 'stop_loss_price': 10.132}, 'MOCA/USDT:USDT': {'side': 'long', 'quantity': 621.1, 'open_price': 0.02542, 'position_side': 'LONG', 'take_profit_order_id': '892482800', 'take_profit_price': 0.0305, 'stop_loss_order_id': '892482802', 'stop_loss_price': 0.02034}, 'A2Z/USDT:USDT': {'side': 'short', 'quantity': 4899.4, 'open_price': 0.003223, 'position_side': 'SHORT', 'take_profit_order_id': '368374188', 'take_profit_price': 0.002578, 'stop_loss_order_id': '368374189', 'stop_loss_price': 0.003868}, 'EPIC/USDT:USDT': {'side': 'short', 'quantity': 27.2, 'open_price': 0.58, 'position_side': 'SHORT', 'take_profit_order_id': '1002846574', 'take_profit_price': 0.464, 'stop_loss_order_id': '1002846579', 'stop_loss_price': 0.696}}
2025-11-24 21:01:48 | INFO     | [STEP 7] 开仓交易完成
2025-11-24 21:01:48 | INFO     | [INFO] 跳过详细仓位验证，交易周期完成
2025-11-24 21:01:48 | INFO     | [STEP 8] 记录当前交易对价格和因子信息...
2025-11-24 21:01:48 | INFO     | [API] 成功获取 534 个交易对价格
2025-11-24 21:01:48 | INFO     | [RECORD] 记录了 534 个交易对的价格和因子信息
2025-11-24 21:01:48 | INFO     | [OK] 交易周期执行成功
2025-11-24 21:01:48 | INFO     | [TIME] 周期耗时: 92.0秒
2025-11-24 21:01:48 | INFO     | [16H] Cycle 13/16 下次执行时间: 2025-11-24 22:00:00
2025-11-24 21:01:48 | INFO     | [WAIT] 等待 3492 秒 (1.0 小时)
2025-11-24 21:11:57 | INFO     | [WAIT] Cycle 13/16 剩余等待时间: 48.0 分钟
2025-11-24 21:22:08 | INFO     | [WAIT] Cycle 13/16 剩余等待时间: 37.9 分钟
2025-11-24 21:32:17 | INFO     | [WAIT] Cycle 13/16 剩余等待时间: 27.7 分钟
2025-11-24 21:42:26 | INFO     | [WAIT] Cycle 13/16 剩余等待时间: 17.6 分钟
2025-11-24 21:52:37 | INFO     | [WAIT] Cycle 13/16 剩余等待时间: 7.4 分钟
2025-11-24 21:59:44 | INFO     | [WAIT] Cycle 13/16 最后等待: 15 秒
2025-11-24 22:00:17 | INFO     | 
==================================================
2025-11-24 22:00:17 | INFO     | [CYCLE] 第 14 轮交易周期 (Cycle 13/16)
2025-11-24 22:00:17 | INFO     | [TIME] 开始时间: 2025-11-24 22:00:17
2025-11-24 22:00:17 | INFO     | ==================================================
2025-11-24 22:00:34 | INFO     | [STEP 1] Cycle 13/16 平仓字典中存储的仓位...
2025-11-24 22:00:34 | INFO     | [INFO] 仓位字典为空，无需平仓
2025-11-24 22:00:34 | INFO     | [STEP 2] 跳过验证步骤...
2025-11-24 22:00:34 | INFO     | [STEP 3] 提取OHLC数据并计算因子...
2025-11-24 22:00:34 | INFO     | [OK] 获取活跃交易对完成，耗时: 0.001秒
2025-11-24 22:01:48 | INFO     | [FACTORS] 计算得到 534 个有效因子
2025-11-24 22:01:48 | INFO     | [STEP 4] 根据因子值选择交易标的...
2025-11-24 22:01:48 | INFO     | [FILTER] 忽略 1 个交易对: ['BTC/USDT:USDT']
2025-11-24 22:01:48 | INFO     | [STATS] 因子统计:
2025-11-24 22:01:48 | INFO     |    总计: 533 个标的
2025-11-24 22:01:48 | INFO     |    因子值范围: -0.103595 ~ 0.219417
2025-11-24 22:01:48 | INFO     |    选择做多: 2 个
2025-11-24 22:01:48 | INFO     |    选择做空: 2 个
2025-11-24 22:01:48 | INFO     | [TOP 20] 因子值排名前20的交易对:
2025-11-24 22:01:48 | INFO     |    第1名: OBOL/USDT:USDT: 0.219417
2025-11-24 22:01:48 | INFO     |    第2名: MOCA/USDT:USDT: 0.212010
2025-11-24 22:01:48 | INFO     |    第3名: FHE/USDT:USDT: 0.211691
2025-11-24 22:01:48 | INFO     |    第4名: EVAA/USDT:USDT: 0.191266
2025-11-24 22:01:48 | INFO     |    第5名: ZEN/USDT:USDT: 0.187322
2025-11-24 22:01:48 | INFO     |    第6名: BANANAS31/USDT:USDT: 0.167842
2025-11-24 22:01:48 | INFO     |    第7名: SLP/USDT:USDT: 0.147466
2025-11-24 22:01:48 | INFO     |    第8名: PNUT/USDT:USDT: 0.137505
2025-11-24 22:01:48 | INFO     |    第9名: ICP/USDT:USDT: 0.132322
2025-11-24 22:01:48 | INFO     |    第10名: PIPPIN/USDT:USDT: 0.128311
2025-11-24 22:01:48 | INFO     |    第11名: ESPORTS/USDT:USDT: 0.126622
2025-11-24 22:01:48 | INFO     |    第12名: STRK/USDT:USDT: 0.125149
2025-11-24 22:01:48 | INFO     |    第13名: NFP/USDT:USDT: 0.125132
2025-11-24 22:01:48 | INFO     |    第14名: ON/USDT:USDT: 0.122078
2025-11-24 22:01:48 | INFO     |    第15名: PUMP/USDT:USDT: 0.120885
2025-11-24 22:01:48 | INFO     |    第16名: AXL/USDT:USDT: 0.118947
2025-11-24 22:01:48 | INFO     |    第17名: HOOK/USDT:USDT: 0.117896
2025-11-24 22:01:48 | INFO     |    第18名: MON/USDT:USDT: 0.117302
2025-11-24 22:01:48 | INFO     |    第19名: SAGA/USDT:USDT: 0.116204
2025-11-24 22:01:48 | INFO     |    第20名: NXPC/USDT:USDT: 0.114294
2025-11-24 22:01:48 | INFO     | [BOTTOM 20] 因子值排名后20的交易对:
2025-11-24 22:01:48 | INFO     |    第514名: BABY/USDT:USDT: -0.025833
2025-11-24 22:01:48 | INFO     |    第515名: XPIN/USDT:USDT: -0.027871
2025-11-24 22:01:48 | INFO     |    第516名: SKL/USDT:USDT: -0.027900
2025-11-24 22:01:48 | INFO     |    第517名: DODOX/USDT:USDT: -0.029027
2025-11-24 22:01:48 | INFO     |    第518名: HIGH/USDT:USDT: -0.030013
2025-11-24 22:01:48 | INFO     |    第519名: BEAT/USDT:USDT: -0.030475
2025-11-24 22:01:48 | INFO     |    第520名: B/USDT:USDT: -0.030706
2025-11-24 22:01:48 | INFO     |    第521名: D/USDT:USDT: -0.031476
2025-11-24 22:01:48 | INFO     |    第522名: ALPINE/USDT:USDT: -0.031968
2025-11-24 22:01:48 | INFO     |    第523名: STX/USDT:USDT: -0.033089
2025-11-24 22:01:48 | INFO     |    第524名: FLOW/USDT:USDT: -0.033497
2025-11-24 22:01:48 | INFO     |    第525名: ASR/USDT:USDT: -0.035340
2025-11-24 22:01:48 | INFO     |    第526名: ENSO/USDT:USDT: -0.035710
2025-11-24 22:01:48 | INFO     |    第527名: NAORIS/USDT:USDT: -0.036210
2025-11-24 22:01:48 | INFO     |    第528名: ADA/USDT:USDT: -0.036719
2025-11-24 22:01:48 | INFO     |    第529名: EPIC/USDT:USDT: -0.049936
2025-11-24 22:01:48 | INFO     |    第530名: KITE/USDT:USDT: -0.058427
2025-11-24 22:01:48 | INFO     |    第531名: COS/USDT:USDT: -0.076518
2025-11-24 22:01:48 | INFO     |    第532名: A2Z/USDT:USDT: -0.101347
2025-11-24 22:01:48 | INFO     |    第533名: XNY/USDT:USDT: -0.103595
2025-11-24 22:01:48 | INFO     | [LONG SYMBOLS] 做多标的详情:
2025-11-24 22:01:48 | INFO     |    OBOL/USDT:USDT: 0.219417
2025-11-24 22:01:48 | INFO     |    MOCA/USDT:USDT: 0.212010
2025-11-24 22:01:48 | INFO     | [SHORT SYMBOLS] 做空标的详情:
2025-11-24 22:01:48 | INFO     |    XNY/USDT:USDT: -0.103595
2025-11-24 22:01:48 | INFO     |    A2Z/USDT:USDT: -0.101347
2025-11-24 22:01:48 | INFO     | [SELECTION] 选择交易标的:
2025-11-24 22:01:48 | INFO     |    做多: ['OBOL/USDT:USDT', 'MOCA/USDT:USDT']
2025-11-24 22:01:48 | INFO     |    做空: ['XNY/USDT:USDT', 'A2Z/USDT:USDT']
2025-11-24 22:01:49 | INFO     | [DINGDING] 通知已发送: Cycle 13/16 交易标的选择完成:
做多 (2个):
  OBOL/USDT:USDT: 0.219417
  MOCA/USDT:USDT: 0.212010
做空 (2个):
  XNY/USDT:USDT: -0.103595
  A2Z/USDT:USDT: -0.101347

因子统计:
  总计: 534 个标的
  范围: -0.103595 ~ 0.219417
2025-11-24 22:01:49 | INFO     | [STEP 5] 获取当前合约保证金...
2025-11-24 22:01:49 | INFO     | [BALANCE] 当前保证金余额: 70.95 USDT
2025-11-24 22:01:49 | INFO     | [DINGDING] 通知已发送:  账户余额报告
 时间: 2025-11-24 22:01:49
 USDT余额: 70.95
2025-11-24 22:01:49 | INFO     | [BALANCE] 余额通知已发送: 70.95 USDT
2025-11-24 22:01:49 | INFO     | [BALANCE] Cycle 13/16 首次交易，使用预分配资金 21.48 USDT
2025-11-24 22:01:49 | INFO     | [STEP 6] 执行开仓交易...
2025-11-24 22:01:49 | INFO     | [BALANCE] 总余额: 21.48 USDT
2025-11-24 22:01:49 | INFO     | [INFO] 总仓位数: 4
2025-11-24 22:01:49 | INFO     | [VALUE] 单仓价值: 15.79 USDT
2025-11-24 22:01:49 | INFO     | [MARGIN] 设置保证金模式为 ISOLATED...
2025-11-24 22:01:49 | INFO     | [MARGIN] OBOL/USDT:USDT (OBOLUSDT) 保证金模式设置为 ISOLATED ✓
2025-11-24 22:01:49 | INFO     | [MARGIN] MOCA/USDT:USDT 已经是 ISOLATED 模式
2025-11-24 22:01:49 | INFO     | [MARGIN] XNY/USDT:USDT (XNYUSDT) 保证金模式设置为 ISOLATED ✓
2025-11-24 22:01:49 | INFO     | [MARGIN] A2Z/USDT:USDT 已经是 ISOLATED 模式
2025-11-24 22:01:49 | INFO     | [MARGIN] 保证金模式设置完成: 4/4 成功
2025-11-24 22:01:49 | INFO     | [LEVERAGE] 设置杠杆为 3x...
2025-11-24 22:01:50 | INFO     | [LIVE LONG] 开多头仓位: 2 个
2025-11-24 22:01:50 | INFO     | [LIVE BUY] 做多 OBOL/USDT:USDT: 268.3 @ 0.05885
2025-11-24 22:01:50 | INFO     | [LIVE MARKET] 创建市价单 OBOL/USDT:USDT: buy 268.3
2025-11-24 22:01:50 | INFO     | [LIVE SUCCESS] OBOL/USDT:USDT 市价单创建成功 ID:507862864 成交:268.0
2025-11-24 22:01:50 | INFO     | [PROTECT] OBOL/USDT:USDT 止盈单创建成功 ID:507862872 触发价:0.07062
2025-11-24 22:01:50 | INFO     | [PROTECT] OBOL/USDT:USDT 止损单创建成功 ID:507862875 触发价:0.04708
2025-11-24 22:01:50 | INFO     | [LIVE BUY] 做多 MOCA/USDT:USDT: 619.4 @ 0.02549
2025-11-24 22:01:50 | INFO     | [LIVE MARKET] 创建市价单 MOCA/USDT:USDT: buy 619.4
2025-11-24 22:01:50 | INFO     | [LIVE SUCCESS] MOCA/USDT:USDT 市价单创建成功 ID:892510572 成交:619.0
2025-11-24 22:01:50 | INFO     | [PROTECT] MOCA/USDT:USDT 止盈单创建成功 ID:892510573 触发价:0.03059
2025-11-24 22:01:50 | INFO     | [PROTECT] MOCA/USDT:USDT 止损单创建成功 ID:892510588 触发价:0.02039
2025-11-24 22:01:50 | INFO     | [LIVE OK] 多头开仓: 2/2 成功
2025-11-24 22:01:50 | INFO     | [LIVE SHORT] 开空头仓位: 2 个
2025-11-24 22:01:50 | INFO     | [LIVE SELL] 做空 XNY/USDT:USDT: 3662.1 @ 0.004312
2025-11-24 22:01:50 | INFO     | [LIVE MARKET] 创建市价单 XNY/USDT:USDT: sell 3662.1
2025-11-24 22:01:50 | INFO     | [LIVE SUCCESS] XNY/USDT:USDT 市价单创建成功 ID:609814315 成交:3662.0
2025-11-24 22:01:50 | INFO     | [PROTECT] XNY/USDT:USDT 止盈单创建成功 ID:609814316 触发价:0.00345
2025-11-24 22:01:50 | INFO     | [PROTECT] XNY/USDT:USDT 止损单创建成功 ID:609814318 触发价:0.005174
2025-11-24 22:01:50 | INFO     | [LIVE SELL] 做空 A2Z/USDT:USDT: 4899.4 @ 0.003223
2025-11-24 22:01:50 | INFO     | [LIVE MARKET] 创建市价单 A2Z/USDT:USDT: sell 4899.4
2025-11-24 22:01:50 | INFO     | [LIVE SUCCESS] A2Z/USDT:USDT 市价单创建成功 ID:368395101 成交:4899.0
2025-11-24 22:01:50 | INFO     | [PROTECT] A2Z/USDT:USDT 止盈单创建成功 ID:368395102 触发价:0.002578
2025-11-24 22:01:50 | INFO     | [PROTECT] A2Z/USDT:USDT 止损单创建成功 ID:368395104 触发价:0.003868
2025-11-24 22:01:50 | INFO     | [LIVE OK] 空头开仓: 2/2 成功
2025-11-24 22:01:50 | INFO     | [POSITIONS] 新仓位已添加到字典: {'OBOL/USDT:USDT': {'side': 'long', 'quantity': 268.3, 'open_price': 0.05885, 'position_side': 'LONG', 'take_profit_order_id': '507862872', 'take_profit_price': 0.07062, 'stop_loss_order_id': '507862875', 'stop_loss_price': 0.04708}, 'MOCA/USDT:USDT': {'side': 'long', 'quantity': 619.4, 'open_price': 0.02549, 'position_side': 'LONG', 'take_profit_order_id': '892510573', 'take_profit_price': 0.03059, 'stop_loss_order_id': '892510588', 'stop_loss_price': 0.02039}, 'XNY/USDT:USDT': {'side': 'short', 'quantity': 3662.1, 'open_price': 0.004312, 'position_side': 'SHORT', 'take_profit_order_id': '609814316', 'take_profit_price': 0.00345, 'stop_loss_order_id': '609814318', 'stop_loss_price': 0.005174}, 'A2Z/USDT:USDT': {'side': 'short', 'quantity': 4899.4, 'open_price': 0.003223, 'position_side': 'SHORT', 'take_profit_order_id': '368395102', 'take_profit_price': 0.002578, 'stop_loss_order_id': '368395104', 'stop_loss_price': 0.003868}}
2025-11-24 22:01:50 | INFO     | [POSITIONS] 当前仓位字典: {'OBOL/USDT:USDT': {'side': 'long', 'quantity': 268.3, 'open_price': 0.05885, 'position_side': 'LONG', 'take_profit_order_id': '507862872', 'take_profit_price': 0.07062, 'stop_loss_order_id': '507862875', 'stop_loss_price': 0.04708}, 'MOCA/USDT:USDT': {'side': 'long', 'quantity': 619.4, 'open_price': 0.02549, 'position_side': 'LONG', 'take_profit_order_id': '892510573', 'take_profit_price': 0.03059, 'stop_loss_order_id': '892510588', 'stop_loss_price': 0.02039}, 'XNY/USDT:USDT': {'side': 'short', 'quantity': 3662.1, 'open_price': 0.004312, 'position_side': 'SHORT', 'take_profit_order_id': '609814316', 'take_profit_price': 0.00345, 'stop_loss_order_id': '609814318', 'stop_loss_price': 0.005174}, 'A2Z/USDT:USDT': {'side': 'short', 'quantity': 4899.4, 'open_price': 0.003223, 'position_side': 'SHORT', 'take_profit_order_id': '368395102', 'take_profit_price': 0.002578, 'stop_loss_order_id': '368395104', 'stop_loss_price': 0.003868}}
2025-11-24 22:01:50 | INFO     | [STEP 7] 开仓交易完成
2025-11-24 22:01:50 | INFO     | [INFO] 跳过详细仓位验证，交易周期完成
2025-11-24 22:01:50 | INFO     | [STEP 8] 记录当前交易对价格和因子信息...
2025-11-24 22:01:50 | INFO     | [API] 成功获取 534 个交易对价格
2025-11-24 22:01:50 | INFO     | [RECORD] 记录了 534 个交易对的价格和因子信息
2025-11-24 22:01:50 | INFO     | [OK] 交易周期执行成功
2025-11-24 22:01:50 | INFO     | [TIME] 周期耗时: 94.0秒
2025-11-24 22:01:50 | INFO     | [16H] Cycle 14/16 下次执行时间: 2025-11-24 23:00:00
2025-11-24 22:01:50 | INFO     | [WAIT] 等待 3489 秒 (1.0 小时)
2025-11-24 22:12:42 | INFO     | [WAIT] Cycle 14/16 剩余等待时间: 47.3 分钟
2025-11-24 22:23:34 | INFO     | [WAIT] Cycle 14/16 剩余等待时间: 36.4 分钟
2025-11-24 22:34:22 | INFO     | [WAIT] Cycle 14/16 剩余等待时间: 25.6 分钟
2025-11-24 22:45:12 | INFO     | [WAIT] Cycle 14/16 剩余等待时间: 14.8 分钟
2025-11-24 22:56:03 | INFO     | [WAIT] Cycle 14/16 剩余等待时间: 3.9 分钟
2025-11-24 23:00:23 | INFO     | 
==================================================
2025-11-24 23:00:23 | INFO     | [CYCLE] 第 15 轮交易周期 (Cycle 14/16)
2025-11-24 23:00:23 | INFO     | [TIME] 开始时间: 2025-11-24 23:00:23
2025-11-24 23:00:23 | INFO     | ==================================================
2025-11-24 23:00:41 | INFO     | [STEP 1] Cycle 14/16 平仓字典中存储的仓位...
2025-11-24 23:00:41 | INFO     | [INFO] 仓位字典为空，无需平仓
2025-11-24 23:00:41 | INFO     | [STEP 2] 跳过验证步骤...
2025-11-24 23:00:41 | INFO     | [STEP 3] 提取OHLC数据并计算因子...
2025-11-24 23:00:41 | INFO     | [OK] 获取活跃交易对完成，耗时: 0.001秒
2025-11-24 23:01:55 | INFO     | [FACTORS] 计算得到 534 个有效因子
2025-11-24 23:01:55 | INFO     | [STEP 4] 根据因子值选择交易标的...
2025-11-24 23:01:55 | INFO     | [FILTER] 忽略 1 个交易对: ['BTC/USDT:USDT']
2025-11-24 23:01:55 | INFO     | [FILTER] FHE/USDT:USDT 已在其它周期出现 4 次，达到上限 4，跳过
2025-11-24 23:01:55 | INFO     | [FILTER] MOCA/USDT:USDT 已在其它周期出现 4 次，达到上限 4，跳过
2025-11-24 23:01:55 | INFO     | [FILTER] A2Z/USDT:USDT 已在其它周期出现 4 次，达到上限 4，跳过
2025-11-24 23:01:55 | INFO     | [FILTER] COS/USDT:USDT 已在其它周期出现 4 次，达到上限 4，跳过
2025-11-24 23:01:55 | INFO     | [STATS] 因子统计:
2025-11-24 23:01:55 | INFO     |    总计: 533 个标的
2025-11-24 23:01:55 | INFO     |    因子值范围: -0.106491 ~ 0.233169
2025-11-24 23:01:55 | INFO     |    选择做多: 2 个
2025-11-24 23:01:55 | INFO     |    选择做空: 2 个
2025-11-24 23:01:55 | INFO     | [TOP 20] 因子值排名前20的交易对:
2025-11-24 23:01:55 | INFO     |    第1名: BANANAS31/USDT:USDT: 0.233169
2025-11-24 23:01:55 | INFO     |    第2名: FHE/USDT:USDT: 0.222124
2025-11-24 23:01:55 | INFO     |    第3名: MOCA/USDT:USDT: 0.197160
2025-11-24 23:01:55 | INFO     |    第4名: OBOL/USDT:USDT: 0.185305
2025-11-24 23:01:55 | INFO     |    第5名: ZEN/USDT:USDT: 0.172917
2025-11-24 23:01:55 | INFO     |    第6名: EVAA/USDT:USDT: 0.169732
2025-11-24 23:01:55 | INFO     |    第7名: PIPPIN/USDT:USDT: 0.169443
2025-11-24 23:01:55 | INFO     |    第8名: SAGA/USDT:USDT: 0.157009
2025-11-24 23:01:55 | INFO     |    第9名: SOON/USDT:USDT: 0.151816
2025-11-24 23:01:55 | INFO     |    第10名: NFP/USDT:USDT: 0.150508
2025-11-24 23:01:55 | INFO     |    第11名: AXL/USDT:USDT: 0.141158
2025-11-24 23:01:55 | INFO     |    第12名: SKYAI/USDT:USDT: 0.134989
2025-11-24 23:01:55 | INFO     |    第13名: BANANA/USDT:USDT: 0.133941
2025-11-24 23:01:55 | INFO     |    第14名: 1000WHY/USDT:USDT: 0.133573
2025-11-24 23:01:55 | INFO     |    第15名: MON/USDT:USDT: 0.128517
2025-11-24 23:01:55 | INFO     |    第16名: SLP/USDT:USDT: 0.126738
2025-11-24 23:01:55 | INFO     |    第17名: M/USDT:USDT: 0.126580
2025-11-24 23:01:55 | INFO     |    第18名: MERL/USDT:USDT: 0.119033
2025-11-24 23:01:55 | INFO     |    第19名: HOOK/USDT:USDT: 0.118488
2025-11-24 23:01:55 | INFO     |    第20名: STBL/USDT:USDT: 0.115562
2025-11-24 23:01:55 | INFO     | [BOTTOM 20] 因子值排名后20的交易对:
2025-11-24 23:01:55 | INFO     |    第514名: ADA/USDT:USDT: -0.023431
2025-11-24 23:01:55 | INFO     |    第515名: AVA/USDT:USDT: -0.025531
2025-11-24 23:01:55 | INFO     |    第516名: NOT/USDT:USDT: -0.025532
2025-11-24 23:01:55 | INFO     |    第517名: KSM/USDT:USDT: -0.026686
2025-11-24 23:01:55 | INFO     |    第518名: BABY/USDT:USDT: -0.026978
2025-11-24 23:01:55 | INFO     |    第519名: ILV/USDT:USDT: -0.028852
2025-11-24 23:01:55 | INFO     |    第520名: PIXEL/USDT:USDT: -0.030611
2025-11-24 23:01:55 | INFO     |    第521名: EPIC/USDT:USDT: -0.030891
2025-11-24 23:01:55 | INFO     |    第522名: HIGH/USDT:USDT: -0.031268
2025-11-24 23:01:55 | INFO     |    第523名: HUMA/USDT:USDT: -0.032002
2025-11-24 23:01:55 | INFO     |    第524名: HEI/USDT:USDT: -0.034148
2025-11-24 23:01:55 | INFO     |    第525名: FLOW/USDT:USDT: -0.036631
2025-11-24 23:01:55 | INFO     |    第526名: SKL/USDT:USDT: -0.037434
2025-11-24 23:01:55 | INFO     |    第527名: NAORIS/USDT:USDT: -0.037515
2025-11-24 23:01:55 | INFO     |    第528名: ICNT/USDT:USDT: -0.037545
2025-11-24 23:01:55 | INFO     |    第529名: D/USDT:USDT: -0.039490
2025-11-24 23:01:55 | INFO     |    第530名: ENSO/USDT:USDT: -0.042200
2025-11-24 23:01:55 | INFO     |    第531名: COS/USDT:USDT: -0.066546
2025-11-24 23:01:55 | INFO     |    第532名: XNY/USDT:USDT: -0.095172
2025-11-24 23:01:55 | INFO     |    第533名: A2Z/USDT:USDT: -0.106491
2025-11-24 23:01:55 | INFO     | [LONG SYMBOLS] 做多标的详情:
2025-11-24 23:01:55 | INFO     |    BANANAS31/USDT:USDT: 0.233169
2025-11-24 23:01:55 | INFO     |    OBOL/USDT:USDT: 0.185305
2025-11-24 23:01:55 | INFO     | [SHORT SYMBOLS] 做空标的详情:
2025-11-24 23:01:55 | INFO     |    XNY/USDT:USDT: -0.095172
2025-11-24 23:01:55 | INFO     |    ENSO/USDT:USDT: -0.042200
2025-11-24 23:01:55 | INFO     | [SELECTION] 选择交易标的:
2025-11-24 23:01:55 | INFO     |    做多: ['BANANAS31/USDT:USDT', 'OBOL/USDT:USDT']
2025-11-24 23:01:55 | INFO     |    做空: ['XNY/USDT:USDT', 'ENSO/USDT:USDT']
2025-11-24 23:01:56 | INFO     | [DINGDING] 通知已发送: Cycle 14/16 交易标的选择完成:
做多 (2个):
  BANANAS31/USDT:USDT: 0.233169
  OBOL/USDT:USDT: 0.185305
做空 (2个):
  XNY/USDT:USDT: -0.095172
  ENSO/USDT:USDT: -0.042200

因子统计:
  总计: 534 个标的
  范围: -0.106491 ~ 0.233169
2025-11-24 23:01:56 | INFO     | [STEP 5] 获取当前合约保证金...
2025-11-24 23:01:56 | INFO     | [BALANCE] 当前保证金余额: 49.88 USDT
2025-11-24 23:01:56 | INFO     | [DINGDING] 通知已发送:  账户余额报告
 时间: 2025-11-24 23:01:56
 USDT余额: 49.88
2025-11-24 23:01:56 | INFO     | [BALANCE] 余额通知已发送: 49.88 USDT
2025-11-24 23:01:56 | INFO     | [BALANCE] Cycle 14/16 首次交易，使用预分配资金 21.48 USDT
2025-11-24 23:01:56 | INFO     | [STEP 6] 执行开仓交易...
2025-11-24 23:01:56 | INFO     | [BALANCE] 总余额: 21.48 USDT
2025-11-24 23:01:56 | INFO     | [INFO] 总仓位数: 4
2025-11-24 23:01:56 | INFO     | [VALUE] 单仓价值: 15.79 USDT
2025-11-24 23:01:56 | INFO     | [MARGIN] 设置保证金模式为 ISOLATED...
2025-11-24 23:01:56 | INFO     | [MARGIN] BANANAS31/USDT:USDT (BANANAS31USDT) 保证金模式设置为 ISOLATED ✓
2025-11-24 23:01:57 | INFO     | [MARGIN] OBOL/USDT:USDT 已经是 ISOLATED 模式
2025-11-24 23:01:57 | INFO     | [MARGIN] XNY/USDT:USDT 已经是 ISOLATED 模式
2025-11-24 23:01:57 | INFO     | [MARGIN] ENSO/USDT:USDT (ENSOUSDT) 保证金模式设置为 ISOLATED ✓
2025-11-24 23:01:57 | INFO     | [MARGIN] 保证金模式设置完成: 4/4 成功
2025-11-24 23:01:57 | INFO     | [LEVERAGE] 设置杠杆为 3x...
2025-11-24 23:01:57 | INFO     | [LIVE LONG] 开多头仓位: 2 个
2025-11-24 23:01:57 | INFO     | [LIVE BUY] 做多 BANANAS31/USDT:USDT: 3931.9 @ 0.004016
2025-11-24 23:01:57 | INFO     | [LIVE MARKET] 创建市价单 BANANAS31/USDT:USDT: buy 3931.9
2025-11-24 23:01:57 | INFO     | [LIVE SUCCESS] BANANAS31/USDT:USDT 市价单创建成功 ID:1344442719 成交:3931.0
2025-11-24 23:01:57 | INFO     | [PROTECT] BANANAS31/USDT:USDT 止盈单创建成功 ID:1344442722 触发价:0.004819
2025-11-24 23:01:57 | INFO     | [PROTECT] BANANAS31/USDT:USDT 止损单创建成功 ID:1344442725 触发价:0.003213
2025-11-24 23:01:57 | INFO     | [LIVE BUY] 做多 OBOL/USDT:USDT: 269.0 @ 0.05869
2025-11-24 23:01:57 | INFO     | [LIVE MARKET] 创建市价单 OBOL/USDT:USDT: buy 269.0
2025-11-24 23:01:57 | INFO     | [LIVE SUCCESS] OBOL/USDT:USDT 市价单创建成功 ID:507881348 成交:269.0
2025-11-24 23:01:57 | INFO     | [PROTECT] OBOL/USDT:USDT 止盈单创建成功 ID:507881353 触发价:0.07043
2025-11-24 23:01:57 | INFO     | [PROTECT] OBOL/USDT:USDT 止损单创建成功 ID:507881354 触发价:0.04695
2025-11-24 23:01:57 | INFO     | [LIVE OK] 多头开仓: 2/2 成功
2025-11-24 23:01:57 | INFO     | [LIVE SHORT] 开空头仓位: 2 个
2025-11-24 23:01:57 | INFO     | [LIVE SELL] 做空 XNY/USDT:USDT: 3741.9 @ 0.00422
2025-11-24 23:01:57 | INFO     | [LIVE MARKET] 创建市价单 XNY/USDT:USDT: sell 3741.9
2025-11-24 23:01:57 | INFO     | [LIVE SUCCESS] XNY/USDT:USDT 市价单创建成功 ID:609916374 成交:3741.0
2025-11-24 23:01:57 | INFO     | [PROTECT] XNY/USDT:USDT 止盈单创建成功 ID:609916391 触发价:0.003376
2025-11-24 23:01:57 | INFO     | [PROTECT] XNY/USDT:USDT 止损单创建成功 ID:609916393 触发价:0.005064
2025-11-24 23:01:58 | INFO     | [LIVE SELL] 做空 ENSO/USDT:USDT: 19.6 @ 0.804
2025-11-24 23:01:58 | INFO     | [LIVE MARKET] 创建市价单 ENSO/USDT:USDT: sell 19.6
2025-11-24 23:01:58 | INFO     | [LIVE SUCCESS] ENSO/USDT:USDT 市价单创建成功 ID:266358836 成交:19.6
2025-11-24 23:01:58 | INFO     | [PROTECT] ENSO/USDT:USDT 止盈单创建成功 ID:266358838 触发价:0.643
2025-11-24 23:01:58 | INFO     | [PROTECT] ENSO/USDT:USDT 止损单创建成功 ID:266358839 触发价:0.965
2025-11-24 23:01:58 | INFO     | [LIVE OK] 空头开仓: 2/2 成功
2025-11-24 23:01:58 | INFO     | [POSITIONS] 新仓位已添加到字典: {'BANANAS31/USDT:USDT': {'side': 'long', 'quantity': 3931.9, 'open_price': 0.004016, 'position_side': 'LONG', 'take_profit_order_id': '1344442722', 'take_profit_price': 0.004819, 'stop_loss_order_id': '1344442725', 'stop_loss_price': 0.003213}, 'OBOL/USDT:USDT': {'side': 'long', 'quantity': 269.0, 'open_price': 0.05869, 'position_side': 'LONG', 'take_profit_order_id': '507881353', 'take_profit_price': 0.07043, 'stop_loss_order_id': '507881354', 'stop_loss_price': 0.04695}, 'XNY/USDT:USDT': {'side': 'short', 'quantity': 3741.9, 'open_price': 0.00422, 'position_side': 'SHORT', 'take_profit_order_id': '609916391', 'take_profit_price': 0.003376, 'stop_loss_order_id': '609916393', 'stop_loss_price': 0.005064}, 'ENSO/USDT:USDT': {'side': 'short', 'quantity': 19.6, 'open_price': 0.804, 'position_side': 'SHORT', 'take_profit_order_id': '266358838', 'take_profit_price': 0.643, 'stop_loss_order_id': '266358839', 'stop_loss_price': 0.965}}
2025-11-24 23:01:58 | INFO     | [POSITIONS] 当前仓位字典: {'BANANAS31/USDT:USDT': {'side': 'long', 'quantity': 3931.9, 'open_price': 0.004016, 'position_side': 'LONG', 'take_profit_order_id': '1344442722', 'take_profit_price': 0.004819, 'stop_loss_order_id': '1344442725', 'stop_loss_price': 0.003213}, 'OBOL/USDT:USDT': {'side': 'long', 'quantity': 269.0, 'open_price': 0.05869, 'position_side': 'LONG', 'take_profit_order_id': '507881353', 'take_profit_price': 0.07043, 'stop_loss_order_id': '507881354', 'stop_loss_price': 0.04695}, 'XNY/USDT:USDT': {'side': 'short', 'quantity': 3741.9, 'open_price': 0.00422, 'position_side': 'SHORT', 'take_profit_order_id': '609916391', 'take_profit_price': 0.003376, 'stop_loss_order_id': '609916393', 'stop_loss_price': 0.005064}, 'ENSO/USDT:USDT': {'side': 'short', 'quantity': 19.6, 'open_price': 0.804, 'position_side': 'SHORT', 'take_profit_order_id': '266358838', 'take_profit_price': 0.643, 'stop_loss_order_id': '266358839', 'stop_loss_price': 0.965}}
2025-11-24 23:01:58 | INFO     | [STEP 7] 开仓交易完成
2025-11-24 23:01:58 | INFO     | [INFO] 跳过详细仓位验证，交易周期完成
2025-11-24 23:01:58 | INFO     | [STEP 8] 记录当前交易对价格和因子信息...
2025-11-24 23:01:58 | INFO     | [API] 成功获取 534 个交易对价格
2025-11-24 23:01:58 | INFO     | [RECORD] 记录了 534 个交易对的价格和因子信息
2025-11-24 23:01:58 | INFO     | [OK] 交易周期执行成功
2025-11-24 23:01:58 | INFO     | [TIME] 周期耗时: 95.0秒
2025-11-24 23:01:58 | INFO     | [16H] Cycle 15/16 下次执行时间: 2025-11-25 00:00:00
2025-11-24 23:01:58 | INFO     | [WAIT] 等待 3482 秒 (1.0 小时)
2025-11-24 23:13:26 | INFO     | [WAIT] Cycle 15/16 剩余等待时间: 46.6 分钟
2025-11-24 23:24:55 | INFO     | [WAIT] Cycle 15/16 剩余等待时间: 35.1 分钟
2025-11-24 23:36:24 | INFO     | [WAIT] Cycle 15/16 剩余等待时间: 23.6 分钟
2025-11-24 23:47:52 | INFO     | [WAIT] Cycle 15/16 剩余等待时间: 12.1 分钟
2025-11-24 23:59:21 | INFO     | [WAIT] Cycle 15/16 剩余等待时间: 0.6 分钟
2025-11-25 00:00:12 | WARNING  | [PROTECT WARNING] 获取 RIVER/USDT:USDT 持仓信息失败: binance {"code":-1007,"msg":"Timeout waiting for response from backend server. Send status unknown; execution status unknown."}
2025-11-25 00:00:33 | INFO     | 
==================================================
2025-11-25 00:00:33 | INFO     | [CYCLE] 第 16 轮交易周期 (Cycle 15/16)
2025-11-25 00:00:33 | INFO     | [TIME] 开始时间: 2025-11-25 00:00:33
2025-11-25 00:00:33 | INFO     | ==================================================
2025-11-25 00:00:52 | INFO     | [STEP 1] Cycle 15/16 平仓字典中存储的仓位...
2025-11-25 00:00:52 | INFO     | [INFO] 仓位字典为空，无需平仓
2025-11-25 00:00:52 | INFO     | [STEP 2] 跳过验证步骤...
2025-11-25 00:00:52 | INFO     | [STEP 3] 提取OHLC数据并计算因子...
2025-11-25 00:00:52 | INFO     | [OK] 获取活跃交易对完成，耗时: 0.001秒
2025-11-25 00:02:07 | INFO     | [FACTORS] 计算得到 534 个有效因子
2025-11-25 00:02:07 | INFO     | [STEP 4] 根据因子值选择交易标的...
2025-11-25 00:02:07 | INFO     | [FILTER] 忽略 1 个交易对: ['BTC/USDT:USDT']
2025-11-25 00:02:07 | INFO     | [FILTER] A2Z/USDT:USDT 已在其它周期出现 4 次，达到上限 4，跳过
2025-11-25 00:02:07 | INFO     | [STATS] 因子统计:
2025-11-25 00:02:07 | INFO     |    总计: 533 个标的
2025-11-25 00:02:07 | INFO     |    因子值范围: -0.118391 ~ 0.261915
2025-11-25 00:02:07 | INFO     |    选择做多: 2 个
2025-11-25 00:02:07 | INFO     |    选择做空: 2 个
2025-11-25 00:02:07 | INFO     | [TOP 20] 因子值排名前20的交易对:
2025-11-25 00:02:07 | INFO     |    第1名: OBOL/USDT:USDT: 0.261915
2025-11-25 00:02:07 | INFO     |    第2名: 1000WHY/USDT:USDT: 0.210778
2025-11-25 00:02:07 | INFO     |    第3名: BANANAS31/USDT:USDT: 0.206577
2025-11-25 00:02:07 | INFO     |    第4名: FHE/USDT:USDT: 0.205378
2025-11-25 00:02:07 | INFO     |    第5名: PIPPIN/USDT:USDT: 0.195556
2025-11-25 00:02:07 | INFO     |    第6名: MOCA/USDT:USDT: 0.186809
2025-11-25 00:02:07 | INFO     |    第7名: ZEN/USDT:USDT: 0.182818
2025-11-25 00:02:07 | INFO     |    第8名: LIGHT/USDT:USDT: 0.175222
2025-11-25 00:02:07 | INFO     |    第9名: MAVIA/USDT:USDT: 0.148585
2025-11-25 00:02:07 | INFO     |    第10名: EVAA/USDT:USDT: 0.148553
2025-11-25 00:02:07 | INFO     |    第11名: SAGA/USDT:USDT: 0.141620
2025-11-25 00:02:07 | INFO     |    第12名: NFP/USDT:USDT: 0.141391
2025-11-25 00:02:07 | INFO     |    第13名: C98/USDT:USDT: 0.139601
2025-11-25 00:02:07 | INFO     |    第14名: AEVO/USDT:USDT: 0.139305
2025-11-25 00:02:07 | INFO     |    第15名: MON/USDT:USDT: 0.135090
2025-11-25 00:02:07 | INFO     |    第16名: SOON/USDT:USDT: 0.131736
2025-11-25 00:02:07 | INFO     |    第17名: 4/USDT:USDT: 0.129340
2025-11-25 00:02:07 | INFO     |    第18名: MERL/USDT:USDT: 0.125441
2025-11-25 00:02:07 | INFO     |    第19名: PONKE/USDT:USDT: 0.124241
2025-11-25 00:02:07 | INFO     |    第20名: GUN/USDT:USDT: 0.118472
2025-11-25 00:02:07 | INFO     | [BOTTOM 20] 因子值排名后20的交易对:
2025-11-25 00:02:07 | INFO     |    第514名: FLOW/USDT:USDT: -0.022448
2025-11-25 00:02:07 | INFO     |    第515名: MANTA/USDT:USDT: -0.023087
2025-11-25 00:02:07 | INFO     |    第516名: TIA/USDT:USDT: -0.023542
2025-11-25 00:02:07 | INFO     |    第517名: HUMA/USDT:USDT: -0.023753
2025-11-25 00:02:07 | INFO     |    第518名: SKL/USDT:USDT: -0.024480
2025-11-25 00:02:07 | INFO     |    第519名: OL/USDT:USDT: -0.025021
2025-11-25 00:02:07 | INFO     |    第520名: AWE/USDT:USDT: -0.025824
2025-11-25 00:02:07 | INFO     |    第521名: KITE/USDT:USDT: -0.027068
2025-11-25 00:02:07 | INFO     |    第522名: DOT/USDT:USDT: -0.028076
2025-11-25 00:02:07 | INFO     |    第523名: XMR/USDT:USDT: -0.029807
2025-11-25 00:02:07 | INFO     |    第524名: D/USDT:USDT: -0.030189
2025-11-25 00:02:07 | INFO     |    第525名: HEI/USDT:USDT: -0.030998
2025-11-25 00:02:07 | INFO     |    第526名: PIXEL/USDT:USDT: -0.037163
2025-11-25 00:02:07 | INFO     |    第527名: NOT/USDT:USDT: -0.038520
2025-11-25 00:02:07 | INFO     |    第528名: SOLV/USDT:USDT: -0.039341
2025-11-25 00:02:07 | INFO     |    第529名: COS/USDT:USDT: -0.052076
2025-11-25 00:02:07 | INFO     |    第530名: XPIN/USDT:USDT: -0.061250
2025-11-25 00:02:07 | INFO     |    第531名: XNY/USDT:USDT: -0.073774
2025-11-25 00:02:07 | INFO     |    第532名: ICNT/USDT:USDT: -0.075476
2025-11-25 00:02:07 | INFO     |    第533名: A2Z/USDT:USDT: -0.118391
2025-11-25 00:02:07 | INFO     | [LONG SYMBOLS] 做多标的详情:
2025-11-25 00:02:07 | INFO     |    OBOL/USDT:USDT: 0.261915
2025-11-25 00:02:07 | INFO     |    1000WHY/USDT:USDT: 0.210778
2025-11-25 00:02:07 | INFO     | [SHORT SYMBOLS] 做空标的详情:
2025-11-25 00:02:07 | INFO     |    ICNT/USDT:USDT: -0.075476
2025-11-25 00:02:07 | INFO     |    XNY/USDT:USDT: -0.073774
2025-11-25 00:02:07 | INFO     | [SELECTION] 选择交易标的:
2025-11-25 00:02:07 | INFO     |    做多: ['OBOL/USDT:USDT', '1000WHY/USDT:USDT']
2025-11-25 00:02:07 | INFO     |    做空: ['ICNT/USDT:USDT', 'XNY/USDT:USDT']
2025-11-25 00:02:07 | INFO     | [DINGDING] 通知已发送: Cycle 15/16 交易标的选择完成:
做多 (2个):
  OBOL/USDT:USDT: 0.261915
  1000WHY/USDT:USDT: 0.210778
做空 (2个):
  ICNT/USDT:USDT: -0.075476
  XNY/USDT:USDT: -0.073774

因子统计:
  总计: 534 个标的
  范围: -0.118391 ~ 0.261915
2025-11-25 00:02:07 | INFO     | [STEP 5] 获取当前合约保证金...
2025-11-25 00:02:07 | INFO     | [BALANCE] 当前保证金余额: 28.80 USDT
2025-11-25 00:02:08 | INFO     | [DINGDING] 通知已发送:  账户余额报告
 时间: 2025-11-25 00:02:07
 USDT余额: 28.80
2025-11-25 00:02:08 | INFO     | [BALANCE] 余额通知已发送: 28.80 USDT
2025-11-25 00:02:08 | INFO     | [BALANCE] Cycle 15/16 首次交易，使用预分配资金 21.48 USDT
2025-11-25 00:02:08 | INFO     | [STEP 6] 执行开仓交易...
2025-11-25 00:02:08 | INFO     | [BALANCE] 总余额: 21.48 USDT
2025-11-25 00:02:08 | INFO     | [INFO] 总仓位数: 4
2025-11-25 00:02:08 | INFO     | [VALUE] 单仓价值: 15.79 USDT
2025-11-25 00:02:08 | INFO     | [MARGIN] 设置保证金模式为 ISOLATED...
2025-11-25 00:02:08 | INFO     | [MARGIN] OBOL/USDT:USDT 已经是 ISOLATED 模式
2025-11-25 00:02:08 | INFO     | [MARGIN] 1000WHY/USDT:USDT (1000WHYUSDT) 保证金模式设置为 ISOLATED ✓
2025-11-25 00:02:08 | INFO     | [MARGIN] ICNT/USDT:USDT (ICNTUSDT) 保证金模式设置为 ISOLATED ✓
2025-11-25 00:02:08 | INFO     | [MARGIN] XNY/USDT:USDT 已经是 ISOLATED 模式
2025-11-25 00:02:08 | INFO     | [MARGIN] 保证金模式设置完成: 4/4 成功
2025-11-25 00:02:08 | INFO     | [LEVERAGE] 设置杠杆为 3x...
2025-11-25 00:02:08 | INFO     | [LIVE LONG] 开多头仓位: 2 个
2025-11-25 00:02:08 | INFO     | [LIVE BUY] 做多 OBOL/USDT:USDT: 271.2 @ 0.05822
2025-11-25 00:02:08 | INFO     | [LIVE MARKET] 创建市价单 OBOL/USDT:USDT: buy 271.2
2025-11-25 00:02:08 | INFO     | [LIVE SUCCESS] OBOL/USDT:USDT 市价单创建成功 ID:507898206 成交:271.0
2025-11-25 00:02:08 | INFO     | [PROTECT] OBOL/USDT:USDT 止盈单创建成功 ID:507898208 触发价:0.06986
2025-11-25 00:02:08 | INFO     | [PROTECT] OBOL/USDT:USDT 止损单创建成功 ID:507898209 触发价:0.04658
2025-11-25 00:02:08 | INFO     | [LIVE BUY] 做多 1000WHY/USDT:USDT: 853559.2 @ 1.85e-05
2025-11-25 00:02:08 | INFO     | [LIVE MARKET] 创建市价单 1000WHY/USDT:USDT: buy 853559.2
2025-11-25 00:02:08 | INFO     | [LIVE SUCCESS] 1000WHY/USDT:USDT 市价单创建成功 ID:396755796 成交:853559.0
2025-11-25 00:02:08 | INFO     | [PROTECT] 1000WHY/USDT:USDT 止盈单创建成功 ID:396755799 触发价:2.22e-05
2025-11-25 00:02:08 | INFO     | [PROTECT] 1000WHY/USDT:USDT 止损单创建成功 ID:396755800 触发价:1.48e-05
2025-11-25 00:02:08 | INFO     | [LIVE OK] 多头开仓: 2/2 成功
2025-11-25 00:02:08 | INFO     | [LIVE SHORT] 开空头仓位: 2 个
2025-11-25 00:02:08 | INFO     | [LIVE SELL] 做空 ICNT/USDT:USDT: 77.0 @ 0.2052
2025-11-25 00:02:08 | INFO     | [LIVE MARKET] 创建市价单 ICNT/USDT:USDT: sell 77.0
2025-11-25 00:02:08 | INFO     | [LIVE SUCCESS] ICNT/USDT:USDT 市价单创建成功 ID:552451884 成交:77.0
2025-11-25 00:02:09 | INFO     | [PROTECT] ICNT/USDT:USDT 止盈单创建成功 ID:552451885 触发价:0.1642
2025-11-25 00:02:09 | INFO     | [PROTECT] ICNT/USDT:USDT 止损单创建成功 ID:552451888 触发价:0.2462
2025-11-25 00:02:09 | INFO     | [LIVE SELL] 做空 XNY/USDT:USDT: 3683.4 @ 0.004287
2025-11-25 00:02:09 | INFO     | [LIVE MARKET] 创建市价单 XNY/USDT:USDT: sell 3683.4
2025-11-25 00:02:09 | INFO     | [LIVE SUCCESS] XNY/USDT:USDT 市价单创建成功 ID:610015841 成交:3683.0
2025-11-25 00:02:09 | INFO     | [PROTECT] XNY/USDT:USDT 止盈单创建成功 ID:610015845 触发价:0.00343
2025-11-25 00:02:09 | INFO     | [PROTECT] XNY/USDT:USDT 止损单创建成功 ID:610015846 触发价:0.005144
2025-11-25 00:02:09 | INFO     | [LIVE OK] 空头开仓: 2/2 成功
2025-11-25 00:02:09 | INFO     | [POSITIONS] 新仓位已添加到字典: {'OBOL/USDT:USDT': {'side': 'long', 'quantity': 271.2, 'open_price': 0.05822, 'position_side': 'LONG', 'take_profit_order_id': '507898208', 'take_profit_price': 0.06986, 'stop_loss_order_id': '507898209', 'stop_loss_price': 0.04658}, '1000WHY/USDT:USDT': {'side': 'long', 'quantity': 853559.2, 'open_price': 1.85e-05, 'position_side': 'LONG', 'take_profit_order_id': '396755799', 'take_profit_price': 2.22e-05, 'stop_loss_order_id': '396755800', 'stop_loss_price': 1.48e-05}, 'ICNT/USDT:USDT': {'side': 'short', 'quantity': 77.0, 'open_price': 0.2052, 'position_side': 'SHORT', 'take_profit_order_id': '552451885', 'take_profit_price': 0.1642, 'stop_loss_order_id': '552451888', 'stop_loss_price': 0.2462}, 'XNY/USDT:USDT': {'side': 'short', 'quantity': 3683.4, 'open_price': 0.004287, 'position_side': 'SHORT', 'take_profit_order_id': '610015845', 'take_profit_price': 0.00343, 'stop_loss_order_id': '610015846', 'stop_loss_price': 0.005144}}
2025-11-25 00:02:09 | INFO     | [POSITIONS] 当前仓位字典: {'OBOL/USDT:USDT': {'side': 'long', 'quantity': 271.2, 'open_price': 0.05822, 'position_side': 'LONG', 'take_profit_order_id': '507898208', 'take_profit_price': 0.06986, 'stop_loss_order_id': '507898209', 'stop_loss_price': 0.04658}, '1000WHY/USDT:USDT': {'side': 'long', 'quantity': 853559.2, 'open_price': 1.85e-05, 'position_side': 'LONG', 'take_profit_order_id': '396755799', 'take_profit_price': 2.22e-05, 'stop_loss_order_id': '396755800', 'stop_loss_price': 1.48e-05}, 'ICNT/USDT:USDT': {'side': 'short', 'quantity': 77.0, 'open_price': 0.2052, 'position_side': 'SHORT', 'take_profit_order_id': '552451885', 'take_profit_price': 0.1642, 'stop_loss_order_id': '552451888', 'stop_loss_price': 0.2462}, 'XNY/USDT:USDT': {'side': 'short', 'quantity': 3683.4, 'open_price': 0.004287, 'position_side': 'SHORT', 'take_profit_order_id': '610015845', 'take_profit_price': 0.00343, 'stop_loss_order_id': '610015846', 'stop_loss_price': 0.005144}}
2025-11-25 00:02:09 | INFO     | [STEP 7] 开仓交易完成
2025-11-25 00:02:09 | INFO     | [INFO] 跳过详细仓位验证，交易周期完成
2025-11-25 00:02:09 | INFO     | [STEP 8] 记录当前交易对价格和因子信息...
2025-11-25 00:02:09 | INFO     | [API] 成功获取 534 个交易对价格
2025-11-25 00:02:09 | INFO     | [RECORD] 记录了 534 个交易对的价格和因子信息
2025-11-25 00:02:09 | INFO     | [OK] 交易周期执行成功
2025-11-25 00:02:09 | INFO     | [TIME] 周期耗时: 96.2秒
2025-11-25 00:02:09 | INFO     | [16H] Cycle 0/16 下次执行时间: 2025-11-25 01:00:00
2025-11-25 00:02:09 | INFO     | [WAIT] 等待 3471 秒 (1.0 小时)
2025-11-25 00:14:18 | INFO     | [WAIT] Cycle 0/16 剩余等待时间: 45.7 分钟
2025-11-25 00:26:26 | INFO     | [WAIT] Cycle 0/16 剩余等待时间: 33.6 分钟
2025-11-25 00:38:34 | INFO     | [WAIT] Cycle 0/16 剩余等待时间: 21.4 分钟
2025-11-25 00:50:43 | INFO     | [WAIT] Cycle 0/16 剩余等待时间: 9.3 分钟
2025-11-25 01:00:27 | INFO     | 
==================================================
2025-11-25 01:00:27 | INFO     | [CYCLE] 第 17 轮交易周期 (Cycle 0/16)
2025-11-25 01:00:27 | INFO     | [TIME] 开始时间: 2025-11-25 01:00:27
2025-11-25 01:00:27 | INFO     | ==================================================
2025-11-25 01:00:48 | INFO     | [STEP 1] Cycle 0/16 平仓字典中存储的仓位...
2025-11-25 01:00:48 | INFO     | [POSITIONS] 当前持有仓位: {'FORM/USDT:USDT': {'side': 'long', 'quantity': 42.5, 'open_price': 0.3713, 'position_side': 'LONG', 'take_profit_order_id': '1334312954', 'take_profit_price': 0.4456, 'stop_loss_order_id': '1334312955', 'stop_loss_price': 0.297}, 'RIVER/USDT:USDT': {'side': 'long', 'quantity': 4.4, 'open_price': 3.585, 'position_side': 'LONG', 'take_profit_order_id': '263188731', 'take_profit_price': 4.302, 'stop_loss_order_id': '263188735', 'stop_loss_price': 2.868}, 'COAI/USDT:USDT': {'side': 'short', 'quantity': 31.2, 'open_price': 0.5057, 'position_side': 'SHORT', 'take_profit_order_id': '1894308429', 'take_profit_price': 0.4046, 'stop_loss_order_id': '1894308438', 'stop_loss_price': 0.6068}, 'HIPPO/USDT:USDT': {'side': 'short', 'quantity': 13671.7, 'open_price': 0.001155, 'position_side': 'SHORT', 'take_profit_order_id': '1817010679', 'take_profit_price': 0.000924, 'stop_loss_order_id': '1817010684', 'stop_loss_price': 0.001386}}
2025-11-25 01:00:48 | INFO     | [LIVE CLOSE] 开始平仓指定仓位: 4 个
2025-11-25 01:00:48 | INFO     | [PROTECT] FORM/USDT:USDT 已取消止盈单 1334312954
2025-11-25 01:00:48 | INFO     | [PROTECT] FORM/USDT:USDT 已取消止损单 1334312955
2025-11-25 01:00:48 | INFO     | [LIVE CLOSE] 平仓 FORM/USDT:USDT: sell 42.5 (原long仓位)
2025-11-25 01:00:48 | INFO     | [LIVE PROFIT] FORM/USDT:USDT 开仓价格: 0.37130000, 当前价格: 0.38680000
2025-11-25 01:00:48 | INFO     | [LIVE PROFIT] FORM/USDT:USDT 预期收益: 4.17% (约 0.65875000 USDT)
2025-11-25 01:00:48 | INFO     | [LIVE MARKET] 创建市价单 FORM/USDT:USDT: sell 42.5
2025-11-25 01:00:48 | INFO     | [LIVE SUCCESS] FORM/USDT:USDT 市价单创建成功 ID:1335731979 成交:42.5
2025-11-25 01:00:48 | INFO     | [LIVE SUCCESS] 平仓订单创建成功 FORM/USDT:USDT: 1335731979
2025-11-25 01:00:49 | INFO     | [DINGDING] 通知已发送: 🔔 [实盘] 平仓通知
📊 交易对: FORM/USDT:USDT
📈 方向: 做多
🔢 数量: 42.50000000
💵 开仓价: 0.37130000
💵 平仓价: 0.38680000
💰 收益: 4.17% (0.65875000 USDT)
2025-11-25 01:00:49 | INFO     | [PROTECT] RIVER/USDT:USDT 已取消止盈单 263188731
2025-11-25 01:00:49 | INFO     | [PROTECT] RIVER/USDT:USDT 已取消止损单 263188735
2025-11-25 01:00:49 | INFO     | [LIVE CLOSE] 平仓 RIVER/USDT:USDT: sell 4.4 (原long仓位)
2025-11-25 01:00:49 | INFO     | [LIVE PROFIT] RIVER/USDT:USDT 开仓价格: 3.58500000, 当前价格: 3.85600000
2025-11-25 01:00:49 | INFO     | [LIVE PROFIT] RIVER/USDT:USDT 预期收益: 7.56% (约 1.19240000 USDT)
2025-11-25 01:00:49 | INFO     | [LIVE MARKET] 创建市价单 RIVER/USDT:USDT: sell 4.4
2025-11-25 01:00:49 | INFO     | [LIVE SUCCESS] RIVER/USDT:USDT 市价单创建成功 ID:263657985 成交:4.4
2025-11-25 01:00:49 | INFO     | [LIVE SUCCESS] 平仓订单创建成功 RIVER/USDT:USDT: 263657985
2025-11-25 01:00:49 | INFO     | [DINGDING] 通知已发送: 🔔 [实盘] 平仓通知
📊 交易对: RIVER/USDT:USDT
📈 方向: 做多
🔢 数量: 4.40000000
💵 开仓价: 3.58500000
💵 平仓价: 3.85600000
💰 收益: 7.56% (1.19240000 USDT)
2025-11-25 01:00:50 | INFO     | [PROTECT] COAI/USDT:USDT 已取消止盈单 1894308429
2025-11-25 01:00:50 | INFO     | [PROTECT] COAI/USDT:USDT 已取消止损单 1894308438
2025-11-25 01:00:50 | INFO     | [LIVE CLOSE] 平仓 COAI/USDT:USDT: buy 31.2 (原short仓位)
2025-11-25 01:00:50 | INFO     | [LIVE PROFIT] COAI/USDT:USDT 开仓价格: 0.50570000, 当前价格: 0.53260000
2025-11-25 01:00:50 | INFO     | [LIVE PROFIT] COAI/USDT:USDT 预期收益: -5.32% (约 -0.83928000 USDT)
2025-11-25 01:00:50 | INFO     | [LIVE MARKET] 创建市价单 COAI/USDT:USDT: buy 31.2
2025-11-25 01:00:50 | INFO     | [LIVE SUCCESS] COAI/USDT:USDT 市价单创建成功 ID:1897037672 成交:31.0
2025-11-25 01:00:50 | INFO     | [LIVE SUCCESS] 平仓订单创建成功 COAI/USDT:USDT: 1897037672
2025-11-25 01:00:50 | INFO     | [DINGDING] 通知已发送: 🔔 [实盘] 平仓通知
📊 交易对: COAI/USDT:USDT
📈 方向: 做空
🔢 数量: 31.20000000
💵 开仓价: 0.50570000
💵 平仓价: 0.53260000
📉 收益: -5.32% (-0.83928000 USDT)
2025-11-25 01:00:50 | INFO     | [PROTECT] HIPPO/USDT:USDT 已取消止盈单 1817010679
2025-11-25 01:00:50 | INFO     | [PROTECT] HIPPO/USDT:USDT 已取消止损单 1817010684
2025-11-25 01:00:50 | INFO     | [LIVE CLOSE] 平仓 HIPPO/USDT:USDT: buy 13671.7 (原short仓位)
2025-11-25 01:00:50 | INFO     | [LIVE PROFIT] HIPPO/USDT:USDT 开仓价格: 0.00115500, 当前价格: 0.00117900
2025-11-25 01:00:50 | INFO     | [LIVE PROFIT] HIPPO/USDT:USDT 预期收益: -2.08% (约 -0.32812080 USDT)
2025-11-25 01:00:50 | INFO     | [LIVE MARKET] 创建市价单 HIPPO/USDT:USDT: buy 13671.7
2025-11-25 01:00:50 | INFO     | [LIVE SUCCESS] HIPPO/USDT:USDT 市价单创建成功 ID:1818705571 成交:13671.0
2025-11-25 01:00:50 | INFO     | [LIVE SUCCESS] 平仓订单创建成功 HIPPO/USDT:USDT: 1818705571
2025-11-25 01:00:51 | INFO     | [DINGDING] 通知已发送: 🔔 [实盘] 平仓通知
📊 交易对: HIPPO/USDT:USDT
📈 方向: 做空
🔢 数量: 13671.70000000
💵 开仓价: 0.00115500
💵 平仓价: 0.00117900
📉 收益: -2.08% (-0.32812080 USDT)
2025-11-25 01:00:51 | INFO     | [LIVE WAIT] 等待 4 个平仓订单执行...
2025-11-25 01:00:53 | INFO     | [LIVE OK] 平仓操作完成，成功: 4/4
2025-11-25 01:00:53 | INFO     | [INFO] Cycle 0/16 仓位字典已清空
2025-11-25 01:00:53 | INFO     | [STEP 2] 跳过验证步骤...
2025-11-25 01:00:53 | INFO     | [STEP 3] 提取OHLC数据并计算因子...
2025-11-25 01:00:53 | INFO     | [OK] 获取活跃交易对完成，耗时: 0.001秒
2025-11-25 01:02:08 | INFO     | [FACTORS] 计算得到 534 个有效因子
2025-11-25 01:02:08 | INFO     | [STEP 4] 根据因子值选择交易标的...
2025-11-25 01:02:08 | INFO     | [FILTER] 忽略 1 个交易对: ['BTC/USDT:USDT']
2025-11-25 01:02:08 | INFO     | [FILTER] A2Z/USDT:USDT 已在其它周期出现 4 次，达到上限 4，跳过
2025-11-25 01:02:08 | INFO     | [FILTER] COS/USDT:USDT 已在其它周期出现 4 次，达到上限 4，跳过
2025-11-25 01:02:08 | INFO     | [STATS] 因子统计:
2025-11-25 01:02:08 | INFO     |    总计: 533 个标的
2025-11-25 01:02:08 | INFO     |    因子值范围: -0.132747 ~ 0.243972
2025-11-25 01:02:08 | INFO     |    选择做多: 2 个
2025-11-25 01:02:08 | INFO     |    选择做空: 2 个
2025-11-25 01:02:08 | INFO     | [TOP 20] 因子值排名前20的交易对:
2025-11-25 01:02:08 | INFO     |    第1名: OBOL/USDT:USDT: 0.243972
2025-11-25 01:02:08 | INFO     |    第2名: PIPPIN/USDT:USDT: 0.225019
2025-11-25 01:02:08 | INFO     |    第3名: ZEN/USDT:USDT: 0.199461
2025-11-25 01:02:08 | INFO     |    第4名: SAGA/USDT:USDT: 0.196948
2025-11-25 01:02:08 | INFO     |    第5名: HOOK/USDT:USDT: 0.183807
2025-11-25 01:02:08 | INFO     |    第6名: MOCA/USDT:USDT: 0.177835
2025-11-25 01:02:08 | INFO     |    第7名: BANANA/USDT:USDT: 0.175283
2025-11-25 01:02:08 | INFO     |    第8名: FHE/USDT:USDT: 0.171926
2025-11-25 01:02:08 | INFO     |    第9名: 1000WHY/USDT:USDT: 0.162950
2025-11-25 01:02:08 | INFO     |    第10名: MON/USDT:USDT: 0.161771
2025-11-25 01:02:08 | INFO     |    第11名: ZEC/USDT:USDT: 0.160190
2025-11-25 01:02:08 | INFO     |    第12名: MAVIA/USDT:USDT: 0.157042
2025-11-25 01:02:08 | INFO     |    第13名: LIGHT/USDT:USDT: 0.153699
2025-11-25 01:02:08 | INFO     |    第14名: SOON/USDT:USDT: 0.144919
2025-11-25 01:02:08 | INFO     |    第15名: EVAA/USDT:USDT: 0.143695
2025-11-25 01:02:08 | INFO     |    第16名: MERL/USDT:USDT: 0.132708
2025-11-25 01:02:08 | INFO     |    第17名: PONKE/USDT:USDT: 0.132485
2025-11-25 01:02:08 | INFO     |    第18名: ZORA/USDT:USDT: 0.128948
2025-11-25 01:02:08 | INFO     |    第19名: BB/USDT:USDT: 0.123329
2025-11-25 01:02:08 | INFO     |    第20名: METIS/USDT:USDT: 0.122434
2025-11-25 01:02:08 | INFO     | [BOTTOM 20] 因子值排名后20的交易对:
2025-11-25 01:02:08 | INFO     |    第514名: SYN/USDT:USDT: -0.020125
2025-11-25 01:02:08 | INFO     |    第515名: SKL/USDT:USDT: -0.020765
2025-11-25 01:02:08 | INFO     |    第516名: PIXEL/USDT:USDT: -0.021234
2025-11-25 01:02:08 | INFO     |    第517名: ALPINE/USDT:USDT: -0.022248
2025-11-25 01:02:08 | INFO     |    第518名: BABY/USDT:USDT: -0.022419
2025-11-25 01:02:08 | INFO     |    第519名: SOLV/USDT:USDT: -0.024005
2025-11-25 01:02:08 | INFO     |    第520名: IN/USDT:USDT: -0.025804
2025-11-25 01:02:08 | INFO     |    第521名: EPIC/USDT:USDT: -0.026090
2025-11-25 01:02:08 | INFO     |    第522名: VANRY/USDT:USDT: -0.026631
2025-11-25 01:02:08 | INFO     |    第523名: B/USDT:USDT: -0.028110
2025-11-25 01:02:08 | INFO     |    第524名: HUMA/USDT:USDT: -0.029991
2025-11-25 01:02:08 | INFO     |    第525名: AVA/USDT:USDT: -0.030214
2025-11-25 01:02:08 | INFO     |    第526名: XNY/USDT:USDT: -0.030789
2025-11-25 01:02:08 | INFO     |    第527名: ILV/USDT:USDT: -0.032224
2025-11-25 01:02:08 | INFO     |    第528名: ICNT/USDT:USDT: -0.039630
2025-11-25 01:02:08 | INFO     |    第529名: XPIN/USDT:USDT: -0.041226
2025-11-25 01:02:08 | INFO     |    第530名: KITE/USDT:USDT: -0.041913
2025-11-25 01:02:08 | INFO     |    第531名: COS/USDT:USDT: -0.058281
2025-11-25 01:02:08 | INFO     |    第532名: XMR/USDT:USDT: -0.059963
2025-11-25 01:02:08 | INFO     |    第533名: A2Z/USDT:USDT: -0.132747
2025-11-25 01:02:08 | INFO     | [LONG SYMBOLS] 做多标的详情:
2025-11-25 01:02:08 | INFO     |    OBOL/USDT:USDT: 0.243972
2025-11-25 01:02:08 | INFO     |    PIPPIN/USDT:USDT: 0.225019
2025-11-25 01:02:08 | INFO     | [SHORT SYMBOLS] 做空标的详情:
2025-11-25 01:02:08 | INFO     |    XMR/USDT:USDT: -0.059963
2025-11-25 01:02:08 | INFO     |    KITE/USDT:USDT: -0.041913
2025-11-25 01:02:08 | INFO     | [SELECTION] 选择交易标的:
2025-11-25 01:02:08 | INFO     |    做多: ['OBOL/USDT:USDT', 'PIPPIN/USDT:USDT']
2025-11-25 01:02:08 | INFO     |    做空: ['XMR/USDT:USDT', 'KITE/USDT:USDT']
2025-11-25 01:02:09 | INFO     | [DINGDING] 通知已发送: Cycle 0/16 交易标的选择完成:
做多 (2个):
  OBOL/USDT:USDT: 0.243972
  PIPPIN/USDT:USDT: 0.225019
做空 (2个):
  XMR/USDT:USDT: -0.059963
  KITE/USDT:USDT: -0.041913

因子统计:
  总计: 534 个标的
  范围: -0.132747 ~ 0.243972
2025-11-25 01:02:09 | INFO     | [STEP 5] 获取当前合约保证金...
2025-11-25 01:02:09 | INFO     | [BALANCE] 当前保证金余额: 28.57 USDT
2025-11-25 01:02:09 | INFO     | [DINGDING] 通知已发送:  账户余额报告
 时间: 2025-11-25 01:02:09
 USDT余额: 28.57
2025-11-25 01:02:09 | INFO     | [BALANCE] 余额通知已发送: 28.57 USDT
2025-11-25 01:02:09 | INFO     | [BALANCE] Cycle 0/16 使用当前可用余额 28.57 USDT 执行开仓
2025-11-25 01:02:09 | INFO     | [STEP 6] 执行开仓交易...
2025-11-25 01:02:09 | INFO     | [BALANCE] 总余额: 28.57 USDT
2025-11-25 01:02:09 | INFO     | [INFO] 总仓位数: 4
2025-11-25 01:02:09 | INFO     | [VALUE] 单仓价值: 21.00 USDT
2025-11-25 01:02:09 | INFO     | [MARGIN] 设置保证金模式为 ISOLATED...
2025-11-25 01:02:09 | INFO     | [MARGIN] OBOL/USDT:USDT 已经是 ISOLATED 模式
2025-11-25 01:02:09 | INFO     | [MARGIN] PIPPIN/USDT:USDT 已经是 ISOLATED 模式
2025-11-25 01:02:09 | INFO     | [MARGIN] XMR/USDT:USDT (XMRUSDT) 保证金模式设置为 ISOLATED ✓
2025-11-25 01:02:09 | INFO     | [MARGIN] KITE/USDT:USDT (KITEUSDT) 保证金模式设置为 ISOLATED ✓
2025-11-25 01:02:09 | INFO     | [MARGIN] 保证金模式设置完成: 4/4 成功
2025-11-25 01:02:09 | INFO     | [LEVERAGE] 设置杠杆为 3x...
2025-11-25 01:02:09 | INFO     | [LIVE LONG] 开多头仓位: 2 个
2025-11-25 01:02:09 | INFO     | [LIVE BUY] 做多 OBOL/USDT:USDT: 358.2 @ 0.05862
2025-11-25 01:02:09 | INFO     | [LIVE MARKET] 创建市价单 OBOL/USDT:USDT: buy 358.2
2025-11-25 01:02:09 | INFO     | [LIVE SUCCESS] OBOL/USDT:USDT 市价单创建成功 ID:507922181 成交:358.0
2025-11-25 01:02:09 | INFO     | [PROTECT] OBOL/USDT:USDT 止盈单创建成功 ID:507922207 触发价:0.07034
2025-11-25 01:02:10 | INFO     | [PROTECT] OBOL/USDT:USDT 止损单创建成功 ID:507922213 触发价:0.0469
2025-11-25 01:02:10 | INFO     | [LIVE BUY] 做多 PIPPIN/USDT:USDT: 326.4 @ 0.06433
2025-11-25 01:02:10 | INFO     | [LIVE MARKET] 创建市价单 PIPPIN/USDT:USDT: buy 326.4
2025-11-25 01:02:10 | INFO     | [LIVE SUCCESS] PIPPIN/USDT:USDT 市价单创建成功 ID:1050575096 成交:326.0
2025-11-25 01:02:10 | INFO     | [PROTECT] PIPPIN/USDT:USDT 止盈单创建成功 ID:1050575099 触发价:0.0772
2025-11-25 01:02:10 | INFO     | [PROTECT] PIPPIN/USDT:USDT 止损单创建成功 ID:1050575106 触发价:0.05146
2025-11-25 01:02:10 | INFO     | [LIVE OK] 多头开仓: 2/2 成功
2025-11-25 01:02:10 | INFO     | [LIVE SHORT] 开空头仓位: 2 个
2025-11-25 01:02:10 | INFO     | [LIVE SELL] 做空 XMR/USDT:USDT: 0.054 @ 390.55
2025-11-25 01:02:10 | INFO     | [LIVE MARKET] 创建市价单 XMR/USDT:USDT: sell 0.054
2025-11-25 01:02:10 | INFO     | [LIVE SUCCESS] XMR/USDT:USDT 市价单创建成功 ID:13383230424 成交:0.054
2025-11-25 01:02:10 | INFO     | [PROTECT] XMR/USDT:USDT 止盈单创建成功 ID:13383230427 触发价:312.44
2025-11-25 01:02:10 | INFO     | [PROTECT] XMR/USDT:USDT 止损单创建成功 ID:13383230430 触发价:468.66
2025-11-25 01:02:10 | INFO     | [LIVE SELL] 做空 KITE/USDT:USDT: 206.3 @ 0.1018
2025-11-25 01:02:10 | INFO     | [LIVE MARKET] 创建市价单 KITE/USDT:USDT: sell 206.3
2025-11-25 01:02:10 | INFO     | [LIVE SUCCESS] KITE/USDT:USDT 市价单创建成功 ID:413410727 成交:206.0
2025-11-25 01:02:10 | INFO     | [PROTECT] KITE/USDT:USDT 止盈单创建成功 ID:413410736 触发价:0.08144
2025-11-25 01:02:10 | INFO     | [PROTECT] KITE/USDT:USDT 止损单创建成功 ID:413410749 触发价:0.12216
2025-11-25 01:02:10 | INFO     | [LIVE OK] 空头开仓: 2/2 成功
2025-11-25 01:02:10 | INFO     | [POSITIONS] 新仓位已添加到字典: {'OBOL/USDT:USDT': {'side': 'long', 'quantity': 358.2, 'open_price': 0.05862, 'position_side': 'LONG', 'take_profit_order_id': '507922207', 'take_profit_price': 0.07034, 'stop_loss_order_id': '507922213', 'stop_loss_price': 0.0469}, 'PIPPIN/USDT:USDT': {'side': 'long', 'quantity': 326.4, 'open_price': 0.06433, 'position_side': 'LONG', 'take_profit_order_id': '1050575099', 'take_profit_price': 0.0772, 'stop_loss_order_id': '1050575106', 'stop_loss_price': 0.05146}, 'XMR/USDT:USDT': {'side': 'short', 'quantity': 0.054, 'open_price': 390.55, 'position_side': 'SHORT', 'take_profit_order_id': '13383230427', 'take_profit_price': 312.44, 'stop_loss_order_id': '13383230430', 'stop_loss_price': 468.66}, 'KITE/USDT:USDT': {'side': 'short', 'quantity': 206.3, 'open_price': 0.1018, 'position_side': 'SHORT', 'take_profit_order_id': '413410736', 'take_profit_price': 0.08144, 'stop_loss_order_id': '413410749', 'stop_loss_price': 0.12216}}
2025-11-25 01:02:10 | INFO     | [POSITIONS] 当前仓位字典: {'OBOL/USDT:USDT': {'side': 'long', 'quantity': 358.2, 'open_price': 0.05862, 'position_side': 'LONG', 'take_profit_order_id': '507922207', 'take_profit_price': 0.07034, 'stop_loss_order_id': '507922213', 'stop_loss_price': 0.0469}, 'PIPPIN/USDT:USDT': {'side': 'long', 'quantity': 326.4, 'open_price': 0.06433, 'position_side': 'LONG', 'take_profit_order_id': '1050575099', 'take_profit_price': 0.0772, 'stop_loss_order_id': '1050575106', 'stop_loss_price': 0.05146}, 'XMR/USDT:USDT': {'side': 'short', 'quantity': 0.054, 'open_price': 390.55, 'position_side': 'SHORT', 'take_profit_order_id': '13383230427', 'take_profit_price': 312.44, 'stop_loss_order_id': '13383230430', 'stop_loss_price': 468.66}, 'KITE/USDT:USDT': {'side': 'short', 'quantity': 206.3, 'open_price': 0.1018, 'position_side': 'SHORT', 'take_profit_order_id': '413410736', 'take_profit_price': 0.08144, 'stop_loss_order_id': '413410749', 'stop_loss_price': 0.12216}}
2025-11-25 01:02:10 | INFO     | [STEP 7] 开仓交易完成
2025-11-25 01:02:10 | INFO     | [INFO] 跳过详细仓位验证，交易周期完成
2025-11-25 01:02:10 | INFO     | [STEP 8] 记录当前交易对价格和因子信息...
2025-11-25 01:02:10 | INFO     | [API] 成功获取 534 个交易对价格
2025-11-25 01:02:10 | INFO     | [RECORD] 记录了 534 个交易对的价格和因子信息
2025-11-25 01:02:10 | INFO     | [OK] 交易周期执行成功
2025-11-25 01:02:10 | INFO     | [TIME] 周期耗时: 103.1秒
2025-11-25 01:02:10 | INFO     | [16H] Cycle 1/16 下次执行时间: 2025-11-25 02:00:00
2025-11-25 01:02:10 | INFO     | [WAIT] 等待 3469 秒 (1.0 小时)
2025-11-25 01:14:21 | INFO     | [WAIT] Cycle 1/16 剩余等待时间: 45.6 分钟
2025-11-25 01:26:32 | INFO     | [WAIT] Cycle 1/16 剩余等待时间: 33.5 分钟
2025-11-25 01:38:42 | INFO     | [WAIT] Cycle 1/16 剩余等待时间: 21.3 分钟
2025-11-25 01:50:53 | INFO     | [WAIT] Cycle 1/16 剩余等待时间: 9.1 分钟
2025-11-25 02:00:37 | INFO     | 
==================================================
2025-11-25 02:00:37 | INFO     | [CYCLE] 第 18 轮交易周期 (Cycle 1/16)
2025-11-25 02:00:37 | INFO     | [TIME] 开始时间: 2025-11-25 02:00:37
2025-11-25 02:00:37 | INFO     | ==================================================
2025-11-25 02:00:58 | INFO     | [STEP 1] Cycle 1/16 平仓字典中存储的仓位...
2025-11-25 02:00:58 | INFO     | [POSITIONS] 当前持有仓位: {'ZORA/USDT:USDT': {'side': 'long', 'quantity': 306.2, 'open_price': 0.05156, 'position_side': 'LONG', 'take_profit_order_id': '1051808613', 'take_profit_price': 0.06187, 'stop_loss_order_id': '1051808616', 'stop_loss_price': 0.04125}, 'VIRTUAL/USDT:USDT': {'side': 'long', 'quantity': 18.1, 'open_price': 0.8684, 'position_side': 'LONG', 'take_profit_order_id': '5768432279', 'take_profit_price': 1.0421, 'stop_loss_order_id': '5768432294', 'stop_loss_price': 0.6947}, 'CHILLGUY/USDT:USDT': {'side': 'short', 'quantity': 993.8, 'open_price': 0.01589, 'position_side': 'SHORT', 'take_profit_order_id': '1566673240', 'take_profit_price': 0.01271, 'stop_loss_order_id': '1566673245', 'stop_loss_price': 0.01907}, 'COAI/USDT:USDT': {'side': 'short', 'quantity': 32.1, 'open_price': 0.4921, 'position_side': 'SHORT', 'take_profit_order_id': '1894499784', 'take_profit_price': 0.3937, 'stop_loss_order_id': '1894499799', 'stop_loss_price': 0.5905}}
2025-11-25 02:00:58 | INFO     | [LIVE CLOSE] 开始平仓指定仓位: 4 个
2025-11-25 02:00:58 | INFO     | [PROTECT] ZORA/USDT:USDT 已取消止盈单 1051808613
2025-11-25 02:00:58 | INFO     | [PROTECT] ZORA/USDT:USDT 已取消止损单 1051808616
2025-11-25 02:00:59 | INFO     | [LIVE CLOSE] 平仓 ZORA/USDT:USDT: sell 306.2 (原long仓位)
2025-11-25 02:00:59 | INFO     | [LIVE PROFIT] ZORA/USDT:USDT 开仓价格: 0.05156000, 当前价格: 0.05370000
2025-11-25 02:00:59 | INFO     | [LIVE PROFIT] ZORA/USDT:USDT 预期收益: 4.15% (约 0.65526800 USDT)
2025-11-25 02:00:59 | INFO     | [LIVE MARKET] 创建市价单 ZORA/USDT:USDT: sell 306.2
2025-11-25 02:00:59 | INFO     | [LIVE SUCCESS] ZORA/USDT:USDT 市价单创建成功 ID:1053495321 成交:306.0
2025-11-25 02:00:59 | INFO     | [LIVE SUCCESS] 平仓订单创建成功 ZORA/USDT:USDT: 1053495321
2025-11-25 02:00:59 | INFO     | [DINGDING] 通知已发送: 🔔 [实盘] 平仓通知
📊 交易对: ZORA/USDT:USDT
📈 方向: 做多
🔢 数量: 306.20000000
💵 开仓价: 0.05156000
💵 平仓价: 0.05370000
💰 收益: 4.15% (0.65526800 USDT)
2025-11-25 02:00:59 | INFO     | [PROTECT] VIRTUAL/USDT:USDT 已取消止盈单 5768432279
2025-11-25 02:00:59 | INFO     | [PROTECT] VIRTUAL/USDT:USDT 已取消止损单 5768432294
2025-11-25 02:00:59 | INFO     | [LIVE CLOSE] 平仓 VIRTUAL/USDT:USDT: sell 18.1 (原long仓位)
2025-11-25 02:00:59 | INFO     | [LIVE PROFIT] VIRTUAL/USDT:USDT 开仓价格: 0.86840000, 当前价格: 0.92520000
2025-11-25 02:00:59 | INFO     | [LIVE PROFIT] VIRTUAL/USDT:USDT 预期收益: 6.54% (约 1.02808000 USDT)
2025-11-25 02:00:59 | INFO     | [LIVE MARKET] 创建市价单 VIRTUAL/USDT:USDT: sell 18.1
2025-11-25 02:00:59 | INFO     | [LIVE SUCCESS] VIRTUAL/USDT:USDT 市价单创建成功 ID:5777219654 成交:18.1
2025-11-25 02:00:59 | INFO     | [LIVE SUCCESS] 平仓订单创建成功 VIRTUAL/USDT:USDT: 5777219654
2025-11-25 02:01:00 | INFO     | [DINGDING] 通知已发送: 🔔 [实盘] 平仓通知
📊 交易对: VIRTUAL/USDT:USDT
📈 方向: 做多
🔢 数量: 18.10000000
💵 开仓价: 0.86840000
💵 平仓价: 0.92520000
💰 收益: 6.54% (1.02808000 USDT)
2025-11-25 02:01:00 | INFO     | [PROTECT] CHILLGUY/USDT:USDT 已取消止盈单 1566673240
2025-11-25 02:01:00 | INFO     | [PROTECT] CHILLGUY/USDT:USDT 已取消止损单 1566673245
2025-11-25 02:01:00 | INFO     | [LIVE CLOSE] 平仓 CHILLGUY/USDT:USDT: buy 993.8 (原short仓位)
2025-11-25 02:01:00 | INFO     | [LIVE PROFIT] CHILLGUY/USDT:USDT 开仓价格: 0.01589000, 当前价格: 0.01727000
2025-11-25 02:01:00 | INFO     | [LIVE PROFIT] CHILLGUY/USDT:USDT 预期收益: -8.68% (约 -1.37144400 USDT)
2025-11-25 02:01:00 | INFO     | [LIVE MARKET] 创建市价单 CHILLGUY/USDT:USDT: buy 993.8
2025-11-25 02:01:00 | INFO     | [LIVE SUCCESS] CHILLGUY/USDT:USDT 市价单创建成功 ID:1568373330 成交:993.0
2025-11-25 02:01:00 | INFO     | [LIVE SUCCESS] 平仓订单创建成功 CHILLGUY/USDT:USDT: 1568373330
2025-11-25 02:01:00 | INFO     | [DINGDING] 通知已发送: 🔔 [实盘] 平仓通知
📊 交易对: CHILLGUY/USDT:USDT
📈 方向: 做空
🔢 数量: 993.80000000
💵 开仓价: 0.01589000
💵 平仓价: 0.01727000
📉 收益: -8.68% (-1.37144400 USDT)
2025-11-25 02:01:00 | INFO     | [PROTECT] COAI/USDT:USDT 已取消止盈单 1894499784
2025-11-25 02:01:00 | INFO     | [PROTECT] COAI/USDT:USDT 已取消止损单 1894499799
2025-11-25 02:01:00 | INFO     | [LIVE CLOSE] 平仓 COAI/USDT:USDT: buy 32.1 (原short仓位)
2025-11-25 02:01:00 | INFO     | [LIVE PROFIT] COAI/USDT:USDT 开仓价格: 0.49210000, 当前价格: 0.53330000
2025-11-25 02:01:00 | INFO     | [LIVE PROFIT] COAI/USDT:USDT 预期收益: -8.37% (约 -1.32252000 USDT)
2025-11-25 02:01:00 | INFO     | [LIVE MARKET] 创建市价单 COAI/USDT:USDT: buy 32.1
2025-11-25 02:01:00 | INFO     | [LIVE SUCCESS] COAI/USDT:USDT 市价单创建成功 ID:1897149556 成交:32.0
2025-11-25 02:01:00 | INFO     | [LIVE SUCCESS] 平仓订单创建成功 COAI/USDT:USDT: 1897149556
2025-11-25 02:01:01 | INFO     | [DINGDING] 通知已发送: 🔔 [实盘] 平仓通知
📊 交易对: COAI/USDT:USDT
📈 方向: 做空
🔢 数量: 32.10000000
💵 开仓价: 0.49210000
💵 平仓价: 0.53330000
📉 收益: -8.37% (-1.32252000 USDT)
2025-11-25 02:01:01 | INFO     | [LIVE WAIT] 等待 4 个平仓订单执行...
2025-11-25 02:01:03 | INFO     | [LIVE OK] 平仓操作完成，成功: 4/4
2025-11-25 02:01:03 | INFO     | [INFO] Cycle 1/16 仓位字典已清空
2025-11-25 02:01:03 | INFO     | [STEP 2] 跳过验证步骤...
2025-11-25 02:01:03 | INFO     | [STEP 3] 提取OHLC数据并计算因子...
2025-11-25 02:01:03 | INFO     | [OK] 获取活跃交易对完成，耗时: 0.001秒
2025-11-25 02:02:18 | INFO     | [FACTORS] 计算得到 534 个有效因子
2025-11-25 02:02:18 | INFO     | [STEP 4] 根据因子值选择交易标的...
2025-11-25 02:02:18 | INFO     | [FILTER] 忽略 1 个交易对: ['BTC/USDT:USDT']
2025-11-25 02:02:18 | INFO     | [FILTER] OBOL/USDT:USDT 已在其它周期出现 4 次，达到上限 4，跳过
2025-11-25 02:02:18 | INFO     | [FILTER] A2Z/USDT:USDT 已在其它周期出现 4 次，达到上限 4，跳过
2025-11-25 02:02:18 | INFO     | [FILTER] COS/USDT:USDT 已在其它周期出现 4 次，达到上限 4，跳过
2025-11-25 02:02:18 | INFO     | [STATS] 因子统计:
2025-11-25 02:02:18 | INFO     |    总计: 533 个标的
2025-11-25 02:02:18 | INFO     |    因子值范围: -0.126800 ~ 0.263337
2025-11-25 02:02:18 | INFO     |    选择做多: 2 个
2025-11-25 02:02:18 | INFO     |    选择做空: 2 个
2025-11-25 02:02:18 | INFO     | [TOP 20] 因子值排名前20的交易对:
2025-11-25 02:02:18 | INFO     |    第1名: OBOL/USDT:USDT: 0.263337
2025-11-25 02:02:18 | INFO     |    第2名: EVAA/USDT:USDT: 0.206270
2025-11-25 02:02:18 | INFO     |    第3名: ZEN/USDT:USDT: 0.192877
2025-11-25 02:02:18 | INFO     |    第4名: PIPPIN/USDT:USDT: 0.171527
2025-11-25 02:02:18 | INFO     |    第5名: BANANAS31/USDT:USDT: 0.169686
2025-11-25 02:02:18 | INFO     |    第6名: SHELL/USDT:USDT: 0.161875
2025-11-25 02:02:18 | INFO     |    第7名: ZEC/USDT:USDT: 0.160244
2025-11-25 02:02:18 | INFO     |    第8名: AEVO/USDT:USDT: 0.155214
2025-11-25 02:02:18 | INFO     |    第9名: MAVIA/USDT:USDT: 0.147903
2025-11-25 02:02:18 | INFO     |    第10名: DUSK/USDT:USDT: 0.147330
2025-11-25 02:02:18 | INFO     |    第11名: SOON/USDT:USDT: 0.142252
2025-11-25 02:02:18 | INFO     |    第12名: XPL/USDT:USDT: 0.141277
2025-11-25 02:02:18 | INFO     |    第13名: BANANA/USDT:USDT: 0.140857
2025-11-25 02:02:18 | INFO     |    第14名: LIGHT/USDT:USDT: 0.139486
2025-11-25 02:02:18 | INFO     |    第15名: HOOK/USDT:USDT: 0.136435
2025-11-25 02:02:18 | INFO     |    第16名: 1000WHY/USDT:USDT: 0.134298
2025-11-25 02:02:18 | INFO     |    第17名: MON/USDT:USDT: 0.132510
2025-11-25 02:02:18 | INFO     |    第18名: MOCA/USDT:USDT: 0.131487
2025-11-25 02:02:18 | INFO     |    第19名: ICP/USDT:USDT: 0.131333
2025-11-25 02:02:18 | INFO     |    第20名: NMR/USDT:USDT: 0.131098
2025-11-25 02:02:18 | INFO     | [BOTTOM 20] 因子值排名后20的交易对:
2025-11-25 02:02:18 | INFO     |    第514名: B/USDT:USDT: -0.019523
2025-11-25 02:02:18 | INFO     |    第515名: BABY/USDT:USDT: -0.020476
2025-11-25 02:02:18 | INFO     |    第516名: PIXEL/USDT:USDT: -0.021083
2025-11-25 02:02:18 | INFO     |    第517名: SPK/USDT:USDT: -0.021629
2025-11-25 02:02:18 | INFO     |    第518名: ICNT/USDT:USDT: -0.021967
2025-11-25 02:02:18 | INFO     |    第519名: JCT/USDT:USDT: -0.026243
2025-11-25 02:02:18 | INFO     |    第520名: HIGH/USDT:USDT: -0.027682
2025-11-25 02:02:18 | INFO     |    第521名: ORDER/USDT:USDT: -0.027844
2025-11-25 02:02:18 | INFO     |    第522名: XPIN/USDT:USDT: -0.029090
2025-11-25 02:02:18 | INFO     |    第523名: XNY/USDT:USDT: -0.029817
2025-11-25 02:02:18 | INFO     |    第524名: UAI/USDT:USDT: -0.031739
2025-11-25 02:02:18 | INFO     |    第525名: XMR/USDT:USDT: -0.031827
2025-11-25 02:02:18 | INFO     |    第526名: SYN/USDT:USDT: -0.033918
2025-11-25 02:02:18 | INFO     |    第527名: IOST/USDT:USDT: -0.038355
2025-11-25 02:02:18 | INFO     |    第528名: HUMA/USDT:USDT: -0.038763
2025-11-25 02:02:18 | INFO     |    第529名: ALPINE/USDT:USDT: -0.041758
2025-11-25 02:02:18 | INFO     |    第530名: ENSO/USDT:USDT: -0.046603
2025-11-25 02:02:18 | INFO     |    第531名: COS/USDT:USDT: -0.071779
2025-11-25 02:02:18 | INFO     |    第532名: KITE/USDT:USDT: -0.073499
2025-11-25 02:02:18 | INFO     |    第533名: A2Z/USDT:USDT: -0.126800
2025-11-25 02:02:18 | INFO     | [LONG SYMBOLS] 做多标的详情:
2025-11-25 02:02:18 | INFO     |    EVAA/USDT:USDT: 0.206270
2025-11-25 02:02:18 | INFO     |    ZEN/USDT:USDT: 0.192877
2025-11-25 02:02:18 | INFO     | [SHORT SYMBOLS] 做空标的详情:
2025-11-25 02:02:18 | INFO     |    KITE/USDT:USDT: -0.073499
2025-11-25 02:02:18 | INFO     |    ENSO/USDT:USDT: -0.046603
2025-11-25 02:02:18 | INFO     | [SELECTION] 选择交易标的:
2025-11-25 02:02:18 | INFO     |    做多: ['EVAA/USDT:USDT', 'ZEN/USDT:USDT']
2025-11-25 02:02:18 | INFO     |    做空: ['KITE/USDT:USDT', 'ENSO/USDT:USDT']
2025-11-25 02:02:19 | INFO     | [DINGDING] 通知已发送: Cycle 1/16 交易标的选择完成:
做多 (2个):
  EVAA/USDT:USDT: 0.206270
  ZEN/USDT:USDT: 0.192877
做空 (2个):
  KITE/USDT:USDT: -0.073499
  ENSO/USDT:USDT: -0.046603

因子统计:
  总计: 534 个标的
  范围: -0.126800 ~ 0.263337
2025-11-25 02:02:19 | INFO     | [STEP 5] 获取当前合约保证金...
2025-11-25 02:02:19 | INFO     | [BALANCE] 当前保证金余额: 20.57 USDT
2025-11-25 02:02:19 | INFO     | [DINGDING] 通知已发送:  账户余额报告
 时间: 2025-11-25 02:02:19
 USDT余额: 20.57
2025-11-25 02:02:19 | INFO     | [BALANCE] 余额通知已发送: 20.57 USDT
2025-11-25 02:02:19 | INFO     | [BALANCE] Cycle 1/16 使用当前可用余额 20.57 USDT 执行开仓
2025-11-25 02:02:19 | INFO     | [STEP 6] 执行开仓交易...
2025-11-25 02:02:19 | INFO     | [BALANCE] 总余额: 20.57 USDT
2025-11-25 02:02:19 | INFO     | [INFO] 总仓位数: 4
2025-11-25 02:02:19 | INFO     | [VALUE] 单仓价值: 15.12 USDT
2025-11-25 02:02:19 | INFO     | [MARGIN] 设置保证金模式为 ISOLATED...
2025-11-25 02:02:19 | INFO     | [MARGIN] EVAA/USDT:USDT (EVAAUSDT) 保证金模式设置为 ISOLATED ✓
2025-11-25 02:02:19 | INFO     | [MARGIN] ZEN/USDT:USDT 已经是 ISOLATED 模式
2025-11-25 02:02:19 | INFO     | [MARGIN] KITE/USDT:USDT 已经是 ISOLATED 模式
2025-11-25 02:02:19 | INFO     | [MARGIN] ENSO/USDT:USDT 已经是 ISOLATED 模式
2025-11-25 02:02:19 | INFO     | [MARGIN] 保证金模式设置完成: 4/4 成功
2025-11-25 02:02:19 | INFO     | [LEVERAGE] 设置杠杆为 3x...
2025-11-25 02:02:20 | INFO     | [LIVE LONG] 开多头仓位: 2 个
2025-11-25 02:02:20 | INFO     | [LIVE BUY] 做多 EVAA/USDT:USDT: 13.7 @ 1.098
2025-11-25 02:02:20 | INFO     | [LIVE MARKET] 创建市价单 EVAA/USDT:USDT: buy 13.7
2025-11-25 02:02:20 | INFO     | [LIVE SUCCESS] EVAA/USDT:USDT 市价单创建成功 ID:872043001 成交:13.7
2025-11-25 02:02:20 | INFO     | [PROTECT] EVAA/USDT:USDT 止盈单创建成功 ID:872043002 触发价:1.318
2025-11-25 02:02:20 | INFO     | [PROTECT] EVAA/USDT:USDT 止损单创建成功 ID:872043003 触发价:0.878
2025-11-25 02:02:20 | INFO     | [LIVE BUY] 做多 ZEN/USDT:USDT: 1.2 @ 12.232
2025-11-25 02:02:20 | INFO     | [LIVE MARKET] 创建市价单 ZEN/USDT:USDT: buy 1.2
2025-11-25 02:02:20 | INFO     | [LIVE SUCCESS] ZEN/USDT:USDT 市价单创建成功 ID:7954678721 成交:1.2
2025-11-25 02:02:20 | INFO     | [PROTECT] ZEN/USDT:USDT 止盈单创建成功 ID:7954678722 触发价:14.678
2025-11-25 02:02:20 | INFO     | [PROTECT] ZEN/USDT:USDT 止损单创建成功 ID:7954678726 触发价:9.786
2025-11-25 02:02:20 | INFO     | [LIVE OK] 多头开仓: 2/2 成功
2025-11-25 02:02:20 | INFO     | [LIVE SHORT] 开空头仓位: 2 个
2025-11-25 02:02:20 | INFO     | [LIVE SELL] 做空 KITE/USDT:USDT: 149.4 @ 0.10121
2025-11-25 02:02:20 | INFO     | [LIVE MARKET] 创建市价单 KITE/USDT:USDT: sell 149.4
2025-11-25 02:02:20 | INFO     | [LIVE SUCCESS] KITE/USDT:USDT 市价单创建成功 ID:413656579 成交:149.0
2025-11-25 02:02:20 | INFO     | [PROTECT] KITE/USDT:USDT 止盈单创建成功 ID:413656595 触发价:0.08097
2025-11-25 02:02:20 | INFO     | [PROTECT] KITE/USDT:USDT 止损单创建成功 ID:413656598 触发价:0.12145
2025-11-25 02:02:20 | INFO     | [LIVE SELL] 做空 ENSO/USDT:USDT: 18.7 @ 0.81
2025-11-25 02:02:20 | INFO     | [LIVE MARKET] 创建市价单 ENSO/USDT:USDT: sell 18.7
2025-11-25 02:02:20 | INFO     | [LIVE SUCCESS] ENSO/USDT:USDT 市价单创建成功 ID:266764047 成交:18.7
2025-11-25 02:02:20 | INFO     | [PROTECT] ENSO/USDT:USDT 止盈单创建成功 ID:266764055 触发价:0.648
2025-11-25 02:02:20 | INFO     | [PROTECT] ENSO/USDT:USDT 止损单创建成功 ID:266764067 触发价:0.972
2025-11-25 02:02:21 | INFO     | [LIVE OK] 空头开仓: 2/2 成功
2025-11-25 02:02:21 | INFO     | [POSITIONS] 新仓位已添加到字典: {'EVAA/USDT:USDT': {'side': 'long', 'quantity': 13.7, 'open_price': 1.098, 'position_side': 'LONG', 'take_profit_order_id': '872043002', 'take_profit_price': 1.318, 'stop_loss_order_id': '872043003', 'stop_loss_price': 0.878}, 'ZEN/USDT:USDT': {'side': 'long', 'quantity': 1.2, 'open_price': 12.232, 'position_side': 'LONG', 'take_profit_order_id': '7954678722', 'take_profit_price': 14.678, 'stop_loss_order_id': '7954678726', 'stop_loss_price': 9.786}, 'KITE/USDT:USDT': {'side': 'short', 'quantity': 149.4, 'open_price': 0.10121, 'position_side': 'SHORT', 'take_profit_order_id': '413656595', 'take_profit_price': 0.08097, 'stop_loss_order_id': '413656598', 'stop_loss_price': 0.12145}, 'ENSO/USDT:USDT': {'side': 'short', 'quantity': 18.7, 'open_price': 0.81, 'position_side': 'SHORT', 'take_profit_order_id': '266764055', 'take_profit_price': 0.648, 'stop_loss_order_id': '266764067', 'stop_loss_price': 0.972}}
2025-11-25 02:02:21 | INFO     | [POSITIONS] 当前仓位字典: {'EVAA/USDT:USDT': {'side': 'long', 'quantity': 13.7, 'open_price': 1.098, 'position_side': 'LONG', 'take_profit_order_id': '872043002', 'take_profit_price': 1.318, 'stop_loss_order_id': '872043003', 'stop_loss_price': 0.878}, 'ZEN/USDT:USDT': {'side': 'long', 'quantity': 1.2, 'open_price': 12.232, 'position_side': 'LONG', 'take_profit_order_id': '7954678722', 'take_profit_price': 14.678, 'stop_loss_order_id': '7954678726', 'stop_loss_price': 9.786}, 'KITE/USDT:USDT': {'side': 'short', 'quantity': 149.4, 'open_price': 0.10121, 'position_side': 'SHORT', 'take_profit_order_id': '413656595', 'take_profit_price': 0.08097, 'stop_loss_order_id': '413656598', 'stop_loss_price': 0.12145}, 'ENSO/USDT:USDT': {'side': 'short', 'quantity': 18.7, 'open_price': 0.81, 'position_side': 'SHORT', 'take_profit_order_id': '266764055', 'take_profit_price': 0.648, 'stop_loss_order_id': '266764067', 'stop_loss_price': 0.972}}
2025-11-25 02:02:21 | INFO     | [STEP 7] 开仓交易完成
2025-11-25 02:02:21 | INFO     | [INFO] 跳过详细仓位验证，交易周期完成
2025-11-25 02:02:21 | INFO     | [STEP 8] 记录当前交易对价格和因子信息...
2025-11-25 02:02:21 | INFO     | [API] 成功获取 534 个交易对价格
2025-11-25 02:02:21 | INFO     | [RECORD] 记录了 534 个交易对的价格和因子信息
2025-11-25 02:02:21 | INFO     | [OK] 交易周期执行成功
2025-11-25 02:02:21 | INFO     | [TIME] 周期耗时: 103.3秒
2025-11-25 02:02:21 | INFO     | [16H] Cycle 2/16 下次执行时间: 2025-11-25 03:00:00
2025-11-25 02:02:21 | INFO     | [WAIT] 等待 3459 秒 (1.0 小时)
2025-11-25 02:14:30 | INFO     | [WAIT] Cycle 2/16 剩余等待时间: 45.5 分钟
2025-11-25 02:26:39 | INFO     | [WAIT] Cycle 2/16 剩余等待时间: 33.3 分钟
2025-11-25 02:38:48 | INFO     | [WAIT] Cycle 2/16 剩余等待时间: 21.2 分钟
2025-11-25 02:51:00 | INFO     | [WAIT] Cycle 2/16 剩余等待时间: 9.0 分钟
2025-11-25 02:59:34 | INFO     | [WAIT] Cycle 2/16 最后等待: 25 秒
2025-11-25 03:00:21 | INFO     | 
==================================================
2025-11-25 03:00:21 | INFO     | [CYCLE] 第 19 轮交易周期 (Cycle 2/16)
2025-11-25 03:00:21 | INFO     | [TIME] 开始时间: 2025-11-25 03:00:21
2025-11-25 03:00:21 | INFO     | ==================================================
2025-11-25 03:00:42 | INFO     | [STEP 1] Cycle 2/16 平仓字典中存储的仓位...
2025-11-25 03:00:42 | INFO     | [POSITIONS] 当前持有仓位: {'DRIFT/USDT:USDT': {'side': 'long', 'quantity': 76.6, 'open_price': 0.2061, 'position_side': 'LONG', 'take_profit_order_id': '1106437175', 'take_profit_price': 0.2473, 'stop_loss_order_id': '1106437176', 'stop_loss_price': 0.1649}, 'AKT/USDT:USDT': {'side': 'long', 'quantity': 32.9, 'open_price': 0.4798, 'position_side': 'LONG', 'take_profit_order_id': '428993693', 'take_profit_price': 0.5758, 'stop_loss_order_id': '428993695', 'stop_loss_price': 0.3838}, 'ORDER/USDT:USDT': {'side': 'short', 'quantity': 125.9, 'open_price': 0.12543, 'position_side': 'SHORT', 'take_profit_order_id': '390656042', 'take_profit_price': 0.10034, 'stop_loss_order_id': '390656094', 'stop_loss_price': 0.15052}, 'COS/USDT:USDT': {'side': 'short', 'quantity': 10416.1, 'open_price': 0.001516, 'position_side': 'SHORT', 'take_profit_order_id': '698418480', 'take_profit_price': 0.001213, 'stop_loss_order_id': '698418481', 'stop_loss_price': 0.001819}}
2025-11-25 03:00:42 | INFO     | [LIVE CLOSE] 开始平仓指定仓位: 4 个
2025-11-25 03:00:42 | INFO     | [PROTECT] DRIFT/USDT:USDT 已取消止盈单 1106437175
2025-11-25 03:00:42 | INFO     | [PROTECT] DRIFT/USDT:USDT 已取消止损单 1106437176
2025-11-25 03:00:42 | INFO     | [LIVE CLOSE] 平仓 DRIFT/USDT:USDT: sell 76.6 (原long仓位)
2025-11-25 03:00:42 | INFO     | [LIVE PROFIT] DRIFT/USDT:USDT 开仓价格: 0.20610000, 当前价格: 0.22040000
2025-11-25 03:00:42 | INFO     | [LIVE PROFIT] DRIFT/USDT:USDT 预期收益: 6.94% (约 1.09538000 USDT)
2025-11-25 03:00:42 | INFO     | [LIVE MARKET] 创建市价单 DRIFT/USDT:USDT: sell 76.6
2025-11-25 03:00:42 | INFO     | [LIVE SUCCESS] DRIFT/USDT:USDT 市价单创建成功 ID:1107082923 成交:76.0
2025-11-25 03:00:42 | INFO     | [LIVE SUCCESS] 平仓订单创建成功 DRIFT/USDT:USDT: 1107082923
2025-11-25 03:00:43 | INFO     | [DINGDING] 通知已发送: 🔔 [实盘] 平仓通知
📊 交易对: DRIFT/USDT:USDT
📈 方向: 做多
🔢 数量: 76.60000000
💵 开仓价: 0.20610000
💵 平仓价: 0.22040000
💰 收益: 6.94% (1.09538000 USDT)
2025-11-25 03:00:43 | INFO     | [PROTECT] AKT/USDT:USDT 已取消止盈单 428993693
2025-11-25 03:00:43 | INFO     | [PROTECT] AKT/USDT:USDT 已取消止损单 428993695
2025-11-25 03:00:43 | INFO     | [LIVE CLOSE] 平仓 AKT/USDT:USDT: sell 32.9 (原long仓位)
2025-11-25 03:00:43 | INFO     | [LIVE PROFIT] AKT/USDT:USDT 开仓价格: 0.47980000, 当前价格: 0.48810000
2025-11-25 03:00:43 | INFO     | [LIVE PROFIT] AKT/USDT:USDT 预期收益: 1.73% (约 0.27307000 USDT)
2025-11-25 03:00:43 | INFO     | [LIVE MARKET] 创建市价单 AKT/USDT:USDT: sell 32.9
2025-11-25 03:00:43 | INFO     | [LIVE SUCCESS] AKT/USDT:USDT 市价单创建成功 ID:429562201 成交:32.9
2025-11-25 03:00:43 | INFO     | [LIVE SUCCESS] 平仓订单创建成功 AKT/USDT:USDT: 429562201
2025-11-25 03:00:43 | INFO     | [DINGDING] 通知已发送: 🔔 [实盘] 平仓通知
📊 交易对: AKT/USDT:USDT
📈 方向: 做多
🔢 数量: 32.90000000
💵 开仓价: 0.47980000
💵 平仓价: 0.48810000
💰 收益: 1.73% (0.27307000 USDT)
2025-11-25 03:00:43 | INFO     | [PROTECT] ORDER/USDT:USDT 已取消止盈单 390656042
2025-11-25 03:00:43 | INFO     | [PROTECT] ORDER/USDT:USDT 已取消止损单 390656094
2025-11-25 03:00:43 | INFO     | [LIVE CLOSE] 平仓 ORDER/USDT:USDT: buy 125.9 (原short仓位)
2025-11-25 03:00:43 | INFO     | [LIVE PROFIT] ORDER/USDT:USDT 开仓价格: 0.12543000, 当前价格: 0.11441000
2025-11-25 03:00:43 | INFO     | [LIVE PROFIT] ORDER/USDT:USDT 预期收益: 8.79% (约 1.38741800 USDT)
2025-11-25 03:00:43 | INFO     | [LIVE MARKET] 创建市价单 ORDER/USDT:USDT: buy 125.9
2025-11-25 03:00:43 | INFO     | [LIVE SUCCESS] ORDER/USDT:USDT 市价单创建成功 ID:392621389 成交:125.0
2025-11-25 03:00:43 | INFO     | [LIVE SUCCESS] 平仓订单创建成功 ORDER/USDT:USDT: 392621389
2025-11-25 03:00:44 | INFO     | [DINGDING] 通知已发送: 🔔 [实盘] 平仓通知
📊 交易对: ORDER/USDT:USDT
📈 方向: 做空
🔢 数量: 125.90000000
💵 开仓价: 0.12543000
💵 平仓价: 0.11441000
💰 收益: 8.79% (1.38741800 USDT)
2025-11-25 03:00:44 | INFO     | [PROTECT] COS/USDT:USDT 已取消止盈单 698418480
2025-11-25 03:00:44 | INFO     | [PROTECT] COS/USDT:USDT 已取消止损单 698418481
2025-11-25 03:00:44 | INFO     | [LIVE CLOSE] 平仓 COS/USDT:USDT: buy 10416.1 (原short仓位)
2025-11-25 03:00:44 | INFO     | [LIVE PROFIT] COS/USDT:USDT 开仓价格: 0.00151600, 当前价格: 0.00156700
2025-11-25 03:00:44 | INFO     | [LIVE PROFIT] COS/USDT:USDT 预期收益: -3.36% (约 -0.53122110 USDT)
2025-11-25 03:00:44 | INFO     | [LIVE MARKET] 创建市价单 COS/USDT:USDT: buy 10416.1
2025-11-25 03:00:44 | INFO     | [LIVE SUCCESS] COS/USDT:USDT 市价单创建成功 ID:698671861 成交:10416.0
2025-11-25 03:00:44 | INFO     | [LIVE SUCCESS] 平仓订单创建成功 COS/USDT:USDT: 698671861
2025-11-25 03:00:44 | INFO     | [DINGDING] 通知已发送: 🔔 [实盘] 平仓通知
📊 交易对: COS/USDT:USDT
📈 方向: 做空
🔢 数量: 10416.10000000
💵 开仓价: 0.00151600
💵 平仓价: 0.00156700
📉 收益: -3.36% (-0.53122110 USDT)
2025-11-25 03:00:44 | INFO     | [LIVE WAIT] 等待 4 个平仓订单执行...
2025-11-25 03:00:46 | INFO     | [LIVE OK] 平仓操作完成，成功: 4/4
2025-11-25 03:00:46 | INFO     | [INFO] Cycle 2/16 仓位字典已清空
2025-11-25 03:00:46 | INFO     | [STEP 2] 跳过验证步骤...
2025-11-25 03:00:46 | INFO     | [STEP 3] 提取OHLC数据并计算因子...
2025-11-25 03:00:46 | INFO     | [OK] 获取活跃交易对完成，耗时: 0.001秒
2025-11-25 03:02:02 | INFO     | [FACTORS] 计算得到 534 个有效因子
2025-11-25 03:02:02 | INFO     | [STEP 4] 根据因子值选择交易标的...
2025-11-25 03:02:02 | INFO     | [FILTER] 忽略 1 个交易对: ['BTC/USDT:USDT']
2025-11-25 03:02:02 | INFO     | [FILTER] OBOL/USDT:USDT 已在其它周期出现 4 次，达到上限 4，跳过
2025-11-25 03:02:02 | INFO     | [FILTER] A2Z/USDT:USDT 已在其它周期出现 4 次，达到上限 4，跳过
2025-11-25 03:02:02 | INFO     | [STATS] 因子统计:
2025-11-25 03:02:02 | INFO     |    总计: 533 个标的
2025-11-25 03:02:02 | INFO     |    因子值范围: -0.069941 ~ 0.226385
2025-11-25 03:02:02 | INFO     |    选择做多: 2 个
2025-11-25 03:02:02 | INFO     |    选择做空: 2 个
2025-11-25 03:02:02 | INFO     | [TOP 20] 因子值排名前20的交易对:
2025-11-25 03:02:02 | INFO     |    第1名: BANANAS31/USDT:USDT: 0.226385
2025-11-25 03:02:02 | INFO     |    第2名: OBOL/USDT:USDT: 0.201294
2025-11-25 03:02:02 | INFO     |    第3名: EVAA/USDT:USDT: 0.200813
2025-11-25 03:02:02 | INFO     |    第4名: ZEN/USDT:USDT: 0.166496
2025-11-25 03:02:02 | INFO     |    第5名: SAGA/USDT:USDT: 0.164118
2025-11-25 03:02:02 | INFO     |    第6名: BB/USDT:USDT: 0.162595
2025-11-25 03:02:02 | INFO     |    第7名: SOON/USDT:USDT: 0.152989
2025-11-25 03:02:02 | INFO     |    第8名: BANANA/USDT:USDT: 0.146163
2025-11-25 03:02:02 | INFO     |    第9名: MAVIA/USDT:USDT: 0.145902
2025-11-25 03:02:02 | INFO     |    第10名: SKYAI/USDT:USDT: 0.145481
2025-11-25 03:02:02 | INFO     |    第11名: PIPPIN/USDT:USDT: 0.144155
2025-11-25 03:02:02 | INFO     |    第12名: 1000WHY/USDT:USDT: 0.141663
2025-11-25 03:02:02 | INFO     |    第13名: XPL/USDT:USDT: 0.139274
2025-11-25 03:02:02 | INFO     |    第14名: INJ/USDT:USDT: 0.132523
2025-11-25 03:02:02 | INFO     |    第15名: BIO/USDT:USDT: 0.132295
2025-11-25 03:02:02 | INFO     |    第16名: PONKE/USDT:USDT: 0.130669
2025-11-25 03:02:02 | INFO     |    第17名: ZEC/USDT:USDT: 0.130046
2025-11-25 03:02:02 | INFO     |    第18名: DASH/USDT:USDT: 0.128186
2025-11-25 03:02:02 | INFO     |    第19名: PUMP/USDT:USDT: 0.124603
2025-11-25 03:02:02 | INFO     |    第20名: NMR/USDT:USDT: 0.121530
2025-11-25 03:02:02 | INFO     | [BOTTOM 20] 因子值排名后20的交易对:
2025-11-25 03:02:02 | INFO     |    第514名: BABY/USDT:USDT: -0.018738
2025-11-25 03:02:02 | INFO     |    第515名: PIXEL/USDT:USDT: -0.019296
2025-11-25 03:02:02 | INFO     |    第516名: AVA/USDT:USDT: -0.019389
2025-11-25 03:02:02 | INFO     |    第517名: ICNT/USDT:USDT: -0.021635
2025-11-25 03:02:02 | INFO     |    第518名: SKL/USDT:USDT: -0.021813
2025-11-25 03:02:02 | INFO     |    第519名: NAORIS/USDT:USDT: -0.022980
2025-11-25 03:02:02 | INFO     |    第520名: CATI/USDT:USDT: -0.025152
2025-11-25 03:02:02 | INFO     |    第521名: JCT/USDT:USDT: -0.025467
2025-11-25 03:02:02 | INFO     |    第522名: KITE/USDT:USDT: -0.028686
2025-11-25 03:02:02 | INFO     |    第523名: UAI/USDT:USDT: -0.030558
2025-11-25 03:02:02 | INFO     |    第524名: XMR/USDT:USDT: -0.030719
2025-11-25 03:02:02 | INFO     |    第525名: HUMA/USDT:USDT: -0.031534
2025-11-25 03:02:02 | INFO     |    第526名: 1000RATS/USDT:USDT: -0.033582
2025-11-25 03:02:02 | INFO     |    第527名: HIGH/USDT:USDT: -0.034247
2025-11-25 03:02:02 | INFO     |    第528名: SYN/USDT:USDT: -0.036455
2025-11-25 03:02:02 | INFO     |    第529名: IOST/USDT:USDT: -0.038723
2025-11-25 03:02:02 | INFO     |    第530名: ENSO/USDT:USDT: -0.045771
2025-11-25 03:02:02 | INFO     |    第531名: YALA/USDT:USDT: -0.047310
2025-11-25 03:02:02 | INFO     |    第532名: COS/USDT:USDT: -0.067660
2025-11-25 03:02:02 | INFO     |    第533名: A2Z/USDT:USDT: -0.069941
2025-11-25 03:02:02 | INFO     | [LONG SYMBOLS] 做多标的详情:
2025-11-25 03:02:02 | INFO     |    BANANAS31/USDT:USDT: 0.226385
2025-11-25 03:02:02 | INFO     |    EVAA/USDT:USDT: 0.200813
2025-11-25 03:02:02 | INFO     | [SHORT SYMBOLS] 做空标的详情:
2025-11-25 03:02:02 | INFO     |    COS/USDT:USDT: -0.067660
2025-11-25 03:02:02 | INFO     |    YALA/USDT:USDT: -0.047310
2025-11-25 03:02:02 | INFO     | [SELECTION] 选择交易标的:
2025-11-25 03:02:02 | INFO     |    做多: ['BANANAS31/USDT:USDT', 'EVAA/USDT:USDT']
2025-11-25 03:02:02 | INFO     |    做空: ['COS/USDT:USDT', 'YALA/USDT:USDT']
2025-11-25 03:02:02 | INFO     | [DINGDING] 通知已发送: Cycle 2/16 交易标的选择完成:
做多 (2个):
  BANANAS31/USDT:USDT: 0.226385
  EVAA/USDT:USDT: 0.200813
做空 (2个):
  COS/USDT:USDT: -0.067660
  YALA/USDT:USDT: -0.047310

因子统计:
  总计: 534 个标的
  范围: -0.069941 ~ 0.226385
2025-11-25 03:02:02 | INFO     | [STEP 5] 获取当前合约保证金...
2025-11-25 03:02:02 | INFO     | [BALANCE] 当前保证金余额: 24.02 USDT
2025-11-25 03:02:03 | INFO     | [DINGDING] 通知已发送:  账户余额报告
 时间: 2025-11-25 03:02:02
 USDT余额: 24.02
2025-11-25 03:02:03 | INFO     | [BALANCE] 余额通知已发送: 24.02 USDT
2025-11-25 03:02:03 | INFO     | [BALANCE] Cycle 2/16 使用当前可用余额 24.02 USDT 执行开仓
2025-11-25 03:02:03 | INFO     | [STEP 6] 执行开仓交易...
2025-11-25 03:02:03 | INFO     | [BALANCE] 总余额: 24.02 USDT
2025-11-25 03:02:03 | INFO     | [INFO] 总仓位数: 4
2025-11-25 03:02:03 | INFO     | [VALUE] 单仓价值: 17.66 USDT
2025-11-25 03:02:03 | INFO     | [MARGIN] 设置保证金模式为 ISOLATED...
2025-11-25 03:02:03 | INFO     | [MARGIN] BANANAS31/USDT:USDT 已经是 ISOLATED 模式
2025-11-25 03:02:03 | INFO     | [MARGIN] EVAA/USDT:USDT 已经是 ISOLATED 模式
2025-11-25 03:02:03 | INFO     | [MARGIN] COS/USDT:USDT 已经是 ISOLATED 模式
2025-11-25 03:02:03 | INFO     | [MARGIN] YALA/USDT:USDT (YALAUSDT) 保证金模式设置为 ISOLATED ✓
2025-11-25 03:02:03 | INFO     | [MARGIN] 保证金模式设置完成: 4/4 成功
2025-11-25 03:02:03 | INFO     | [LEVERAGE] 设置杠杆为 3x...
2025-11-25 03:02:03 | INFO     | [LIVE LONG] 开多头仓位: 2 个
2025-11-25 03:02:03 | INFO     | [LIVE BUY] 做多 BANANAS31/USDT:USDT: 4386.4 @ 0.004025
2025-11-25 03:02:03 | INFO     | [LIVE MARKET] 创建市价单 BANANAS31/USDT:USDT: buy 4386.4
2025-11-25 03:02:03 | INFO     | [LIVE SUCCESS] BANANAS31/USDT:USDT 市价单创建成功 ID:1346847607 成交:4386.0
2025-11-25 03:02:03 | INFO     | [PROTECT] BANANAS31/USDT:USDT 止盈单创建成功 ID:1346847608 触发价:0.00483
2025-11-25 03:02:03 | INFO     | [PROTECT] BANANAS31/USDT:USDT 止损单创建成功 ID:1346847609 触发价:0.00322
2025-11-25 03:02:03 | INFO     | [LIVE BUY] 做多 EVAA/USDT:USDT: 15.9 @ 1.104
2025-11-25 03:02:03 | INFO     | [LIVE MARKET] 创建市价单 EVAA/USDT:USDT: buy 15.9
2025-11-25 03:02:03 | INFO     | [LIVE SUCCESS] EVAA/USDT:USDT 市价单创建成功 ID:872083453 成交:15.9
2025-11-25 03:02:03 | INFO     | [PROTECT] EVAA/USDT:USDT 止盈单创建成功 ID:872083454 触发价:1.325
2025-11-25 03:02:03 | INFO     | [PROTECT] EVAA/USDT:USDT 止损单创建成功 ID:872083455 触发价:0.883
2025-11-25 03:02:04 | INFO     | [LIVE OK] 多头开仓: 2/2 成功
2025-11-25 03:02:04 | INFO     | [LIVE SHORT] 开空头仓位: 2 个
2025-11-25 03:02:04 | INFO     | [LIVE SELL] 做空 COS/USDT:USDT: 11274.3 @ 0.001566
2025-11-25 03:02:04 | INFO     | [LIVE MARKET] 创建市价单 COS/USDT:USDT: sell 11274.3
2025-11-25 03:02:04 | INFO     | [LIVE SUCCESS] COS/USDT:USDT 市价单创建成功 ID:698672170 成交:11274.0
2025-11-25 03:02:04 | INFO     | [PROTECT] COS/USDT:USDT 止盈单创建成功 ID:698672204 触发价:0.001253
2025-11-25 03:02:04 | INFO     | [PROTECT] COS/USDT:USDT 止损单创建成功 ID:698672208 触发价:0.001879
2025-11-25 03:02:04 | INFO     | [LIVE SELL] 做空 YALA/USDT:USDT: 509.0 @ 0.03469
2025-11-25 03:02:04 | INFO     | [LIVE MARKET] 创建市价单 YALA/USDT:USDT: sell 509.0
2025-11-25 03:02:04 | INFO     | [LIVE SUCCESS] YALA/USDT:USDT 市价单创建成功 ID:211469635 成交:509.0
2025-11-25 03:02:04 | INFO     | [PROTECT] YALA/USDT:USDT 止盈单创建成功 ID:211469636 触发价:0.02775
2025-11-25 03:02:04 | INFO     | [PROTECT] YALA/USDT:USDT 止损单创建成功 ID:211469642 触发价:0.04163
2025-11-25 03:02:04 | INFO     | [LIVE OK] 空头开仓: 2/2 成功
2025-11-25 03:02:04 | INFO     | [POSITIONS] 新仓位已添加到字典: {'BANANAS31/USDT:USDT': {'side': 'long', 'quantity': 4386.4, 'open_price': 0.004025, 'position_side': 'LONG', 'take_profit_order_id': '1346847608', 'take_profit_price': 0.00483, 'stop_loss_order_id': '1346847609', 'stop_loss_price': 0.00322}, 'EVAA/USDT:USDT': {'side': 'long', 'quantity': 15.9, 'open_price': 1.104, 'position_side': 'LONG', 'take_profit_order_id': '872083454', 'take_profit_price': 1.325, 'stop_loss_order_id': '872083455', 'stop_loss_price': 0.883}, 'COS/USDT:USDT': {'side': 'short', 'quantity': 11274.3, 'open_price': 0.001566, 'position_side': 'SHORT', 'take_profit_order_id': '698672204', 'take_profit_price': 0.001253, 'stop_loss_order_id': '698672208', 'stop_loss_price': 0.001879}, 'YALA/USDT:USDT': {'side': 'short', 'quantity': 509.0, 'open_price': 0.03469, 'position_side': 'SHORT', 'take_profit_order_id': '211469636', 'take_profit_price': 0.02775, 'stop_loss_order_id': '211469642', 'stop_loss_price': 0.04163}}
2025-11-25 03:02:04 | INFO     | [POSITIONS] 当前仓位字典: {'BANANAS31/USDT:USDT': {'side': 'long', 'quantity': 4386.4, 'open_price': 0.004025, 'position_side': 'LONG', 'take_profit_order_id': '1346847608', 'take_profit_price': 0.00483, 'stop_loss_order_id': '1346847609', 'stop_loss_price': 0.00322}, 'EVAA/USDT:USDT': {'side': 'long', 'quantity': 15.9, 'open_price': 1.104, 'position_side': 'LONG', 'take_profit_order_id': '872083454', 'take_profit_price': 1.325, 'stop_loss_order_id': '872083455', 'stop_loss_price': 0.883}, 'COS/USDT:USDT': {'side': 'short', 'quantity': 11274.3, 'open_price': 0.001566, 'position_side': 'SHORT', 'take_profit_order_id': '698672204', 'take_profit_price': 0.001253, 'stop_loss_order_id': '698672208', 'stop_loss_price': 0.001879}, 'YALA/USDT:USDT': {'side': 'short', 'quantity': 509.0, 'open_price': 0.03469, 'position_side': 'SHORT', 'take_profit_order_id': '211469636', 'take_profit_price': 0.02775, 'stop_loss_order_id': '211469642', 'stop_loss_price': 0.04163}}
2025-11-25 03:02:04 | INFO     | [STEP 7] 开仓交易完成
2025-11-25 03:02:04 | INFO     | [INFO] 跳过详细仓位验证，交易周期完成
2025-11-25 03:02:04 | INFO     | [STEP 8] 记录当前交易对价格和因子信息...
2025-11-25 03:02:04 | INFO     | [API] 成功获取 534 个交易对价格
2025-11-25 03:02:04 | INFO     | [RECORD] 记录了 534 个交易对的价格和因子信息
2025-11-25 03:02:04 | INFO     | [OK] 交易周期执行成功
2025-11-25 03:02:04 | INFO     | [TIME] 周期耗时: 103.2秒
2025-11-25 03:02:04 | INFO     | [16H] Cycle 3/16 下次执行时间: 2025-11-25 04:00:00
2025-11-25 03:02:04 | INFO     | [WAIT] 等待 3475 秒 (1.0 小时)
2025-11-25 03:14:15 | INFO     | [WAIT] Cycle 3/16 剩余等待时间: 45.7 分钟
2025-11-25 03:26:26 | INFO     | [WAIT] Cycle 3/16 剩余等待时间: 33.6 分钟
2025-11-25 03:38:37 | INFO     | [WAIT] Cycle 3/16 剩余等待时间: 21.4 分钟
2025-11-25 03:50:49 | INFO     | [WAIT] Cycle 3/16 剩余等待时间: 9.2 分钟
2025-11-25 04:00:34 | INFO     | 
==================================================
2025-11-25 04:00:34 | INFO     | [CYCLE] 第 20 轮交易周期 (Cycle 3/16)
2025-11-25 04:00:34 | INFO     | [TIME] 开始时间: 2025-11-25 04:00:34
2025-11-25 04:00:34 | INFO     | ==================================================
2025-11-25 04:00:55 | INFO     | [STEP 1] Cycle 3/16 平仓字典中存储的仓位...
2025-11-25 04:00:55 | INFO     | [POSITIONS] 当前持有仓位: {'DRIFT/USDT:USDT': {'side': 'long', 'quantity': 75.8, 'open_price': 0.2083, 'position_side': 'LONG', 'take_profit_order_id': '1106462886', 'take_profit_price': 0.25, 'stop_loss_order_id': '1106462887', 'stop_loss_price': 0.1666}, 'RIVER/USDT:USDT': {'side': 'long', 'quantity': 4.4, 'open_price': 3.575, 'position_side': 'LONG', 'take_profit_order_id': '263269885', 'take_profit_price': 4.29, 'stop_loss_order_id': '263269889', 'stop_loss_price': 2.86}, 'HIPPO/USDT:USDT': {'side': 'short', 'quantity': 14073.8, 'open_price': 0.001122, 'position_side': 'SHORT', 'take_profit_order_id': '1817436235', 'take_profit_price': 0.000898, 'stop_loss_order_id': '1817436238', 'stop_loss_price': 0.001346}, 'ASR/USDT:USDT': {'side': 'short', 'quantity': 11.5, 'open_price': 1.377, 'position_side': 'SHORT', 'take_profit_order_id': '474851458', 'take_profit_price': 1.102, 'stop_loss_order_id': '474851459', 'stop_loss_price': 1.652}}
2025-11-25 04:00:55 | INFO     | [LIVE CLOSE] 开始平仓指定仓位: 4 个
2025-11-25 04:00:55 | INFO     | [PROTECT] DRIFT/USDT:USDT 已取消止盈单 1106462886
2025-11-25 04:00:55 | INFO     | [PROTECT] DRIFT/USDT:USDT 已取消止损单 1106462887
2025-11-25 04:00:55 | INFO     | [LIVE CLOSE] 平仓 DRIFT/USDT:USDT: sell 75.8 (原long仓位)
2025-11-25 04:00:55 | INFO     | [LIVE PROFIT] DRIFT/USDT:USDT 开仓价格: 0.20830000, 当前价格: 0.22130000
2025-11-25 04:00:55 | INFO     | [LIVE PROFIT] DRIFT/USDT:USDT 预期收益: 6.24% (约 0.98540000 USDT)
2025-11-25 04:00:55 | INFO     | [LIVE MARKET] 创建市价单 DRIFT/USDT:USDT: sell 75.8
2025-11-25 04:00:55 | INFO     | [LIVE SUCCESS] DRIFT/USDT:USDT 市价单创建成功 ID:1107125308 成交:75.0
2025-11-25 04:00:55 | INFO     | [LIVE SUCCESS] 平仓订单创建成功 DRIFT/USDT:USDT: 1107125308
2025-11-25 04:00:56 | INFO     | [DINGDING] 通知已发送: 🔔 [实盘] 平仓通知
📊 交易对: DRIFT/USDT:USDT
📈 方向: 做多
🔢 数量: 75.80000000
💵 开仓价: 0.20830000
💵 平仓价: 0.22130000
💰 收益: 6.24% (0.98540000 USDT)
2025-11-25 04:00:56 | INFO     | [PROTECT] RIVER/USDT:USDT 已取消止盈单 263269885
2025-11-25 04:00:56 | INFO     | [PROTECT] RIVER/USDT:USDT 已取消止损单 263269889
2025-11-25 04:00:57 | INFO     | [LIVE CLOSE] 平仓 RIVER/USDT:USDT: sell 4.4 (原long仓位)
2025-11-25 04:00:57 | INFO     | [LIVE PROFIT] RIVER/USDT:USDT 开仓价格: 3.57500000, 当前价格: 3.65600000
2025-11-25 04:00:57 | INFO     | [LIVE PROFIT] RIVER/USDT:USDT 预期收益: 2.27% (约 0.35640000 USDT)
2025-11-25 04:00:57 | INFO     | [LIVE MARKET] 创建市价单 RIVER/USDT:USDT: sell 4.4
2025-11-25 04:00:57 | INFO     | [LIVE SUCCESS] RIVER/USDT:USDT 市价单创建成功 ID:263758579 成交:4.4
2025-11-25 04:00:57 | INFO     | [LIVE SUCCESS] 平仓订单创建成功 RIVER/USDT:USDT: 263758579
2025-11-25 04:00:57 | INFO     | [DINGDING] 通知已发送: 🔔 [实盘] 平仓通知
📊 交易对: RIVER/USDT:USDT
📈 方向: 做多
🔢 数量: 4.40000000
💵 开仓价: 3.57500000
💵 平仓价: 3.65600000
💰 收益: 2.27% (0.35640000 USDT)
2025-11-25 04:00:57 | INFO     | [PROTECT] HIPPO/USDT:USDT 已取消止盈单 1817436235
2025-11-25 04:00:57 | INFO     | [PROTECT] HIPPO/USDT:USDT 已取消止损单 1817436238
2025-11-25 04:00:57 | INFO     | [LIVE CLOSE] 平仓 HIPPO/USDT:USDT: buy 14073.8 (原short仓位)
2025-11-25 04:00:57 | INFO     | [LIVE PROFIT] HIPPO/USDT:USDT 开仓价格: 0.00112200, 当前价格: 0.00111500
2025-11-25 04:00:57 | INFO     | [LIVE PROFIT] HIPPO/USDT:USDT 预期收益: 0.62% (约 0.09851660 USDT)
2025-11-25 04:00:57 | INFO     | [LIVE MARKET] 创建市价单 HIPPO/USDT:USDT: buy 14073.8
2025-11-25 04:00:57 | INFO     | [LIVE SUCCESS] HIPPO/USDT:USDT 市价单创建成功 ID:1819056874 成交:14073.0
2025-11-25 04:00:57 | INFO     | [LIVE SUCCESS] 平仓订单创建成功 HIPPO/USDT:USDT: 1819056874
2025-11-25 04:00:57 | INFO     | [DINGDING] 通知已发送: 🔔 [实盘] 平仓通知
📊 交易对: HIPPO/USDT:USDT
📈 方向: 做空
🔢 数量: 14073.80000000
💵 开仓价: 0.00112200
💵 平仓价: 0.00111500
💰 收益: 0.62% (0.09851660 USDT)
2025-11-25 04:00:58 | INFO     | [PROTECT] ASR/USDT:USDT 已取消止盈单 474851458
2025-11-25 04:00:58 | INFO     | [PROTECT] ASR/USDT:USDT 已取消止损单 474851459
2025-11-25 04:00:58 | INFO     | [LIVE CLOSE] 平仓 ASR/USDT:USDT: buy 11.5 (原short仓位)
2025-11-25 04:00:58 | INFO     | [LIVE PROFIT] ASR/USDT:USDT 开仓价格: 1.37700000, 当前价格: 1.37900000
2025-11-25 04:00:58 | INFO     | [LIVE PROFIT] ASR/USDT:USDT 预期收益: -0.15% (约 -0.02300000 USDT)
2025-11-25 04:00:58 | INFO     | [LIVE MARKET] 创建市价单 ASR/USDT:USDT: buy 11.5
2025-11-25 04:00:58 | INFO     | [LIVE SUCCESS] ASR/USDT:USDT 市价单创建成功 ID:475036085 成交:11.5
2025-11-25 04:00:58 | INFO     | [LIVE SUCCESS] 平仓订单创建成功 ASR/USDT:USDT: 475036085
2025-11-25 04:00:58 | INFO     | [DINGDING] 通知已发送: 🔔 [实盘] 平仓通知
📊 交易对: ASR/USDT:USDT
📈 方向: 做空
🔢 数量: 11.50000000
💵 开仓价: 1.37700000
💵 平仓价: 1.37900000
📉 收益: -0.15% (-0.02300000 USDT)
2025-11-25 04:00:58 | INFO     | [LIVE WAIT] 等待 4 个平仓订单执行...
2025-11-25 04:01:00 | INFO     | [LIVE OK] 平仓操作完成，成功: 4/4
2025-11-25 04:01:00 | INFO     | [INFO] Cycle 3/16 仓位字典已清空
2025-11-25 04:01:00 | INFO     | [STEP 2] 跳过验证步骤...
2025-11-25 04:01:00 | INFO     | [STEP 3] 提取OHLC数据并计算因子...
2025-11-25 04:01:00 | INFO     | [OK] 获取活跃交易对完成，耗时: 0.001秒
2025-11-25 04:02:16 | INFO     | [FACTORS] 计算得到 534 个有效因子
2025-11-25 04:02:16 | INFO     | [STEP 4] 根据因子值选择交易标的...
2025-11-25 04:02:16 | INFO     | [FILTER] 忽略 1 个交易对: ['BTC/USDT:USDT']
2025-11-25 04:02:16 | INFO     | [FILTER] OBOL/USDT:USDT 已在其它周期出现 4 次，达到上限 4，跳过
2025-11-25 04:02:16 | INFO     | [FILTER] COS/USDT:USDT 已在其它周期出现 4 次，达到上限 4，跳过
2025-11-25 04:02:16 | INFO     | [STATS] 因子统计:
2025-11-25 04:02:16 | INFO     |    总计: 533 个标的
2025-11-25 04:02:16 | INFO     |    因子值范围: -0.067985 ~ 0.295251
2025-11-25 04:02:16 | INFO     |    选择做多: 2 个
2025-11-25 04:02:16 | INFO     |    选择做空: 2 个
2025-11-25 04:02:16 | INFO     | [TOP 20] 因子值排名前20的交易对:
2025-11-25 04:02:16 | INFO     |    第1名: OBOL/USDT:USDT: 0.295251
2025-11-25 04:02:16 | INFO     |    第2名: 1000WHY/USDT:USDT: 0.199551
2025-11-25 04:02:16 | INFO     |    第3名: BANANAS31/USDT:USDT: 0.198076
2025-11-25 04:02:16 | INFO     |    第4名: MAVIA/USDT:USDT: 0.178691
2025-11-25 04:02:16 | INFO     |    第5名: BIO/USDT:USDT: 0.172888
2025-11-25 04:02:16 | INFO     |    第6名: PIPPIN/USDT:USDT: 0.167674
2025-11-25 04:02:16 | INFO     |    第7名: EVAA/USDT:USDT: 0.164534
2025-11-25 04:02:16 | INFO     |    第8名: DUSK/USDT:USDT: 0.149593
2025-11-25 04:02:16 | INFO     |    第9名: XPL/USDT:USDT: 0.147681
2025-11-25 04:02:16 | INFO     |    第10名: 1000SATS/USDT:USDT: 0.146580
2025-11-25 04:02:16 | INFO     |    第11名: AEVO/USDT:USDT: 0.144950
2025-11-25 04:02:16 | INFO     |    第12名: ZEN/USDT:USDT: 0.143992
2025-11-25 04:02:16 | INFO     |    第13名: SHELL/USDT:USDT: 0.138576
2025-11-25 04:02:16 | INFO     |    第14名: PONKE/USDT:USDT: 0.136178
2025-11-25 04:02:16 | INFO     |    第15名: HYPE/USDT:USDT: 0.134873
2025-11-25 04:02:16 | INFO     |    第16名: W/USDT:USDT: 0.132969
2025-11-25 04:02:16 | INFO     |    第17名: THE/USDT:USDT: 0.132438
2025-11-25 04:02:16 | INFO     |    第18名: NMR/USDT:USDT: 0.131710
2025-11-25 04:02:16 | INFO     |    第19名: BB/USDT:USDT: 0.130550
2025-11-25 04:02:16 | INFO     |    第20名: SOON/USDT:USDT: 0.129745
2025-11-25 04:02:16 | INFO     | [BOTTOM 20] 因子值排名后20的交易对:
2025-11-25 04:02:16 | INFO     |    第514名: SYN/USDT:USDT: -0.018973
2025-11-25 04:02:16 | INFO     |    第515名: ZKJ/USDT:USDT: -0.019143
2025-11-25 04:02:16 | INFO     |    第516名: SIGN/USDT:USDT: -0.019362
2025-11-25 04:02:16 | INFO     |    第517名: NAORIS/USDT:USDT: -0.019924
2025-11-25 04:02:16 | INFO     |    第518名: OL/USDT:USDT: -0.020975
2025-11-25 04:02:16 | INFO     |    第519名: RSR/USDT:USDT: -0.022031
2025-11-25 04:02:16 | INFO     |    第520名: JUP/USDT:USDT: -0.022919
2025-11-25 04:02:16 | INFO     |    第521名: ENSO/USDT:USDT: -0.024062
2025-11-25 04:02:16 | INFO     |    第522名: MANTA/USDT:USDT: -0.026096
2025-11-25 04:02:16 | INFO     |    第523名: TRUST/USDT:USDT: -0.026149
2025-11-25 04:02:16 | INFO     |    第524名: HOT/USDT:USDT: -0.026376
2025-11-25 04:02:16 | INFO     |    第525名: JCT/USDT:USDT: -0.027534
2025-11-25 04:02:16 | INFO     |    第526名: USUAL/USDT:USDT: -0.029106
2025-11-25 04:02:16 | INFO     |    第527名: KITE/USDT:USDT: -0.030867
2025-11-25 04:02:16 | INFO     |    第528名: SPK/USDT:USDT: -0.035526
2025-11-25 04:02:16 | INFO     |    第529名: XMR/USDT:USDT: -0.036529
2025-11-25 04:02:16 | INFO     |    第530名: XPIN/USDT:USDT: -0.036622
2025-11-25 04:02:16 | INFO     |    第531名: IOST/USDT:USDT: -0.051035
2025-11-25 04:02:16 | INFO     |    第532名: ICNT/USDT:USDT: -0.052360
2025-11-25 04:02:16 | INFO     |    第533名: COS/USDT:USDT: -0.067985
2025-11-25 04:02:16 | INFO     | [LONG SYMBOLS] 做多标的详情:
2025-11-25 04:02:16 | INFO     |    1000WHY/USDT:USDT: 0.199551
2025-11-25 04:02:16 | INFO     |    BANANAS31/USDT:USDT: 0.198076
2025-11-25 04:02:16 | INFO     | [SHORT SYMBOLS] 做空标的详情:
2025-11-25 04:02:16 | INFO     |    ICNT/USDT:USDT: -0.052360
2025-11-25 04:02:16 | INFO     |    IOST/USDT:USDT: -0.051035
2025-11-25 04:02:16 | INFO     | [SELECTION] 选择交易标的:
2025-11-25 04:02:16 | INFO     |    做多: ['1000WHY/USDT:USDT', 'BANANAS31/USDT:USDT']
2025-11-25 04:02:16 | INFO     |    做空: ['ICNT/USDT:USDT', 'IOST/USDT:USDT']
2025-11-25 04:02:16 | INFO     | [DINGDING] 通知已发送: Cycle 3/16 交易标的选择完成:
做多 (2个):
  1000WHY/USDT:USDT: 0.199551
  BANANAS31/USDT:USDT: 0.198076
做空 (2个):
  ICNT/USDT:USDT: -0.052360
  IOST/USDT:USDT: -0.051035

因子统计:
  总计: 534 个标的
  范围: -0.067985 ~ 0.295251
2025-11-25 04:02:16 | INFO     | [STEP 5] 获取当前合约保证金...
2025-11-25 04:02:16 | INFO     | [BALANCE] 当前保证金余额: 23.01 USDT
2025-11-25 04:02:17 | INFO     | [DINGDING] 通知已发送:  账户余额报告
 时间: 2025-11-25 04:02:16
 USDT余额: 23.01
2025-11-25 04:02:17 | INFO     | [BALANCE] 余额通知已发送: 23.01 USDT
2025-11-25 04:02:17 | INFO     | [BALANCE] Cycle 3/16 使用当前可用余额 23.01 USDT 执行开仓
2025-11-25 04:02:17 | INFO     | [STEP 6] 执行开仓交易...
2025-11-25 04:02:17 | INFO     | [BALANCE] 总余额: 23.01 USDT
2025-11-25 04:02:17 | INFO     | [INFO] 总仓位数: 4
2025-11-25 04:02:17 | INFO     | [VALUE] 单仓价值: 16.91 USDT
2025-11-25 04:02:17 | INFO     | [MARGIN] 设置保证金模式为 ISOLATED...
2025-11-25 04:02:17 | INFO     | [MARGIN] 1000WHY/USDT:USDT 已经是 ISOLATED 模式
2025-11-25 04:02:17 | INFO     | [MARGIN] BANANAS31/USDT:USDT 已经是 ISOLATED 模式
2025-11-25 04:02:17 | INFO     | [MARGIN] ICNT/USDT:USDT 已经是 ISOLATED 模式
2025-11-25 04:02:17 | INFO     | [MARGIN] IOST/USDT:USDT (IOSTUSDT) 保证金模式设置为 ISOLATED ✓
2025-11-25 04:02:17 | INFO     | [MARGIN] 保证金模式设置完成: 4/4 成功
2025-11-25 04:02:17 | INFO     | [LEVERAGE] 设置杠杆为 3x...
2025-11-25 04:02:17 | INFO     | [LIVE LONG] 开多头仓位: 2 个
2025-11-25 04:02:17 | INFO     | [LIVE BUY] 做多 1000WHY/USDT:USDT: 918975.5 @ 1.84e-05
2025-11-25 04:02:17 | INFO     | [LIVE MARKET] 创建市价单 1000WHY/USDT:USDT: buy 918975.5
2025-11-25 04:02:17 | INFO     | [LIVE SUCCESS] 1000WHY/USDT:USDT 市价单创建成功 ID:396789220 成交:918975.0
2025-11-25 04:02:17 | INFO     | [PROTECT] 1000WHY/USDT:USDT 止盈单创建成功 ID:396789222 触发价:2.21e-05
2025-11-25 04:02:17 | INFO     | [PROTECT] 1000WHY/USDT:USDT 止损单创建成功 ID:396789223 触发价:1.47e-05
2025-11-25 04:02:17 | INFO     | [LIVE BUY] 做多 BANANAS31/USDT:USDT: 4203.1 @ 0.004023
2025-11-25 04:02:17 | INFO     | [LIVE MARKET] 创建市价单 BANANAS31/USDT:USDT: buy 4203.1
2025-11-25 04:02:17 | INFO     | [LIVE SUCCESS] BANANAS31/USDT:USDT 市价单创建成功 ID:1347321426 成交:4203.0
2025-11-25 04:02:17 | INFO     | [PROTECT] BANANAS31/USDT:USDT 止盈单创建成功 ID:1347321429 触发价:0.004828
2025-11-25 04:02:17 | INFO     | [PROTECT] BANANAS31/USDT:USDT 止损单创建成功 ID:1347321440 触发价:0.003218
2025-11-25 04:02:17 | INFO     | [LIVE OK] 多头开仓: 2/2 成功
2025-11-25 04:02:17 | INFO     | [LIVE SHORT] 开空头仓位: 2 个
2025-11-25 04:02:17 | INFO     | [LIVE SELL] 做空 ICNT/USDT:USDT: 84.6 @ 0.1998
2025-11-25 04:02:17 | INFO     | [LIVE MARKET] 创建市价单 ICNT/USDT:USDT: sell 84.6
2025-11-25 04:02:17 | INFO     | [LIVE SUCCESS] ICNT/USDT:USDT 市价单创建成功 ID:552624790 成交:84.0
2025-11-25 04:02:17 | INFO     | [PROTECT] ICNT/USDT:USDT 止盈单创建成功 ID:552624793 触发价:0.1598
2025-11-25 04:02:17 | INFO     | [PROTECT] ICNT/USDT:USDT 止损单创建成功 ID:552624795 触发价:0.2398
2025-11-25 04:02:18 | INFO     | [LIVE SELL] 做空 IOST/USDT:USDT: 8806.8 @ 0.00192
2025-11-25 04:02:18 | INFO     | [LIVE MARKET] 创建市价单 IOST/USDT:USDT: sell 8806.8
2025-11-25 04:02:18 | INFO     | [LIVE SUCCESS] IOST/USDT:USDT 市价单创建成功 ID:8448299613 成交:8806.0
2025-11-25 04:02:18 | INFO     | [PROTECT] IOST/USDT:USDT 止盈单创建成功 ID:8448299615 触发价:0.001536
2025-11-25 04:02:18 | INFO     | [PROTECT] IOST/USDT:USDT 止损单创建成功 ID:8448299618 触发价:0.002304
2025-11-25 04:02:18 | INFO     | [LIVE OK] 空头开仓: 2/2 成功
2025-11-25 04:02:18 | INFO     | [POSITIONS] 新仓位已添加到字典: {'1000WHY/USDT:USDT': {'side': 'long', 'quantity': 918975.5, 'open_price': 1.84e-05, 'position_side': 'LONG', 'take_profit_order_id': '396789222', 'take_profit_price': 2.21e-05, 'stop_loss_order_id': '396789223', 'stop_loss_price': 1.47e-05}, 'BANANAS31/USDT:USDT': {'side': 'long', 'quantity': 4203.1, 'open_price': 0.004023, 'position_side': 'LONG', 'take_profit_order_id': '1347321429', 'take_profit_price': 0.004828, 'stop_loss_order_id': '1347321440', 'stop_loss_price': 0.003218}, 'ICNT/USDT:USDT': {'side': 'short', 'quantity': 84.6, 'open_price': 0.1998, 'position_side': 'SHORT', 'take_profit_order_id': '552624793', 'take_profit_price': 0.1598, 'stop_loss_order_id': '552624795', 'stop_loss_price': 0.2398}, 'IOST/USDT:USDT': {'side': 'short', 'quantity': 8806.8, 'open_price': 0.00192, 'position_side': 'SHORT', 'take_profit_order_id': '8448299615', 'take_profit_price': 0.001536, 'stop_loss_order_id': '8448299618', 'stop_loss_price': 0.002304}}
2025-11-25 04:02:18 | INFO     | [POSITIONS] 当前仓位字典: {'1000WHY/USDT:USDT': {'side': 'long', 'quantity': 918975.5, 'open_price': 1.84e-05, 'position_side': 'LONG', 'take_profit_order_id': '396789222', 'take_profit_price': 2.21e-05, 'stop_loss_order_id': '396789223', 'stop_loss_price': 1.47e-05}, 'BANANAS31/USDT:USDT': {'side': 'long', 'quantity': 4203.1, 'open_price': 0.004023, 'position_side': 'LONG', 'take_profit_order_id': '1347321429', 'take_profit_price': 0.004828, 'stop_loss_order_id': '1347321440', 'stop_loss_price': 0.003218}, 'ICNT/USDT:USDT': {'side': 'short', 'quantity': 84.6, 'open_price': 0.1998, 'position_side': 'SHORT', 'take_profit_order_id': '552624793', 'take_profit_price': 0.1598, 'stop_loss_order_id': '552624795', 'stop_loss_price': 0.2398}, 'IOST/USDT:USDT': {'side': 'short', 'quantity': 8806.8, 'open_price': 0.00192, 'position_side': 'SHORT', 'take_profit_order_id': '8448299615', 'take_profit_price': 0.001536, 'stop_loss_order_id': '8448299618', 'stop_loss_price': 0.002304}}
2025-11-25 04:02:18 | INFO     | [STEP 7] 开仓交易完成
2025-11-25 04:02:18 | INFO     | [INFO] 跳过详细仓位验证，交易周期完成
2025-11-25 04:02:18 | INFO     | [STEP 8] 记录当前交易对价格和因子信息...
2025-11-25 04:02:18 | INFO     | [API] 成功获取 534 个交易对价格
2025-11-25 04:02:18 | INFO     | [RECORD] 记录了 534 个交易对的价格和因子信息
2025-11-25 04:02:18 | INFO     | [OK] 交易周期执行成功
2025-11-25 04:02:18 | INFO     | [TIME] 周期耗时: 103.5秒
2025-11-25 04:02:18 | INFO     | [16H] Cycle 4/16 下次执行时间: 2025-11-25 05:00:00
2025-11-25 04:02:18 | INFO     | [WAIT] 等待 3462 秒 (1.0 小时)
2025-11-25 04:14:26 | INFO     | [WAIT] Cycle 4/16 剩余等待时间: 45.6 分钟
2025-11-25 04:26:35 | INFO     | [WAIT] Cycle 4/16 剩余等待时间: 33.4 分钟
2025-11-25 04:38:44 | INFO     | [WAIT] Cycle 4/16 剩余等待时间: 21.3 分钟
2025-11-25 04:50:56 | INFO     | [WAIT] Cycle 4/16 剩余等待时间: 9.1 分钟
2025-11-25 05:00:42 | INFO     | 
==================================================
2025-11-25 05:00:42 | INFO     | [CYCLE] 第 21 轮交易周期 (Cycle 4/16)
2025-11-25 05:00:42 | INFO     | [TIME] 开始时间: 2025-11-25 05:00:42
2025-11-25 05:00:42 | INFO     | ==================================================
2025-11-25 05:01:03 | INFO     | [STEP 1] Cycle 4/16 平仓字典中存储的仓位...
2025-11-25 05:01:03 | INFO     | [POSITIONS] 当前持有仓位: {'FHE/USDT:USDT': {'side': 'long', 'quantity': 787.1, 'open_price': 0.02006, 'position_side': 'LONG', 'take_profit_order_id': '541631450', 'take_profit_price': 0.02407, 'stop_loss_order_id': '541631451', 'stop_loss_price': 0.01605}, 'IMX/USDT:USDT': {'side': 'long', 'quantity': 51.4, 'open_price': 0.3067, 'position_side': 'LONG', 'take_profit_order_id': '6933431814', 'take_profit_price': 0.368, 'stop_loss_order_id': '6933431818', 'stop_loss_price': 0.2454}, 'ZKC/USDT:USDT': {'side': 'short', 'quantity': 106.6, 'open_price': 0.1481, 'position_side': 'SHORT', 'take_profit_order_id': '519649793', 'take_profit_price': 0.1185, 'stop_loss_order_id': '519649795', 'stop_loss_price': 0.1777}, 'CELO/USDT:USDT': {'side': 'short', 'quantity': 96.3, 'open_price': 0.164, 'position_side': 'SHORT', 'take_profit_order_id': '11632411788', 'take_profit_price': 0.131, 'stop_loss_order_id': '11632411793', 'stop_loss_price': 0.197}}
2025-11-25 05:01:03 | INFO     | [LIVE CLOSE] 开始平仓指定仓位: 4 个
2025-11-25 05:01:03 | INFO     | [PROTECT] FHE/USDT:USDT 已取消止盈单 541631450
2025-11-25 05:01:03 | INFO     | [PROTECT] FHE/USDT:USDT 已取消止损单 541631451
2025-11-25 05:01:03 | INFO     | [LIVE CLOSE] 平仓 FHE/USDT:USDT: sell 787.1 (原long仓位)
2025-11-25 05:01:03 | INFO     | [LIVE PROFIT] FHE/USDT:USDT 开仓价格: 0.02006000, 当前价格: 0.01903000
2025-11-25 05:01:03 | INFO     | [LIVE PROFIT] FHE/USDT:USDT 预期收益: -5.13% (约 -0.81071300 USDT)
2025-11-25 05:01:03 | INFO     | [LIVE MARKET] 创建市价单 FHE/USDT:USDT: sell 787.1
2025-11-25 05:01:04 | INFO     | [LIVE SUCCESS] FHE/USDT:USDT 市价单创建成功 ID:542001166 成交:787.0
2025-11-25 05:01:04 | INFO     | [LIVE SUCCESS] 平仓订单创建成功 FHE/USDT:USDT: 542001166
2025-11-25 05:01:04 | INFO     | [DINGDING] 通知已发送: 🔔 [实盘] 平仓通知
📊 交易对: FHE/USDT:USDT
📈 方向: 做多
🔢 数量: 787.10000000
💵 开仓价: 0.02006000
💵 平仓价: 0.01903000
📉 收益: -5.13% (-0.81071300 USDT)
2025-11-25 05:01:05 | INFO     | [PROTECT] IMX/USDT:USDT 已取消止盈单 6933431814
2025-11-25 05:01:05 | INFO     | [PROTECT] IMX/USDT:USDT 已取消止损单 6933431818
2025-11-25 05:01:05 | INFO     | [LIVE CLOSE] 平仓 IMX/USDT:USDT: sell 51.4 (原long仓位)
2025-11-25 05:01:05 | INFO     | [LIVE PROFIT] IMX/USDT:USDT 开仓价格: 0.30670000, 当前价格: 0.31840000
2025-11-25 05:01:05 | INFO     | [LIVE PROFIT] IMX/USDT:USDT 预期收益: 3.81% (约 0.60138000 USDT)
2025-11-25 05:01:05 | INFO     | [LIVE MARKET] 创建市价单 IMX/USDT:USDT: sell 51.4
2025-11-25 05:01:05 | INFO     | [LIVE SUCCESS] IMX/USDT:USDT 市价单创建成功 ID:6935295138 成交:51.0
2025-11-25 05:01:05 | INFO     | [LIVE SUCCESS] 平仓订单创建成功 IMX/USDT:USDT: 6935295138
2025-11-25 05:01:05 | INFO     | [DINGDING] 通知已发送: 🔔 [实盘] 平仓通知
📊 交易对: IMX/USDT:USDT
📈 方向: 做多
🔢 数量: 51.40000000
💵 开仓价: 0.30670000
💵 平仓价: 0.31840000
💰 收益: 3.81% (0.60138000 USDT)
2025-11-25 05:01:05 | INFO     | [PROTECT] ZKC/USDT:USDT 已取消止盈单 519649793
2025-11-25 05:01:05 | INFO     | [PROTECT] ZKC/USDT:USDT 已取消止损单 519649795
2025-11-25 05:01:05 | INFO     | [LIVE CLOSE] 平仓 ZKC/USDT:USDT: buy 106.6 (原short仓位)
2025-11-25 05:01:05 | INFO     | [LIVE PROFIT] ZKC/USDT:USDT 开仓价格: 0.14810000, 当前价格: 0.15170000
2025-11-25 05:01:05 | INFO     | [LIVE PROFIT] ZKC/USDT:USDT 预期收益: -2.43% (约 -0.38376000 USDT)
2025-11-25 05:01:05 | INFO     | [LIVE MARKET] 创建市价单 ZKC/USDT:USDT: buy 106.6
2025-11-25 05:01:05 | INFO     | [LIVE SUCCESS] ZKC/USDT:USDT 市价单创建成功 ID:520760374 成交:106.0
2025-11-25 05:01:05 | INFO     | [LIVE SUCCESS] 平仓订单创建成功 ZKC/USDT:USDT: 520760374
2025-11-25 05:01:06 | INFO     | [DINGDING] 通知已发送: 🔔 [实盘] 平仓通知
📊 交易对: ZKC/USDT:USDT
📈 方向: 做空
🔢 数量: 106.60000000
💵 开仓价: 0.14810000
💵 平仓价: 0.15170000
📉 收益: -2.43% (-0.38376000 USDT)
2025-11-25 05:01:06 | INFO     | [PROTECT] CELO/USDT:USDT 已取消止盈单 11632411788
2025-11-25 05:01:06 | INFO     | [PROTECT] CELO/USDT:USDT 已取消止损单 11632411793
2025-11-25 05:01:06 | INFO     | [LIVE CLOSE] 平仓 CELO/USDT:USDT: buy 96.3 (原short仓位)
2025-11-25 05:01:06 | INFO     | [LIVE PROFIT] CELO/USDT:USDT 开仓价格: 0.16400000, 当前价格: 0.16500000
2025-11-25 05:01:06 | INFO     | [LIVE PROFIT] CELO/USDT:USDT 预期收益: -0.61% (约 -0.09630000 USDT)
2025-11-25 05:01:06 | INFO     | [LIVE MARKET] 创建市价单 CELO/USDT:USDT: buy 96.3
2025-11-25 05:01:06 | INFO     | [LIVE SUCCESS] CELO/USDT:USDT 市价单创建成功 ID:11634500995 成交:96.3
2025-11-25 05:01:06 | INFO     | [LIVE SUCCESS] 平仓订单创建成功 CELO/USDT:USDT: 11634500995
2025-11-25 05:01:06 | INFO     | [DINGDING] 通知已发送: 🔔 [实盘] 平仓通知
📊 交易对: CELO/USDT:USDT
📈 方向: 做空
🔢 数量: 96.30000000
💵 开仓价: 0.16400000
💵 平仓价: 0.16500000
📉 收益: -0.61% (-0.09630000 USDT)
2025-11-25 05:01:06 | INFO     | [LIVE WAIT] 等待 4 个平仓订单执行...
2025-11-25 05:01:08 | INFO     | [LIVE OK] 平仓操作完成，成功: 4/4
2025-11-25 05:01:08 | INFO     | [INFO] Cycle 4/16 仓位字典已清空
2025-11-25 05:01:08 | INFO     | [STEP 2] 跳过验证步骤...
2025-11-25 05:01:08 | INFO     | [STEP 3] 提取OHLC数据并计算因子...
2025-11-25 05:01:08 | INFO     | [OK] 获取活跃交易对完成，耗时: 0.001秒
2025-11-25 05:02:24 | INFO     | [FACTORS] 计算得到 534 个有效因子
2025-11-25 05:02:24 | INFO     | [STEP 4] 根据因子值选择交易标的...
2025-11-25 05:02:24 | INFO     | [FILTER] 忽略 1 个交易对: ['BTC/USDT:USDT']
2025-11-25 05:02:24 | INFO     | [FILTER] OBOL/USDT:USDT 已在其它周期出现 4 次，达到上限 4，跳过
2025-11-25 05:02:24 | INFO     | [FILTER] COS/USDT:USDT 已在其它周期出现 4 次，达到上限 4，跳过
2025-11-25 05:02:24 | INFO     | [STATS] 因子统计:
2025-11-25 05:02:24 | INFO     |    总计: 533 个标的
2025-11-25 05:02:24 | INFO     |    因子值范围: -0.075135 ~ 0.253409
2025-11-25 05:02:24 | INFO     |    选择做多: 2 个
2025-11-25 05:02:24 | INFO     |    选择做空: 2 个
2025-11-25 05:02:24 | INFO     | [TOP 20] 因子值排名前20的交易对:
2025-11-25 05:02:24 | INFO     |    第1名: OBOL/USDT:USDT: 0.253409
2025-11-25 05:02:24 | INFO     |    第2名: HOOK/USDT:USDT: 0.200236
2025-11-25 05:02:24 | INFO     |    第3名: PIPPIN/USDT:USDT: 0.199850
2025-11-25 05:02:24 | INFO     |    第4名: ZEN/USDT:USDT: 0.185441
2025-11-25 05:02:24 | INFO     |    第5名: MAVIA/USDT:USDT: 0.181980
2025-11-25 05:02:24 | INFO     |    第6名: ON/USDT:USDT: 0.181474
2025-11-25 05:02:24 | INFO     |    第7名: BIO/USDT:USDT: 0.169447
2025-11-25 05:02:24 | INFO     |    第8名: EVAA/USDT:USDT: 0.167962
2025-11-25 05:02:24 | INFO     |    第9名: 1000WHY/USDT:USDT: 0.163178
2025-11-25 05:02:24 | INFO     |    第10名: INJ/USDT:USDT: 0.138278
2025-11-25 05:02:24 | INFO     |    第11名: HIPPO/USDT:USDT: 0.135744
2025-11-25 05:02:24 | INFO     |    第12名: ZORA/USDT:USDT: 0.135279
2025-11-25 05:02:24 | INFO     |    第13名: PYTH/USDT:USDT: 0.132927
2025-11-25 05:02:24 | INFO     |    第14名: 1000SATS/USDT:USDT: 0.132556
2025-11-25 05:02:24 | INFO     |    第15名: XPL/USDT:USDT: 0.127547
2025-11-25 05:02:24 | INFO     |    第16名: PONKE/USDT:USDT: 0.124863
2025-11-25 05:02:24 | INFO     |    第17名: FET/USDT:USDT: 0.123822
2025-11-25 05:02:24 | INFO     |    第18名: KERNEL/USDT:USDT: 0.121573
2025-11-25 05:02:24 | INFO     |    第19名: GUN/USDT:USDT: 0.120820
2025-11-25 05:02:24 | INFO     |    第20名: SOON/USDT:USDT: 0.120047
2025-11-25 05:02:24 | INFO     | [BOTTOM 20] 因子值排名后20的交易对:
2025-11-25 05:02:24 | INFO     |    第514名: XMR/USDT:USDT: -0.017438
2025-11-25 05:02:24 | INFO     |    第515名: MITO/USDT:USDT: -0.018859
2025-11-25 05:02:24 | INFO     |    第516名: NAORIS/USDT:USDT: -0.019516
2025-11-25 05:02:24 | INFO     |    第517名: ESPORTS/USDT:USDT: -0.019625
2025-11-25 05:02:24 | INFO     |    第518名: AVA/USDT:USDT: -0.020625
2025-11-25 05:02:24 | INFO     |    第519名: HIGH/USDT:USDT: -0.021397
2025-11-25 05:02:24 | INFO     |    第520名: SOMI/USDT:USDT: -0.021518
2025-11-25 05:02:24 | INFO     |    第521名: SYN/USDT:USDT: -0.021839
2025-11-25 05:02:24 | INFO     |    第522名: HUMA/USDT:USDT: -0.022152
2025-11-25 05:02:24 | INFO     |    第523名: BDXN/USDT:USDT: -0.022673
2025-11-25 05:02:24 | INFO     |    第524名: USUAL/USDT:USDT: -0.023162
2025-11-25 05:02:24 | INFO     |    第525名: JELLYJELLY/USDT:USDT: -0.023440
2025-11-25 05:02:24 | INFO     |    第526名: KITE/USDT:USDT: -0.024659
2025-11-25 05:02:24 | INFO     |    第527名: XPIN/USDT:USDT: -0.027838
2025-11-25 05:02:24 | INFO     |    第528名: ICNT/USDT:USDT: -0.028319
2025-11-25 05:02:24 | INFO     |    第529名: HOT/USDT:USDT: -0.029133
2025-11-25 05:02:24 | INFO     |    第530名: SPK/USDT:USDT: -0.029188
2025-11-25 05:02:24 | INFO     |    第531名: B/USDT:USDT: -0.031505
2025-11-25 05:02:24 | INFO     |    第532名: IOST/USDT:USDT: -0.039722
2025-11-25 05:02:24 | INFO     |    第533名: COS/USDT:USDT: -0.075135
2025-11-25 05:02:24 | INFO     | [LONG SYMBOLS] 做多标的详情:
2025-11-25 05:02:24 | INFO     |    HOOK/USDT:USDT: 0.200236
2025-11-25 05:02:24 | INFO     |    PIPPIN/USDT:USDT: 0.199850
2025-11-25 05:02:24 | INFO     | [SHORT SYMBOLS] 做空标的详情:
2025-11-25 05:02:24 | INFO     |    IOST/USDT:USDT: -0.039722
2025-11-25 05:02:24 | INFO     |    B/USDT:USDT: -0.031505
2025-11-25 05:02:24 | INFO     | [SELECTION] 选择交易标的:
2025-11-25 05:02:24 | INFO     |    做多: ['HOOK/USDT:USDT', 'PIPPIN/USDT:USDT']
2025-11-25 05:02:24 | INFO     |    做空: ['IOST/USDT:USDT', 'B/USDT:USDT']
2025-11-25 05:02:24 | INFO     | [DINGDING] 通知已发送: Cycle 4/16 交易标的选择完成:
做多 (2个):
  HOOK/USDT:USDT: 0.200236
  PIPPIN/USDT:USDT: 0.199850
做空 (2个):
  IOST/USDT:USDT: -0.039722
  B/USDT:USDT: -0.031505

因子统计:
  总计: 534 个标的
  范围: -0.075135 ~ 0.253409
2025-11-25 05:02:24 | INFO     | [STEP 5] 获取当前合约保证金...
2025-11-25 05:02:24 | INFO     | [BALANCE] 当前保证金余额: 21.21 USDT
2025-11-25 05:02:25 | INFO     | [DINGDING] 通知已发送:  账户余额报告
 时间: 2025-11-25 05:02:24
 USDT余额: 21.21
2025-11-25 05:02:25 | INFO     | [BALANCE] 余额通知已发送: 21.21 USDT
2025-11-25 05:02:25 | INFO     | [BALANCE] Cycle 4/16 使用当前可用余额 21.21 USDT 执行开仓
2025-11-25 05:02:25 | INFO     | [STEP 6] 执行开仓交易...
2025-11-25 05:02:25 | INFO     | [BALANCE] 总余额: 21.21 USDT
2025-11-25 05:02:25 | INFO     | [INFO] 总仓位数: 4
2025-11-25 05:02:25 | INFO     | [VALUE] 单仓价值: 15.59 USDT
2025-11-25 05:02:25 | INFO     | [MARGIN] 设置保证金模式为 ISOLATED...
2025-11-25 05:02:25 | INFO     | [MARGIN] HOOK/USDT:USDT 已经是 ISOLATED 模式
2025-11-25 05:02:25 | INFO     | [MARGIN] PIPPIN/USDT:USDT 已经是 ISOLATED 模式
2025-11-25 05:02:25 | INFO     | [MARGIN] IOST/USDT:USDT 已经是 ISOLATED 模式
2025-11-25 05:02:25 | INFO     | [MARGIN] B/USDT:USDT 已经是 ISOLATED 模式
2025-11-25 05:02:25 | INFO     | [MARGIN] 保证金模式设置完成: 4/4 成功
2025-11-25 05:02:25 | INFO     | [LEVERAGE] 设置杠杆为 3x...
2025-11-25 05:02:25 | INFO     | [LIVE LONG] 开多头仓位: 2 个
2025-11-25 05:02:25 | INFO     | [LIVE BUY] 做多 HOOK/USDT:USDT: 328.0 @ 0.04752
2025-11-25 05:02:25 | INFO     | [LIVE MARKET] 创建市价单 HOOK/USDT:USDT: buy 328.0
2025-11-25 05:02:25 | INFO     | [LIVE SUCCESS] HOOK/USDT:USDT 市价单创建成功 ID:3534677989 成交:328.0
2025-11-25 05:02:25 | INFO     | [PROTECT] HOOK/USDT:USDT 止盈单创建成功 ID:3534677992 触发价:0.05702
2025-11-25 05:02:25 | INFO     | [PROTECT] HOOK/USDT:USDT 止损单创建成功 ID:3534678000 触发价:0.03802
2025-11-25 05:02:25 | INFO     | [LIVE BUY] 做多 PIPPIN/USDT:USDT: 266.8 @ 0.05843
2025-11-25 05:02:25 | INFO     | [LIVE MARKET] 创建市价单 PIPPIN/USDT:USDT: buy 266.8
2025-11-25 05:02:25 | INFO     | [LIVE SUCCESS] PIPPIN/USDT:USDT 市价单创建成功 ID:1060836944 成交:266.0
2025-11-25 05:02:25 | INFO     | [PROTECT] PIPPIN/USDT:USDT 止盈单创建成功 ID:1060836954 触发价:0.07012
2025-11-25 05:02:25 | INFO     | [PROTECT] PIPPIN/USDT:USDT 止损单创建成功 ID:1060837087 触发价:0.04674
2025-11-25 05:02:26 | INFO     | [LIVE OK] 多头开仓: 2/2 成功
2025-11-25 05:02:26 | INFO     | [LIVE SHORT] 开空头仓位: 2 个
2025-11-25 05:02:26 | INFO     | [LIVE SELL] 做空 IOST/USDT:USDT: 8111.4 @ 0.001922
2025-11-25 05:02:26 | INFO     | [LIVE MARKET] 创建市价单 IOST/USDT:USDT: sell 8111.4
2025-11-25 05:02:26 | INFO     | [LIVE SUCCESS] IOST/USDT:USDT 市价单创建成功 ID:8448377548 成交:8111.0
2025-11-25 05:02:26 | INFO     | [PROTECT] IOST/USDT:USDT 止盈单创建成功 ID:8448377549 触发价:0.001538
2025-11-25 05:02:26 | INFO     | [PROTECT] IOST/USDT:USDT 止损单创建成功 ID:8448377552 触发价:0.002306
2025-11-25 05:02:26 | INFO     | [LIVE SELL] 做空 B/USDT:USDT: 86.4 @ 0.1805
2025-11-25 05:02:26 | INFO     | [LIVE MARKET] 创建市价单 B/USDT:USDT: sell 86.4
2025-11-25 05:02:26 | INFO     | [LIVE SUCCESS] B/USDT:USDT 市价单创建成功 ID:677749331 成交:86.0
2025-11-25 05:02:26 | INFO     | [PROTECT] B/USDT:USDT 止盈单创建成功 ID:677749336 触发价:0.1444
2025-11-25 05:02:26 | INFO     | [PROTECT] B/USDT:USDT 止损单创建成功 ID:677749337 触发价:0.2166
2025-11-25 05:02:26 | INFO     | [LIVE OK] 空头开仓: 2/2 成功
2025-11-25 05:02:26 | INFO     | [POSITIONS] 新仓位已添加到字典: {'HOOK/USDT:USDT': {'side': 'long', 'quantity': 328.0, 'open_price': 0.04752, 'position_side': 'LONG', 'take_profit_order_id': '3534677992', 'take_profit_price': 0.05702, 'stop_loss_order_id': '3534678000', 'stop_loss_price': 0.03802}, 'PIPPIN/USDT:USDT': {'side': 'long', 'quantity': 266.8, 'open_price': 0.05843, 'position_side': 'LONG', 'take_profit_order_id': '1060836954', 'take_profit_price': 0.07012, 'stop_loss_order_id': '1060837087', 'stop_loss_price': 0.04674}, 'IOST/USDT:USDT': {'side': 'short', 'quantity': 8111.4, 'open_price': 0.001922, 'position_side': 'SHORT', 'take_profit_order_id': '8448377549', 'take_profit_price': 0.001538, 'stop_loss_order_id': '8448377552', 'stop_loss_price': 0.002306}, 'B/USDT:USDT': {'side': 'short', 'quantity': 86.4, 'open_price': 0.1805, 'position_side': 'SHORT', 'take_profit_order_id': '677749336', 'take_profit_price': 0.1444, 'stop_loss_order_id': '677749337', 'stop_loss_price': 0.2166}}
2025-11-25 05:02:26 | INFO     | [POSITIONS] 当前仓位字典: {'HOOK/USDT:USDT': {'side': 'long', 'quantity': 328.0, 'open_price': 0.04752, 'position_side': 'LONG', 'take_profit_order_id': '3534677992', 'take_profit_price': 0.05702, 'stop_loss_order_id': '3534678000', 'stop_loss_price': 0.03802}, 'PIPPIN/USDT:USDT': {'side': 'long', 'quantity': 266.8, 'open_price': 0.05843, 'position_side': 'LONG', 'take_profit_order_id': '1060836954', 'take_profit_price': 0.07012, 'stop_loss_order_id': '1060837087', 'stop_loss_price': 0.04674}, 'IOST/USDT:USDT': {'side': 'short', 'quantity': 8111.4, 'open_price': 0.001922, 'position_side': 'SHORT', 'take_profit_order_id': '8448377549', 'take_profit_price': 0.001538, 'stop_loss_order_id': '8448377552', 'stop_loss_price': 0.002306}, 'B/USDT:USDT': {'side': 'short', 'quantity': 86.4, 'open_price': 0.1805, 'position_side': 'SHORT', 'take_profit_order_id': '677749336', 'take_profit_price': 0.1444, 'stop_loss_order_id': '677749337', 'stop_loss_price': 0.2166}}
2025-11-25 05:02:26 | INFO     | [STEP 7] 开仓交易完成
2025-11-25 05:02:26 | INFO     | [INFO] 跳过详细仓位验证，交易周期完成
2025-11-25 05:02:26 | INFO     | [STEP 8] 记录当前交易对价格和因子信息...
2025-11-25 05:02:26 | INFO     | [API] 成功获取 534 个交易对价格
2025-11-25 05:02:26 | INFO     | [RECORD] 记录了 534 个交易对的价格和因子信息
2025-11-25 05:02:26 | INFO     | [OK] 交易周期执行成功
2025-11-25 05:02:26 | INFO     | [TIME] 周期耗时: 103.8秒
2025-11-25 05:02:26 | INFO     | [16H] Cycle 5/16 下次执行时间: 2025-11-25 06:00:00
2025-11-25 05:02:26 | INFO     | [WAIT] 等待 3453 秒 (1.0 小时)
2025-11-25 05:14:35 | INFO     | [WAIT] Cycle 5/16 剩余等待时间: 45.4 分钟
2025-11-25 05:22:27 | INFO     | [PROTECT] YALA/USDT:USDT 已取消止盈单 211469636
2025-11-25 05:22:27 | INFO     | [PROTECT] Cycle 2/16 YALA/USDT:USDT 仓位已由保护单或外部操作平仓 (止损单已触发 (状态: closed))，自动移除
2025-11-25 05:22:28 | INFO     | [DINGDING] 通知已发送: 🛡️ 仓位监控
Cycle: Cycle 2/16
交易对: YALA/USDT:USDT
方向: short
原因: 止损单已触发 (状态: closed)
2025-11-25 05:26:41 | INFO     | [WAIT] Cycle 5/16 剩余等待时间: 33.3 分钟
2025-11-25 05:38:39 | INFO     | [WAIT] Cycle 5/16 剩余等待时间: 21.3 分钟
2025-11-25 05:50:38 | INFO     | [WAIT] Cycle 5/16 剩余等待时间: 9.4 分钟
2025-11-25 06:00:14 | INFO     | 
==================================================
2025-11-25 06:00:14 | INFO     | [CYCLE] 第 22 轮交易周期 (Cycle 5/16)
2025-11-25 06:00:14 | INFO     | [TIME] 开始时间: 2025-11-25 06:00:14
2025-11-25 06:00:14 | INFO     | ==================================================
2025-11-25 06:00:35 | INFO     | [STEP 1] Cycle 5/16 平仓字典中存储的仓位...
2025-11-25 06:00:35 | INFO     | [POSITIONS] 当前持有仓位: {'VIRTUAL/USDT:USDT': {'side': 'long', 'quantity': 18.1, 'open_price': 0.8722, 'position_side': 'LONG', 'take_profit_order_id': '5770155347', 'take_profit_price': 1.0466, 'stop_loss_order_id': '5770155362', 'stop_loss_price': 0.6978}, '4/USDT:USDT': {'side': 'long', 'quantity': 469.1, 'open_price': 0.03366, 'position_side': 'LONG', 'take_profit_order_id': '649079575', 'take_profit_price': 0.04039, 'stop_loss_order_id': '649079576', 'stop_loss_price': 0.02693}, 'ZKC/USDT:USDT': {'side': 'short', 'quantity': 104.5, 'open_price': 0.1511, 'position_side': 'SHORT', 'take_profit_order_id': '519738043', 'take_profit_price': 0.1209, 'stop_loss_order_id': '519738048', 'stop_loss_price': 0.1813}, 'ASR/USDT:USDT': {'side': 'short', 'quantity': 11.4, 'open_price': 1.384, 'position_side': 'SHORT', 'take_profit_order_id': '474880297', 'take_profit_price': 1.107, 'stop_loss_order_id': '474880298', 'stop_loss_price': 1.661}}
2025-11-25 06:00:35 | INFO     | [LIVE CLOSE] 开始平仓指定仓位: 4 个
2025-11-25 06:00:35 | INFO     | [PROTECT] VIRTUAL/USDT:USDT 已取消止盈单 5770155347
2025-11-25 06:00:35 | INFO     | [PROTECT] VIRTUAL/USDT:USDT 已取消止损单 5770155362
2025-11-25 06:00:35 | INFO     | [LIVE CLOSE] 平仓 VIRTUAL/USDT:USDT: sell 18.1 (原long仓位)
2025-11-25 06:00:35 | INFO     | [LIVE PROFIT] VIRTUAL/USDT:USDT 开仓价格: 0.87220000, 当前价格: 0.93740000
2025-11-25 06:00:35 | INFO     | [LIVE PROFIT] VIRTUAL/USDT:USDT 预期收益: 7.48% (约 1.18012000 USDT)
2025-11-25 06:00:35 | INFO     | [LIVE MARKET] 创建市价单 VIRTUAL/USDT:USDT: sell 18.1
2025-11-25 06:00:35 | INFO     | [LIVE SUCCESS] VIRTUAL/USDT:USDT 市价单创建成功 ID:5778616725 成交:18.1
2025-11-25 06:00:35 | INFO     | [LIVE SUCCESS] 平仓订单创建成功 VIRTUAL/USDT:USDT: 5778616725
2025-11-25 06:00:35 | INFO     | [DINGDING] 通知已发送: 🔔 [实盘] 平仓通知
📊 交易对: VIRTUAL/USDT:USDT
📈 方向: 做多
🔢 数量: 18.10000000
💵 开仓价: 0.87220000
💵 平仓价: 0.93740000
💰 收益: 7.48% (1.18012000 USDT)
2025-11-25 06:00:35 | INFO     | [PROTECT] 4/USDT:USDT 已取消止盈单 649079575
2025-11-25 06:00:35 | INFO     | [PROTECT] 4/USDT:USDT 已取消止损单 649079576
2025-11-25 06:00:35 | INFO     | [LIVE CLOSE] 平仓 4/USDT:USDT: sell 469.1 (原long仓位)
2025-11-25 06:00:35 | INFO     | [LIVE PROFIT] 4/USDT:USDT 开仓价格: 0.03366000, 当前价格: 0.03864000
2025-11-25 06:00:35 | INFO     | [LIVE PROFIT] 4/USDT:USDT 预期收益: 14.80% (约 2.33611800 USDT)
2025-11-25 06:00:35 | INFO     | [LIVE MARKET] 创建市价单 4/USDT:USDT: sell 469.1
2025-11-25 06:00:35 | INFO     | [LIVE SUCCESS] 4/USDT:USDT 市价单创建成功 ID:651349402 成交:469.0
2025-11-25 06:00:35 | INFO     | [LIVE SUCCESS] 平仓订单创建成功 4/USDT:USDT: 651349402
2025-11-25 06:00:36 | INFO     | [DINGDING] 通知已发送: 🔔 [实盘] 平仓通知
📊 交易对: 4/USDT:USDT
📈 方向: 做多
🔢 数量: 469.10000000
💵 开仓价: 0.03366000
💵 平仓价: 0.03864000
💰 收益: 14.80% (2.33611800 USDT)
2025-11-25 06:00:36 | INFO     | [PROTECT] ZKC/USDT:USDT 已取消止盈单 519738043
2025-11-25 06:00:36 | INFO     | [PROTECT] ZKC/USDT:USDT 已取消止损单 519738048
2025-11-25 06:00:36 | INFO     | [LIVE CLOSE] 平仓 ZKC/USDT:USDT: buy 104.5 (原short仓位)
2025-11-25 06:00:36 | INFO     | [LIVE PROFIT] ZKC/USDT:USDT 开仓价格: 0.15110000, 当前价格: 0.15210000
2025-11-25 06:00:36 | INFO     | [LIVE PROFIT] ZKC/USDT:USDT 预期收益: -0.66% (约 -0.10450000 USDT)
2025-11-25 06:00:36 | INFO     | [LIVE MARKET] 创建市价单 ZKC/USDT:USDT: buy 104.5
2025-11-25 06:00:36 | INFO     | [LIVE SUCCESS] ZKC/USDT:USDT 市价单创建成功 ID:520817813 成交:104.0
2025-11-25 06:00:36 | INFO     | [LIVE SUCCESS] 平仓订单创建成功 ZKC/USDT:USDT: 520817813
2025-11-25 06:00:36 | INFO     | [DINGDING] 通知已发送: 🔔 [实盘] 平仓通知
📊 交易对: ZKC/USDT:USDT
📈 方向: 做空
🔢 数量: 104.50000000
💵 开仓价: 0.15110000
💵 平仓价: 0.15210000
📉 收益: -0.66% (-0.10450000 USDT)
2025-11-25 06:00:36 | INFO     | [PROTECT] ASR/USDT:USDT 已取消止盈单 474880297
2025-11-25 06:00:36 | INFO     | [PROTECT] ASR/USDT:USDT 已取消止损单 474880298
2025-11-25 06:00:36 | INFO     | [LIVE CLOSE] 平仓 ASR/USDT:USDT: buy 11.4 (原short仓位)
2025-11-25 06:00:36 | INFO     | [LIVE PROFIT] ASR/USDT:USDT 开仓价格: 1.38400000, 当前价格: 1.38000000
2025-11-25 06:00:36 | INFO     | [LIVE PROFIT] ASR/USDT:USDT 预期收益: 0.29% (约 0.04560000 USDT)
2025-11-25 06:00:36 | INFO     | [LIVE MARKET] 创建市价单 ASR/USDT:USDT: buy 11.4
2025-11-25 06:00:36 | INFO     | [LIVE SUCCESS] ASR/USDT:USDT 市价单创建成功 ID:475052487 成交:11.4
2025-11-25 06:00:36 | INFO     | [LIVE SUCCESS] 平仓订单创建成功 ASR/USDT:USDT: 475052487
2025-11-25 06:00:37 | INFO     | [DINGDING] 通知已发送: 🔔 [实盘] 平仓通知
📊 交易对: ASR/USDT:USDT
📈 方向: 做空
🔢 数量: 11.40000000
💵 开仓价: 1.38400000
💵 平仓价: 1.38000000
💰 收益: 0.29% (0.04560000 USDT)
2025-11-25 06:00:37 | INFO     | [LIVE WAIT] 等待 4 个平仓订单执行...
2025-11-25 06:00:39 | INFO     | [LIVE OK] 平仓操作完成，成功: 4/4
2025-11-25 06:00:39 | INFO     | [INFO] Cycle 5/16 仓位字典已清空
2025-11-25 06:00:39 | INFO     | [STEP 2] 跳过验证步骤...
2025-11-25 06:00:39 | INFO     | [STEP 3] 提取OHLC数据并计算因子...
2025-11-25 06:00:39 | INFO     | [OK] 获取活跃交易对完成，耗时: 0.001秒
2025-11-25 06:01:53 | INFO     | [FACTORS] 计算得到 534 个有效因子
2025-11-25 06:01:53 | INFO     | [STEP 4] 根据因子值选择交易标的...
2025-11-25 06:01:53 | INFO     | [FILTER] 忽略 1 个交易对: ['BTC/USDT:USDT']
2025-11-25 06:01:53 | INFO     | [FILTER] OBOL/USDT:USDT 已在其它周期出现 4 次，达到上限 4，跳过
2025-11-25 06:01:53 | INFO     | [STATS] 因子统计:
2025-11-25 06:01:53 | INFO     |    总计: 533 个标的
2025-11-25 06:01:53 | INFO     |    因子值范围: -0.049540 ~ 0.277013
2025-11-25 06:01:53 | INFO     |    选择做多: 2 个
2025-11-25 06:01:53 | INFO     |    选择做空: 2 个
2025-11-25 06:01:53 | INFO     | [TOP 20] 因子值排名前20的交易对:
2025-11-25 06:01:53 | INFO     |    第1名: OBOL/USDT:USDT: 0.277013
2025-11-25 06:01:53 | INFO     |    第2名: HIPPO/USDT:USDT: 0.177553
2025-11-25 06:01:53 | INFO     |    第3名: BANANAS31/USDT:USDT: 0.173832
2025-11-25 06:01:53 | INFO     |    第4名: PIPPIN/USDT:USDT: 0.167922
2025-11-25 06:01:53 | INFO     |    第5名: EVAA/USDT:USDT: 0.166566
2025-11-25 06:01:53 | INFO     |    第6名: MAVIA/USDT:USDT: 0.164224
2025-11-25 06:01:53 | INFO     |    第7名: FET/USDT:USDT: 0.157124
2025-11-25 06:01:53 | INFO     |    第8名: XPL/USDT:USDT: 0.155307
2025-11-25 06:01:53 | INFO     |    第9名: ZEN/USDT:USDT: 0.154768
2025-11-25 06:01:53 | INFO     |    第10名: ON/USDT:USDT: 0.154580
2025-11-25 06:01:53 | INFO     |    第11名: HOOK/USDT:USDT: 0.146457
2025-11-25 06:01:53 | INFO     |    第12名: SYRUP/USDT:USDT: 0.137743
2025-11-25 06:01:53 | INFO     |    第13名: BIO/USDT:USDT: 0.132034
2025-11-25 06:01:53 | INFO     |    第14名: ICP/USDT:USDT: 0.130859
2025-11-25 06:01:53 | INFO     |    第15名: SKYAI/USDT:USDT: 0.130826
2025-11-25 06:01:53 | INFO     |    第16名: FIS/USDT:USDT: 0.130537
2025-11-25 06:01:53 | INFO     |    第17名: 1000WHY/USDT:USDT: 0.129620
2025-11-25 06:01:53 | INFO     |    第18名: NMR/USDT:USDT: 0.126379
2025-11-25 06:01:53 | INFO     |    第19名: PLAY/USDT:USDT: 0.125282
2025-11-25 06:01:53 | INFO     |    第20名: SOON/USDT:USDT: 0.123214
2025-11-25 06:01:53 | INFO     | [BOTTOM 20] 因子值排名后20的交易对:
2025-11-25 06:01:53 | INFO     |    第514名: BABY/USDT:USDT: -0.014346
2025-11-25 06:01:53 | INFO     |    第515名: JST/USDT:USDT: -0.016087
2025-11-25 06:01:53 | INFO     |    第516名: ICNT/USDT:USDT: -0.016942
2025-11-25 06:01:53 | INFO     |    第517名: NAORIS/USDT:USDT: -0.017583
2025-11-25 06:01:53 | INFO     |    第518名: ESPORTS/USDT:USDT: -0.022802
2025-11-25 06:01:53 | INFO     |    第519名: XPIN/USDT:USDT: -0.024093
2025-11-25 06:01:53 | INFO     |    第520名: USUAL/USDT:USDT: -0.024151
2025-11-25 06:01:53 | INFO     |    第521名: ALPINE/USDT:USDT: -0.024531
2025-11-25 06:01:53 | INFO     |    第522名: HOT/USDT:USDT: -0.025238
2025-11-25 06:01:53 | INFO     |    第523名: HIGH/USDT:USDT: -0.026202
2025-11-25 06:01:53 | INFO     |    第524名: B/USDT:USDT: -0.027423
2025-11-25 06:01:53 | INFO     |    第525名: TURBO/USDT:USDT: -0.027709
2025-11-25 06:01:53 | INFO     |    第526名: NEWT/USDT:USDT: -0.027774
2025-11-25 06:01:53 | INFO     |    第527名: SYN/USDT:USDT: -0.028455
2025-11-25 06:01:53 | INFO     |    第528名: ENSO/USDT:USDT: -0.036483
2025-11-25 06:01:53 | INFO     |    第529名: IOST/USDT:USDT: -0.042147
2025-11-25 06:01:53 | INFO     |    第530名: SPK/USDT:USDT: -0.042650
2025-11-25 06:01:53 | INFO     |    第531名: COS/USDT:USDT: -0.044022
2025-11-25 06:01:53 | INFO     |    第532名: HUMA/USDT:USDT: -0.047042
2025-11-25 06:01:53 | INFO     |    第533名: KITE/USDT:USDT: -0.049540
2025-11-25 06:01:53 | INFO     | [LONG SYMBOLS] 做多标的详情:
2025-11-25 06:01:53 | INFO     |    HIPPO/USDT:USDT: 0.177553
2025-11-25 06:01:53 | INFO     |    BANANAS31/USDT:USDT: 0.173832
2025-11-25 06:01:53 | INFO     | [SHORT SYMBOLS] 做空标的详情:
2025-11-25 06:01:53 | INFO     |    KITE/USDT:USDT: -0.049540
2025-11-25 06:01:53 | INFO     |    HUMA/USDT:USDT: -0.047042
2025-11-25 06:01:53 | INFO     | [SELECTION] 选择交易标的:
2025-11-25 06:01:53 | INFO     |    做多: ['HIPPO/USDT:USDT', 'BANANAS31/USDT:USDT']
2025-11-25 06:01:53 | INFO     |    做空: ['KITE/USDT:USDT', 'HUMA/USDT:USDT']
2025-11-25 06:01:54 | INFO     | [DINGDING] 通知已发送: Cycle 5/16 交易标的选择完成:
做多 (2个):
  HIPPO/USDT:USDT: 0.177553
  BANANAS31/USDT:USDT: 0.173832
做空 (2个):
  KITE/USDT:USDT: -0.049540
  HUMA/USDT:USDT: -0.047042

因子统计:
  总计: 534 个标的
  范围: -0.049540 ~ 0.277013
2025-11-25 06:01:54 | INFO     | [STEP 5] 获取当前合约保证金...
2025-11-25 06:01:54 | INFO     | [BALANCE] 当前保证金余额: 26.66 USDT
2025-11-25 06:01:54 | INFO     | [DINGDING] 通知已发送:  账户余额报告
 时间: 2025-11-25 06:01:54
 USDT余额: 26.66
2025-11-25 06:01:54 | INFO     | [BALANCE] 余额通知已发送: 26.66 USDT
2025-11-25 06:01:54 | INFO     | [BALANCE] Cycle 5/16 使用当前可用余额 26.66 USDT 执行开仓
2025-11-25 06:01:54 | INFO     | [STEP 6] 执行开仓交易...
2025-11-25 06:01:54 | INFO     | [BALANCE] 总余额: 26.66 USDT
2025-11-25 06:01:54 | INFO     | [INFO] 总仓位数: 4
2025-11-25 06:01:54 | INFO     | [VALUE] 单仓价值: 19.59 USDT
2025-11-25 06:01:54 | INFO     | [MARGIN] 设置保证金模式为 ISOLATED...
2025-11-25 06:01:54 | INFO     | [MARGIN] HIPPO/USDT:USDT 已经是 ISOLATED 模式
2025-11-25 06:01:54 | INFO     | [MARGIN] BANANAS31/USDT:USDT 已经是 ISOLATED 模式
2025-11-25 06:01:54 | INFO     | [MARGIN] KITE/USDT:USDT 已经是 ISOLATED 模式
2025-11-25 06:01:54 | INFO     | [MARGIN] HUMA/USDT:USDT 已经是 ISOLATED 模式
2025-11-25 06:01:54 | INFO     | [MARGIN] 保证金模式设置完成: 4/4 成功
2025-11-25 06:01:54 | INFO     | [LEVERAGE] 设置杠杆为 3x...
2025-11-25 06:01:54 | INFO     | [LIVE LONG] 开多头仓位: 2 个
2025-11-25 06:01:54 | INFO     | [LIVE BUY] 做多 HIPPO/USDT:USDT: 17293.1 @ 0.001133
2025-11-25 06:01:54 | INFO     | [LIVE MARKET] 创建市价单 HIPPO/USDT:USDT: buy 17293.1
2025-11-25 06:01:54 | INFO     | [LIVE SUCCESS] HIPPO/USDT:USDT 市价单创建成功 ID:1819265106 成交:17293.0
2025-11-25 06:01:54 | INFO     | [PROTECT] HIPPO/USDT:USDT 止盈单创建成功 ID:1819265107 触发价:0.00136
2025-11-25 06:01:54 | INFO     | [PROTECT] HIPPO/USDT:USDT 止损单创建成功 ID:1819265109 触发价:0.000906
2025-11-25 06:01:55 | INFO     | [LIVE BUY] 做多 BANANAS31/USDT:USDT: 5027.7 @ 0.003897
2025-11-25 06:01:55 | INFO     | [LIVE MARKET] 创建市价单 BANANAS31/USDT:USDT: buy 5027.7
2025-11-25 06:01:55 | INFO     | [LIVE SUCCESS] BANANAS31/USDT:USDT 市价单创建成功 ID:1348568262 成交:5027.0
2025-11-25 06:01:55 | INFO     | [PROTECT] BANANAS31/USDT:USDT 止盈单创建成功 ID:1348568265 触发价:0.004676
2025-11-25 06:01:55 | INFO     | [PROTECT] BANANAS31/USDT:USDT 止损单创建成功 ID:1348568272 触发价:0.003118
2025-11-25 06:01:55 | INFO     | [LIVE OK] 多头开仓: 2/2 成功
2025-11-25 06:01:55 | INFO     | [LIVE SHORT] 开空头仓位: 2 个
2025-11-25 06:01:55 | INFO     | [LIVE SELL] 做空 KITE/USDT:USDT: 196.1 @ 0.09991
2025-11-25 06:01:55 | INFO     | [LIVE MARKET] 创建市价单 KITE/USDT:USDT: sell 196.1
2025-11-25 06:01:55 | INFO     | [LIVE SUCCESS] KITE/USDT:USDT 市价单创建成功 ID:414724383 成交:196.0
2025-11-25 06:01:55 | INFO     | [PROTECT] KITE/USDT:USDT 止盈单创建成功 ID:414724384 触发价:0.07993
2025-11-25 06:01:55 | INFO     | [PROTECT] KITE/USDT:USDT 止损单创建成功 ID:414724387 触发价:0.11989
2025-11-25 06:01:55 | INFO     | [LIVE SELL] 做空 HUMA/USDT:USDT: 735.2 @ 0.026649
2025-11-25 06:01:55 | INFO     | [LIVE MARKET] 创建市价单 HUMA/USDT:USDT: sell 735.2
2025-11-25 06:01:55 | INFO     | [LIVE SUCCESS] HUMA/USDT:USDT 市价单创建成功 ID:1471650958 成交:735.0
2025-11-25 06:01:55 | INFO     | [PROTECT] HUMA/USDT:USDT 止盈单创建成功 ID:1471650965 触发价:0.021319
2025-11-25 06:01:55 | INFO     | [PROTECT] HUMA/USDT:USDT 止损单创建成功 ID:1471650970 触发价:0.031979
2025-11-25 06:01:55 | INFO     | [LIVE OK] 空头开仓: 2/2 成功
2025-11-25 06:01:55 | INFO     | [POSITIONS] 新仓位已添加到字典: {'HIPPO/USDT:USDT': {'side': 'long', 'quantity': 17293.1, 'open_price': 0.001133, 'position_side': 'LONG', 'take_profit_order_id': '1819265107', 'take_profit_price': 0.00136, 'stop_loss_order_id': '1819265109', 'stop_loss_price': 0.000906}, 'BANANAS31/USDT:USDT': {'side': 'long', 'quantity': 5027.7, 'open_price': 0.003897, 'position_side': 'LONG', 'take_profit_order_id': '1348568265', 'take_profit_price': 0.004676, 'stop_loss_order_id': '1348568272', 'stop_loss_price': 0.003118}, 'KITE/USDT:USDT': {'side': 'short', 'quantity': 196.1, 'open_price': 0.09991, 'position_side': 'SHORT', 'take_profit_order_id': '414724384', 'take_profit_price': 0.07993, 'stop_loss_order_id': '414724387', 'stop_loss_price': 0.11989}, 'HUMA/USDT:USDT': {'side': 'short', 'quantity': 735.2, 'open_price': 0.026649, 'position_side': 'SHORT', 'take_profit_order_id': '1471650965', 'take_profit_price': 0.021319, 'stop_loss_order_id': '1471650970', 'stop_loss_price': 0.031979}}
2025-11-25 06:01:55 | INFO     | [POSITIONS] 当前仓位字典: {'HIPPO/USDT:USDT': {'side': 'long', 'quantity': 17293.1, 'open_price': 0.001133, 'position_side': 'LONG', 'take_profit_order_id': '1819265107', 'take_profit_price': 0.00136, 'stop_loss_order_id': '1819265109', 'stop_loss_price': 0.000906}, 'BANANAS31/USDT:USDT': {'side': 'long', 'quantity': 5027.7, 'open_price': 0.003897, 'position_side': 'LONG', 'take_profit_order_id': '1348568265', 'take_profit_price': 0.004676, 'stop_loss_order_id': '1348568272', 'stop_loss_price': 0.003118}, 'KITE/USDT:USDT': {'side': 'short', 'quantity': 196.1, 'open_price': 0.09991, 'position_side': 'SHORT', 'take_profit_order_id': '414724384', 'take_profit_price': 0.07993, 'stop_loss_order_id': '414724387', 'stop_loss_price': 0.11989}, 'HUMA/USDT:USDT': {'side': 'short', 'quantity': 735.2, 'open_price': 0.026649, 'position_side': 'SHORT', 'take_profit_order_id': '1471650965', 'take_profit_price': 0.021319, 'stop_loss_order_id': '1471650970', 'stop_loss_price': 0.031979}}
2025-11-25 06:01:55 | INFO     | [STEP 7] 开仓交易完成
2025-11-25 06:01:55 | INFO     | [INFO] 跳过详细仓位验证，交易周期完成
2025-11-25 06:01:55 | INFO     | [STEP 8] 记录当前交易对价格和因子信息...
2025-11-25 06:01:55 | INFO     | [API] 成功获取 534 个交易对价格
2025-11-25 06:01:55 | INFO     | [RECORD] 记录了 534 个交易对的价格和因子信息
2025-11-25 06:01:55 | INFO     | [OK] 交易周期执行成功
2025-11-25 06:01:55 | INFO     | [TIME] 周期耗时: 101.4秒
2025-11-25 06:01:55 | INFO     | [16H] Cycle 6/16 下次执行时间: 2025-11-25 07:00:00
2025-11-25 06:01:55 | INFO     | [WAIT] 等待 3484 秒 (1.0 小时)
2025-11-25 06:13:56 | INFO     | [WAIT] Cycle 6/16 剩余等待时间: 46.1 分钟
2025-11-25 06:25:55 | INFO     | [WAIT] Cycle 6/16 剩余等待时间: 34.1 分钟
2025-11-25 06:37:55 | INFO     | [WAIT] Cycle 6/16 剩余等待时间: 22.1 分钟
2025-11-25 06:49:54 | INFO     | [WAIT] Cycle 6/16 剩余等待时间: 10.1 分钟
2025-11-25 06:59:30 | INFO     | [WAIT] Cycle 6/16 最后等待: 29 秒
2025-11-25 07:00:21 | INFO     | 
==================================================
2025-11-25 07:00:21 | INFO     | [CYCLE] 第 23 轮交易周期 (Cycle 6/16)
2025-11-25 07:00:21 | INFO     | [TIME] 开始时间: 2025-11-25 07:00:21
2025-11-25 07:00:21 | INFO     | ==================================================
2025-11-25 07:00:41 | INFO     | [STEP 1] Cycle 6/16 平仓字典中存储的仓位...
2025-11-25 07:00:41 | INFO     | [POSITIONS] 当前持有仓位: {'FHE/USDT:USDT': {'side': 'long', 'quantity': 810.2, 'open_price': 0.01949, 'position_side': 'LONG', 'take_profit_order_id': '541677886', 'take_profit_price': 0.02339, 'stop_loss_order_id': '541677887', 'stop_loss_price': 0.01559}, 'AKT/USDT:USDT': {'side': 'long', 'quantity': 33.2, 'open_price': 0.4755, 'position_side': 'LONG', 'take_profit_order_id': '429165479', 'take_profit_price': 0.5706, 'stop_loss_order_id': '429165482', 'stop_loss_price': 0.3804}, 'BROCCOLI714/USDT:USDT': {'side': 'short', 'quantity': 1112.0, 'open_price': 0.0142, 'position_side': 'SHORT', 'take_profit_order_id': '655466374', 'take_profit_price': 0.01136, 'stop_loss_order_id': '655466375', 'stop_loss_price': 0.01704}, 'ZKC/USDT:USDT': {'side': 'short', 'quantity': 105.3, 'open_price': 0.15, 'position_side': 'SHORT', 'take_profit_order_id': '519859408', 'take_profit_price': 0.12, 'stop_loss_order_id': '519859409', 'stop_loss_price': 0.18}}
2025-11-25 07:00:41 | INFO     | [LIVE CLOSE] 开始平仓指定仓位: 4 个
2025-11-25 07:00:41 | INFO     | [PROTECT] FHE/USDT:USDT 已取消止盈单 541677886
2025-11-25 07:00:41 | INFO     | [PROTECT] FHE/USDT:USDT 已取消止损单 541677887
2025-11-25 07:00:41 | INFO     | [LIVE CLOSE] 平仓 FHE/USDT:USDT: sell 810.2 (原long仓位)
2025-11-25 07:00:41 | INFO     | [LIVE PROFIT] FHE/USDT:USDT 开仓价格: 0.01949000, 当前价格: 0.01911000
2025-11-25 07:00:41 | INFO     | [LIVE PROFIT] FHE/USDT:USDT 预期收益: -1.95% (约 -0.30787600 USDT)
2025-11-25 07:00:41 | INFO     | [LIVE MARKET] 创建市价单 FHE/USDT:USDT: sell 810.2
2025-11-25 07:00:41 | INFO     | [LIVE SUCCESS] FHE/USDT:USDT 市价单创建成功 ID:542039997 成交:810.0
2025-11-25 07:00:41 | INFO     | [LIVE SUCCESS] 平仓订单创建成功 FHE/USDT:USDT: 542039997
2025-11-25 07:00:43 | INFO     | [DINGDING] 通知已发送: 🔔 [实盘] 平仓通知
📊 交易对: FHE/USDT:USDT
📈 方向: 做多
🔢 数量: 810.20000000
💵 开仓价: 0.01949000
💵 平仓价: 0.01911000
📉 收益: -1.95% (-0.30787600 USDT)
2025-11-25 07:00:43 | INFO     | [PROTECT] AKT/USDT:USDT 已取消止盈单 429165479
2025-11-25 07:00:43 | INFO     | [PROTECT] AKT/USDT:USDT 已取消止损单 429165482
2025-11-25 07:00:43 | INFO     | [LIVE CLOSE] 平仓 AKT/USDT:USDT: sell 33.2 (原long仓位)
2025-11-25 07:00:43 | INFO     | [LIVE PROFIT] AKT/USDT:USDT 开仓价格: 0.47550000, 当前价格: 0.50020000
2025-11-25 07:00:43 | INFO     | [LIVE PROFIT] AKT/USDT:USDT 预期收益: 5.19% (约 0.82004000 USDT)
2025-11-25 07:00:43 | INFO     | [LIVE MARKET] 创建市价单 AKT/USDT:USDT: sell 33.2
2025-11-25 07:00:43 | INFO     | [LIVE SUCCESS] AKT/USDT:USDT 市价单创建成功 ID:429673793 成交:33.2
2025-11-25 07:00:43 | INFO     | [LIVE SUCCESS] 平仓订单创建成功 AKT/USDT:USDT: 429673793
2025-11-25 07:00:43 | INFO     | [DINGDING] 通知已发送: 🔔 [实盘] 平仓通知
📊 交易对: AKT/USDT:USDT
📈 方向: 做多
🔢 数量: 33.20000000
💵 开仓价: 0.47550000
💵 平仓价: 0.50020000
💰 收益: 5.19% (0.82004000 USDT)
2025-11-25 07:00:43 | INFO     | [PROTECT] BROCCOLI714/USDT:USDT 已取消止盈单 655466374
2025-11-25 07:00:43 | INFO     | [PROTECT] BROCCOLI714/USDT:USDT 已取消止损单 655466375
2025-11-25 07:00:43 | INFO     | [LIVE CLOSE] 平仓 BROCCOLI714/USDT:USDT: buy 1112.0 (原short仓位)
2025-11-25 07:00:43 | INFO     | [LIVE PROFIT] BROCCOLI714/USDT:USDT 开仓价格: 0.01420000, 当前价格: 0.01487000
2025-11-25 07:00:43 | INFO     | [LIVE PROFIT] BROCCOLI714/USDT:USDT 预期收益: -4.72% (约 -0.74504000 USDT)
2025-11-25 07:00:43 | INFO     | [LIVE MARKET] 创建市价单 BROCCOLI714/USDT:USDT: buy 1112.0
2025-11-25 07:00:43 | INFO     | [LIVE SUCCESS] BROCCOLI714/USDT:USDT 市价单创建成功 ID:656600578 成交:1112.0
2025-11-25 07:00:43 | INFO     | [LIVE SUCCESS] 平仓订单创建成功 BROCCOLI714/USDT:USDT: 656600578
2025-11-25 07:00:44 | INFO     | [DINGDING] 通知已发送: 🔔 [实盘] 平仓通知
📊 交易对: BROCCOLI714/USDT:USDT
📈 方向: 做空
🔢 数量: 1112.00000000
💵 开仓价: 0.01420000
💵 平仓价: 0.01487000
📉 收益: -4.72% (-0.74504000 USDT)
2025-11-25 07:00:44 | INFO     | [PROTECT] ZKC/USDT:USDT 已取消止盈单 519859408
2025-11-25 07:00:44 | INFO     | [PROTECT] ZKC/USDT:USDT 已取消止损单 519859409
2025-11-25 07:00:44 | INFO     | [LIVE CLOSE] 平仓 ZKC/USDT:USDT: buy 105.3 (原short仓位)
2025-11-25 07:00:44 | INFO     | [LIVE PROFIT] ZKC/USDT:USDT 开仓价格: 0.15000000, 当前价格: 0.14980000
2025-11-25 07:00:44 | INFO     | [LIVE PROFIT] ZKC/USDT:USDT 预期收益: 0.13% (约 0.02106000 USDT)
2025-11-25 07:00:44 | INFO     | [LIVE MARKET] 创建市价单 ZKC/USDT:USDT: buy 105.3
2025-11-25 07:00:44 | INFO     | [LIVE SUCCESS] ZKC/USDT:USDT 市价单创建成功 ID:520874195 成交:105.0
2025-11-25 07:00:44 | INFO     | [LIVE SUCCESS] 平仓订单创建成功 ZKC/USDT:USDT: 520874195
2025-11-25 07:00:44 | INFO     | [DINGDING] 通知已发送: 🔔 [实盘] 平仓通知
📊 交易对: ZKC/USDT:USDT
📈 方向: 做空
🔢 数量: 105.30000000
💵 开仓价: 0.15000000
💵 平仓价: 0.14980000
💰 收益: 0.13% (0.02106000 USDT)
2025-11-25 07:00:44 | INFO     | [LIVE WAIT] 等待 4 个平仓订单执行...
2025-11-25 07:00:46 | INFO     | [LIVE OK] 平仓操作完成，成功: 4/4
2025-11-25 07:00:46 | INFO     | [INFO] Cycle 6/16 仓位字典已清空
2025-11-25 07:00:46 | INFO     | [STEP 2] 跳过验证步骤...
2025-11-25 07:00:46 | INFO     | [STEP 3] 提取OHLC数据并计算因子...
2025-11-25 07:00:46 | INFO     | [OK] 获取活跃交易对完成，耗时: 0.001秒
2025-11-25 07:02:00 | INFO     | [FACTORS] 计算得到 534 个有效因子
2025-11-25 07:02:00 | INFO     | [STEP 4] 根据因子值选择交易标的...
2025-11-25 07:02:00 | INFO     | [FILTER] 忽略 1 个交易对: ['BTC/USDT:USDT']
2025-11-25 07:02:00 | INFO     | [FILTER] BANANAS31/USDT:USDT 已在其它周期出现 4 次，达到上限 4，跳过
2025-11-25 07:02:00 | INFO     | [FILTER] OBOL/USDT:USDT 已在其它周期出现 4 次，达到上限 4，跳过
2025-11-25 07:02:00 | INFO     | [STATS] 因子统计:
2025-11-25 07:02:00 | INFO     |    总计: 533 个标的
2025-11-25 07:02:00 | INFO     |    因子值范围: -0.044196 ~ 0.233591
2025-11-25 07:02:00 | INFO     |    选择做多: 2 个
2025-11-25 07:02:00 | INFO     |    选择做空: 2 个
2025-11-25 07:02:00 | INFO     | [TOP 20] 因子值排名前20的交易对:
2025-11-25 07:02:00 | INFO     |    第1名: BANANAS31/USDT:USDT: 0.233591
2025-11-25 07:02:00 | INFO     |    第2名: OBOL/USDT:USDT: 0.216160
2025-11-25 07:02:00 | INFO     |    第3名: XPL/USDT:USDT: 0.170662
2025-11-25 07:02:00 | INFO     |    第4名: SKYAI/USDT:USDT: 0.170241
2025-11-25 07:02:00 | INFO     |    第5名: ZEN/USDT:USDT: 0.158744
2025-11-25 07:02:00 | INFO     |    第6名: HOOK/USDT:USDT: 0.149355
2025-11-25 07:02:00 | INFO     |    第7名: SOON/USDT:USDT: 0.146196
2025-11-25 07:02:00 | INFO     |    第8名: EVAA/USDT:USDT: 0.141170
2025-11-25 07:02:00 | INFO     |    第9名: 1000CHEEMS/USDT:USDT: 0.141106
2025-11-25 07:02:00 | INFO     |    第10名: PONKE/USDT:USDT: 0.138738
2025-11-25 07:02:00 | INFO     |    第11名: APT/USDT:USDT: 0.138311
2025-11-25 07:02:00 | INFO     |    第12名: PIPPIN/USDT:USDT: 0.138115
2025-11-25 07:02:00 | INFO     |    第13名: FET/USDT:USDT: 0.136157
2025-11-25 07:02:00 | INFO     |    第14名: HIPPO/USDT:USDT: 0.135991
2025-11-25 07:02:00 | INFO     |    第15名: MAVIA/USDT:USDT: 0.133691
2025-11-25 07:02:00 | INFO     |    第16名: ON/USDT:USDT: 0.125560
2025-11-25 07:02:00 | INFO     |    第17名: 1000WHY/USDT:USDT: 0.124654
2025-11-25 07:02:00 | INFO     |    第18名: ICP/USDT:USDT: 0.122609
2025-11-25 07:02:00 | INFO     |    第19名: PUMP/USDT:USDT: 0.116150
2025-11-25 07:02:00 | INFO     |    第20名: BIO/USDT:USDT: 0.113445
2025-11-25 07:02:00 | INFO     | [BOTTOM 20] 因子值排名后20的交易对:
2025-11-25 07:02:00 | INFO     |    第514名: MITO/USDT:USDT: -0.014293
2025-11-25 07:02:00 | INFO     |    第515名: ICNT/USDT:USDT: -0.014563
2025-11-25 07:02:00 | INFO     |    第516名: AVA/USDT:USDT: -0.014861
2025-11-25 07:02:00 | INFO     |    第517名: CC/USDT:USDT: -0.015702
2025-11-25 07:02:00 | INFO     |    第518名: HOT/USDT:USDT: -0.015758
2025-11-25 07:02:00 | INFO     |    第519名: IN/USDT:USDT: -0.015789
2025-11-25 07:02:00 | INFO     |    第520名: MANTA/USDT:USDT: -0.016806
2025-11-25 07:02:00 | INFO     |    第521名: VVV/USDT:USDT: -0.017026
2025-11-25 07:02:00 | INFO     |    第522名: D/USDT:USDT: -0.017247
2025-11-25 07:02:00 | INFO     |    第523名: XPIN/USDT:USDT: -0.017310
2025-11-25 07:02:00 | INFO     |    第524名: SPK/USDT:USDT: -0.020204
2025-11-25 07:02:00 | INFO     |    第525名: ESPORTS/USDT:USDT: -0.022747
2025-11-25 07:02:00 | INFO     |    第526名: HIGH/USDT:USDT: -0.024283
2025-11-25 07:02:00 | INFO     |    第527名: NAORIS/USDT:USDT: -0.024474
2025-11-25 07:02:00 | INFO     |    第528名: 1000RATS/USDT:USDT: -0.028403
2025-11-25 07:02:00 | INFO     |    第529名: KAS/USDT:USDT: -0.030142
2025-11-25 07:02:00 | INFO     |    第530名: SYN/USDT:USDT: -0.032140
2025-11-25 07:02:00 | INFO     |    第531名: IOST/USDT:USDT: -0.032604
2025-11-25 07:02:00 | INFO     |    第532名: ENSO/USDT:USDT: -0.040460
2025-11-25 07:02:00 | INFO     |    第533名: HUMA/USDT:USDT: -0.044196
2025-11-25 07:02:00 | INFO     | [LONG SYMBOLS] 做多标的详情:
2025-11-25 07:02:00 | INFO     |    XPL/USDT:USDT: 0.170662
2025-11-25 07:02:00 | INFO     |    SKYAI/USDT:USDT: 0.170241
2025-11-25 07:02:00 | INFO     | [SHORT SYMBOLS] 做空标的详情:
2025-11-25 07:02:00 | INFO     |    HUMA/USDT:USDT: -0.044196
2025-11-25 07:02:00 | INFO     |    ENSO/USDT:USDT: -0.040460
2025-11-25 07:02:00 | INFO     | [SELECTION] 选择交易标的:
2025-11-25 07:02:00 | INFO     |    做多: ['XPL/USDT:USDT', 'SKYAI/USDT:USDT']
2025-11-25 07:02:00 | INFO     |    做空: ['HUMA/USDT:USDT', 'ENSO/USDT:USDT']
2025-11-25 07:02:00 | INFO     | [DINGDING] 通知已发送: Cycle 6/16 交易标的选择完成:
做多 (2个):
  XPL/USDT:USDT: 0.170662
  SKYAI/USDT:USDT: 0.170241
做空 (2个):
  HUMA/USDT:USDT: -0.044196
  ENSO/USDT:USDT: -0.040460

因子统计:
  总计: 534 个标的
  范围: -0.044196 ~ 0.233591
2025-11-25 07:02:00 | INFO     | [STEP 5] 获取当前合约保证金...
2025-11-25 07:02:00 | INFO     | [BALANCE] 当前保证金余额: 21.15 USDT
2025-11-25 07:02:01 | INFO     | [DINGDING] 通知已发送:  账户余额报告
 时间: 2025-11-25 07:02:00
 USDT余额: 21.15
2025-11-25 07:02:01 | INFO     | [BALANCE] 余额通知已发送: 21.15 USDT
2025-11-25 07:02:01 | INFO     | [BALANCE] Cycle 6/16 使用当前可用余额 21.15 USDT 执行开仓
2025-11-25 07:02:01 | INFO     | [STEP 6] 执行开仓交易...
2025-11-25 07:02:01 | INFO     | [BALANCE] 总余额: 21.15 USDT
2025-11-25 07:02:01 | INFO     | [INFO] 总仓位数: 4
2025-11-25 07:02:01 | INFO     | [VALUE] 单仓价值: 15.55 USDT
2025-11-25 07:02:01 | INFO     | [MARGIN] 设置保证金模式为 ISOLATED...
2025-11-25 07:02:01 | INFO     | [MARGIN] XPL/USDT:USDT (XPLUSDT) 保证金模式设置为 ISOLATED ✓
2025-11-25 07:02:01 | INFO     | [MARGIN] SKYAI/USDT:USDT 已经是 ISOLATED 模式
2025-11-25 07:02:01 | INFO     | [MARGIN] HUMA/USDT:USDT 已经是 ISOLATED 模式
2025-11-25 07:02:01 | INFO     | [MARGIN] ENSO/USDT:USDT 已经是 ISOLATED 模式
2025-11-25 07:02:01 | INFO     | [MARGIN] 保证金模式设置完成: 4/4 成功
2025-11-25 07:02:01 | INFO     | [LEVERAGE] 设置杠杆为 3x...
2025-11-25 07:02:01 | INFO     | [LIVE LONG] 开多头仓位: 2 个
2025-11-25 07:02:01 | INFO     | [LIVE BUY] 做多 XPL/USDT:USDT: 81.1 @ 0.1917
2025-11-25 07:02:01 | INFO     | [LIVE MARKET] 创建市价单 XPL/USDT:USDT: buy 81.1
2025-11-25 07:02:01 | INFO     | [LIVE SUCCESS] XPL/USDT:USDT 市价单创建成功 ID:2179554744 成交:81.0
2025-11-25 07:02:01 | INFO     | [PROTECT] XPL/USDT:USDT 止盈单创建成功 ID:2179554751 触发价:0.23
2025-11-25 07:02:01 | INFO     | [PROTECT] XPL/USDT:USDT 止损单创建成功 ID:2179554785 触发价:0.1534
2025-11-25 07:02:01 | INFO     | [LIVE BUY] 做多 SKYAI/USDT:USDT: 699.4 @ 0.02223
2025-11-25 07:02:01 | INFO     | [LIVE MARKET] 创建市价单 SKYAI/USDT:USDT: buy 699.4
2025-11-25 07:02:01 | INFO     | [LIVE SUCCESS] SKYAI/USDT:USDT 市价单创建成功 ID:367207357 成交:699.0
2025-11-25 07:02:01 | INFO     | [PROTECT] SKYAI/USDT:USDT 止盈单创建成功 ID:367207361 触发价:0.02668
2025-11-25 07:02:01 | INFO     | [PROTECT] SKYAI/USDT:USDT 止损单创建成功 ID:367207362 触发价:0.01778
2025-11-25 07:02:02 | INFO     | [LIVE OK] 多头开仓: 2/2 成功
2025-11-25 07:02:02 | INFO     | [LIVE SHORT] 开空头仓位: 2 个
2025-11-25 07:02:02 | INFO     | [LIVE SELL] 做空 HUMA/USDT:USDT: 585.7 @ 0.026544
2025-11-25 07:02:02 | INFO     | [LIVE MARKET] 创建市价单 HUMA/USDT:USDT: sell 585.7
2025-11-25 07:02:02 | INFO     | [LIVE SUCCESS] HUMA/USDT:USDT 市价单创建成功 ID:1471711936 成交:585.0
2025-11-25 07:02:02 | INFO     | [PROTECT] HUMA/USDT:USDT 止盈单创建成功 ID:1471711938 触发价:0.021235
2025-11-25 07:02:02 | INFO     | [PROTECT] HUMA/USDT:USDT 止损单创建成功 ID:1471711947 触发价:0.031853
2025-11-25 07:02:02 | INFO     | [LIVE SELL] 做空 ENSO/USDT:USDT: 19.7 @ 0.789
2025-11-25 07:02:02 | INFO     | [LIVE MARKET] 创建市价单 ENSO/USDT:USDT: sell 19.7
2025-11-25 07:02:02 | INFO     | [LIVE SUCCESS] ENSO/USDT:USDT 市价单创建成功 ID:267207508 成交:19.7
2025-11-25 07:02:02 | INFO     | [PROTECT] ENSO/USDT:USDT 止盈单创建成功 ID:267207513 触发价:0.631
2025-11-25 07:02:02 | INFO     | [PROTECT] ENSO/USDT:USDT 止损单创建成功 ID:267207518 触发价:0.947
2025-11-25 07:02:02 | INFO     | [LIVE OK] 空头开仓: 2/2 成功
2025-11-25 07:02:02 | INFO     | [POSITIONS] 新仓位已添加到字典: {'XPL/USDT:USDT': {'side': 'long', 'quantity': 81.1, 'open_price': 0.1917, 'position_side': 'LONG', 'take_profit_order_id': '2179554751', 'take_profit_price': 0.23, 'stop_loss_order_id': '2179554785', 'stop_loss_price': 0.1534}, 'SKYAI/USDT:USDT': {'side': 'long', 'quantity': 699.4, 'open_price': 0.02223, 'position_side': 'LONG', 'take_profit_order_id': '367207361', 'take_profit_price': 0.02668, 'stop_loss_order_id': '367207362', 'stop_loss_price': 0.01778}, 'HUMA/USDT:USDT': {'side': 'short', 'quantity': 585.7, 'open_price': 0.026544, 'position_side': 'SHORT', 'take_profit_order_id': '1471711938', 'take_profit_price': 0.021235, 'stop_loss_order_id': '1471711947', 'stop_loss_price': 0.031853}, 'ENSO/USDT:USDT': {'side': 'short', 'quantity': 19.7, 'open_price': 0.789, 'position_side': 'SHORT', 'take_profit_order_id': '267207513', 'take_profit_price': 0.631, 'stop_loss_order_id': '267207518', 'stop_loss_price': 0.947}}
2025-11-25 07:02:02 | INFO     | [POSITIONS] 当前仓位字典: {'XPL/USDT:USDT': {'side': 'long', 'quantity': 81.1, 'open_price': 0.1917, 'position_side': 'LONG', 'take_profit_order_id': '2179554751', 'take_profit_price': 0.23, 'stop_loss_order_id': '2179554785', 'stop_loss_price': 0.1534}, 'SKYAI/USDT:USDT': {'side': 'long', 'quantity': 699.4, 'open_price': 0.02223, 'position_side': 'LONG', 'take_profit_order_id': '367207361', 'take_profit_price': 0.02668, 'stop_loss_order_id': '367207362', 'stop_loss_price': 0.01778}, 'HUMA/USDT:USDT': {'side': 'short', 'quantity': 585.7, 'open_price': 0.026544, 'position_side': 'SHORT', 'take_profit_order_id': '1471711938', 'take_profit_price': 0.021235, 'stop_loss_order_id': '1471711947', 'stop_loss_price': 0.031853}, 'ENSO/USDT:USDT': {'side': 'short', 'quantity': 19.7, 'open_price': 0.789, 'position_side': 'SHORT', 'take_profit_order_id': '267207513', 'take_profit_price': 0.631, 'stop_loss_order_id': '267207518', 'stop_loss_price': 0.947}}
2025-11-25 07:02:02 | INFO     | [STEP 7] 开仓交易完成
2025-11-25 07:02:02 | INFO     | [INFO] 跳过详细仓位验证，交易周期完成
2025-11-25 07:02:02 | INFO     | [STEP 8] 记录当前交易对价格和因子信息...
2025-11-25 07:02:02 | INFO     | [API] 成功获取 534 个交易对价格
2025-11-25 07:02:02 | INFO     | [RECORD] 记录了 534 个交易对的价格和因子信息
2025-11-25 07:02:02 | INFO     | [OK] 交易周期执行成功
2025-11-25 07:02:02 | INFO     | [TIME] 周期耗时: 101.4秒
2025-11-25 07:02:02 | INFO     | [16H] Cycle 7/16 下次执行时间: 2025-11-25 08:00:00
2025-11-25 07:02:02 | INFO     | [WAIT] 等待 3477 秒 (1.0 小时)
2025-11-25 07:14:01 | INFO     | [WAIT] Cycle 7/16 剩余等待时间: 46.0 分钟
2025-11-25 07:26:01 | INFO     | [WAIT] Cycle 7/16 剩余等待时间: 34.0 分钟
2025-11-25 07:38:02 | INFO     | [WAIT] Cycle 7/16 剩余等待时间: 22.0 分钟
2025-11-25 07:50:03 | INFO     | [WAIT] Cycle 7/16 剩余等待时间: 9.9 分钟
2025-11-25 07:59:39 | INFO     | [WAIT] Cycle 7/16 最后等待: 20 秒
2025-11-25 08:00:20 | INFO     | 
==================================================
2025-11-25 08:00:20 | INFO     | [CYCLE] 第 24 轮交易周期 (Cycle 7/16)
2025-11-25 08:00:20 | INFO     | [TIME] 开始时间: 2025-11-25 08:00:20
2025-11-25 08:00:20 | INFO     | ==================================================
2025-11-25 08:00:41 | INFO     | [STEP 1] Cycle 7/16 平仓字典中存储的仓位...
2025-11-25 08:00:41 | INFO     | [POSITIONS] 当前持有仓位: {'FHE/USDT:USDT': {'side': 'long', 'quantity': 797.9, 'open_price': 0.01979, 'position_side': 'LONG', 'take_profit_order_id': '541708149', 'take_profit_price': 0.02375, 'stop_loss_order_id': '541708150', 'stop_loss_price': 0.01583}, 'RIVER/USDT:USDT': {'side': 'long', 'quantity': 4.3, 'open_price': 3.618, 'position_side': 'LONG', 'take_profit_order_id': '263387763', 'take_profit_price': 4.342, 'stop_loss_order_id': '263387768', 'stop_loss_price': 2.894}, 'SOLV/USDT:USDT': {'side': 'short', 'quantity': 952.4, 'open_price': 0.01658, 'position_side': 'SHORT', 'take_profit_order_id': '1132968833', 'take_profit_price': 0.01326, 'stop_loss_order_id': '1132968844', 'stop_loss_price': 0.0199}, 'STEEM/USDT:USDT': {'side': 'short', 'quantity': 217.2, 'open_price': 0.07271, 'position_side': 'SHORT', 'take_profit_order_id': '2043797657', 'take_profit_price': 0.05817, 'stop_loss_order_id': '2043797659', 'stop_loss_price': 0.08725}}
2025-11-25 08:00:41 | INFO     | [LIVE CLOSE] 开始平仓指定仓位: 4 个
2025-11-25 08:00:41 | INFO     | [PROTECT] FHE/USDT:USDT 已取消止盈单 541708149
2025-11-25 08:00:41 | INFO     | [PROTECT] FHE/USDT:USDT 已取消止损单 541708150
2025-11-25 08:00:41 | INFO     | [LIVE CLOSE] 平仓 FHE/USDT:USDT: sell 797.9 (原long仓位)
2025-11-25 08:00:41 | INFO     | [LIVE PROFIT] FHE/USDT:USDT 开仓价格: 0.01979000, 当前价格: 0.01897000
2025-11-25 08:00:41 | INFO     | [LIVE PROFIT] FHE/USDT:USDT 预期收益: -4.14% (约 -0.65427800 USDT)
2025-11-25 08:00:41 | INFO     | [LIVE MARKET] 创建市价单 FHE/USDT:USDT: sell 797.9
2025-11-25 08:00:41 | INFO     | [LIVE SUCCESS] FHE/USDT:USDT 市价单创建成功 ID:542053824 成交:797.0
2025-11-25 08:00:41 | INFO     | [LIVE SUCCESS] 平仓订单创建成功 FHE/USDT:USDT: 542053824
2025-11-25 08:00:42 | INFO     | [DINGDING] 通知已发送: 🔔 [实盘] 平仓通知
📊 交易对: FHE/USDT:USDT
📈 方向: 做多
🔢 数量: 797.90000000
💵 开仓价: 0.01979000
💵 平仓价: 0.01897000
📉 收益: -4.14% (-0.65427800 USDT)
2025-11-25 08:00:42 | INFO     | [PROTECT] RIVER/USDT:USDT 已取消止盈单 263387763
2025-11-25 08:00:42 | INFO     | [PROTECT] RIVER/USDT:USDT 已取消止损单 263387768
2025-11-25 08:00:42 | INFO     | [LIVE CLOSE] 平仓 RIVER/USDT:USDT: sell 4.3 (原long仓位)
2025-11-25 08:00:42 | INFO     | [LIVE PROFIT] RIVER/USDT:USDT 开仓价格: 3.61800000, 当前价格: 3.64500000
2025-11-25 08:00:42 | INFO     | [LIVE PROFIT] RIVER/USDT:USDT 预期收益: 0.75% (约 0.11610000 USDT)
2025-11-25 08:00:42 | INFO     | [LIVE MARKET] 创建市价单 RIVER/USDT:USDT: sell 4.3
2025-11-25 08:00:42 | INFO     | [LIVE SUCCESS] RIVER/USDT:USDT 市价单创建成功 ID:263846802 成交:4.3
2025-11-25 08:00:42 | INFO     | [LIVE SUCCESS] 平仓订单创建成功 RIVER/USDT:USDT: 263846802
2025-11-25 08:00:43 | INFO     | [DINGDING] 通知已发送: 🔔 [实盘] 平仓通知
📊 交易对: RIVER/USDT:USDT
📈 方向: 做多
🔢 数量: 4.30000000
💵 开仓价: 3.61800000
💵 平仓价: 3.64500000
💰 收益: 0.75% (0.11610000 USDT)
2025-11-25 08:00:43 | INFO     | [PROTECT] SOLV/USDT:USDT 已取消止盈单 1132968833
2025-11-25 08:00:43 | INFO     | [PROTECT] SOLV/USDT:USDT 已取消止损单 1132968844
2025-11-25 08:00:43 | INFO     | [LIVE CLOSE] 平仓 SOLV/USDT:USDT: buy 952.4 (原short仓位)
2025-11-25 08:00:43 | INFO     | [LIVE PROFIT] SOLV/USDT:USDT 开仓价格: 0.01658000, 当前价格: 0.01680000
2025-11-25 08:00:43 | INFO     | [LIVE PROFIT] SOLV/USDT:USDT 预期收益: -1.33% (约 -0.20952800 USDT)
2025-11-25 08:00:43 | INFO     | [LIVE MARKET] 创建市价单 SOLV/USDT:USDT: buy 952.4
2025-11-25 08:00:43 | INFO     | [LIVE SUCCESS] SOLV/USDT:USDT 市价单创建成功 ID:1133628076 成交:952.0
2025-11-25 08:00:43 | INFO     | [LIVE SUCCESS] 平仓订单创建成功 SOLV/USDT:USDT: 1133628076
2025-11-25 08:00:43 | INFO     | [DINGDING] 通知已发送: 🔔 [实盘] 平仓通知
📊 交易对: SOLV/USDT:USDT
📈 方向: 做空
🔢 数量: 952.40000000
💵 开仓价: 0.01658000
💵 平仓价: 0.01680000
📉 收益: -1.33% (-0.20952800 USDT)
2025-11-25 08:00:43 | INFO     | [PROTECT] STEEM/USDT:USDT 已取消止盈单 2043797657
2025-11-25 08:00:43 | INFO     | [PROTECT] STEEM/USDT:USDT 已取消止损单 2043797659
2025-11-25 08:00:43 | INFO     | [LIVE CLOSE] 平仓 STEEM/USDT:USDT: buy 217.2 (原short仓位)
2025-11-25 08:00:43 | INFO     | [LIVE PROFIT] STEEM/USDT:USDT 开仓价格: 0.07271000, 当前价格: 0.07408000
2025-11-25 08:00:43 | INFO     | [LIVE PROFIT] STEEM/USDT:USDT 预期收益: -1.88% (约 -0.29756400 USDT)
2025-11-25 08:00:43 | INFO     | [LIVE MARKET] 创建市价单 STEEM/USDT:USDT: buy 217.2
2025-11-25 08:00:43 | INFO     | [LIVE SUCCESS] STEEM/USDT:USDT 市价单创建成功 ID:2044314656 成交:217.0
2025-11-25 08:00:43 | INFO     | [LIVE SUCCESS] 平仓订单创建成功 STEEM/USDT:USDT: 2044314656
2025-11-25 08:00:44 | INFO     | [DINGDING] 通知已发送: 🔔 [实盘] 平仓通知
📊 交易对: STEEM/USDT:USDT
📈 方向: 做空
🔢 数量: 217.20000000
💵 开仓价: 0.07271000
💵 平仓价: 0.07408000
📉 收益: -1.88% (-0.29756400 USDT)
2025-11-25 08:00:44 | INFO     | [LIVE WAIT] 等待 4 个平仓订单执行...
2025-11-25 08:00:46 | INFO     | [LIVE OK] 平仓操作完成，成功: 4/4
2025-11-25 08:00:46 | INFO     | [INFO] Cycle 7/16 仓位字典已清空
2025-11-25 08:00:46 | INFO     | [STEP 2] 跳过验证步骤...
2025-11-25 08:00:46 | INFO     | [STEP 3] 提取OHLC数据并计算因子...
2025-11-25 08:00:46 | INFO     | [OK] 获取活跃交易对完成，耗时: 0.001秒
2025-11-25 08:01:59 | INFO     | [FACTORS] 计算得到 534 个有效因子
2025-11-25 08:01:59 | INFO     | [STEP 4] 根据因子值选择交易标的...
2025-11-25 08:01:59 | INFO     | [FILTER] 忽略 1 个交易对: ['BTC/USDT:USDT']
2025-11-25 08:01:59 | INFO     | [FILTER] OBOL/USDT:USDT 已在其它周期出现 4 次，达到上限 4，跳过
2025-11-25 08:01:59 | INFO     | [FILTER] BANANAS31/USDT:USDT 已在其它周期出现 4 次，达到上限 4，跳过
2025-11-25 08:01:59 | INFO     | [STATS] 因子统计:
2025-11-25 08:01:59 | INFO     |    总计: 533 个标的
2025-11-25 08:01:59 | INFO     |    因子值范围: -0.039223 ~ 0.331595
2025-11-25 08:01:59 | INFO     |    选择做多: 2 个
2025-11-25 08:01:59 | INFO     |    选择做空: 2 个
2025-11-25 08:01:59 | INFO     | [TOP 20] 因子值排名前20的交易对:
2025-11-25 08:01:59 | INFO     |    第1名: OBOL/USDT:USDT: 0.331595
2025-11-25 08:01:59 | INFO     |    第2名: 1000WHY/USDT:USDT: 0.234582
2025-11-25 08:01:59 | INFO     |    第3名: BANANAS31/USDT:USDT: 0.200115
2025-11-25 08:01:59 | INFO     |    第4名: MAVIA/USDT:USDT: 0.170201
2025-11-25 08:01:59 | INFO     |    第5名: AEVO/USDT:USDT: 0.161860
2025-11-25 08:01:59 | INFO     |    第6名: STRK/USDT:USDT: 0.153778
2025-11-25 08:01:59 | INFO     |    第7名: SKYAI/USDT:USDT: 0.153610
2025-11-25 08:01:59 | INFO     |    第8名: XPL/USDT:USDT: 0.151811
2025-11-25 08:01:59 | INFO     |    第9名: HYPE/USDT:USDT: 0.151030
2025-11-25 08:01:59 | INFO     |    第10名: PIPPIN/USDT:USDT: 0.149673
2025-11-25 08:01:59 | INFO     |    第11名: HIPPO/USDT:USDT: 0.137878
2025-11-25 08:01:59 | INFO     |    第12名: GIGGLE/USDT:USDT: 0.135407
2025-11-25 08:01:59 | INFO     |    第13名: SOON/USDT:USDT: 0.134415
2025-11-25 08:01:59 | INFO     |    第14名: APT/USDT:USDT: 0.131959
2025-11-25 08:01:59 | INFO     |    第15名: HOOK/USDT:USDT: 0.131284
2025-11-25 08:01:59 | INFO     |    第16名: PONKE/USDT:USDT: 0.130911
2025-11-25 08:01:59 | INFO     |    第17名: ZEN/USDT:USDT: 0.130297
2025-11-25 08:01:59 | INFO     |    第18名: UNI/USDT:USDT: 0.123726
2025-11-25 08:01:59 | INFO     |    第19名: QUICK/USDT:USDT: 0.121441
2025-11-25 08:01:59 | INFO     |    第20名: GUN/USDT:USDT: 0.120938
2025-11-25 08:01:59 | INFO     | [BOTTOM 20] 因子值排名后20的交易对:
2025-11-25 08:01:59 | INFO     |    第514名: CC/USDT:USDT: -0.018962
2025-11-25 08:01:59 | INFO     |    第515名: JTO/USDT:USDT: -0.020206
2025-11-25 08:01:59 | INFO     |    第516名: ESPORTS/USDT:USDT: -0.020361
2025-11-25 08:01:59 | INFO     |    第517名: ZKJ/USDT:USDT: -0.020404
2025-11-25 08:01:59 | INFO     |    第518名: ENSO/USDT:USDT: -0.020495
2025-11-25 08:01:59 | INFO     |    第519名: IN/USDT:USDT: -0.020902
2025-11-25 08:01:59 | INFO     |    第520名: NAORIS/USDT:USDT: -0.023736
2025-11-25 08:01:59 | INFO     |    第521名: KAS/USDT:USDT: -0.024618
2025-11-25 08:01:59 | INFO     |    第522名: HUMA/USDT:USDT: -0.024918
2025-11-25 08:01:59 | INFO     |    第523名: HEMI/USDT:USDT: -0.025556
2025-11-25 08:01:59 | INFO     |    第524名: USUAL/USDT:USDT: -0.027812
2025-11-25 08:01:59 | INFO     |    第525名: NOT/USDT:USDT: -0.028052
2025-11-25 08:01:59 | INFO     |    第526名: AWE/USDT:USDT: -0.028968
2025-11-25 08:01:59 | INFO     |    第527名: SYN/USDT:USDT: -0.031759
2025-11-25 08:01:59 | INFO     |    第528名: RSR/USDT:USDT: -0.032637
2025-11-25 08:01:59 | INFO     |    第529名: SPK/USDT:USDT: -0.035294
2025-11-25 08:01:59 | INFO     |    第530名: TRUST/USDT:USDT: -0.035726
2025-11-25 08:01:59 | INFO     |    第531名: ICNT/USDT:USDT: -0.036408
2025-11-25 08:01:59 | INFO     |    第532名: XPIN/USDT:USDT: -0.037107
2025-11-25 08:01:59 | INFO     |    第533名: MANTA/USDT:USDT: -0.039223
2025-11-25 08:01:59 | INFO     | [LONG SYMBOLS] 做多标的详情:
2025-11-25 08:01:59 | INFO     |    1000WHY/USDT:USDT: 0.234582
2025-11-25 08:01:59 | INFO     |    MAVIA/USDT:USDT: 0.170201
2025-11-25 08:01:59 | INFO     | [SHORT SYMBOLS] 做空标的详情:
2025-11-25 08:01:59 | INFO     |    MANTA/USDT:USDT: -0.039223
2025-11-25 08:01:59 | INFO     |    XPIN/USDT:USDT: -0.037107
2025-11-25 08:01:59 | INFO     | [SELECTION] 选择交易标的:
2025-11-25 08:01:59 | INFO     |    做多: ['1000WHY/USDT:USDT', 'MAVIA/USDT:USDT']
2025-11-25 08:01:59 | INFO     |    做空: ['MANTA/USDT:USDT', 'XPIN/USDT:USDT']
2025-11-25 08:02:00 | INFO     | [DINGDING] 通知已发送: Cycle 7/16 交易标的选择完成:
做多 (2个):
  1000WHY/USDT:USDT: 0.234582
  MAVIA/USDT:USDT: 0.170201
做空 (2个):
  MANTA/USDT:USDT: -0.039223
  XPIN/USDT:USDT: -0.037107

因子统计:
  总计: 534 个标的
  范围: -0.039223 ~ 0.331595
2025-11-25 08:02:00 | INFO     | [STEP 5] 获取当前合约保证金...
2025-11-25 08:02:00 | INFO     | [BALANCE] 当前保证金余额: 20.17 USDT
2025-11-25 08:02:00 | INFO     | [DINGDING] 通知已发送:  账户余额报告
 时间: 2025-11-25 08:02:00
 USDT余额: 20.17
2025-11-25 08:02:00 | INFO     | [BALANCE] 余额通知已发送: 20.17 USDT
2025-11-25 08:02:00 | INFO     | [BALANCE] Cycle 7/16 使用当前可用余额 20.17 USDT 执行开仓
2025-11-25 08:02:00 | INFO     | [STEP 6] 执行开仓交易...
2025-11-25 08:02:00 | INFO     | [BALANCE] 总余额: 20.17 USDT
2025-11-25 08:02:00 | INFO     | [INFO] 总仓位数: 4
2025-11-25 08:02:00 | INFO     | [VALUE] 单仓价值: 14.83 USDT
2025-11-25 08:02:00 | INFO     | [MARGIN] 设置保证金模式为 ISOLATED...
2025-11-25 08:02:00 | INFO     | [MARGIN] 1000WHY/USDT:USDT 已经是 ISOLATED 模式
2025-11-25 08:02:00 | INFO     | [MARGIN] MAVIA/USDT:USDT 已经是 ISOLATED 模式
2025-11-25 08:02:00 | INFO     | [MARGIN] MANTA/USDT:USDT (MANTAUSDT) 保证金模式设置为 ISOLATED ✓
2025-11-25 08:02:00 | INFO     | [MARGIN] XPIN/USDT:USDT (XPINUSDT) 保证金模式设置为 ISOLATED ✓
2025-11-25 08:02:00 | INFO     | [MARGIN] 保证金模式设置完成: 4/4 成功
2025-11-25 08:02:00 | INFO     | [LEVERAGE] 设置杠杆为 3x...
2025-11-25 08:02:01 | INFO     | [LIVE LONG] 开多头仓位: 2 个
2025-11-25 08:02:01 | INFO     | [LIVE BUY] 做多 1000WHY/USDT:USDT: 810292.7 @ 1.83e-05
2025-11-25 08:02:01 | INFO     | [LIVE MARKET] 创建市价单 1000WHY/USDT:USDT: buy 810292.7
2025-11-25 08:02:01 | INFO     | [LIVE SUCCESS] 1000WHY/USDT:USDT 市价单创建成功 ID:396818454 成交:810292.0
2025-11-25 08:02:01 | INFO     | [PROTECT] 1000WHY/USDT:USDT 止盈单创建成功 ID:396818455 触发价:2.2e-05
2025-11-25 08:02:01 | INFO     | [PROTECT] 1000WHY/USDT:USDT 止损单创建成功 ID:396818456 触发价:1.46e-05
2025-11-25 08:02:01 | INFO     | [LIVE BUY] 做多 MAVIA/USDT:USDT: 244.8 @ 0.06057
2025-11-25 08:02:01 | INFO     | [LIVE MARKET] 创建市价单 MAVIA/USDT:USDT: buy 244.8
2025-11-25 08:02:01 | INFO     | [LIVE SUCCESS] MAVIA/USDT:USDT 市价单创建成功 ID:421131302 成交:244.0
2025-11-25 08:02:01 | INFO     | [PROTECT] MAVIA/USDT:USDT 止盈单创建成功 ID:421131303 触发价:0.07268
2025-11-25 08:02:01 | INFO     | [PROTECT] MAVIA/USDT:USDT 止损单创建成功 ID:421131306 触发价:0.04846
2025-11-25 08:02:01 | INFO     | [LIVE OK] 多头开仓: 2/2 成功
2025-11-25 08:02:01 | INFO     | [LIVE SHORT] 开空头仓位: 2 个
2025-11-25 08:02:01 | INFO     | [LIVE SELL] 做空 MANTA/USDT:USDT: 125.2 @ 0.1184
2025-11-25 08:02:01 | INFO     | [LIVE MARKET] 创建市价单 MANTA/USDT:USDT: sell 125.2
2025-11-25 08:02:01 | INFO     | [LIVE SUCCESS] MANTA/USDT:USDT 市价单创建成功 ID:3574844624 成交:125.2
2025-11-25 08:02:01 | INFO     | [PROTECT] MANTA/USDT:USDT 止盈单创建成功 ID:3574844625 触发价:0.0947
2025-11-25 08:02:01 | INFO     | [PROTECT] MANTA/USDT:USDT 止损单创建成功 ID:3574844628 触发价:0.1421
2025-11-25 08:02:01 | INFO     | [LIVE SELL] 做空 XPIN/USDT:USDT: 6777.1 @ 0.002188
2025-11-25 08:02:01 | INFO     | [LIVE MARKET] 创建市价单 XPIN/USDT:USDT: sell 6777.1
2025-11-25 08:02:01 | INFO     | [LIVE SUCCESS] XPIN/USDT:USDT 市价单创建成功 ID:823285950 成交:6777.0
2025-11-25 08:02:01 | INFO     | [PROTECT] XPIN/USDT:USDT 止盈单创建成功 ID:823285951 触发价:0.00175
2025-11-25 08:02:01 | INFO     | [PROTECT] XPIN/USDT:USDT 止损单创建成功 ID:823285952 触发价:0.002626
2025-11-25 08:02:01 | INFO     | [LIVE OK] 空头开仓: 2/2 成功
2025-11-25 08:02:01 | INFO     | [POSITIONS] 新仓位已添加到字典: {'1000WHY/USDT:USDT': {'side': 'long', 'quantity': 810292.7, 'open_price': 1.83e-05, 'position_side': 'LONG', 'take_profit_order_id': '396818455', 'take_profit_price': 2.2e-05, 'stop_loss_order_id': '396818456', 'stop_loss_price': 1.46e-05}, 'MAVIA/USDT:USDT': {'side': 'long', 'quantity': 244.8, 'open_price': 0.06057, 'position_side': 'LONG', 'take_profit_order_id': '421131303', 'take_profit_price': 0.07268, 'stop_loss_order_id': '421131306', 'stop_loss_price': 0.04846}, 'MANTA/USDT:USDT': {'side': 'short', 'quantity': 125.2, 'open_price': 0.1184, 'position_side': 'SHORT', 'take_profit_order_id': '3574844625', 'take_profit_price': 0.0947, 'stop_loss_order_id': '3574844628', 'stop_loss_price': 0.1421}, 'XPIN/USDT:USDT': {'side': 'short', 'quantity': 6777.1, 'open_price': 0.002188, 'position_side': 'SHORT', 'take_profit_order_id': '823285951', 'take_profit_price': 0.00175, 'stop_loss_order_id': '823285952', 'stop_loss_price': 0.002626}}
2025-11-25 08:02:01 | INFO     | [POSITIONS] 当前仓位字典: {'1000WHY/USDT:USDT': {'side': 'long', 'quantity': 810292.7, 'open_price': 1.83e-05, 'position_side': 'LONG', 'take_profit_order_id': '396818455', 'take_profit_price': 2.2e-05, 'stop_loss_order_id': '396818456', 'stop_loss_price': 1.46e-05}, 'MAVIA/USDT:USDT': {'side': 'long', 'quantity': 244.8, 'open_price': 0.06057, 'position_side': 'LONG', 'take_profit_order_id': '421131303', 'take_profit_price': 0.07268, 'stop_loss_order_id': '421131306', 'stop_loss_price': 0.04846}, 'MANTA/USDT:USDT': {'side': 'short', 'quantity': 125.2, 'open_price': 0.1184, 'position_side': 'SHORT', 'take_profit_order_id': '3574844625', 'take_profit_price': 0.0947, 'stop_loss_order_id': '3574844628', 'stop_loss_price': 0.1421}, 'XPIN/USDT:USDT': {'side': 'short', 'quantity': 6777.1, 'open_price': 0.002188, 'position_side': 'SHORT', 'take_profit_order_id': '823285951', 'take_profit_price': 0.00175, 'stop_loss_order_id': '823285952', 'stop_loss_price': 0.002626}}
2025-11-25 08:02:01 | INFO     | [STEP 7] 开仓交易完成
2025-11-25 08:02:01 | INFO     | [INFO] 跳过详细仓位验证，交易周期完成
2025-11-25 08:02:01 | INFO     | [STEP 8] 记录当前交易对价格和因子信息...
2025-11-25 08:02:02 | INFO     | [API] 成功获取 534 个交易对价格
2025-11-25 08:02:02 | INFO     | [RECORD] 记录了 534 个交易对的价格和因子信息
2025-11-25 08:02:02 | INFO     | [OK] 交易周期执行成功
2025-11-25 08:02:02 | INFO     | [TIME] 周期耗时: 101.1秒
2025-11-25 08:02:02 | INFO     | [16H] Cycle 8/16 下次执行时间: 2025-11-25 09:00:00
2025-11-25 08:02:02 | INFO     | [WAIT] 等待 3478 秒 (1.0 小时)
2025-11-25 08:14:00 | INFO     | [WAIT] Cycle 8/16 剩余等待时间: 46.0 分钟
2025-11-25 08:26:00 | INFO     | [WAIT] Cycle 8/16 剩余等待时间: 34.0 分钟
2025-11-25 08:38:00 | INFO     | [WAIT] Cycle 8/16 剩余等待时间: 22.0 分钟
2025-11-25 08:50:00 | INFO     | [WAIT] Cycle 8/16 剩余等待时间: 10.0 分钟
2025-11-25 08:59:37 | INFO     | [WAIT] Cycle 8/16 最后等待: 22 秒
2025-11-25 09:00:21 | INFO     | 
==================================================
2025-11-25 09:00:21 | INFO     | [CYCLE] 第 25 轮交易周期 (Cycle 8/16)
2025-11-25 09:00:21 | INFO     | [TIME] 开始时间: 2025-11-25 09:00:21
2025-11-25 09:00:21 | INFO     | ==================================================
2025-11-25 09:00:42 | INFO     | [STEP 1] Cycle 8/16 平仓字典中存储的仓位...
2025-11-25 09:00:42 | INFO     | [POSITIONS] 当前持有仓位: {'FHE/USDT:USDT': {'side': 'long', 'quantity': 791.9, 'open_price': 0.01994, 'position_side': 'LONG', 'take_profit_order_id': '541729071', 'take_profit_price': 0.02393, 'stop_loss_order_id': '541729073', 'stop_loss_price': 0.01595}, 'SAGA/USDT:USDT': {'side': 'long', 'quantity': 174.8, 'open_price': 0.0903, 'position_side': 'LONG', 'take_profit_order_id': '4225431365', 'take_profit_price': 0.1084, 'stop_loss_order_id': '4225431367', 'stop_loss_price': 0.0722}, 'ZKC/USDT:USDT': {'side': 'short', 'quantity': 102.7, 'open_price': 0.1537, 'position_side': 'SHORT', 'take_profit_order_id': '520050308', 'take_profit_price': 0.123, 'stop_loss_order_id': '520050319', 'stop_loss_price': 0.1844}, 'COS/USDT:USDT': {'side': 'short', 'quantity': 10207.4, 'open_price': 0.001547, 'position_side': 'SHORT', 'take_profit_order_id': '698513074', 'take_profit_price': 0.001238, 'stop_loss_order_id': '698513075', 'stop_loss_price': 0.001856}}
2025-11-25 09:00:42 | INFO     | [LIVE CLOSE] 开始平仓指定仓位: 4 个
2025-11-25 09:00:42 | INFO     | [PROTECT] FHE/USDT:USDT 已取消止盈单 541729071
2025-11-25 09:00:42 | INFO     | [PROTECT] FHE/USDT:USDT 已取消止损单 541729073
2025-11-25 09:00:42 | INFO     | [LIVE CLOSE] 平仓 FHE/USDT:USDT: sell 791.9 (原long仓位)
2025-11-25 09:00:42 | INFO     | [LIVE PROFIT] FHE/USDT:USDT 开仓价格: 0.01994000, 当前价格: 0.01904000
2025-11-25 09:00:42 | INFO     | [LIVE PROFIT] FHE/USDT:USDT 预期收益: -4.51% (约 -0.71271000 USDT)
2025-11-25 09:00:42 | INFO     | [LIVE MARKET] 创建市价单 FHE/USDT:USDT: sell 791.9
2025-11-25 09:00:42 | INFO     | [LIVE SUCCESS] FHE/USDT:USDT 市价单创建成功 ID:542074686 成交:791.0
2025-11-25 09:00:42 | INFO     | [LIVE SUCCESS] 平仓订单创建成功 FHE/USDT:USDT: 542074686
2025-11-25 09:00:42 | INFO     | [DINGDING] 通知已发送: 🔔 [实盘] 平仓通知
📊 交易对: FHE/USDT:USDT
📈 方向: 做多
🔢 数量: 791.90000000
💵 开仓价: 0.01994000
💵 平仓价: 0.01904000
📉 收益: -4.51% (-0.71271000 USDT)
2025-11-25 09:00:42 | INFO     | [PROTECT] SAGA/USDT:USDT 已取消止盈单 4225431365
2025-11-25 09:00:42 | INFO     | [PROTECT] SAGA/USDT:USDT 已取消止损单 4225431367
2025-11-25 09:00:42 | INFO     | [LIVE CLOSE] 平仓 SAGA/USDT:USDT: sell 174.8 (原long仓位)
2025-11-25 09:00:42 | INFO     | [LIVE PROFIT] SAGA/USDT:USDT 开仓价格: 0.09030000, 当前价格: 0.08640000
2025-11-25 09:00:42 | INFO     | [LIVE PROFIT] SAGA/USDT:USDT 预期收益: -4.32% (约 -0.68172000 USDT)
2025-11-25 09:00:42 | INFO     | [LIVE MARKET] 创建市价单 SAGA/USDT:USDT: sell 174.8
2025-11-25 09:00:42 | INFO     | [LIVE SUCCESS] SAGA/USDT:USDT 市价单创建成功 ID:4226388652 成交:174.8
2025-11-25 09:00:42 | INFO     | [LIVE SUCCESS] 平仓订单创建成功 SAGA/USDT:USDT: 4226388652
2025-11-25 09:00:43 | INFO     | [DINGDING] 通知已发送: 🔔 [实盘] 平仓通知
📊 交易对: SAGA/USDT:USDT
📈 方向: 做多
🔢 数量: 174.80000000
💵 开仓价: 0.09030000
💵 平仓价: 0.08640000
📉 收益: -4.32% (-0.68172000 USDT)
2025-11-25 09:00:43 | INFO     | [PROTECT] ZKC/USDT:USDT 已取消止盈单 520050308
2025-11-25 09:00:43 | INFO     | [PROTECT] ZKC/USDT:USDT 已取消止损单 520050319
2025-11-25 09:00:43 | INFO     | [LIVE CLOSE] 平仓 ZKC/USDT:USDT: buy 102.7 (原short仓位)
2025-11-25 09:00:43 | INFO     | [LIVE PROFIT] ZKC/USDT:USDT 开仓价格: 0.15370000, 当前价格: 0.14890000
2025-11-25 09:00:43 | INFO     | [LIVE PROFIT] ZKC/USDT:USDT 预期收益: 3.12% (约 0.49296000 USDT)
2025-11-25 09:00:43 | INFO     | [LIVE MARKET] 创建市价单 ZKC/USDT:USDT: buy 102.7
2025-11-25 09:00:43 | INFO     | [LIVE SUCCESS] ZKC/USDT:USDT 市价单创建成功 ID:520984932 成交:102.0
2025-11-25 09:00:43 | INFO     | [LIVE SUCCESS] 平仓订单创建成功 ZKC/USDT:USDT: 520984932
2025-11-25 09:00:43 | INFO     | [DINGDING] 通知已发送: 🔔 [实盘] 平仓通知
📊 交易对: ZKC/USDT:USDT
📈 方向: 做空
🔢 数量: 102.70000000
💵 开仓价: 0.15370000
💵 平仓价: 0.14890000
💰 收益: 3.12% (0.49296000 USDT)
2025-11-25 09:00:44 | INFO     | [PROTECT] COS/USDT:USDT 已取消止盈单 698513074
2025-11-25 09:00:44 | INFO     | [PROTECT] COS/USDT:USDT 已取消止损单 698513075
2025-11-25 09:00:44 | INFO     | [LIVE CLOSE] 平仓 COS/USDT:USDT: buy 10207.4 (原short仓位)
2025-11-25 09:00:44 | INFO     | [LIVE PROFIT] COS/USDT:USDT 开仓价格: 0.00154700, 当前价格: 0.00155900
2025-11-25 09:00:44 | INFO     | [LIVE PROFIT] COS/USDT:USDT 预期收益: -0.78% (约 -0.12248880 USDT)
2025-11-25 09:00:44 | INFO     | [LIVE MARKET] 创建市价单 COS/USDT:USDT: buy 10207.4
2025-11-25 09:00:44 | INFO     | [LIVE SUCCESS] COS/USDT:USDT 市价单创建成功 ID:698744469 成交:10207.0
2025-11-25 09:00:44 | INFO     | [LIVE SUCCESS] 平仓订单创建成功 COS/USDT:USDT: 698744469
2025-11-25 09:00:44 | INFO     | [DINGDING] 通知已发送: 🔔 [实盘] 平仓通知
📊 交易对: COS/USDT:USDT
📈 方向: 做空
🔢 数量: 10207.40000000
💵 开仓价: 0.00154700
💵 平仓价: 0.00155900
📉 收益: -0.78% (-0.12248880 USDT)
2025-11-25 09:00:44 | INFO     | [LIVE WAIT] 等待 4 个平仓订单执行...
2025-11-25 09:00:46 | INFO     | [LIVE OK] 平仓操作完成，成功: 4/4
2025-11-25 09:00:46 | INFO     | [INFO] Cycle 8/16 仓位字典已清空
2025-11-25 09:00:46 | INFO     | [STEP 2] 跳过验证步骤...
2025-11-25 09:00:46 | INFO     | [STEP 3] 提取OHLC数据并计算因子...
2025-11-25 09:00:46 | INFO     | [OK] 获取活跃交易对完成，耗时: 0.001秒
2025-11-25 09:02:00 | INFO     | [FACTORS] 计算得到 534 个有效因子
2025-11-25 09:02:00 | INFO     | [STEP 4] 根据因子值选择交易标的...
2025-11-25 09:02:00 | INFO     | [FILTER] 忽略 1 个交易对: ['BTC/USDT:USDT']
2025-11-25 09:02:00 | INFO     | [FILTER] OBOL/USDT:USDT 已在其它周期出现 4 次，达到上限 4，跳过
2025-11-25 09:02:00 | INFO     | [STATS] 因子统计:
2025-11-25 09:02:00 | INFO     |    总计: 533 个标的
2025-11-25 09:02:00 | INFO     |    因子值范围: -0.039905 ~ 0.282715
2025-11-25 09:02:00 | INFO     |    选择做多: 2 个
2025-11-25 09:02:00 | INFO     |    选择做空: 2 个
2025-11-25 09:02:00 | INFO     | [TOP 20] 因子值排名前20的交易对:
2025-11-25 09:02:00 | INFO     |    第1名: OBOL/USDT:USDT: 0.282715
2025-11-25 09:02:00 | INFO     |    第2名: HOOK/USDT:USDT: 0.206688
2025-11-25 09:02:00 | INFO     |    第3名: 1000WHY/USDT:USDT: 0.201915
2025-11-25 09:02:00 | INFO     |    第4名: ON/USDT:USDT: 0.177872
2025-11-25 09:02:00 | INFO     |    第5名: PIPPIN/USDT:USDT: 0.176573
2025-11-25 09:02:00 | INFO     |    第6名: ZEN/USDT:USDT: 0.175471
2025-11-25 09:02:00 | INFO     |    第7名: ZORA/USDT:USDT: 0.152573
2025-11-25 09:02:00 | INFO     |    第8名: MAVIA/USDT:USDT: 0.152199
2025-11-25 09:02:00 | INFO     |    第9名: MEME/USDT:USDT: 0.149217
2025-11-25 09:02:00 | INFO     |    第10名: PONKE/USDT:USDT: 0.147536
2025-11-25 09:02:00 | INFO     |    第11名: SYRUP/USDT:USDT: 0.146333
2025-11-25 09:02:00 | INFO     |    第12名: AERO/USDT:USDT: 0.145645
2025-11-25 09:02:00 | INFO     |    第13名: GIGGLE/USDT:USDT: 0.143598
2025-11-25 09:02:00 | INFO     |    第14名: MON/USDT:USDT: 0.142413
2025-11-25 09:02:00 | INFO     |    第15名: PHB/USDT:USDT: 0.141600
2025-11-25 09:02:00 | INFO     |    第16名: LA/USDT:USDT: 0.140997
2025-11-25 09:02:00 | INFO     |    第17名: WAL/USDT:USDT: 0.139196
2025-11-25 09:02:00 | INFO     |    第18名: GHST/USDT:USDT: 0.137961
2025-11-25 09:02:00 | INFO     |    第19名: PNUT/USDT:USDT: 0.135985
2025-11-25 09:02:00 | INFO     |    第20名: FIS/USDT:USDT: 0.135739
2025-11-25 09:02:00 | INFO     | [BOTTOM 20] 因子值排名后20的交易对:
2025-11-25 09:02:00 | INFO     |    第514名: B/USDT:USDT: -0.013897
2025-11-25 09:02:00 | INFO     |    第515名: XPIN/USDT:USDT: -0.014114
2025-11-25 09:02:00 | INFO     |    第516名: CC/USDT:USDT: -0.014131
2025-11-25 09:02:00 | INFO     |    第517名: KITE/USDT:USDT: -0.014274
2025-11-25 09:02:00 | INFO     |    第518名: JCT/USDT:USDT: -0.014647
2025-11-25 09:02:00 | INFO     |    第519名: HEMI/USDT:USDT: -0.017418
2025-11-25 09:02:00 | INFO     |    第520名: JASMY/USDT:USDT: -0.017648
2025-11-25 09:02:00 | INFO     |    第521名: GLM/USDT:USDT: -0.018700
2025-11-25 09:02:00 | INFO     |    第522名: JELLYJELLY/USDT:USDT: -0.020156
2025-11-25 09:02:00 | INFO     |    第523名: NAORIS/USDT:USDT: -0.020266
2025-11-25 09:02:00 | INFO     |    第524名: CHILLGUY/USDT:USDT: -0.021352
2025-11-25 09:02:00 | INFO     |    第525名: ICNT/USDT:USDT: -0.021418
2025-11-25 09:02:00 | INFO     |    第526名: SPK/USDT:USDT: -0.023692
2025-11-25 09:02:00 | INFO     |    第527名: HIGH/USDT:USDT: -0.024940
2025-11-25 09:02:00 | INFO     |    第528名: MANTA/USDT:USDT: -0.026165
2025-11-25 09:02:00 | INFO     |    第529名: IN/USDT:USDT: -0.026583
2025-11-25 09:02:00 | INFO     |    第530名: VANRY/USDT:USDT: -0.031233
2025-11-25 09:02:00 | INFO     |    第531名: BAT/USDT:USDT: -0.031255
2025-11-25 09:02:00 | INFO     |    第532名: SYN/USDT:USDT: -0.034745
2025-11-25 09:02:00 | INFO     |    第533名: KAS/USDT:USDT: -0.039905
2025-11-25 09:02:00 | INFO     | [LONG SYMBOLS] 做多标的详情:
2025-11-25 09:02:00 | INFO     |    HOOK/USDT:USDT: 0.206688
2025-11-25 09:02:00 | INFO     |    1000WHY/USDT:USDT: 0.201915
2025-11-25 09:02:00 | INFO     | [SHORT SYMBOLS] 做空标的详情:
2025-11-25 09:02:00 | INFO     |    KAS/USDT:USDT: -0.039905
2025-11-25 09:02:00 | INFO     |    SYN/USDT:USDT: -0.034745
2025-11-25 09:02:00 | INFO     | [SELECTION] 选择交易标的:
2025-11-25 09:02:00 | INFO     |    做多: ['HOOK/USDT:USDT', '1000WHY/USDT:USDT']
2025-11-25 09:02:00 | INFO     |    做空: ['KAS/USDT:USDT', 'SYN/USDT:USDT']
2025-11-25 09:02:00 | INFO     | [DINGDING] 通知已发送: Cycle 8/16 交易标的选择完成:
做多 (2个):
  HOOK/USDT:USDT: 0.206688
  1000WHY/USDT:USDT: 0.201915
做空 (2个):
  KAS/USDT:USDT: -0.039905
  SYN/USDT:USDT: -0.034745

因子统计:
  总计: 534 个标的
  范围: -0.039905 ~ 0.282715
2025-11-25 09:02:00 | INFO     | [STEP 5] 获取当前合约保证金...
2025-11-25 09:02:00 | INFO     | [BALANCE] 当前保证金余额: 20.05 USDT
2025-11-25 09:02:00 | INFO     | [DINGDING] 通知已发送:  账户余额报告
 时间: 2025-11-25 09:02:00
 USDT余额: 20.05
2025-11-25 09:02:00 | INFO     | [BALANCE] 余额通知已发送: 20.05 USDT
2025-11-25 09:02:00 | INFO     | [BALANCE] Cycle 8/16 使用当前可用余额 20.05 USDT 执行开仓
2025-11-25 09:02:00 | INFO     | [STEP 6] 执行开仓交易...
2025-11-25 09:02:00 | INFO     | [BALANCE] 总余额: 20.05 USDT
2025-11-25 09:02:00 | INFO     | [INFO] 总仓位数: 4
2025-11-25 09:02:00 | INFO     | [VALUE] 单仓价值: 14.74 USDT
2025-11-25 09:02:00 | INFO     | [MARGIN] 设置保证金模式为 ISOLATED...
2025-11-25 09:02:00 | INFO     | [MARGIN] HOOK/USDT:USDT 已经是 ISOLATED 模式
2025-11-25 09:02:00 | INFO     | [MARGIN] 1000WHY/USDT:USDT 已经是 ISOLATED 模式
2025-11-25 09:02:00 | INFO     | [MARGIN] KAS/USDT:USDT (KASUSDT) 保证金模式设置为 ISOLATED ✓
2025-11-25 09:02:01 | INFO     | [MARGIN] SYN/USDT:USDT (SYNUSDT) 保证金模式设置为 ISOLATED ✓
2025-11-25 09:02:01 | INFO     | [MARGIN] 保证金模式设置完成: 4/4 成功
2025-11-25 09:02:01 | INFO     | [LEVERAGE] 设置杠杆为 3x...
2025-11-25 09:02:01 | INFO     | [LIVE LONG] 开多头仓位: 2 个
2025-11-25 09:02:01 | INFO     | [LIVE BUY] 做多 HOOK/USDT:USDT: 312.2 @ 0.04719
2025-11-25 09:02:01 | INFO     | [LIVE MARKET] 创建市价单 HOOK/USDT:USDT: buy 312.2
2025-11-25 09:02:01 | INFO     | [LIVE SUCCESS] HOOK/USDT:USDT 市价单创建成功 ID:3534828537 成交:312.2
2025-11-25 09:02:01 | INFO     | [PROTECT] HOOK/USDT:USDT 止盈单创建成功 ID:3534828539 触发价:0.05663
2025-11-25 09:02:01 | INFO     | [PROTECT] HOOK/USDT:USDT 止损单创建成功 ID:3534828541 触发价:0.03775
2025-11-25 09:02:01 | INFO     | [LIVE BUY] 做多 1000WHY/USDT:USDT: 809690.4 @ 1.82e-05
2025-11-25 09:02:01 | INFO     | [LIVE MARKET] 创建市价单 1000WHY/USDT:USDT: buy 809690.4
2025-11-25 09:02:01 | INFO     | [LIVE SUCCESS] 1000WHY/USDT:USDT 市价单创建成功 ID:396826233 成交:809690.0
2025-11-25 09:02:01 | INFO     | [PROTECT] 1000WHY/USDT:USDT 止盈单创建成功 ID:396826234 触发价:2.18e-05
2025-11-25 09:02:01 | INFO     | [PROTECT] 1000WHY/USDT:USDT 止损单创建成功 ID:396826235 触发价:1.46e-05
2025-11-25 09:02:01 | INFO     | [LIVE OK] 多头开仓: 2/2 成功
2025-11-25 09:02:01 | INFO     | [LIVE SHORT] 开空头仓位: 2 个
2025-11-25 09:02:01 | INFO     | [LIVE SELL] 做空 KAS/USDT:USDT: 280.1 @ 0.05261
2025-11-25 09:02:01 | INFO     | [LIVE MARKET] 创建市价单 KAS/USDT:USDT: sell 280.1
2025-11-25 09:02:01 | INFO     | [LIVE SUCCESS] KAS/USDT:USDT 市价单创建成功 ID:2922241637 成交:280.0
2025-11-25 09:02:01 | INFO     | [PROTECT] KAS/USDT:USDT 止盈单创建成功 ID:2922241641 触发价:0.04209
2025-11-25 09:02:01 | INFO     | [PROTECT] KAS/USDT:USDT 止损单创建成功 ID:2922241655 触发价:0.06313
2025-11-25 09:02:02 | INFO     | [LIVE SELL] 做空 SYN/USDT:USDT: 233.1 @ 0.06322
2025-11-25 09:02:02 | INFO     | [LIVE MARKET] 创建市价单 SYN/USDT:USDT: sell 233.1
2025-11-25 09:02:02 | INFO     | [LIVE SUCCESS] SYN/USDT:USDT 市价单创建成功 ID:1086184510 成交:233.0
2025-11-25 09:02:02 | INFO     | [PROTECT] SYN/USDT:USDT 止盈单创建成功 ID:1086184511 触发价:0.05058
2025-11-25 09:02:02 | INFO     | [PROTECT] SYN/USDT:USDT 止损单创建成功 ID:1086184513 触发价:0.07586
2025-11-25 09:02:02 | INFO     | [LIVE OK] 空头开仓: 2/2 成功
2025-11-25 09:02:02 | INFO     | [POSITIONS] 新仓位已添加到字典: {'HOOK/USDT:USDT': {'side': 'long', 'quantity': 312.2, 'open_price': 0.04719, 'position_side': 'LONG', 'take_profit_order_id': '3534828539', 'take_profit_price': 0.05663, 'stop_loss_order_id': '3534828541', 'stop_loss_price': 0.03775}, '1000WHY/USDT:USDT': {'side': 'long', 'quantity': 809690.4, 'open_price': 1.82e-05, 'position_side': 'LONG', 'take_profit_order_id': '396826234', 'take_profit_price': 2.18e-05, 'stop_loss_order_id': '396826235', 'stop_loss_price': 1.46e-05}, 'KAS/USDT:USDT': {'side': 'short', 'quantity': 280.1, 'open_price': 0.05261, 'position_side': 'SHORT', 'take_profit_order_id': '2922241641', 'take_profit_price': 0.04209, 'stop_loss_order_id': '2922241655', 'stop_loss_price': 0.06313}, 'SYN/USDT:USDT': {'side': 'short', 'quantity': 233.1, 'open_price': 0.06322, 'position_side': 'SHORT', 'take_profit_order_id': '1086184511', 'take_profit_price': 0.05058, 'stop_loss_order_id': '1086184513', 'stop_loss_price': 0.07586}}
2025-11-25 09:02:02 | INFO     | [POSITIONS] 当前仓位字典: {'HOOK/USDT:USDT': {'side': 'long', 'quantity': 312.2, 'open_price': 0.04719, 'position_side': 'LONG', 'take_profit_order_id': '3534828539', 'take_profit_price': 0.05663, 'stop_loss_order_id': '3534828541', 'stop_loss_price': 0.03775}, '1000WHY/USDT:USDT': {'side': 'long', 'quantity': 809690.4, 'open_price': 1.82e-05, 'position_side': 'LONG', 'take_profit_order_id': '396826234', 'take_profit_price': 2.18e-05, 'stop_loss_order_id': '396826235', 'stop_loss_price': 1.46e-05}, 'KAS/USDT:USDT': {'side': 'short', 'quantity': 280.1, 'open_price': 0.05261, 'position_side': 'SHORT', 'take_profit_order_id': '2922241641', 'take_profit_price': 0.04209, 'stop_loss_order_id': '2922241655', 'stop_loss_price': 0.06313}, 'SYN/USDT:USDT': {'side': 'short', 'quantity': 233.1, 'open_price': 0.06322, 'position_side': 'SHORT', 'take_profit_order_id': '1086184511', 'take_profit_price': 0.05058, 'stop_loss_order_id': '1086184513', 'stop_loss_price': 0.07586}}
2025-11-25 09:02:02 | INFO     | [STEP 7] 开仓交易完成
2025-11-25 09:02:02 | INFO     | [INFO] 跳过详细仓位验证，交易周期完成
2025-11-25 09:02:02 | INFO     | [STEP 8] 记录当前交易对价格和因子信息...
2025-11-25 09:02:02 | INFO     | [API] 成功获取 534 个交易对价格
2025-11-25 09:02:02 | INFO     | [RECORD] 记录了 534 个交易对的价格和因子信息
2025-11-25 09:02:02 | INFO     | [OK] 交易周期执行成功
2025-11-25 09:02:02 | INFO     | [TIME] 周期耗时: 100.9秒
2025-11-25 09:02:02 | INFO     | [16H] Cycle 9/16 下次执行时间: 2025-11-25 10:00:00
2025-11-25 09:02:02 | INFO     | [WAIT] 等待 3478 秒 (1.0 小时)
2025-11-25 09:14:00 | INFO     | [WAIT] Cycle 9/16 剩余等待时间: 46.0 分钟
2025-11-25 09:25:58 | INFO     | [WAIT] Cycle 9/16 剩余等待时间: 34.0 分钟
2025-11-25 09:37:59 | INFO     | [WAIT] Cycle 9/16 剩余等待时间: 22.0 分钟
2025-11-25 09:50:00 | INFO     | [WAIT] Cycle 9/16 剩余等待时间: 10.0 分钟
2025-11-25 09:59:38 | INFO     | [WAIT] Cycle 9/16 最后等待: 22 秒
2025-11-25 10:00:21 | INFO     | 
==================================================
2025-11-25 10:00:21 | INFO     | [CYCLE] 第 26 轮交易周期 (Cycle 9/16)
2025-11-25 10:00:21 | INFO     | [TIME] 开始时间: 2025-11-25 10:00:21
2025-11-25 10:00:21 | INFO     | ==================================================
2025-11-25 10:00:42 | INFO     | [STEP 1] Cycle 9/16 平仓字典中存储的仓位...
2025-11-25 10:00:42 | INFO     | [POSITIONS] 当前持有仓位: {'VIRTUAL/USDT:USDT': {'side': 'long', 'quantity': 16.8, 'open_price': 0.9379, 'position_side': 'LONG', 'take_profit_order_id': '5773385428', 'take_profit_price': 1.1255, 'stop_loss_order_id': '5773385457', 'stop_loss_price': 0.7503}, 'MOCA/USDT:USDT': {'side': 'long', 'quantity': 621.4, 'open_price': 0.02541, 'position_side': 'LONG', 'take_profit_order_id': '892382304', 'take_profit_price': 0.03049, 'stop_loss_order_id': '892382305', 'stop_loss_price': 0.02033}, 'COS/USDT:USDT': {'side': 'short', 'quantity': 10057.9, 'open_price': 0.00157, 'position_side': 'SHORT', 'take_profit_order_id': '698534900', 'take_profit_price': 0.001256, 'stop_loss_order_id': '698534901', 'stop_loss_price': 0.001884}, 'MITO/USDT:USDT': {'side': 'short', 'quantity': 166.8, 'open_price': 0.09465, 'position_side': 'SHORT', 'take_profit_order_id': '724110372', 'take_profit_price': 0.07572, 'stop_loss_order_id': '724110383', 'stop_loss_price': 0.11358}}
2025-11-25 10:00:42 | INFO     | [LIVE CLOSE] 开始平仓指定仓位: 4 个
2025-11-25 10:00:42 | INFO     | [PROTECT] VIRTUAL/USDT:USDT 已取消止盈单 5773385428
2025-11-25 10:00:42 | INFO     | [PROTECT] VIRTUAL/USDT:USDT 已取消止损单 5773385457
2025-11-25 10:00:42 | INFO     | [LIVE CLOSE] 平仓 VIRTUAL/USDT:USDT: sell 16.8 (原long仓位)
2025-11-25 10:00:42 | INFO     | [LIVE PROFIT] VIRTUAL/USDT:USDT 开仓价格: 0.93790000, 当前价格: 0.91120000
2025-11-25 10:00:42 | INFO     | [LIVE PROFIT] VIRTUAL/USDT:USDT 预期收益: -2.85% (约 -0.44856000 USDT)
2025-11-25 10:00:42 | INFO     | [LIVE MARKET] 创建市价单 VIRTUAL/USDT:USDT: sell 16.8
2025-11-25 10:00:42 | INFO     | [LIVE SUCCESS] VIRTUAL/USDT:USDT 市价单创建成功 ID:5780192495 成交:16.8
2025-11-25 10:00:42 | INFO     | [LIVE SUCCESS] 平仓订单创建成功 VIRTUAL/USDT:USDT: 5780192495
2025-11-25 10:00:43 | INFO     | [DINGDING] 通知已发送: 🔔 [实盘] 平仓通知
📊 交易对: VIRTUAL/USDT:USDT
📈 方向: 做多
🔢 数量: 16.80000000
💵 开仓价: 0.93790000
💵 平仓价: 0.91120000
📉 收益: -2.85% (-0.44856000 USDT)
2025-11-25 10:00:43 | INFO     | [PROTECT] MOCA/USDT:USDT 已取消止盈单 892382304
2025-11-25 10:00:43 | INFO     | [PROTECT] MOCA/USDT:USDT 已取消止损单 892382305
2025-11-25 10:00:43 | INFO     | [LIVE CLOSE] 平仓 MOCA/USDT:USDT: sell 621.4 (原long仓位)
2025-11-25 10:00:43 | INFO     | [LIVE PROFIT] MOCA/USDT:USDT 开仓价格: 0.02541000, 当前价格: 0.02488000
2025-11-25 10:00:43 | INFO     | [LIVE PROFIT] MOCA/USDT:USDT 预期收益: -2.09% (约 -0.32934200 USDT)
2025-11-25 10:00:43 | INFO     | [LIVE MARKET] 创建市价单 MOCA/USDT:USDT: sell 621.4
2025-11-25 10:00:43 | INFO     | [LIVE SUCCESS] MOCA/USDT:USDT 市价单创建成功 ID:892801128 成交:621.0
2025-11-25 10:00:43 | INFO     | [LIVE SUCCESS] 平仓订单创建成功 MOCA/USDT:USDT: 892801128
2025-11-25 10:00:43 | INFO     | [DINGDING] 通知已发送: 🔔 [实盘] 平仓通知
📊 交易对: MOCA/USDT:USDT
📈 方向: 做多
🔢 数量: 621.40000000
💵 开仓价: 0.02541000
💵 平仓价: 0.02488000
📉 收益: -2.09% (-0.32934200 USDT)
2025-11-25 10:00:43 | INFO     | [PROTECT] COS/USDT:USDT 已取消止盈单 698534900
2025-11-25 10:00:43 | INFO     | [PROTECT] COS/USDT:USDT 已取消止损单 698534901
2025-11-25 10:00:43 | INFO     | [LIVE CLOSE] 平仓 COS/USDT:USDT: buy 10057.9 (原short仓位)
2025-11-25 10:00:43 | INFO     | [LIVE PROFIT] COS/USDT:USDT 开仓价格: 0.00157000, 当前价格: 0.00156000
2025-11-25 10:00:43 | INFO     | [LIVE PROFIT] COS/USDT:USDT 预期收益: 0.64% (约 0.10057900 USDT)
2025-11-25 10:00:43 | INFO     | [LIVE MARKET] 创建市价单 COS/USDT:USDT: buy 10057.9
2025-11-25 10:00:43 | INFO     | [LIVE SUCCESS] COS/USDT:USDT 市价单创建成功 ID:698755808 成交:10057.0
2025-11-25 10:00:43 | INFO     | [LIVE SUCCESS] 平仓订单创建成功 COS/USDT:USDT: 698755808
2025-11-25 10:00:44 | INFO     | [DINGDING] 通知已发送: 🔔 [实盘] 平仓通知
📊 交易对: COS/USDT:USDT
📈 方向: 做空
🔢 数量: 10057.90000000
💵 开仓价: 0.00157000
💵 平仓价: 0.00156000
💰 收益: 0.64% (0.10057900 USDT)
2025-11-25 10:00:44 | INFO     | [PROTECT] MITO/USDT:USDT 已取消止盈单 724110372
2025-11-25 10:00:44 | INFO     | [PROTECT] MITO/USDT:USDT 已取消止损单 724110383
2025-11-25 10:00:44 | INFO     | [LIVE CLOSE] 平仓 MITO/USDT:USDT: buy 166.8 (原short仓位)
2025-11-25 10:00:44 | INFO     | [LIVE PROFIT] MITO/USDT:USDT 开仓价格: 0.09465000, 当前价格: 0.08876000
2025-11-25 10:00:44 | INFO     | [LIVE PROFIT] MITO/USDT:USDT 预期收益: 6.22% (约 0.98245200 USDT)
2025-11-25 10:00:44 | INFO     | [LIVE MARKET] 创建市价单 MITO/USDT:USDT: buy 166.8
2025-11-25 10:00:44 | INFO     | [LIVE SUCCESS] MITO/USDT:USDT 市价单创建成功 ID:725622164 成交:166.0
2025-11-25 10:00:44 | INFO     | [LIVE SUCCESS] 平仓订单创建成功 MITO/USDT:USDT: 725622164
2025-11-25 10:00:44 | INFO     | [DINGDING] 通知已发送: 🔔 [实盘] 平仓通知
📊 交易对: MITO/USDT:USDT
📈 方向: 做空
🔢 数量: 166.80000000
💵 开仓价: 0.09465000
💵 平仓价: 0.08876000
💰 收益: 6.22% (0.98245200 USDT)
2025-11-25 10:00:44 | INFO     | [LIVE WAIT] 等待 4 个平仓订单执行...
2025-11-25 10:00:46 | INFO     | [LIVE OK] 平仓操作完成，成功: 4/4
2025-11-25 10:00:46 | INFO     | [INFO] Cycle 9/16 仓位字典已清空
2025-11-25 10:00:46 | INFO     | [STEP 2] 跳过验证步骤...
2025-11-25 10:00:46 | INFO     | [STEP 3] 提取OHLC数据并计算因子...
2025-11-25 10:00:46 | INFO     | [OK] 获取活跃交易对完成，耗时: 0.001秒
2025-11-25 10:02:00 | INFO     | [FACTORS] 计算得到 534 个有效因子
2025-11-25 10:02:00 | INFO     | [STEP 4] 根据因子值选择交易标的...
2025-11-25 10:02:00 | INFO     | [FILTER] 忽略 1 个交易对: ['BTC/USDT:USDT']
2025-11-25 10:02:00 | INFO     | [FILTER] OBOL/USDT:USDT 已在其它周期出现 4 次，达到上限 4，跳过
2025-11-25 10:02:00 | INFO     | [FILTER] 1000WHY/USDT:USDT 已在其它周期出现 4 次，达到上限 4，跳过
2025-11-25 10:02:00 | INFO     | [STATS] 因子统计:
2025-11-25 10:02:00 | INFO     |    总计: 533 个标的
2025-11-25 10:02:00 | INFO     |    因子值范围: -0.053461 ~ 0.338502
2025-11-25 10:02:00 | INFO     |    选择做多: 2 个
2025-11-25 10:02:00 | INFO     |    选择做空: 2 个
2025-11-25 10:02:00 | INFO     | [TOP 20] 因子值排名前20的交易对:
2025-11-25 10:02:00 | INFO     |    第1名: OBOL/USDT:USDT: 0.338502
2025-11-25 10:02:00 | INFO     |    第2名: ZEN/USDT:USDT: 0.180383
2025-11-25 10:02:00 | INFO     |    第3名: 1000WHY/USDT:USDT: 0.175327
2025-11-25 10:02:00 | INFO     |    第4名: SYRUP/USDT:USDT: 0.173239
2025-11-25 10:02:00 | INFO     |    第5名: HIPPO/USDT:USDT: 0.172599
2025-11-25 10:02:00 | INFO     |    第6名: FIS/USDT:USDT: 0.169741
2025-11-25 10:02:00 | INFO     |    第7名: NXPC/USDT:USDT: 0.169066
2025-11-25 10:02:00 | INFO     |    第8名: PIPPIN/USDT:USDT: 0.167415
2025-11-25 10:02:00 | INFO     |    第9名: XPL/USDT:USDT: 0.166631
2025-11-25 10:02:00 | INFO     |    第10名: MAVIA/USDT:USDT: 0.159821
2025-11-25 10:02:00 | INFO     |    第11名: ON/USDT:USDT: 0.150520
2025-11-25 10:02:00 | INFO     |    第12名: GIGGLE/USDT:USDT: 0.150191
2025-11-25 10:02:00 | INFO     |    第13名: HOOK/USDT:USDT: 0.147798
2025-11-25 10:02:00 | INFO     |    第14名: PLAY/USDT:USDT: 0.145281
2025-11-25 10:02:00 | INFO     |    第15名: HYPE/USDT:USDT: 0.142874
2025-11-25 10:02:00 | INFO     |    第16名: ICP/USDT:USDT: 0.141471
2025-11-25 10:02:00 | INFO     |    第17名: INIT/USDT:USDT: 0.138348
2025-11-25 10:02:00 | INFO     |    第18名: POL/USDT:USDT: 0.136500
2025-11-25 10:02:00 | INFO     |    第19名: SKYAI/USDT:USDT: 0.136013
2025-11-25 10:02:00 | INFO     |    第20名: FLUID/USDT:USDT: 0.135596
2025-11-25 10:02:00 | INFO     | [BOTTOM 20] 因子值排名后20的交易对:
2025-11-25 10:02:00 | INFO     |    第514名: JASMY/USDT:USDT: -0.014519
2025-11-25 10:02:00 | INFO     |    第515名: APR/USDT:USDT: -0.014557
2025-11-25 10:02:00 | INFO     |    第516名: HEMI/USDT:USDT: -0.014942
2025-11-25 10:02:00 | INFO     |    第517名: BABY/USDT:USDT: -0.015374
2025-11-25 10:02:00 | INFO     |    第518名: CC/USDT:USDT: -0.015606
2025-11-25 10:02:00 | INFO     |    第519名: BAT/USDT:USDT: -0.016031
2025-11-25 10:02:00 | INFO     |    第520名: CHILLGUY/USDT:USDT: -0.016132
2025-11-25 10:02:00 | INFO     |    第521名: TURBO/USDT:USDT: -0.017034
2025-11-25 10:02:00 | INFO     |    第522名: HUMA/USDT:USDT: -0.018385
2025-11-25 10:02:00 | INFO     |    第523名: IN/USDT:USDT: -0.018760
2025-11-25 10:02:00 | INFO     |    第524名: NIL/USDT:USDT: -0.018868
2025-11-25 10:02:00 | INFO     |    第525名: ICNT/USDT:USDT: -0.021889
2025-11-25 10:02:00 | INFO     |    第526名: HOT/USDT:USDT: -0.022421
2025-11-25 10:02:00 | INFO     |    第527名: VANRY/USDT:USDT: -0.023764
2025-11-25 10:02:00 | INFO     |    第528名: BROCCOLI714/USDT:USDT: -0.027172
2025-11-25 10:02:00 | INFO     |    第529名: SYN/USDT:USDT: -0.035433
2025-11-25 10:02:00 | INFO     |    第530名: SPK/USDT:USDT: -0.039051
2025-11-25 10:02:00 | INFO     |    第531名: ENSO/USDT:USDT: -0.043253
2025-11-25 10:02:00 | INFO     |    第532名: HIGH/USDT:USDT: -0.043434
2025-11-25 10:02:00 | INFO     |    第533名: KITE/USDT:USDT: -0.053461
2025-11-25 10:02:00 | INFO     | [LONG SYMBOLS] 做多标的详情:
2025-11-25 10:02:00 | INFO     |    ZEN/USDT:USDT: 0.180383
2025-11-25 10:02:00 | INFO     |    SYRUP/USDT:USDT: 0.173239
2025-11-25 10:02:00 | INFO     | [SHORT SYMBOLS] 做空标的详情:
2025-11-25 10:02:00 | INFO     |    KITE/USDT:USDT: -0.053461
2025-11-25 10:02:00 | INFO     |    HIGH/USDT:USDT: -0.043434
2025-11-25 10:02:00 | INFO     | [SELECTION] 选择交易标的:
2025-11-25 10:02:00 | INFO     |    做多: ['ZEN/USDT:USDT', 'SYRUP/USDT:USDT']
2025-11-25 10:02:00 | INFO     |    做空: ['KITE/USDT:USDT', 'HIGH/USDT:USDT']
2025-11-25 10:02:01 | INFO     | [DINGDING] 通知已发送: Cycle 9/16 交易标的选择完成:
做多 (2个):
  ZEN/USDT:USDT: 0.180383
  SYRUP/USDT:USDT: 0.173239
做空 (2个):
  KITE/USDT:USDT: -0.053461
  HIGH/USDT:USDT: -0.043434

因子统计:
  总计: 534 个标的
  范围: -0.053461 ~ 0.338502
2025-11-25 10:02:01 | INFO     | [STEP 5] 获取当前合约保证金...
2025-11-25 10:02:01 | INFO     | [BALANCE] 当前保证金余额: 21.91 USDT
2025-11-25 10:02:01 | INFO     | [DINGDING] 通知已发送:  账户余额报告
 时间: 2025-11-25 10:02:01
 USDT余额: 21.91
2025-11-25 10:02:01 | INFO     | [BALANCE] 余额通知已发送: 21.91 USDT
2025-11-25 10:02:01 | INFO     | [BALANCE] Cycle 9/16 使用当前可用余额 21.91 USDT 执行开仓
2025-11-25 10:02:01 | INFO     | [STEP 6] 执行开仓交易...
2025-11-25 10:02:01 | INFO     | [BALANCE] 总余额: 21.91 USDT
2025-11-25 10:02:01 | INFO     | [INFO] 总仓位数: 4
2025-11-25 10:02:01 | INFO     | [VALUE] 单仓价值: 16.10 USDT
2025-11-25 10:02:01 | INFO     | [MARGIN] 设置保证金模式为 ISOLATED...
2025-11-25 10:02:01 | INFO     | [MARGIN] ZEN/USDT:USDT 已经是 ISOLATED 模式
2025-11-25 10:02:01 | INFO     | [MARGIN] SYRUP/USDT:USDT (SYRUPUSDT) 保证金模式设置为 ISOLATED ✓
2025-11-25 10:02:01 | INFO     | [MARGIN] KITE/USDT:USDT 已经是 ISOLATED 模式
2025-11-25 10:02:01 | INFO     | [MARGIN] HIGH/USDT:USDT (HIGHUSDT) 保证金模式设置为 ISOLATED ✓
2025-11-25 10:02:01 | INFO     | [MARGIN] 保证金模式设置完成: 4/4 成功
2025-11-25 10:02:01 | INFO     | [LEVERAGE] 设置杠杆为 3x...
2025-11-25 10:02:01 | INFO     | [LIVE LONG] 开多头仓位: 2 个
2025-11-25 10:02:01 | INFO     | [LIVE BUY] 做多 ZEN/USDT:USDT: 1.3 @ 12.3
2025-11-25 10:02:01 | INFO     | [LIVE MARKET] 创建市价单 ZEN/USDT:USDT: buy 1.3
2025-11-25 10:02:01 | INFO     | [LIVE SUCCESS] ZEN/USDT:USDT 市价单创建成功 ID:7957334921 成交:1.3
2025-11-25 10:02:01 | INFO     | [PROTECT] ZEN/USDT:USDT 止盈单创建成功 ID:7957334924 触发价:14.76
2025-11-25 10:02:01 | INFO     | [PROTECT] ZEN/USDT:USDT 止损单创建成功 ID:7957334938 触发价:9.84
2025-11-25 10:02:02 | INFO     | [LIVE BUY] 做多 SYRUP/USDT:USDT: 54.7 @ 0.29425
2025-11-25 10:02:02 | INFO     | [LIVE MARKET] 创建市价单 SYRUP/USDT:USDT: buy 54.7
2025-11-25 10:02:02 | INFO     | [LIVE SUCCESS] SYRUP/USDT:USDT 市价单创建成功 ID:1834062585 成交:54.0
2025-11-25 10:02:02 | INFO     | [PROTECT] SYRUP/USDT:USDT 止盈单创建成功 ID:1834062587 触发价:0.3531
2025-11-25 10:02:02 | INFO     | [PROTECT] SYRUP/USDT:USDT 止损单创建成功 ID:1834062596 触发价:0.2354
2025-11-25 10:02:02 | INFO     | [LIVE OK] 多头开仓: 2/2 成功
2025-11-25 10:02:02 | INFO     | [LIVE SHORT] 开空头仓位: 2 个
2025-11-25 10:02:02 | INFO     | [LIVE SELL] 做空 KITE/USDT:USDT: 163.1 @ 0.0987
2025-11-25 10:02:02 | INFO     | [LIVE MARKET] 创建市价单 KITE/USDT:USDT: sell 163.1
2025-11-25 10:02:02 | INFO     | [LIVE SUCCESS] KITE/USDT:USDT 市价单创建成功 ID:415613123 成交:163.0
2025-11-25 10:02:02 | INFO     | [PROTECT] KITE/USDT:USDT 止盈单创建成功 ID:415613127 触发价:0.07896
2025-11-25 10:02:02 | INFO     | [PROTECT] KITE/USDT:USDT 止损单创建成功 ID:415613137 触发价:0.11844
2025-11-25 10:02:02 | INFO     | [LIVE SELL] 做空 HIGH/USDT:USDT: 67.0 @ 0.2402
2025-11-25 10:02:02 | INFO     | [LIVE MARKET] 创建市价单 HIGH/USDT:USDT: sell 67.0
2025-11-25 10:02:02 | INFO     | [LIVE SUCCESS] HIGH/USDT:USDT 市价单创建成功 ID:4284837846 成交:67.0
2025-11-25 10:02:02 | INFO     | [PROTECT] HIGH/USDT:USDT 止盈单创建成功 ID:4284837851 触发价:0.1922
2025-11-25 10:02:02 | INFO     | [PROTECT] HIGH/USDT:USDT 止损单创建成功 ID:4284837864 触发价:0.2882
2025-11-25 10:02:02 | INFO     | [LIVE OK] 空头开仓: 2/2 成功
2025-11-25 10:02:02 | INFO     | [POSITIONS] 新仓位已添加到字典: {'ZEN/USDT:USDT': {'side': 'long', 'quantity': 1.3, 'open_price': 12.3, 'position_side': 'LONG', 'take_profit_order_id': '7957334924', 'take_profit_price': 14.76, 'stop_loss_order_id': '7957334938', 'stop_loss_price': 9.84}, 'SYRUP/USDT:USDT': {'side': 'long', 'quantity': 54.7, 'open_price': 0.29425, 'position_side': 'LONG', 'take_profit_order_id': '1834062587', 'take_profit_price': 0.3531, 'stop_loss_order_id': '1834062596', 'stop_loss_price': 0.2354}, 'KITE/USDT:USDT': {'side': 'short', 'quantity': 163.1, 'open_price': 0.0987, 'position_side': 'SHORT', 'take_profit_order_id': '415613127', 'take_profit_price': 0.07896, 'stop_loss_order_id': '415613137', 'stop_loss_price': 0.11844}, 'HIGH/USDT:USDT': {'side': 'short', 'quantity': 67.0, 'open_price': 0.2402, 'position_side': 'SHORT', 'take_profit_order_id': '4284837851', 'take_profit_price': 0.1922, 'stop_loss_order_id': '4284837864', 'stop_loss_price': 0.2882}}
2025-11-25 10:02:02 | INFO     | [POSITIONS] 当前仓位字典: {'ZEN/USDT:USDT': {'side': 'long', 'quantity': 1.3, 'open_price': 12.3, 'position_side': 'LONG', 'take_profit_order_id': '7957334924', 'take_profit_price': 14.76, 'stop_loss_order_id': '7957334938', 'stop_loss_price': 9.84}, 'SYRUP/USDT:USDT': {'side': 'long', 'quantity': 54.7, 'open_price': 0.29425, 'position_side': 'LONG', 'take_profit_order_id': '1834062587', 'take_profit_price': 0.3531, 'stop_loss_order_id': '1834062596', 'stop_loss_price': 0.2354}, 'KITE/USDT:USDT': {'side': 'short', 'quantity': 163.1, 'open_price': 0.0987, 'position_side': 'SHORT', 'take_profit_order_id': '415613127', 'take_profit_price': 0.07896, 'stop_loss_order_id': '415613137', 'stop_loss_price': 0.11844}, 'HIGH/USDT:USDT': {'side': 'short', 'quantity': 67.0, 'open_price': 0.2402, 'position_side': 'SHORT', 'take_profit_order_id': '4284837851', 'take_profit_price': 0.1922, 'stop_loss_order_id': '4284837864', 'stop_loss_price': 0.2882}}
2025-11-25 10:02:02 | INFO     | [STEP 7] 开仓交易完成
2025-11-25 10:02:02 | INFO     | [INFO] 跳过详细仓位验证，交易周期完成
2025-11-25 10:02:02 | INFO     | [STEP 8] 记录当前交易对价格和因子信息...
2025-11-25 10:02:02 | INFO     | [API] 成功获取 534 个交易对价格
2025-11-25 10:02:02 | INFO     | [RECORD] 记录了 534 个交易对的价格和因子信息
2025-11-25 10:02:02 | INFO     | [OK] 交易周期执行成功
2025-11-25 10:02:02 | INFO     | [TIME] 周期耗时: 101.6秒
2025-11-25 10:02:02 | INFO     | [16H] Cycle 10/16 下次执行时间: 2025-11-25 11:00:00
2025-11-25 10:02:02 | INFO     | [WAIT] 等待 3477 秒 (1.0 小时)
2025-11-25 10:14:01 | INFO     | [WAIT] Cycle 10/16 剩余等待时间: 46.0 分钟
2025-11-25 10:25:59 | INFO     | [WAIT] Cycle 10/16 剩余等待时间: 34.0 分钟
2025-11-25 10:37:57 | INFO     | [WAIT] Cycle 10/16 剩余等待时间: 22.0 分钟
2025-11-25 10:44:53 | INFO     | [PROTECT] PIPPIN/USDT:USDT 已取消止损单 1060837087
2025-11-25 10:44:54 | INFO     | [PROTECT] Cycle 4/16 PIPPIN/USDT:USDT 仓位已由保护单或外部操作平仓 (止盈单已触发 (状态: closed))，自动移除
2025-11-25 10:44:55 | INFO     | [DINGDING] 通知已发送: 🛡️ 仓位监控
Cycle: Cycle 4/16
交易对: PIPPIN/USDT:USDT
方向: long
原因: 止盈单已触发 (状态: closed)
2025-11-25 10:49:53 | INFO     | [WAIT] Cycle 10/16 剩余等待时间: 10.1 分钟
2025-11-25 11:00:33 | INFO     | 
==================================================
2025-11-25 11:00:33 | INFO     | [CYCLE] 第 27 轮交易周期 (Cycle 10/16)
2025-11-25 11:00:33 | INFO     | [TIME] 开始时间: 2025-11-25 11:00:33
2025-11-25 11:00:33 | INFO     | ==================================================
2025-11-25 11:00:53 | INFO     | [STEP 1] Cycle 10/16 平仓字典中存储的仓位...
2025-11-25 11:00:53 | INFO     | [POSITIONS] 当前持有仓位: {'PUMP/USDT:USDT': {'side': 'long', 'quantity': 5641.6, 'open_price': 0.002799, 'position_side': 'LONG', 'take_profit_order_id': '2870369574', 'take_profit_price': 0.003359, 'stop_loss_order_id': '2870369575', 'stop_loss_price': 0.002239}, 'M/USDT:USDT': {'side': 'long', 'quantity': 8.1, 'open_price': 1.943, 'position_side': 'LONG', 'take_profit_order_id': '1020749796', 'take_profit_price': 2.3316, 'stop_loss_order_id': '1020749802', 'stop_loss_price': 1.5544}, 'A2Z/USDT:USDT': {'side': 'short', 'quantity': 4888.8, 'open_price': 0.00323, 'position_side': 'SHORT', 'take_profit_order_id': '368314278', 'take_profit_price': 0.002584, 'stop_loss_order_id': '368314279', 'stop_loss_price': 0.003876}, 'COS/USDT:USDT': {'side': 'short', 'quantity': 10064.3, 'open_price': 0.001569, 'position_side': 'SHORT', 'take_profit_order_id': '698550471', 'take_profit_price': 0.001255, 'stop_loss_order_id': '698550473', 'stop_loss_price': 0.001883}}
2025-11-25 11:00:53 | INFO     | [LIVE CLOSE] 开始平仓指定仓位: 4 个
2025-11-25 11:00:53 | INFO     | [PROTECT] PUMP/USDT:USDT 已取消止盈单 2870369574
2025-11-25 11:00:53 | INFO     | [PROTECT] PUMP/USDT:USDT 已取消止损单 2870369575
2025-11-25 11:00:53 | INFO     | [LIVE CLOSE] 平仓 PUMP/USDT:USDT: sell 5641.6 (原long仓位)
2025-11-25 11:00:53 | INFO     | [LIVE PROFIT] PUMP/USDT:USDT 开仓价格: 0.00279900, 当前价格: 0.00272600
2025-11-25 11:00:53 | INFO     | [LIVE PROFIT] PUMP/USDT:USDT 预期收益: -2.61% (约 -0.41183680 USDT)
2025-11-25 11:00:53 | INFO     | [LIVE MARKET] 创建市价单 PUMP/USDT:USDT: sell 5641.6
2025-11-25 11:00:53 | INFO     | [LIVE SUCCESS] PUMP/USDT:USDT 市价单创建成功 ID:2877087148 成交:5641.0
2025-11-25 11:00:53 | INFO     | [LIVE SUCCESS] 平仓订单创建成功 PUMP/USDT:USDT: 2877087148
2025-11-25 11:00:54 | INFO     | [DINGDING] 通知已发送: 🔔 [实盘] 平仓通知
📊 交易对: PUMP/USDT:USDT
📈 方向: 做多
🔢 数量: 5641.60000000
💵 开仓价: 0.00279900
💵 平仓价: 0.00272600
📉 收益: -2.61% (-0.41183680 USDT)
2025-11-25 11:00:55 | INFO     | [PROTECT] M/USDT:USDT 已取消止盈单 1020749796
2025-11-25 11:00:55 | INFO     | [PROTECT] M/USDT:USDT 已取消止损单 1020749802
2025-11-25 11:00:55 | INFO     | [LIVE CLOSE] 平仓 M/USDT:USDT: sell 8.1 (原long仓位)
2025-11-25 11:00:55 | INFO     | [LIVE PROFIT] M/USDT:USDT 开仓价格: 1.94300000, 当前价格: 1.86540000
2025-11-25 11:00:55 | INFO     | [LIVE PROFIT] M/USDT:USDT 预期收益: -3.99% (约 -0.62856000 USDT)
2025-11-25 11:00:55 | INFO     | [LIVE MARKET] 创建市价单 M/USDT:USDT: sell 8.1
2025-11-25 11:00:55 | INFO     | [LIVE SUCCESS] M/USDT:USDT 市价单创建成功 ID:1021636358 成交:8.0
2025-11-25 11:00:55 | INFO     | [LIVE SUCCESS] 平仓订单创建成功 M/USDT:USDT: 1021636358
2025-11-25 11:00:55 | INFO     | [DINGDING] 通知已发送: 🔔 [实盘] 平仓通知
📊 交易对: M/USDT:USDT
📈 方向: 做多
🔢 数量: 8.10000000
💵 开仓价: 1.94300000
💵 平仓价: 1.86540000
📉 收益: -3.99% (-0.62856000 USDT)
2025-11-25 11:00:55 | INFO     | [PROTECT] A2Z/USDT:USDT 已取消止盈单 368314278
2025-11-25 11:00:55 | INFO     | [PROTECT] A2Z/USDT:USDT 已取消止损单 368314279
2025-11-25 11:00:55 | INFO     | [LIVE CLOSE] 平仓 A2Z/USDT:USDT: buy 4888.8 (原short仓位)
2025-11-25 11:00:55 | INFO     | [LIVE PROFIT] A2Z/USDT:USDT 开仓价格: 0.00323000, 当前价格: 0.00319000
2025-11-25 11:00:55 | INFO     | [LIVE PROFIT] A2Z/USDT:USDT 预期收益: 1.24% (约 0.19555200 USDT)
2025-11-25 11:00:55 | INFO     | [LIVE MARKET] 创建市价单 A2Z/USDT:USDT: buy 4888.8
2025-11-25 11:00:55 | INFO     | [LIVE SUCCESS] A2Z/USDT:USDT 市价单创建成功 ID:368557116 成交:4888.0
2025-11-25 11:00:55 | INFO     | [LIVE SUCCESS] 平仓订单创建成功 A2Z/USDT:USDT: 368557116
2025-11-25 11:00:56 | INFO     | [DINGDING] 通知已发送: 🔔 [实盘] 平仓通知
📊 交易对: A2Z/USDT:USDT
📈 方向: 做空
🔢 数量: 4888.80000000
💵 开仓价: 0.00323000
💵 平仓价: 0.00319000
💰 收益: 1.24% (0.19555200 USDT)
2025-11-25 11:00:56 | INFO     | [PROTECT] COS/USDT:USDT 已取消止盈单 698550471
2025-11-25 11:00:56 | INFO     | [PROTECT] COS/USDT:USDT 已取消止损单 698550473
2025-11-25 11:00:56 | INFO     | [LIVE CLOSE] 平仓 COS/USDT:USDT: buy 10064.3 (原short仓位)
2025-11-25 11:00:56 | INFO     | [LIVE PROFIT] COS/USDT:USDT 开仓价格: 0.00156900, 当前价格: 0.00156800
2025-11-25 11:00:56 | INFO     | [LIVE PROFIT] COS/USDT:USDT 预期收益: 0.06% (约 0.01006430 USDT)
2025-11-25 11:00:56 | INFO     | [LIVE MARKET] 创建市价单 COS/USDT:USDT: buy 10064.3
2025-11-25 11:00:56 | INFO     | [LIVE SUCCESS] COS/USDT:USDT 市价单创建成功 ID:698764966 成交:10064.0
2025-11-25 11:00:56 | INFO     | [LIVE SUCCESS] 平仓订单创建成功 COS/USDT:USDT: 698764966
2025-11-25 11:00:56 | INFO     | [DINGDING] 通知已发送: 🔔 [实盘] 平仓通知
📊 交易对: COS/USDT:USDT
📈 方向: 做空
🔢 数量: 10064.30000000
💵 开仓价: 0.00156900
💵 平仓价: 0.00156800
💰 收益: 0.06% (0.01006430 USDT)
2025-11-25 11:00:56 | INFO     | [LIVE WAIT] 等待 4 个平仓订单执行...
2025-11-25 11:00:58 | INFO     | [LIVE OK] 平仓操作完成，成功: 4/4
2025-11-25 11:00:58 | INFO     | [INFO] Cycle 10/16 仓位字典已清空
2025-11-25 11:00:58 | INFO     | [STEP 2] 跳过验证步骤...
2025-11-25 11:00:58 | INFO     | [STEP 3] 提取OHLC数据并计算因子...
2025-11-25 11:00:58 | INFO     | [OK] 获取活跃交易对完成，耗时: 0.001秒
2025-11-25 11:02:12 | INFO     | [FACTORS] 计算得到 534 个有效因子
2025-11-25 11:02:12 | INFO     | [STEP 4] 根据因子值选择交易标的...
2025-11-25 11:02:12 | INFO     | [FILTER] 忽略 1 个交易对: ['BTC/USDT:USDT']
2025-11-25 11:02:12 | INFO     | [FILTER] OBOL/USDT:USDT 已在其它周期出现 4 次，达到上限 4，跳过
2025-11-25 11:02:12 | INFO     | [FILTER] BANANAS31/USDT:USDT 已在其它周期出现 4 次，达到上限 4，跳过
2025-11-25 11:02:12 | INFO     | [STATS] 因子统计:
2025-11-25 11:02:12 | INFO     |    总计: 533 个标的
2025-11-25 11:02:12 | INFO     |    因子值范围: -0.043106 ~ 0.244852
2025-11-25 11:02:12 | INFO     |    选择做多: 2 个
2025-11-25 11:02:12 | INFO     |    选择做空: 2 个
2025-11-25 11:02:12 | INFO     | [TOP 20] 因子值排名前20的交易对:
2025-11-25 11:02:12 | INFO     |    第1名: OBOL/USDT:USDT: 0.244852
2025-11-25 11:02:12 | INFO     |    第2名: BANANAS31/USDT:USDT: 0.217678
2025-11-25 11:02:12 | INFO     |    第3名: ZEN/USDT:USDT: 0.173786
2025-11-25 11:02:12 | INFO     |    第4名: COMMON/USDT:USDT: 0.170562
2025-11-25 11:02:12 | INFO     |    第5名: MON/USDT:USDT: 0.161928
2025-11-25 11:02:12 | INFO     |    第6名: SKYAI/USDT:USDT: 0.152458
2025-11-25 11:02:12 | INFO     |    第7名: 1000WHY/USDT:USDT: 0.152320
2025-11-25 11:02:12 | INFO     |    第8名: HIPPO/USDT:USDT: 0.152218
2025-11-25 11:02:12 | INFO     |    第9名: EVAA/USDT:USDT: 0.150399
2025-11-25 11:02:12 | INFO     |    第10名: PIPPIN/USDT:USDT: 0.150067
2025-11-25 11:02:12 | INFO     |    第11名: HOOK/USDT:USDT: 0.147862
2025-11-25 11:02:12 | INFO     |    第12名: XPL/USDT:USDT: 0.144469
2025-11-25 11:02:12 | INFO     |    第13名: NMR/USDT:USDT: 0.144353
2025-11-25 11:02:12 | INFO     |    第14名: NXPC/USDT:USDT: 0.138860
2025-11-25 11:02:12 | INFO     |    第15名: MERL/USDT:USDT: 0.133570
2025-11-25 11:02:12 | INFO     |    第16名: YALA/USDT:USDT: 0.132214
2025-11-25 11:02:12 | INFO     |    第17名: ON/USDT:USDT: 0.131933
2025-11-25 11:02:12 | INFO     |    第18名: ICP/USDT:USDT: 0.130527
2025-11-25 11:02:12 | INFO     |    第19名: FIS/USDT:USDT: 0.130166
2025-11-25 11:02:12 | INFO     |    第20名: AIA/USDT:USDT: 0.126078
2025-11-25 11:02:12 | INFO     | [BOTTOM 20] 因子值排名后20的交易对:
2025-11-25 11:02:12 | INFO     |    第514名: JST/USDT:USDT: -0.016480
2025-11-25 11:02:12 | INFO     |    第515名: BABY/USDT:USDT: -0.017321
2025-11-25 11:02:12 | INFO     |    第516名: KAS/USDT:USDT: -0.018047
2025-11-25 11:02:12 | INFO     |    第517名: RDNT/USDT:USDT: -0.018757
2025-11-25 11:02:12 | INFO     |    第518名: KAVA/USDT:USDT: -0.019066
2025-11-25 11:02:12 | INFO     |    第519名: KSM/USDT:USDT: -0.019822
2025-11-25 11:02:12 | INFO     |    第520名: CC/USDT:USDT: -0.020659
2025-11-25 11:02:12 | INFO     |    第521名: D/USDT:USDT: -0.020711
2025-11-25 11:02:12 | INFO     |    第522名: 2Z/USDT:USDT: -0.021359
2025-11-25 11:02:12 | INFO     |    第523名: VANRY/USDT:USDT: -0.022748
2025-11-25 11:02:12 | INFO     |    第524名: MANTA/USDT:USDT: -0.024329
2025-11-25 11:02:12 | INFO     |    第525名: NKN/USDT:USDT: -0.029652
2025-11-25 11:02:12 | INFO     |    第526名: KITE/USDT:USDT: -0.030551
2025-11-25 11:02:12 | INFO     |    第527名: IN/USDT:USDT: -0.030722
2025-11-25 11:02:12 | INFO     |    第528名: 1000RATS/USDT:USDT: -0.033864
2025-11-25 11:02:12 | INFO     |    第529名: SYN/USDT:USDT: -0.036331
2025-11-25 11:02:12 | INFO     |    第530名: HIGH/USDT:USDT: -0.036562
2025-11-25 11:02:12 | INFO     |    第531名: ICNT/USDT:USDT: -0.036586
2025-11-25 11:02:12 | INFO     |    第532名: JASMY/USDT:USDT: -0.040587
2025-11-25 11:02:12 | INFO     |    第533名: ENSO/USDT:USDT: -0.043106
2025-11-25 11:02:12 | INFO     | [LONG SYMBOLS] 做多标的详情:
2025-11-25 11:02:12 | INFO     |    ZEN/USDT:USDT: 0.173786
2025-11-25 11:02:12 | INFO     |    COMMON/USDT:USDT: 0.170562
2025-11-25 11:02:12 | INFO     | [SHORT SYMBOLS] 做空标的详情:
2025-11-25 11:02:12 | INFO     |    ENSO/USDT:USDT: -0.043106
2025-11-25 11:02:12 | INFO     |    JASMY/USDT:USDT: -0.040587
2025-11-25 11:02:12 | INFO     | [SELECTION] 选择交易标的:
2025-11-25 11:02:12 | INFO     |    做多: ['ZEN/USDT:USDT', 'COMMON/USDT:USDT']
2025-11-25 11:02:12 | INFO     |    做空: ['ENSO/USDT:USDT', 'JASMY/USDT:USDT']
2025-11-25 11:02:12 | INFO     | [DINGDING] 通知已发送: Cycle 10/16 交易标的选择完成:
做多 (2个):
  ZEN/USDT:USDT: 0.173786
  COMMON/USDT:USDT: 0.170562
做空 (2个):
  ENSO/USDT:USDT: -0.043106
  JASMY/USDT:USDT: -0.040587

因子统计:
  总计: 534 个标的
  范围: -0.043106 ~ 0.244852
2025-11-25 11:02:12 | INFO     | [STEP 5] 获取当前合约保证金...
2025-11-25 11:02:12 | INFO     | [BALANCE] 当前保证金余额: 28.05 USDT
2025-11-25 11:02:13 | INFO     | [DINGDING] 通知已发送:  账户余额报告
 时间: 2025-11-25 11:02:12
 USDT余额: 28.05
2025-11-25 11:02:13 | INFO     | [BALANCE] 余额通知已发送: 28.05 USDT
2025-11-25 11:02:13 | INFO     | [BALANCE] Cycle 10/16 使用当前可用余额 28.05 USDT 执行开仓
2025-11-25 11:02:13 | INFO     | [STEP 6] 执行开仓交易...
2025-11-25 11:02:13 | INFO     | [BALANCE] 总余额: 28.05 USDT
2025-11-25 11:02:13 | INFO     | [INFO] 总仓位数: 4
2025-11-25 11:02:13 | INFO     | [VALUE] 单仓价值: 20.61 USDT
2025-11-25 11:02:13 | INFO     | [MARGIN] 设置保证金模式为 ISOLATED...
2025-11-25 11:02:13 | INFO     | [MARGIN] ZEN/USDT:USDT 已经是 ISOLATED 模式
2025-11-25 11:02:13 | INFO     | [MARGIN] COMMON/USDT:USDT (COMMONUSDT) 保证金模式设置为 ISOLATED ✓
2025-11-25 11:02:13 | INFO     | [MARGIN] ENSO/USDT:USDT 已经是 ISOLATED 模式
2025-11-25 11:02:13 | INFO     | [MARGIN] JASMY/USDT:USDT (JASMYUSDT) 保证金模式设置为 ISOLATED ✓
2025-11-25 11:02:13 | INFO     | [MARGIN] 保证金模式设置完成: 4/4 成功
2025-11-25 11:02:13 | INFO     | [LEVERAGE] 设置杠杆为 3x...
2025-11-25 11:02:13 | INFO     | [LIVE LONG] 开多头仓位: 2 个
2025-11-25 11:02:13 | INFO     | [LIVE BUY] 做多 ZEN/USDT:USDT: 1.6 @ 12.257
2025-11-25 11:02:13 | INFO     | [LIVE MARKET] 创建市价单 ZEN/USDT:USDT: buy 1.6
2025-11-25 11:02:13 | INFO     | [LIVE SUCCESS] ZEN/USDT:USDT 市价单创建成功 ID:7957645444 成交:1.6
2025-11-25 11:02:13 | INFO     | [PROTECT] ZEN/USDT:USDT 止盈单创建成功 ID:7957645450 触发价:14.708
2025-11-25 11:02:13 | INFO     | [PROTECT] ZEN/USDT:USDT 止损单创建成功 ID:7957645453 触发价:9.806
2025-11-25 11:02:13 | INFO     | [LIVE BUY] 做多 COMMON/USDT:USDT: 3286.2 @ 0.006273
2025-11-25 11:02:13 | INFO     | [LIVE MARKET] 创建市价单 COMMON/USDT:USDT: buy 3286.2
2025-11-25 11:02:13 | INFO     | [LIVE SUCCESS] COMMON/USDT:USDT 市价单创建成功 ID:199497684 成交:3286.0
2025-11-25 11:02:13 | INFO     | [PROTECT] COMMON/USDT:USDT 止盈单创建成功 ID:199497694 触发价:0.007528
2025-11-25 11:02:13 | INFO     | [PROTECT] COMMON/USDT:USDT 止损单创建成功 ID:199497695 触发价:0.005018
2025-11-25 11:02:13 | INFO     | [LIVE OK] 多头开仓: 2/2 成功
2025-11-25 11:02:13 | INFO     | [LIVE SHORT] 开空头仓位: 2 个
2025-11-25 11:02:13 | INFO     | [LIVE SELL] 做空 ENSO/USDT:USDT: 25.5 @ 0.807
2025-11-25 11:02:13 | INFO     | [LIVE MARKET] 创建市价单 ENSO/USDT:USDT: sell 25.5
2025-11-25 11:02:13 | INFO     | [LIVE SUCCESS] ENSO/USDT:USDT 市价单创建成功 ID:267572024 成交:25.5
2025-11-25 11:02:13 | INFO     | [PROTECT] ENSO/USDT:USDT 止盈单创建成功 ID:267572027 触发价:0.646
2025-11-25 11:02:13 | INFO     | [PROTECT] ENSO/USDT:USDT 止损单创建成功 ID:267572039 触发价:0.968
2025-11-25 11:02:14 | INFO     | [LIVE SELL] 做空 JASMY/USDT:USDT: 2745.7 @ 0.007508
2025-11-25 11:02:14 | INFO     | [LIVE MARKET] 创建市价单 JASMY/USDT:USDT: sell 2745.7
2025-11-25 11:02:14 | INFO     | [LIVE SUCCESS] JASMY/USDT:USDT 市价单创建成功 ID:8369017554 成交:2745.0
2025-11-25 11:02:14 | INFO     | [PROTECT] JASMY/USDT:USDT 止盈单创建成功 ID:8369017559 触发价:0.006006
2025-11-25 11:02:14 | INFO     | [PROTECT] JASMY/USDT:USDT 止损单创建成功 ID:8369017564 触发价:0.00901
2025-11-25 11:02:14 | INFO     | [LIVE OK] 空头开仓: 2/2 成功
2025-11-25 11:02:14 | INFO     | [POSITIONS] 新仓位已添加到字典: {'ZEN/USDT:USDT': {'side': 'long', 'quantity': 1.6, 'open_price': 12.257, 'position_side': 'LONG', 'take_profit_order_id': '7957645450', 'take_profit_price': 14.708, 'stop_loss_order_id': '7957645453', 'stop_loss_price': 9.806}, 'COMMON/USDT:USDT': {'side': 'long', 'quantity': 3286.2, 'open_price': 0.006273, 'position_side': 'LONG', 'take_profit_order_id': '199497694', 'take_profit_price': 0.007528, 'stop_loss_order_id': '199497695', 'stop_loss_price': 0.005018}, 'ENSO/USDT:USDT': {'side': 'short', 'quantity': 25.5, 'open_price': 0.807, 'position_side': 'SHORT', 'take_profit_order_id': '267572027', 'take_profit_price': 0.646, 'stop_loss_order_id': '267572039', 'stop_loss_price': 0.968}, 'JASMY/USDT:USDT': {'side': 'short', 'quantity': 2745.7, 'open_price': 0.007508, 'position_side': 'SHORT', 'take_profit_order_id': '8369017559', 'take_profit_price': 0.006006, 'stop_loss_order_id': '8369017564', 'stop_loss_price': 0.00901}}
2025-11-25 11:02:14 | INFO     | [POSITIONS] 当前仓位字典: {'ZEN/USDT:USDT': {'side': 'long', 'quantity': 1.6, 'open_price': 12.257, 'position_side': 'LONG', 'take_profit_order_id': '7957645450', 'take_profit_price': 14.708, 'stop_loss_order_id': '7957645453', 'stop_loss_price': 9.806}, 'COMMON/USDT:USDT': {'side': 'long', 'quantity': 3286.2, 'open_price': 0.006273, 'position_side': 'LONG', 'take_profit_order_id': '199497694', 'take_profit_price': 0.007528, 'stop_loss_order_id': '199497695', 'stop_loss_price': 0.005018}, 'ENSO/USDT:USDT': {'side': 'short', 'quantity': 25.5, 'open_price': 0.807, 'position_side': 'SHORT', 'take_profit_order_id': '267572027', 'take_profit_price': 0.646, 'stop_loss_order_id': '267572039', 'stop_loss_price': 0.968}, 'JASMY/USDT:USDT': {'side': 'short', 'quantity': 2745.7, 'open_price': 0.007508, 'position_side': 'SHORT', 'take_profit_order_id': '8369017559', 'take_profit_price': 0.006006, 'stop_loss_order_id': '8369017564', 'stop_loss_price': 0.00901}}
2025-11-25 11:02:14 | INFO     | [STEP 7] 开仓交易完成
2025-11-25 11:02:14 | INFO     | [INFO] 跳过详细仓位验证，交易周期完成
2025-11-25 11:02:14 | INFO     | [STEP 8] 记录当前交易对价格和因子信息...
2025-11-25 11:02:14 | INFO     | [API] 成功获取 534 个交易对价格
2025-11-25 11:02:14 | INFO     | [RECORD] 记录了 534 个交易对的价格和因子信息
2025-11-25 11:02:14 | INFO     | [OK] 交易周期执行成功
2025-11-25 11:02:14 | INFO     | [TIME] 周期耗时: 101.3秒
2025-11-25 11:02:14 | INFO     | [16H] Cycle 11/16 下次执行时间: 2025-11-25 12:00:00
2025-11-25 11:02:14 | INFO     | [WAIT] 等待 3466 秒 (1.0 小时)
2025-11-25 11:14:05 | INFO     | [WAIT] Cycle 11/16 剩余等待时间: 45.9 分钟
2025-11-25 11:25:55 | INFO     | [WAIT] Cycle 11/16 剩余等待时间: 34.1 分钟
2025-11-25 11:37:46 | INFO     | [WAIT] Cycle 11/16 剩余等待时间: 22.2 分钟
2025-11-25 11:49:36 | INFO     | [WAIT] Cycle 11/16 剩余等待时间: 10.4 分钟
2025-11-25 12:00:15 | INFO     | 
==================================================
2025-11-25 12:00:15 | INFO     | [CYCLE] 第 28 轮交易周期 (Cycle 11/16)
2025-11-25 12:00:15 | INFO     | [TIME] 开始时间: 2025-11-25 12:00:15
2025-11-25 12:00:15 | INFO     | ==================================================
2025-11-25 12:00:35 | INFO     | [STEP 1] Cycle 11/16 平仓字典中存储的仓位...
2025-11-25 12:00:35 | INFO     | [POSITIONS] 当前持有仓位: {'MOCA/USDT:USDT': {'side': 'long', 'quantity': 624.6, 'open_price': 0.02528, 'position_side': 'LONG', 'take_profit_order_id': '892449053', 'take_profit_price': 0.03034, 'stop_loss_order_id': '892449055', 'stop_loss_price': 0.02022}, 'RIVER/USDT:USDT': {'side': 'long', 'quantity': 4.1, 'open_price': 3.762, 'position_side': 'LONG', 'take_profit_order_id': '263508921', 'take_profit_price': 4.514, 'stop_loss_order_id': '263508922', 'stop_loss_price': 3.01}, 'A2Z/USDT:USDT': {'side': 'short', 'quantity': 4922.3, 'open_price': 0.003208, 'position_side': 'SHORT', 'take_profit_order_id': '368338917', 'take_profit_price': 0.002566, 'stop_loss_order_id': '368338918', 'stop_loss_price': 0.00385}, 'TRADOOR/USDT:USDT': {'side': 'short', 'quantity': 11.6, 'open_price': 1.359, 'position_side': 'SHORT', 'take_profit_order_id': '183225016', 'take_profit_price': 1.087, 'stop_loss_order_id': '183225098', 'stop_loss_price': 1.631}}
2025-11-25 12:00:35 | INFO     | [LIVE CLOSE] 开始平仓指定仓位: 4 个
2025-11-25 12:00:35 | INFO     | [PROTECT] MOCA/USDT:USDT 已取消止盈单 892449053
2025-11-25 12:00:35 | INFO     | [PROTECT] MOCA/USDT:USDT 已取消止损单 892449055
2025-11-25 12:00:35 | INFO     | [LIVE CLOSE] 平仓 MOCA/USDT:USDT: sell 624.6 (原long仓位)
2025-11-25 12:00:35 | INFO     | [LIVE PROFIT] MOCA/USDT:USDT 开仓价格: 0.02528000, 当前价格: 0.02494000
2025-11-25 12:00:35 | INFO     | [LIVE PROFIT] MOCA/USDT:USDT 预期收益: -1.34% (约 -0.21236400 USDT)
2025-11-25 12:00:35 | INFO     | [LIVE MARKET] 创建市价单 MOCA/USDT:USDT: sell 624.6
2025-11-25 12:00:35 | INFO     | [LIVE SUCCESS] MOCA/USDT:USDT 市价单创建成功 ID:892840928 成交:624.0
2025-11-25 12:00:35 | INFO     | [LIVE SUCCESS] 平仓订单创建成功 MOCA/USDT:USDT: 892840928
2025-11-25 12:00:36 | INFO     | [DINGDING] 通知已发送: 🔔 [实盘] 平仓通知
📊 交易对: MOCA/USDT:USDT
📈 方向: 做多
🔢 数量: 624.60000000
💵 开仓价: 0.02528000
💵 平仓价: 0.02494000
📉 收益: -1.34% (-0.21236400 USDT)
2025-11-25 12:00:36 | INFO     | [PROTECT] RIVER/USDT:USDT 已取消止盈单 263508921
2025-11-25 12:00:36 | INFO     | [PROTECT] RIVER/USDT:USDT 已取消止损单 263508922
2025-11-25 12:00:36 | INFO     | [LIVE CLOSE] 平仓 RIVER/USDT:USDT: sell 4.1 (原long仓位)
2025-11-25 12:00:36 | INFO     | [LIVE PROFIT] RIVER/USDT:USDT 开仓价格: 3.76200000, 当前价格: 3.63700000
2025-11-25 12:00:36 | INFO     | [LIVE PROFIT] RIVER/USDT:USDT 预期收益: -3.32% (约 -0.51250000 USDT)
2025-11-25 12:00:36 | INFO     | [LIVE MARKET] 创建市价单 RIVER/USDT:USDT: sell 4.1
2025-11-25 12:00:36 | INFO     | [LIVE SUCCESS] RIVER/USDT:USDT 市价单创建成功 ID:263934084 成交:4.1
2025-11-25 12:00:36 | INFO     | [LIVE SUCCESS] 平仓订单创建成功 RIVER/USDT:USDT: 263934084
2025-11-25 12:00:36 | INFO     | [DINGDING] 通知已发送: 🔔 [实盘] 平仓通知
📊 交易对: RIVER/USDT:USDT
📈 方向: 做多
🔢 数量: 4.10000000
💵 开仓价: 3.76200000
💵 平仓价: 3.63700000
📉 收益: -3.32% (-0.51250000 USDT)
2025-11-25 12:00:36 | INFO     | [PROTECT] A2Z/USDT:USDT 已取消止盈单 368338917
2025-11-25 12:00:36 | INFO     | [PROTECT] A2Z/USDT:USDT 已取消止损单 368338918
2025-11-25 12:00:36 | INFO     | [LIVE CLOSE] 平仓 A2Z/USDT:USDT: buy 4922.3 (原short仓位)
2025-11-25 12:00:36 | INFO     | [LIVE PROFIT] A2Z/USDT:USDT 开仓价格: 0.00320800, 当前价格: 0.00317600
2025-11-25 12:00:36 | INFO     | [LIVE PROFIT] A2Z/USDT:USDT 预期收益: 1.00% (约 0.15751360 USDT)
2025-11-25 12:00:36 | INFO     | [LIVE MARKET] 创建市价单 A2Z/USDT:USDT: buy 4922.3
2025-11-25 12:00:36 | INFO     | [LIVE SUCCESS] A2Z/USDT:USDT 市价单创建成功 ID:368568002 成交:4922.0
2025-11-25 12:00:36 | INFO     | [LIVE SUCCESS] 平仓订单创建成功 A2Z/USDT:USDT: 368568002
2025-11-25 12:00:37 | INFO     | [DINGDING] 通知已发送: 🔔 [实盘] 平仓通知
📊 交易对: A2Z/USDT:USDT
📈 方向: 做空
🔢 数量: 4922.30000000
💵 开仓价: 0.00320800
💵 平仓价: 0.00317600
💰 收益: 1.00% (0.15751360 USDT)
2025-11-25 12:00:37 | INFO     | [PROTECT] TRADOOR/USDT:USDT 已取消止盈单 183225016
2025-11-25 12:00:37 | INFO     | [PROTECT] TRADOOR/USDT:USDT 已取消止损单 183225098
2025-11-25 12:00:37 | INFO     | [LIVE CLOSE] 平仓 TRADOOR/USDT:USDT: buy 11.6 (原short仓位)
2025-11-25 12:00:37 | INFO     | [LIVE PROFIT] TRADOOR/USDT:USDT 开仓价格: 1.35900000, 当前价格: 1.25600000
2025-11-25 12:00:37 | INFO     | [LIVE PROFIT] TRADOOR/USDT:USDT 预期收益: 7.58% (约 1.19480000 USDT)
2025-11-25 12:00:37 | INFO     | [LIVE MARKET] 创建市价单 TRADOOR/USDT:USDT: buy 11.6
2025-11-25 12:00:37 | INFO     | [LIVE SUCCESS] TRADOOR/USDT:USDT 市价单创建成功 ID:187996835 成交:11.0
2025-11-25 12:00:37 | INFO     | [LIVE SUCCESS] 平仓订单创建成功 TRADOOR/USDT:USDT: 187996835
2025-11-25 12:00:37 | INFO     | [DINGDING] 通知已发送: 🔔 [实盘] 平仓通知
📊 交易对: TRADOOR/USDT:USDT
📈 方向: 做空
🔢 数量: 11.60000000
💵 开仓价: 1.35900000
💵 平仓价: 1.25600000
💰 收益: 7.58% (1.19480000 USDT)
2025-11-25 12:00:37 | INFO     | [LIVE WAIT] 等待 4 个平仓订单执行...
2025-11-25 12:00:39 | INFO     | [LIVE OK] 平仓操作完成，成功: 4/4
2025-11-25 12:00:39 | INFO     | [INFO] Cycle 11/16 仓位字典已清空
2025-11-25 12:00:39 | INFO     | [STEP 2] 跳过验证步骤...
2025-11-25 12:00:39 | INFO     | [STEP 3] 提取OHLC数据并计算因子...
2025-11-25 12:00:39 | INFO     | [OK] 获取活跃交易对完成，耗时: 0.001秒
2025-11-25 12:01:53 | INFO     | [FACTORS] 计算得到 534 个有效因子
2025-11-25 12:01:53 | INFO     | [STEP 4] 根据因子值选择交易标的...
2025-11-25 12:01:53 | INFO     | [FILTER] 忽略 1 个交易对: ['BTC/USDT:USDT']
2025-11-25 12:01:53 | INFO     | [FILTER] OBOL/USDT:USDT 已在其它周期出现 4 次，达到上限 4，跳过
2025-11-25 12:01:53 | INFO     | [FILTER] 1000WHY/USDT:USDT 已在其它周期出现 4 次，达到上限 4，跳过
2025-11-25 12:01:53 | INFO     | [FILTER] ENSO/USDT:USDT 已在其它周期出现 4 次，达到上限 4，跳过
2025-11-25 12:01:53 | INFO     | [STATS] 因子统计:
2025-11-25 12:01:53 | INFO     |    总计: 533 个标的
2025-11-25 12:01:53 | INFO     |    因子值范围: -0.052283 ~ 0.303958
2025-11-25 12:01:53 | INFO     |    选择做多: 2 个
2025-11-25 12:01:53 | INFO     |    选择做空: 2 个
2025-11-25 12:01:53 | INFO     | [TOP 20] 因子值排名前20的交易对:
2025-11-25 12:01:53 | INFO     |    第1名: OBOL/USDT:USDT: 0.303958
2025-11-25 12:01:53 | INFO     |    第2名: 1000WHY/USDT:USDT: 0.217060
2025-11-25 12:01:53 | INFO     |    第3名: HYPE/USDT:USDT: 0.201537
2025-11-25 12:01:53 | INFO     |    第4名: PIPPIN/USDT:USDT: 0.196417
2025-11-25 12:01:53 | INFO     |    第5名: SKYAI/USDT:USDT: 0.195030
2025-11-25 12:01:53 | INFO     |    第6名: BANANAS31/USDT:USDT: 0.165600
2025-11-25 12:01:53 | INFO     |    第7名: XPL/USDT:USDT: 0.161013
2025-11-25 12:01:53 | INFO     |    第8名: HOOK/USDT:USDT: 0.155650
2025-11-25 12:01:53 | INFO     |    第9名: MAVIA/USDT:USDT: 0.147658
2025-11-25 12:01:53 | INFO     |    第10名: HIPPO/USDT:USDT: 0.147099
2025-11-25 12:01:53 | INFO     |    第11名: AEVO/USDT:USDT: 0.146351
2025-11-25 12:01:53 | INFO     |    第12名: COMMON/USDT:USDT: 0.145893
2025-11-25 12:01:53 | INFO     |    第13名: BEAT/USDT:USDT: 0.138703
2025-11-25 12:01:53 | INFO     |    第14名: NXPC/USDT:USDT: 0.138416
2025-11-25 12:01:53 | INFO     |    第15名: NMR/USDT:USDT: 0.134548
2025-11-25 12:01:53 | INFO     |    第16名: CVC/USDT:USDT: 0.133321
2025-11-25 12:01:53 | INFO     |    第17名: CGPT/USDT:USDT: 0.132147
2025-11-25 12:01:53 | INFO     |    第18名: C98/USDT:USDT: 0.131395
2025-11-25 12:01:53 | INFO     |    第19名: GIGGLE/USDT:USDT: 0.130542
2025-11-25 12:01:53 | INFO     |    第20名: MYX/USDT:USDT: 0.128943
2025-11-25 12:01:53 | INFO     | [BOTTOM 20] 因子值排名后20的交易对:
2025-11-25 12:01:53 | INFO     |    第514名: SOLV/USDT:USDT: -0.023784
2025-11-25 12:01:53 | INFO     |    第515名: 2Z/USDT:USDT: -0.024152
2025-11-25 12:01:53 | INFO     |    第516名: LIGHT/USDT:USDT: -0.024309
2025-11-25 12:01:53 | INFO     |    第517名: RSR/USDT:USDT: -0.026073
2025-11-25 12:01:53 | INFO     |    第518名: SCR/USDT:USDT: -0.026780
2025-11-25 12:01:53 | INFO     |    第519名: IN/USDT:USDT: -0.027257
2025-11-25 12:01:53 | INFO     |    第520名: XNY/USDT:USDT: -0.027307
2025-11-25 12:01:53 | INFO     |    第521名: PHA/USDT:USDT: -0.027817
2025-11-25 12:01:53 | INFO     |    第522名: JUP/USDT:USDT: -0.028112
2025-11-25 12:01:53 | INFO     |    第523名: NIL/USDT:USDT: -0.030275
2025-11-25 12:01:53 | INFO     |    第524名: AWE/USDT:USDT: -0.034452
2025-11-25 12:01:53 | INFO     |    第525名: CETUS/USDT:USDT: -0.035284
2025-11-25 12:01:53 | INFO     |    第526名: NOT/USDT:USDT: -0.037973
2025-11-25 12:01:53 | INFO     |    第527名: JELLYJELLY/USDT:USDT: -0.039062
2025-11-25 12:01:53 | INFO     |    第528名: AT/USDT:USDT: -0.040710
2025-11-25 12:01:53 | INFO     |    第529名: KITE/USDT:USDT: -0.040980
2025-11-25 12:01:53 | INFO     |    第530名: SPK/USDT:USDT: -0.041480
2025-11-25 12:01:53 | INFO     |    第531名: SENT/USDT:USDT: -0.045125
2025-11-25 12:01:53 | INFO     |    第532名: ICNT/USDT:USDT: -0.050714
2025-11-25 12:01:53 | INFO     |    第533名: ENSO/USDT:USDT: -0.052283
2025-11-25 12:01:53 | INFO     | [LONG SYMBOLS] 做多标的详情:
2025-11-25 12:01:53 | INFO     |    HYPE/USDT:USDT: 0.201537
2025-11-25 12:01:53 | INFO     |    PIPPIN/USDT:USDT: 0.196417
2025-11-25 12:01:53 | INFO     | [SHORT SYMBOLS] 做空标的详情:
2025-11-25 12:01:53 | INFO     |    ICNT/USDT:USDT: -0.050714
2025-11-25 12:01:53 | INFO     |    SENT/USDT:USDT: -0.045125
2025-11-25 12:01:53 | INFO     | [SELECTION] 选择交易标的:
2025-11-25 12:01:53 | INFO     |    做多: ['HYPE/USDT:USDT', 'PIPPIN/USDT:USDT']
2025-11-25 12:01:53 | INFO     |    做空: ['ICNT/USDT:USDT', 'SENT/USDT:USDT']
2025-11-25 12:01:53 | INFO     | [DINGDING] 通知已发送: Cycle 11/16 交易标的选择完成:
做多 (2个):
  HYPE/USDT:USDT: 0.201537
  PIPPIN/USDT:USDT: 0.196417
做空 (2个):
  ICNT/USDT:USDT: -0.050714
  SENT/USDT:USDT: -0.045125

因子统计:
  总计: 534 个标的
  范围: -0.052283 ~ 0.303958
2025-11-25 12:01:53 | INFO     | [STEP 5] 获取当前合约保证金...
2025-11-25 12:01:53 | INFO     | [BALANCE] 当前保证金余额: 22.43 USDT
2025-11-25 12:01:54 | INFO     | [DINGDING] 通知已发送:  账户余额报告
 时间: 2025-11-25 12:01:53
 USDT余额: 22.43
2025-11-25 12:01:54 | INFO     | [BALANCE] 余额通知已发送: 22.43 USDT
2025-11-25 12:01:54 | INFO     | [BALANCE] Cycle 11/16 使用当前可用余额 22.43 USDT 执行开仓
2025-11-25 12:01:54 | INFO     | [STEP 6] 执行开仓交易...
2025-11-25 12:01:54 | INFO     | [BALANCE] 总余额: 22.43 USDT
2025-11-25 12:01:54 | INFO     | [INFO] 总仓位数: 4
2025-11-25 12:01:54 | INFO     | [VALUE] 单仓价值: 16.49 USDT
2025-11-25 12:01:54 | INFO     | [MARGIN] 设置保证金模式为 ISOLATED...
2025-11-25 12:01:54 | INFO     | [MARGIN] HYPE/USDT:USDT (HYPEUSDT) 保证金模式设置为 ISOLATED ✓
2025-11-25 12:01:54 | INFO     | [MARGIN] PIPPIN/USDT:USDT 已经是 ISOLATED 模式
2025-11-25 12:01:54 | INFO     | [MARGIN] ICNT/USDT:USDT 已经是 ISOLATED 模式
2025-11-25 12:01:54 | INFO     | [MARGIN] SENT/USDT:USDT 已经是 ISOLATED 模式
2025-11-25 12:01:54 | INFO     | [MARGIN] 保证金模式设置完成: 4/4 成功
2025-11-25 12:01:54 | INFO     | [LEVERAGE] 设置杠杆为 3x...
2025-11-25 12:01:54 | INFO     | [LIVE LONG] 开多头仓位: 2 个
2025-11-25 12:01:54 | INFO     | [LIVE BUY] 做多 HYPE/USDT:USDT: 0.5 @ 32.58
2025-11-25 12:01:54 | INFO     | [LIVE MARKET] 创建市价单 HYPE/USDT:USDT: buy 0.5
2025-11-25 12:01:54 | INFO     | [LIVE SUCCESS] HYPE/USDT:USDT 市价单创建成功 ID:3995686911 成交:0.5
2025-11-25 12:01:54 | INFO     | [PROTECT] HYPE/USDT:USDT 止盈单创建成功 ID:3995686929 触发价:39.096
2025-11-25 12:01:54 | INFO     | [PROTECT] HYPE/USDT:USDT 止损单创建成功 ID:3995686992 触发价:26.064
2025-11-25 12:01:54 | INFO     | [LIVE BUY] 做多 PIPPIN/USDT:USDT: 250.2 @ 0.0659
2025-11-25 12:01:54 | INFO     | [LIVE MARKET] 创建市价单 PIPPIN/USDT:USDT: buy 250.2
2025-11-25 12:01:54 | INFO     | [LIVE SUCCESS] PIPPIN/USDT:USDT 市价单创建成功 ID:1072644711 成交:250.0
2025-11-25 12:01:54 | INFO     | [PROTECT] PIPPIN/USDT:USDT 止盈单创建成功 ID:1072644712 触发价:0.07908
2025-11-25 12:01:54 | INFO     | [PROTECT] PIPPIN/USDT:USDT 止损单创建成功 ID:1072644720 触发价:0.05272
2025-11-25 12:01:54 | INFO     | [LIVE OK] 多头开仓: 2/2 成功
2025-11-25 12:01:54 | INFO     | [LIVE SHORT] 开空头仓位: 2 个
2025-11-25 12:01:54 | INFO     | [LIVE SELL] 做空 ICNT/USDT:USDT: 70.5 @ 0.2338
2025-11-25 12:01:54 | INFO     | [LIVE MARKET] 创建市价单 ICNT/USDT:USDT: sell 70.5
2025-11-25 12:01:54 | INFO     | [LIVE SUCCESS] ICNT/USDT:USDT 市价单创建成功 ID:553615195 成交:70.0
2025-11-25 12:01:54 | INFO     | [PROTECT] ICNT/USDT:USDT 止盈单创建成功 ID:553615197 触发价:0.187
2025-11-25 12:01:54 | INFO     | [PROTECT] ICNT/USDT:USDT 止损单创建成功 ID:553615201 触发价:0.2806
2025-11-25 12:01:55 | INFO     | [LIVE SELL] 做空 SENT/USDT:USDT: 363.0 @ 0.04542
2025-11-25 12:01:55 | INFO     | [LIVE MARKET] 创建市价单 SENT/USDT:USDT: sell 363.0
2025-11-25 12:01:55 | INFO     | [LIVE SUCCESS] SENT/USDT:USDT 市价单创建成功 ID:43912319 成交:363.0
2025-11-25 12:01:55 | INFO     | [PROTECT] SENT/USDT:USDT 止盈单创建成功 ID:43912321 触发价:0.03634
2025-11-25 12:01:55 | INFO     | [PROTECT] SENT/USDT:USDT 止损单创建成功 ID:43912322 触发价:0.0545
2025-11-25 12:01:55 | INFO     | [LIVE OK] 空头开仓: 2/2 成功
2025-11-25 12:01:55 | INFO     | [POSITIONS] 新仓位已添加到字典: {'HYPE/USDT:USDT': {'side': 'long', 'quantity': 0.5, 'open_price': 32.58, 'position_side': 'LONG', 'take_profit_order_id': '3995686929', 'take_profit_price': 39.096, 'stop_loss_order_id': '3995686992', 'stop_loss_price': 26.064}, 'PIPPIN/USDT:USDT': {'side': 'long', 'quantity': 250.2, 'open_price': 0.0659, 'position_side': 'LONG', 'take_profit_order_id': '1072644712', 'take_profit_price': 0.07908, 'stop_loss_order_id': '1072644720', 'stop_loss_price': 0.05272}, 'ICNT/USDT:USDT': {'side': 'short', 'quantity': 70.5, 'open_price': 0.2338, 'position_side': 'SHORT', 'take_profit_order_id': '553615197', 'take_profit_price': 0.187, 'stop_loss_order_id': '553615201', 'stop_loss_price': 0.2806}, 'SENT/USDT:USDT': {'side': 'short', 'quantity': 363.0, 'open_price': 0.04542, 'position_side': 'SHORT', 'take_profit_order_id': '43912321', 'take_profit_price': 0.03634, 'stop_loss_order_id': '43912322', 'stop_loss_price': 0.0545}}
2025-11-25 12:01:55 | INFO     | [POSITIONS] 当前仓位字典: {'HYPE/USDT:USDT': {'side': 'long', 'quantity': 0.5, 'open_price': 32.58, 'position_side': 'LONG', 'take_profit_order_id': '3995686929', 'take_profit_price': 39.096, 'stop_loss_order_id': '3995686992', 'stop_loss_price': 26.064}, 'PIPPIN/USDT:USDT': {'side': 'long', 'quantity': 250.2, 'open_price': 0.0659, 'position_side': 'LONG', 'take_profit_order_id': '1072644712', 'take_profit_price': 0.07908, 'stop_loss_order_id': '1072644720', 'stop_loss_price': 0.05272}, 'ICNT/USDT:USDT': {'side': 'short', 'quantity': 70.5, 'open_price': 0.2338, 'position_side': 'SHORT', 'take_profit_order_id': '553615197', 'take_profit_price': 0.187, 'stop_loss_order_id': '553615201', 'stop_loss_price': 0.2806}, 'SENT/USDT:USDT': {'side': 'short', 'quantity': 363.0, 'open_price': 0.04542, 'position_side': 'SHORT', 'take_profit_order_id': '43912321', 'take_profit_price': 0.03634, 'stop_loss_order_id': '43912322', 'stop_loss_price': 0.0545}}
2025-11-25 12:01:55 | INFO     | [STEP 7] 开仓交易完成
2025-11-25 12:01:55 | INFO     | [INFO] 跳过详细仓位验证，交易周期完成
2025-11-25 12:01:55 | INFO     | [STEP 8] 记录当前交易对价格和因子信息...
2025-11-25 12:01:55 | INFO     | [API] 成功获取 534 个交易对价格
2025-11-25 12:01:55 | INFO     | [RECORD] 记录了 534 个交易对的价格和因子信息
2025-11-25 12:01:55 | INFO     | [OK] 交易周期执行成功
2025-11-25 12:01:55 | INFO     | [TIME] 周期耗时: 100.1秒
2025-11-25 12:01:55 | INFO     | [16H] Cycle 12/16 下次执行时间: 2025-11-25 13:00:00
2025-11-25 12:01:55 | INFO     | [WAIT] 等待 3485 秒 (1.0 小时)
2025-11-25 12:13:43 | INFO     | [WAIT] Cycle 12/16 剩余等待时间: 46.3 分钟
2025-11-25 12:25:31 | INFO     | [WAIT] Cycle 12/16 剩余等待时间: 34.5 分钟
2025-11-25 12:36:40 | INFO     | [PROTECT] PIPPIN/USDT:USDT 已取消止损单 1050575106
2025-11-25 12:36:41 | INFO     | [PROTECT] Cycle 0/16 PIPPIN/USDT:USDT 仓位已由保护单或外部操作平仓 (止盈单已触发 (状态: closed))，自动移除
2025-11-25 12:36:41 | INFO     | [DINGDING] 通知已发送: 🛡️ 仓位监控
Cycle: Cycle 0/16
交易对: PIPPIN/USDT:USDT
方向: long
原因: 止盈单已触发 (状态: closed)
2025-11-25 12:36:54 | INFO     | [PROTECT] PIPPIN/USDT:USDT 已取消止损单 1072644720
2025-11-25 12:36:55 | INFO     | [PROTECT] Cycle 11/16 PIPPIN/USDT:USDT 仓位已由保护单或外部操作平仓 (止盈单已触发 (状态: closed))，自动移除
2025-11-25 12:36:55 | INFO     | [DINGDING] 通知已发送: 🛡️ 仓位监控
Cycle: Cycle 11/16
交易对: PIPPIN/USDT:USDT
方向: long
原因: 止盈单已触发 (状态: closed)
2025-11-25 12:37:20 | INFO     | [WAIT] Cycle 12/16 剩余等待时间: 22.7 分钟
2025-11-25 12:48:50 | INFO     | [WAIT] Cycle 12/16 剩余等待时间: 11.2 分钟
2025-11-25 13:00:22 | INFO     | [WAIT] Cycle 12/16 剩余等待时间: 0.0 分钟
2025-11-25 13:00:22 | INFO     | 
==================================================
2025-11-25 13:00:22 | INFO     | [CYCLE] 第 29 轮交易周期 (Cycle 12/16)
2025-11-25 13:00:22 | INFO     | [TIME] 开始时间: 2025-11-25 13:00:22
2025-11-25 13:00:22 | INFO     | ==================================================
2025-11-25 13:00:41 | INFO     | [STEP 1] Cycle 12/16 平仓字典中存储的仓位...
2025-11-25 13:00:41 | INFO     | [POSITIONS] 当前持有仓位: {'ZEN/USDT:USDT': {'side': 'long', 'quantity': 1.2, 'open_price': 12.665, 'position_side': 'LONG', 'take_profit_order_id': '7953188171', 'take_profit_price': 15.198, 'stop_loss_order_id': '7953188172', 'stop_loss_price': 10.132}, 'MOCA/USDT:USDT': {'side': 'long', 'quantity': 621.1, 'open_price': 0.02542, 'position_side': 'LONG', 'take_profit_order_id': '892482800', 'take_profit_price': 0.0305, 'stop_loss_order_id': '892482802', 'stop_loss_price': 0.02034}, 'A2Z/USDT:USDT': {'side': 'short', 'quantity': 4899.4, 'open_price': 0.003223, 'position_side': 'SHORT', 'take_profit_order_id': '368374188', 'take_profit_price': 0.002578, 'stop_loss_order_id': '368374189', 'stop_loss_price': 0.003868}, 'EPIC/USDT:USDT': {'side': 'short', 'quantity': 27.2, 'open_price': 0.58, 'position_side': 'SHORT', 'take_profit_order_id': '1002846574', 'take_profit_price': 0.464, 'stop_loss_order_id': '1002846579', 'stop_loss_price': 0.696}}
2025-11-25 13:00:41 | INFO     | [LIVE CLOSE] 开始平仓指定仓位: 4 个
2025-11-25 13:00:41 | INFO     | [PROTECT] ZEN/USDT:USDT 已取消止盈单 7953188171
2025-11-25 13:00:41 | INFO     | [PROTECT] ZEN/USDT:USDT 已取消止损单 7953188172
2025-11-25 13:00:42 | INFO     | [LIVE CLOSE] 平仓 ZEN/USDT:USDT: sell 1.2 (原long仓位)
2025-11-25 13:00:42 | INFO     | [LIVE PROFIT] ZEN/USDT:USDT 开仓价格: 12.66500000, 当前价格: 12.43400000
2025-11-25 13:00:42 | INFO     | [LIVE PROFIT] ZEN/USDT:USDT 预期收益: -1.82% (约 -0.27720000 USDT)
2025-11-25 13:00:42 | INFO     | [LIVE MARKET] 创建市价单 ZEN/USDT:USDT: sell 1.2
2025-11-25 13:00:42 | INFO     | [LIVE SUCCESS] ZEN/USDT:USDT 市价单创建成功 ID:7958269100 成交:1.2
2025-11-25 13:00:42 | INFO     | [LIVE SUCCESS] 平仓订单创建成功 ZEN/USDT:USDT: 7958269100
2025-11-25 13:00:42 | INFO     | [DINGDING] 通知已发送: 🔔 [实盘] 平仓通知
📊 交易对: ZEN/USDT:USDT
📈 方向: 做多
🔢 数量: 1.20000000
💵 开仓价: 12.66500000
💵 平仓价: 12.43400000
📉 收益: -1.82% (-0.27720000 USDT)
2025-11-25 13:00:42 | INFO     | [PROTECT] MOCA/USDT:USDT 已取消止盈单 892482800
2025-11-25 13:00:42 | INFO     | [PROTECT] MOCA/USDT:USDT 已取消止损单 892482802
2025-11-25 13:00:42 | INFO     | [LIVE CLOSE] 平仓 MOCA/USDT:USDT: sell 621.1 (原long仓位)
2025-11-25 13:00:42 | INFO     | [LIVE PROFIT] MOCA/USDT:USDT 开仓价格: 0.02542000, 当前价格: 0.02480000
2025-11-25 13:00:42 | INFO     | [LIVE PROFIT] MOCA/USDT:USDT 预期收益: -2.44% (约 -0.38508200 USDT)
2025-11-25 13:00:42 | INFO     | [LIVE MARKET] 创建市价单 MOCA/USDT:USDT: sell 621.1
2025-11-25 13:00:42 | INFO     | [LIVE SUCCESS] MOCA/USDT:USDT 市价单创建成功 ID:892872543 成交:621.0
2025-11-25 13:00:42 | INFO     | [LIVE SUCCESS] 平仓订单创建成功 MOCA/USDT:USDT: 892872543
2025-11-25 13:00:42 | INFO     | [DINGDING] 通知已发送: 🔔 [实盘] 平仓通知
📊 交易对: MOCA/USDT:USDT
📈 方向: 做多
🔢 数量: 621.10000000
💵 开仓价: 0.02542000
💵 平仓价: 0.02480000
📉 收益: -2.44% (-0.38508200 USDT)
2025-11-25 13:00:43 | INFO     | [PROTECT] A2Z/USDT:USDT 已取消止盈单 368374188
2025-11-25 13:00:43 | INFO     | [PROTECT] A2Z/USDT:USDT 已取消止损单 368374189
2025-11-25 13:00:43 | INFO     | [LIVE CLOSE] 平仓 A2Z/USDT:USDT: buy 4899.4 (原short仓位)
2025-11-25 13:00:43 | INFO     | [LIVE PROFIT] A2Z/USDT:USDT 开仓价格: 0.00322300, 当前价格: 0.00319600
2025-11-25 13:00:43 | INFO     | [LIVE PROFIT] A2Z/USDT:USDT 预期收益: 0.84% (约 0.13228380 USDT)
2025-11-25 13:00:43 | INFO     | [LIVE MARKET] 创建市价单 A2Z/USDT:USDT: buy 4899.4
2025-11-25 13:00:43 | INFO     | [LIVE SUCCESS] A2Z/USDT:USDT 市价单创建成功 ID:368584389 成交:4899.0
2025-11-25 13:00:43 | INFO     | [LIVE SUCCESS] 平仓订单创建成功 A2Z/USDT:USDT: 368584389
2025-11-25 13:00:43 | INFO     | [DINGDING] 通知已发送: 🔔 [实盘] 平仓通知
📊 交易对: A2Z/USDT:USDT
📈 方向: 做空
🔢 数量: 4899.40000000
💵 开仓价: 0.00322300
💵 平仓价: 0.00319600
💰 收益: 0.84% (0.13228380 USDT)
2025-11-25 13:00:43 | INFO     | [PROTECT] EPIC/USDT:USDT 已取消止盈单 1002846574
2025-11-25 13:00:43 | INFO     | [PROTECT] EPIC/USDT:USDT 已取消止损单 1002846579
2025-11-25 13:00:43 | INFO     | [LIVE CLOSE] 平仓 EPIC/USDT:USDT: buy 27.2 (原short仓位)
2025-11-25 13:00:43 | INFO     | [LIVE PROFIT] EPIC/USDT:USDT 开仓价格: 0.58000000, 当前价格: 0.57990000
2025-11-25 13:00:43 | INFO     | [LIVE PROFIT] EPIC/USDT:USDT 预期收益: 0.02% (约 0.00272000 USDT)
2025-11-25 13:00:43 | INFO     | [LIVE MARKET] 创建市价单 EPIC/USDT:USDT: buy 27.2
2025-11-25 13:00:43 | INFO     | [LIVE SUCCESS] EPIC/USDT:USDT 市价单创建成功 ID:1003768970 成交:27.2
2025-11-25 13:00:43 | INFO     | [LIVE SUCCESS] 平仓订单创建成功 EPIC/USDT:USDT: 1003768970
2025-11-25 13:00:44 | INFO     | [DINGDING] 通知已发送: 🔔 [实盘] 平仓通知
📊 交易对: EPIC/USDT:USDT
📈 方向: 做空
🔢 数量: 27.20000000
💵 开仓价: 0.58000000
💵 平仓价: 0.57990000
💰 收益: 0.02% (0.00272000 USDT)
2025-11-25 13:00:44 | INFO     | [LIVE WAIT] 等待 4 个平仓订单执行...
2025-11-25 13:00:46 | INFO     | [LIVE OK] 平仓操作完成，成功: 4/4
2025-11-25 13:00:46 | INFO     | [INFO] Cycle 12/16 仓位字典已清空
2025-11-25 13:00:46 | INFO     | [STEP 2] 跳过验证步骤...
2025-11-25 13:00:46 | INFO     | [STEP 3] 提取OHLC数据并计算因子...
2025-11-25 13:00:46 | INFO     | [OK] 获取活跃交易对完成，耗时: 0.001秒
2025-11-25 13:01:59 | INFO     | [FACTORS] 计算得到 534 个有效因子
2025-11-25 13:01:59 | INFO     | [STEP 4] 根据因子值选择交易标的...
2025-11-25 13:01:59 | INFO     | [FILTER] 忽略 1 个交易对: ['BTC/USDT:USDT']
2025-11-25 13:01:59 | INFO     | [FILTER] OBOL/USDT:USDT 已在其它周期出现 4 次，达到上限 4，跳过
2025-11-25 13:01:59 | INFO     | [STATS] 因子统计:
2025-11-25 13:01:59 | INFO     |    总计: 533 个标的
2025-11-25 13:01:59 | INFO     |    因子值范围: -0.052281 ~ 0.224134
2025-11-25 13:01:59 | INFO     |    选择做多: 2 个
2025-11-25 13:01:59 | INFO     |    选择做空: 2 个
2025-11-25 13:01:59 | INFO     | [TOP 20] 因子值排名前20的交易对:
2025-11-25 13:01:59 | INFO     |    第1名: OBOL/USDT:USDT: 0.224134
2025-11-25 13:01:59 | INFO     |    第2名: HOOK/USDT:USDT: 0.206843
2025-11-25 13:01:59 | INFO     |    第3名: PIPPIN/USDT:USDT: 0.196468
2025-11-25 13:01:59 | INFO     |    第4名: SKYAI/USDT:USDT: 0.172408
2025-11-25 13:01:59 | INFO     |    第5名: 1000WHY/USDT:USDT: 0.161728
2025-11-25 13:01:59 | INFO     |    第6名: HIPPO/USDT:USDT: 0.160648
2025-11-25 13:01:59 | INFO     |    第7名: HYPE/USDT:USDT: 0.147718
2025-11-25 13:01:59 | INFO     |    第8名: ZEN/USDT:USDT: 0.142700
2025-11-25 13:01:59 | INFO     |    第9名: PORTAL/USDT:USDT: 0.141208
2025-11-25 13:01:59 | INFO     |    第10名: YALA/USDT:USDT: 0.139637
2025-11-25 13:01:59 | INFO     |    第11名: AEVO/USDT:USDT: 0.136701
2025-11-25 13:01:59 | INFO     |    第12名: ON/USDT:USDT: 0.135655
2025-11-25 13:01:59 | INFO     |    第13名: ARKM/USDT:USDT: 0.133022
2025-11-25 13:01:59 | INFO     |    第14名: SCRT/USDT:USDT: 0.132954
2025-11-25 13:01:59 | INFO     |    第15名: C98/USDT:USDT: 0.131602
2025-11-25 13:01:59 | INFO     |    第16名: NXPC/USDT:USDT: 0.130252
2025-11-25 13:01:59 | INFO     |    第17名: LUMIA/USDT:USDT: 0.122587
2025-11-25 13:01:59 | INFO     |    第18名: BEAT/USDT:USDT: 0.122569
2025-11-25 13:01:59 | INFO     |    第19名: MAVIA/USDT:USDT: 0.122217
2025-11-25 13:01:59 | INFO     |    第20名: BOB/USDT:USDT: 0.121921
2025-11-25 13:01:59 | INFO     | [BOTTOM 20] 因子值排名后20的交易对:
2025-11-25 13:01:59 | INFO     |    第514名: 4/USDT:USDT: -0.018485
2025-11-25 13:01:59 | INFO     |    第515名: XNY/USDT:USDT: -0.018763
2025-11-25 13:01:59 | INFO     |    第516名: BROCCOLI714/USDT:USDT: -0.019117
2025-11-25 13:01:59 | INFO     |    第517名: SENT/USDT:USDT: -0.019873
2025-11-25 13:01:59 | INFO     |    第518名: SYN/USDT:USDT: -0.024217
2025-11-25 13:01:59 | INFO     |    第519名: JELLYJELLY/USDT:USDT: -0.025710
2025-11-25 13:01:59 | INFO     |    第520名: JASMY/USDT:USDT: -0.026290
2025-11-25 13:01:59 | INFO     |    第521名: CHILLGUY/USDT:USDT: -0.028416
2025-11-25 13:01:59 | INFO     |    第522名: KAS/USDT:USDT: -0.029486
2025-11-25 13:01:59 | INFO     |    第523名: XMR/USDT:USDT: -0.029845
2025-11-25 13:01:59 | INFO     |    第524名: NIL/USDT:USDT: -0.029919
2025-11-25 13:01:59 | INFO     |    第525名: 1INCH/USDT:USDT: -0.031919
2025-11-25 13:01:59 | INFO     |    第526名: AT/USDT:USDT: -0.035903
2025-11-25 13:01:59 | INFO     |    第527名: VANRY/USDT:USDT: -0.036444
2025-11-25 13:01:59 | INFO     |    第528名: ICNT/USDT:USDT: -0.036674
2025-11-25 13:01:59 | INFO     |    第529名: SPK/USDT:USDT: -0.038037
2025-11-25 13:01:59 | INFO     |    第530名: SCR/USDT:USDT: -0.038797
2025-11-25 13:01:59 | INFO     |    第531名: KITE/USDT:USDT: -0.042994
2025-11-25 13:01:59 | INFO     |    第532名: GLM/USDT:USDT: -0.043069
2025-11-25 13:01:59 | INFO     |    第533名: FORM/USDT:USDT: -0.052281
2025-11-25 13:01:59 | INFO     | [LONG SYMBOLS] 做多标的详情:
2025-11-25 13:01:59 | INFO     |    HOOK/USDT:USDT: 0.206843
2025-11-25 13:01:59 | INFO     |    PIPPIN/USDT:USDT: 0.196468
2025-11-25 13:01:59 | INFO     | [SHORT SYMBOLS] 做空标的详情:
2025-11-25 13:01:59 | INFO     |    FORM/USDT:USDT: -0.052281
2025-11-25 13:01:59 | INFO     |    GLM/USDT:USDT: -0.043069
2025-11-25 13:01:59 | INFO     | [SELECTION] 选择交易标的:
2025-11-25 13:01:59 | INFO     |    做多: ['HOOK/USDT:USDT', 'PIPPIN/USDT:USDT']
2025-11-25 13:01:59 | INFO     |    做空: ['FORM/USDT:USDT', 'GLM/USDT:USDT']
2025-11-25 13:01:59 | INFO     | [DINGDING] 通知已发送: Cycle 12/16 交易标的选择完成:
做多 (2个):
  HOOK/USDT:USDT: 0.206843
  PIPPIN/USDT:USDT: 0.196468
做空 (2个):
  FORM/USDT:USDT: -0.052281
  GLM/USDT:USDT: -0.043069

因子统计:
  总计: 534 个标的
  范围: -0.052281 ~ 0.224134
2025-11-25 13:01:59 | INFO     | [STEP 5] 获取当前合约保证金...
2025-11-25 13:01:59 | INFO     | [BALANCE] 当前保证金余额: 41.94 USDT
2025-11-25 13:02:00 | INFO     | [DINGDING] 通知已发送:  账户余额报告
 时间: 2025-11-25 13:01:59
 USDT余额: 41.94
2025-11-25 13:02:00 | INFO     | [BALANCE] 余额通知已发送: 41.94 USDT
2025-11-25 13:02:00 | INFO     | [BALANCE] Cycle 12/16 使用当前可用余额 41.94 USDT 执行开仓
2025-11-25 13:02:00 | INFO     | [STEP 6] 执行开仓交易...
2025-11-25 13:02:00 | INFO     | [BALANCE] 总余额: 41.94 USDT
2025-11-25 13:02:00 | INFO     | [INFO] 总仓位数: 4
2025-11-25 13:02:00 | INFO     | [VALUE] 单仓价值: 30.82 USDT
2025-11-25 13:02:00 | INFO     | [MARGIN] 设置保证金模式为 ISOLATED...
2025-11-25 13:02:00 | INFO     | [MARGIN] HOOK/USDT:USDT 已经是 ISOLATED 模式
2025-11-25 13:02:00 | INFO     | [MARGIN] PIPPIN/USDT:USDT 已经是 ISOLATED 模式
2025-11-25 13:02:00 | INFO     | [MARGIN] FORM/USDT:USDT 已经是 ISOLATED 模式
2025-11-25 13:02:00 | INFO     | [MARGIN] GLM/USDT:USDT (GLMUSDT) 保证金模式设置为 ISOLATED ✓
2025-11-25 13:02:00 | INFO     | [MARGIN] 保证金模式设置完成: 4/4 成功
2025-11-25 13:02:00 | INFO     | [LEVERAGE] 设置杠杆为 3x...
2025-11-25 13:02:00 | INFO     | [LIVE LONG] 开多头仓位: 2 个
2025-11-25 13:02:00 | INFO     | [LIVE BUY] 做多 HOOK/USDT:USDT: 652.0 @ 0.04727
2025-11-25 13:02:00 | INFO     | [LIVE MARKET] 创建市价单 HOOK/USDT:USDT: buy 652.0
2025-11-25 13:02:00 | INFO     | [LIVE SUCCESS] HOOK/USDT:USDT 市价单创建成功 ID:3534985300 成交:652.0
2025-11-25 13:02:00 | INFO     | [PROTECT] HOOK/USDT:USDT 止盈单创建成功 ID:3534985315 触发价:0.05672
2025-11-25 13:02:00 | INFO     | [PROTECT] HOOK/USDT:USDT 止损单创建成功 ID:3534985325 触发价:0.03782
2025-11-25 13:02:00 | INFO     | [LIVE BUY] 做多 PIPPIN/USDT:USDT: 435.2 @ 0.07082
2025-11-25 13:02:00 | INFO     | [LIVE MARKET] 创建市价单 PIPPIN/USDT:USDT: buy 435.2
2025-11-25 13:02:00 | INFO     | [LIVE SUCCESS] PIPPIN/USDT:USDT 市价单创建成功 ID:1075270423 成交:435.0
2025-11-25 13:02:00 | INFO     | [PROTECT] PIPPIN/USDT:USDT 止盈单创建成功 ID:1075270432 触发价:0.08498
2025-11-25 13:02:00 | INFO     | [PROTECT] PIPPIN/USDT:USDT 止损单创建成功 ID:1075270502 触发价:0.05666
2025-11-25 13:02:01 | INFO     | [LIVE OK] 多头开仓: 2/2 成功
2025-11-25 13:02:01 | INFO     | [LIVE SHORT] 开空头仓位: 2 个
2025-11-25 13:02:01 | INFO     | [LIVE SELL] 做空 FORM/USDT:USDT: 77.8 @ 0.3963
2025-11-25 13:02:01 | INFO     | [LIVE MARKET] 创建市价单 FORM/USDT:USDT: sell 77.8
2025-11-25 13:02:01 | INFO     | [LIVE SUCCESS] FORM/USDT:USDT 市价单创建成功 ID:1336966068 成交:77.8
2025-11-25 13:02:01 | INFO     | [PROTECT] FORM/USDT:USDT 止盈单创建成功 ID:1336966069 触发价:0.317
2025-11-25 13:02:01 | INFO     | [PROTECT] FORM/USDT:USDT 止损单创建成功 ID:1336966073 触发价:0.4756
2025-11-25 13:02:01 | INFO     | [LIVE SELL] 做空 GLM/USDT:USDT: 134.0 @ 0.22995
2025-11-25 13:02:01 | INFO     | [LIVE MARKET] 创建市价单 GLM/USDT:USDT: sell 134.0
2025-11-25 13:02:01 | INFO     | [LIVE SUCCESS] GLM/USDT:USDT 市价单创建成功 ID:2920834625 成交:134.0
2025-11-25 13:02:01 | INFO     | [PROTECT] GLM/USDT:USDT 止盈单创建成功 ID:2920834631 触发价:0.18396
2025-11-25 13:02:01 | INFO     | [PROTECT] GLM/USDT:USDT 止损单创建成功 ID:2920834699 触发价:0.27594
2025-11-25 13:02:01 | INFO     | [LIVE OK] 空头开仓: 2/2 成功
2025-11-25 13:02:01 | INFO     | [POSITIONS] 新仓位已添加到字典: {'HOOK/USDT:USDT': {'side': 'long', 'quantity': 652.0, 'open_price': 0.04727, 'position_side': 'LONG', 'take_profit_order_id': '3534985315', 'take_profit_price': 0.05672, 'stop_loss_order_id': '3534985325', 'stop_loss_price': 0.03782}, 'PIPPIN/USDT:USDT': {'side': 'long', 'quantity': 435.2, 'open_price': 0.07082, 'position_side': 'LONG', 'take_profit_order_id': '1075270432', 'take_profit_price': 0.08498, 'stop_loss_order_id': '1075270502', 'stop_loss_price': 0.05666}, 'FORM/USDT:USDT': {'side': 'short', 'quantity': 77.8, 'open_price': 0.3963, 'position_side': 'SHORT', 'take_profit_order_id': '1336966069', 'take_profit_price': 0.317, 'stop_loss_order_id': '1336966073', 'stop_loss_price': 0.4756}, 'GLM/USDT:USDT': {'side': 'short', 'quantity': 134.0, 'open_price': 0.22995, 'position_side': 'SHORT', 'take_profit_order_id': '2920834631', 'take_profit_price': 0.18396, 'stop_loss_order_id': '2920834699', 'stop_loss_price': 0.27594}}
2025-11-25 13:02:01 | INFO     | [POSITIONS] 当前仓位字典: {'HOOK/USDT:USDT': {'side': 'long', 'quantity': 652.0, 'open_price': 0.04727, 'position_side': 'LONG', 'take_profit_order_id': '3534985315', 'take_profit_price': 0.05672, 'stop_loss_order_id': '3534985325', 'stop_loss_price': 0.03782}, 'PIPPIN/USDT:USDT': {'side': 'long', 'quantity': 435.2, 'open_price': 0.07082, 'position_side': 'LONG', 'take_profit_order_id': '1075270432', 'take_profit_price': 0.08498, 'stop_loss_order_id': '1075270502', 'stop_loss_price': 0.05666}, 'FORM/USDT:USDT': {'side': 'short', 'quantity': 77.8, 'open_price': 0.3963, 'position_side': 'SHORT', 'take_profit_order_id': '1336966069', 'take_profit_price': 0.317, 'stop_loss_order_id': '1336966073', 'stop_loss_price': 0.4756}, 'GLM/USDT:USDT': {'side': 'short', 'quantity': 134.0, 'open_price': 0.22995, 'position_side': 'SHORT', 'take_profit_order_id': '2920834631', 'take_profit_price': 0.18396, 'stop_loss_order_id': '2920834699', 'stop_loss_price': 0.27594}}
2025-11-25 13:02:01 | INFO     | [STEP 7] 开仓交易完成
2025-11-25 13:02:01 | INFO     | [INFO] 跳过详细仓位验证，交易周期完成
2025-11-25 13:02:01 | INFO     | [STEP 8] 记录当前交易对价格和因子信息...
2025-11-25 13:02:01 | INFO     | [API] 成功获取 534 个交易对价格
2025-11-25 13:02:01 | INFO     | [RECORD] 记录了 534 个交易对的价格和因子信息
2025-11-25 13:02:01 | INFO     | [OK] 交易周期执行成功
2025-11-25 13:02:01 | INFO     | [TIME] 周期耗时: 99.5秒
2025-11-25 13:02:01 | INFO     | [16H] Cycle 13/16 下次执行时间: 2025-11-25 14:00:00
2025-11-25 13:02:01 | INFO     | [WAIT] 等待 3478 秒 (1.0 小时)
2025-11-25 13:13:32 | INFO     | [WAIT] Cycle 13/16 剩余等待时间: 46.5 分钟
2025-11-25 13:25:03 | INFO     | [WAIT] Cycle 13/16 剩余等待时间: 34.9 分钟
2025-11-25 13:36:33 | INFO     | [WAIT] Cycle 13/16 剩余等待时间: 23.4 分钟
2025-11-25 13:48:03 | INFO     | [WAIT] Cycle 13/16 剩余等待时间: 11.9 分钟
2025-11-25 13:59:33 | INFO     | [WAIT] Cycle 13/16 剩余等待时间: 0.4 分钟
2025-11-25 13:59:33 | INFO     | [WAIT] Cycle 13/16 最后等待: 26 秒
2025-11-25 14:00:19 | INFO     | 
==================================================
2025-11-25 14:00:19 | INFO     | [CYCLE] 第 30 轮交易周期 (Cycle 13/16)
2025-11-25 14:00:19 | INFO     | [TIME] 开始时间: 2025-11-25 14:00:19
2025-11-25 14:00:19 | INFO     | ==================================================
2025-11-25 14:00:39 | INFO     | [STEP 1] Cycle 13/16 平仓字典中存储的仓位...
2025-11-25 14:00:39 | INFO     | [POSITIONS] 当前持有仓位: {'OBOL/USDT:USDT': {'side': 'long', 'quantity': 268.3, 'open_price': 0.05885, 'position_side': 'LONG', 'take_profit_order_id': '507862872', 'take_profit_price': 0.07062, 'stop_loss_order_id': '507862875', 'stop_loss_price': 0.04708}, 'MOCA/USDT:USDT': {'side': 'long', 'quantity': 619.4, 'open_price': 0.02549, 'position_side': 'LONG', 'take_profit_order_id': '892510573', 'take_profit_price': 0.03059, 'stop_loss_order_id': '892510588', 'stop_loss_price': 0.02039}, 'XNY/USDT:USDT': {'side': 'short', 'quantity': 3662.1, 'open_price': 0.004312, 'position_side': 'SHORT', 'take_profit_order_id': '609814316', 'take_profit_price': 0.00345, 'stop_loss_order_id': '609814318', 'stop_loss_price': 0.005174}, 'A2Z/USDT:USDT': {'side': 'short', 'quantity': 4899.4, 'open_price': 0.003223, 'position_side': 'SHORT', 'take_profit_order_id': '368395102', 'take_profit_price': 0.002578, 'stop_loss_order_id': '368395104', 'stop_loss_price': 0.003868}}
2025-11-25 14:00:39 | INFO     | [LIVE CLOSE] 开始平仓指定仓位: 4 个
2025-11-25 14:00:39 | INFO     | [PROTECT] OBOL/USDT:USDT 已取消止盈单 507862872
2025-11-25 14:00:39 | INFO     | [PROTECT] OBOL/USDT:USDT 已取消止损单 507862875
2025-11-25 14:00:39 | INFO     | [LIVE CLOSE] 平仓 OBOL/USDT:USDT: sell 268.3 (原long仓位)
2025-11-25 14:00:39 | INFO     | [LIVE PROFIT] OBOL/USDT:USDT 开仓价格: 0.05885000, 当前价格: 0.06048000
2025-11-25 14:00:39 | INFO     | [LIVE PROFIT] OBOL/USDT:USDT 预期收益: 2.77% (约 0.43732900 USDT)
2025-11-25 14:00:39 | INFO     | [LIVE MARKET] 创建市价单 OBOL/USDT:USDT: sell 268.3
2025-11-25 14:00:39 | INFO     | [LIVE SUCCESS] OBOL/USDT:USDT 市价单创建成功 ID:508263934 成交:268.0
2025-11-25 14:00:39 | INFO     | [LIVE SUCCESS] 平仓订单创建成功 OBOL/USDT:USDT: 508263934
2025-11-25 14:00:40 | INFO     | [DINGDING] 通知已发送: 🔔 [实盘] 平仓通知
📊 交易对: OBOL/USDT:USDT
📈 方向: 做多
🔢 数量: 268.30000000
💵 开仓价: 0.05885000
💵 平仓价: 0.06048000
💰 收益: 2.77% (0.43732900 USDT)
2025-11-25 14:00:40 | INFO     | [PROTECT] MOCA/USDT:USDT 已取消止盈单 892510573
2025-11-25 14:00:40 | INFO     | [PROTECT] MOCA/USDT:USDT 已取消止损单 892510588
2025-11-25 14:00:40 | INFO     | [LIVE CLOSE] 平仓 MOCA/USDT:USDT: sell 619.4 (原long仓位)
2025-11-25 14:00:40 | INFO     | [LIVE PROFIT] MOCA/USDT:USDT 开仓价格: 0.02549000, 当前价格: 0.02468000
2025-11-25 14:00:40 | INFO     | [LIVE PROFIT] MOCA/USDT:USDT 预期收益: -3.18% (约 -0.50171400 USDT)
2025-11-25 14:00:40 | INFO     | [LIVE MARKET] 创建市价单 MOCA/USDT:USDT: sell 619.4
2025-11-25 14:00:40 | INFO     | [LIVE SUCCESS] MOCA/USDT:USDT 市价单创建成功 ID:892902424 成交:619.0
2025-11-25 14:00:40 | INFO     | [LIVE SUCCESS] 平仓订单创建成功 MOCA/USDT:USDT: 892902424
2025-11-25 14:00:40 | INFO     | [DINGDING] 通知已发送: 🔔 [实盘] 平仓通知
📊 交易对: MOCA/USDT:USDT
📈 方向: 做多
🔢 数量: 619.40000000
💵 开仓价: 0.02549000
💵 平仓价: 0.02468000
📉 收益: -3.18% (-0.50171400 USDT)
2025-11-25 14:00:40 | INFO     | [PROTECT] XNY/USDT:USDT 已取消止盈单 609814316
2025-11-25 14:00:40 | INFO     | [PROTECT] XNY/USDT:USDT 已取消止损单 609814318
2025-11-25 14:00:40 | INFO     | [LIVE CLOSE] 平仓 XNY/USDT:USDT: buy 3662.1 (原short仓位)
2025-11-25 14:00:40 | INFO     | [LIVE PROFIT] XNY/USDT:USDT 开仓价格: 0.00431200, 当前价格: 0.00391800
2025-11-25 14:00:40 | INFO     | [LIVE PROFIT] XNY/USDT:USDT 预期收益: 9.14% (约 1.44286740 USDT)
2025-11-25 14:00:40 | INFO     | [LIVE MARKET] 创建市价单 XNY/USDT:USDT: buy 3662.1
2025-11-25 14:00:40 | INFO     | [LIVE SUCCESS] XNY/USDT:USDT 市价单创建成功 ID:611499521 成交:3662.0
2025-11-25 14:00:40 | INFO     | [LIVE SUCCESS] 平仓订单创建成功 XNY/USDT:USDT: 611499521
2025-11-25 14:00:41 | INFO     | [DINGDING] 通知已发送: 🔔 [实盘] 平仓通知
📊 交易对: XNY/USDT:USDT
📈 方向: 做空
🔢 数量: 3662.10000000
💵 开仓价: 0.00431200
💵 平仓价: 0.00391800
💰 收益: 9.14% (1.44286740 USDT)
2025-11-25 14:00:41 | INFO     | [PROTECT] A2Z/USDT:USDT 已取消止盈单 368395102
2025-11-25 14:00:41 | INFO     | [PROTECT] A2Z/USDT:USDT 已取消止损单 368395104
2025-11-25 14:00:41 | INFO     | [LIVE CLOSE] 平仓 A2Z/USDT:USDT: buy 4899.4 (原short仓位)
2025-11-25 14:00:41 | INFO     | [LIVE PROFIT] A2Z/USDT:USDT 开仓价格: 0.00322300, 当前价格: 0.00319200
2025-11-25 14:00:41 | INFO     | [LIVE PROFIT] A2Z/USDT:USDT 预期收益: 0.96% (约 0.15188140 USDT)
2025-11-25 14:00:41 | INFO     | [LIVE MARKET] 创建市价单 A2Z/USDT:USDT: buy 4899.4
2025-11-25 14:00:41 | INFO     | [LIVE SUCCESS] A2Z/USDT:USDT 市价单创建成功 ID:368598712 成交:4899.0
2025-11-25 14:00:41 | INFO     | [LIVE SUCCESS] 平仓订单创建成功 A2Z/USDT:USDT: 368598712
2025-11-25 14:00:41 | INFO     | [DINGDING] 通知已发送: 🔔 [实盘] 平仓通知
📊 交易对: A2Z/USDT:USDT
📈 方向: 做空
🔢 数量: 4899.40000000
💵 开仓价: 0.00322300
💵 平仓价: 0.00319200
💰 收益: 0.96% (0.15188140 USDT)
2025-11-25 14:00:42 | INFO     | [LIVE WAIT] 等待 4 个平仓订单执行...
2025-11-25 14:00:44 | INFO     | [LIVE OK] 平仓操作完成，成功: 4/4
2025-11-25 14:00:44 | INFO     | [INFO] Cycle 13/16 仓位字典已清空
2025-11-25 14:00:44 | INFO     | [STEP 2] 跳过验证步骤...
2025-11-25 14:00:44 | INFO     | [STEP 3] 提取OHLC数据并计算因子...
2025-11-25 14:00:44 | INFO     | [OK] 获取活跃交易对完成，耗时: 0.001秒
2025-11-25 14:01:57 | INFO     | [FACTORS] 计算得到 534 个有效因子
2025-11-25 14:01:57 | INFO     | [STEP 4] 根据因子值选择交易标的...
2025-11-25 14:01:57 | INFO     | [FILTER] 忽略 1 个交易对: ['BTC/USDT:USDT']
2025-11-25 14:01:57 | INFO     | [FILTER] KITE/USDT:USDT 已在其它周期出现 4 次，达到上限 4，跳过
2025-11-25 14:01:57 | INFO     | [STATS] 因子统计:
2025-11-25 14:01:57 | INFO     |    总计: 533 个标的
2025-11-25 14:01:57 | INFO     |    因子值范围: -0.062413 ~ 0.209396
2025-11-25 14:01:57 | INFO     |    选择做多: 2 个
2025-11-25 14:01:57 | INFO     |    选择做空: 2 个
2025-11-25 14:01:57 | INFO     | [TOP 20] 因子值排名前20的交易对:
2025-11-25 14:01:57 | INFO     |    第1名: SKYAI/USDT:USDT: 0.209396
2025-11-25 14:01:57 | INFO     |    第2名: NXPC/USDT:USDT: 0.199228
2025-11-25 14:01:57 | INFO     |    第3名: MYX/USDT:USDT: 0.194638
2025-11-25 14:01:57 | INFO     |    第4名: HYPE/USDT:USDT: 0.188235
2025-11-25 14:01:57 | INFO     |    第5名: NMR/USDT:USDT: 0.183253
2025-11-25 14:01:57 | INFO     |    第6名: HIPPO/USDT:USDT: 0.175473
2025-11-25 14:01:57 | INFO     |    第7名: OBOL/USDT:USDT: 0.175215
2025-11-25 14:01:57 | INFO     |    第8名: BEAT/USDT:USDT: 0.164649
2025-11-25 14:01:57 | INFO     |    第9名: CVC/USDT:USDT: 0.163957
2025-11-25 14:01:57 | INFO     |    第10名: BANANAS31/USDT:USDT: 0.158486
2025-11-25 14:01:57 | INFO     |    第11名: SYRUP/USDT:USDT: 0.153447
2025-11-25 14:01:57 | INFO     |    第12名: BCH/USDT:USDT: 0.153023
2025-11-25 14:01:57 | INFO     |    第13名: HANA/USDT:USDT: 0.152918
2025-11-25 14:01:57 | INFO     |    第14名: MERL/USDT:USDT: 0.144726
2025-11-25 14:01:57 | INFO     |    第15名: AEVO/USDT:USDT: 0.143716
2025-11-25 14:01:57 | INFO     |    第16名: PLAY/USDT:USDT: 0.142572
2025-11-25 14:01:57 | INFO     |    第17名: FET/USDT:USDT: 0.141201
2025-11-25 14:01:57 | INFO     |    第18名: INIT/USDT:USDT: 0.141065
2025-11-25 14:01:57 | INFO     |    第19名: PIPPIN/USDT:USDT: 0.137293
2025-11-25 14:01:57 | INFO     |    第20名: 1000WHY/USDT:USDT: 0.135346
2025-11-25 14:01:57 | INFO     | [BOTTOM 20] 因子值排名后20的交易对:
2025-11-25 14:01:57 | INFO     |    第514名: SYN/USDT:USDT: -0.023737
2025-11-25 14:01:57 | INFO     |    第515名: CETUS/USDT:USDT: -0.024389
2025-11-25 14:01:57 | INFO     |    第516名: ARC/USDT:USDT: -0.024709
2025-11-25 14:01:57 | INFO     |    第517名: VANRY/USDT:USDT: -0.025708
2025-11-25 14:01:57 | INFO     |    第518名: ALPINE/USDT:USDT: -0.025903
2025-11-25 14:01:57 | INFO     |    第519名: LIGHT/USDT:USDT: -0.026035
2025-11-25 14:01:57 | INFO     |    第520名: HEMI/USDT:USDT: -0.026684
2025-11-25 14:01:57 | INFO     |    第521名: TLM/USDT:USDT: -0.029344
2025-11-25 14:01:57 | INFO     |    第522名: LQTY/USDT:USDT: -0.029963
2025-11-25 14:01:57 | INFO     |    第523名: ICNT/USDT:USDT: -0.032096
2025-11-25 14:01:57 | INFO     |    第524名: ID/USDT:USDT: -0.032118
2025-11-25 14:01:57 | INFO     |    第525名: CHILLGUY/USDT:USDT: -0.036459
2025-11-25 14:01:57 | INFO     |    第526名: AT/USDT:USDT: -0.037135
2025-11-25 14:01:57 | INFO     |    第527名: ENS/USDT:USDT: -0.037641
2025-11-25 14:01:57 | INFO     |    第528名: BROCCOLI714/USDT:USDT: -0.038389
2025-11-25 14:01:57 | INFO     |    第529名: TURBO/USDT:USDT: -0.040541
2025-11-25 14:01:57 | INFO     |    第530名: LAYER/USDT:USDT: -0.041865
2025-11-25 14:01:57 | INFO     |    第531名: NIL/USDT:USDT: -0.043156
2025-11-25 14:01:57 | INFO     |    第532名: SPK/USDT:USDT: -0.062004
2025-11-25 14:01:57 | INFO     |    第533名: KITE/USDT:USDT: -0.062413
2025-11-25 14:01:57 | INFO     | [LONG SYMBOLS] 做多标的详情:
2025-11-25 14:01:57 | INFO     |    SKYAI/USDT:USDT: 0.209396
2025-11-25 14:01:57 | INFO     |    NXPC/USDT:USDT: 0.199228
2025-11-25 14:01:57 | INFO     | [SHORT SYMBOLS] 做空标的详情:
2025-11-25 14:01:57 | INFO     |    SPK/USDT:USDT: -0.062004
2025-11-25 14:01:57 | INFO     |    NIL/USDT:USDT: -0.043156
2025-11-25 14:01:57 | INFO     | [SELECTION] 选择交易标的:
2025-11-25 14:01:57 | INFO     |    做多: ['SKYAI/USDT:USDT', 'NXPC/USDT:USDT']
2025-11-25 14:01:57 | INFO     |    做空: ['SPK/USDT:USDT', 'NIL/USDT:USDT']
2025-11-25 14:01:57 | INFO     | [DINGDING] 通知已发送: Cycle 13/16 交易标的选择完成:
做多 (2个):
  SKYAI/USDT:USDT: 0.209396
  NXPC/USDT:USDT: 0.199228
做空 (2个):
  SPK/USDT:USDT: -0.062004
  NIL/USDT:USDT: -0.043156

因子统计:
  总计: 534 个标的
  范围: -0.062413 ~ 0.209396
2025-11-25 14:01:57 | INFO     | [STEP 5] 获取当前合约保证金...
2025-11-25 14:01:57 | INFO     | [BALANCE] 当前保证金余额: 23.17 USDT
2025-11-25 14:01:58 | INFO     | [DINGDING] 通知已发送:  账户余额报告
 时间: 2025-11-25 14:01:57
 USDT余额: 23.17
2025-11-25 14:01:58 | INFO     | [BALANCE] 余额通知已发送: 23.17 USDT
2025-11-25 14:01:58 | INFO     | [BALANCE] Cycle 13/16 使用当前可用余额 23.17 USDT 执行开仓
2025-11-25 14:01:58 | INFO     | [STEP 6] 执行开仓交易...
2025-11-25 14:01:58 | INFO     | [BALANCE] 总余额: 23.17 USDT
2025-11-25 14:01:58 | INFO     | [INFO] 总仓位数: 4
2025-11-25 14:01:58 | INFO     | [VALUE] 单仓价值: 17.03 USDT
2025-11-25 14:01:58 | INFO     | [MARGIN] 设置保证金模式为 ISOLATED...
2025-11-25 14:01:58 | INFO     | [MARGIN] SKYAI/USDT:USDT 已经是 ISOLATED 模式
2025-11-25 14:01:58 | INFO     | [MARGIN] NXPC/USDT:USDT (NXPCUSDT) 保证金模式设置为 ISOLATED ✓
2025-11-25 14:01:58 | INFO     | [MARGIN] SPK/USDT:USDT (SPKUSDT) 保证金模式设置为 ISOLATED ✓
2025-11-25 14:01:58 | INFO     | [MARGIN] NIL/USDT:USDT 已经是 ISOLATED 模式
2025-11-25 14:01:58 | INFO     | [MARGIN] 保证金模式设置完成: 4/4 成功
2025-11-25 14:01:58 | INFO     | [LEVERAGE] 设置杠杆为 3x...
2025-11-25 14:01:58 | INFO     | [LIVE LONG] 开多头仓位: 2 个
2025-11-25 14:01:58 | INFO     | [LIVE BUY] 做多 SKYAI/USDT:USDT: 792.5 @ 0.02149
2025-11-25 14:01:58 | INFO     | [LIVE MARKET] 创建市价单 SKYAI/USDT:USDT: buy 792.5
2025-11-25 14:01:58 | INFO     | [LIVE SUCCESS] SKYAI/USDT:USDT 市价单创建成功 ID:367431403 成交:792.0
2025-11-25 14:01:58 | INFO     | [PROTECT] SKYAI/USDT:USDT 止盈单创建成功 ID:367431406 触发价:0.02579
2025-11-25 14:01:58 | INFO     | [PROTECT] SKYAI/USDT:USDT 止损单创建成功 ID:367431407 触发价:0.01719
2025-11-25 14:01:58 | INFO     | [LIVE BUY] 做多 NXPC/USDT:USDT: 38.8 @ 0.4381
2025-11-25 14:01:58 | INFO     | [LIVE MARKET] 创建市价单 NXPC/USDT:USDT: buy 38.8
2025-11-25 14:01:58 | INFO     | [LIVE SUCCESS] NXPC/USDT:USDT 市价单创建成功 ID:1598065202 成交:38.0
2025-11-25 14:01:58 | INFO     | [PROTECT] NXPC/USDT:USDT 止盈单创建成功 ID:1598065204 触发价:0.5257
2025-11-25 14:01:58 | INFO     | [PROTECT] NXPC/USDT:USDT 止损单创建成功 ID:1598065205 触发价:0.3505
2025-11-25 14:01:58 | INFO     | [LIVE OK] 多头开仓: 2/2 成功
2025-11-25 14:01:58 | INFO     | [LIVE SHORT] 开空头仓位: 2 个
2025-11-25 14:01:58 | INFO     | [LIVE SELL] 做空 SPK/USDT:USDT: 542.0 @ 0.03142
2025-11-25 14:01:58 | INFO     | [LIVE MARKET] 创建市价单 SPK/USDT:USDT: sell 542.0
2025-11-25 14:01:58 | INFO     | [LIVE SUCCESS] SPK/USDT:USDT 市价单创建成功 ID:1565788807 成交:542.0
2025-11-25 14:01:58 | INFO     | [PROTECT] SPK/USDT:USDT 止盈单创建成功 ID:1565788808 触发价:0.02514
2025-11-25 14:01:59 | INFO     | [PROTECT] SPK/USDT:USDT 止损单创建成功 ID:1565788809 触发价:0.0377
2025-11-25 14:01:59 | INFO     | [LIVE SELL] 做空 NIL/USDT:USDT: 174.5 @ 0.0976
2025-11-25 14:01:59 | INFO     | [LIVE MARKET] 创建市价单 NIL/USDT:USDT: sell 174.5
2025-11-25 14:01:59 | INFO     | [LIVE SUCCESS] NIL/USDT:USDT 市价单创建成功 ID:670061132 成交:174.5
2025-11-25 14:01:59 | INFO     | [PROTECT] NIL/USDT:USDT 止盈单创建成功 ID:670061140 触发价:0.0781
2025-11-25 14:01:59 | INFO     | [PROTECT] NIL/USDT:USDT 止损单创建成功 ID:670061143 触发价:0.1171
2025-11-25 14:01:59 | INFO     | [LIVE OK] 空头开仓: 2/2 成功
2025-11-25 14:01:59 | INFO     | [POSITIONS] 新仓位已添加到字典: {'SKYAI/USDT:USDT': {'side': 'long', 'quantity': 792.5, 'open_price': 0.02149, 'position_side': 'LONG', 'take_profit_order_id': '367431406', 'take_profit_price': 0.02579, 'stop_loss_order_id': '367431407', 'stop_loss_price': 0.01719}, 'NXPC/USDT:USDT': {'side': 'long', 'quantity': 38.8, 'open_price': 0.4381, 'position_side': 'LONG', 'take_profit_order_id': '1598065204', 'take_profit_price': 0.5257, 'stop_loss_order_id': '1598065205', 'stop_loss_price': 0.3505}, 'SPK/USDT:USDT': {'side': 'short', 'quantity': 542.0, 'open_price': 0.03142, 'position_side': 'SHORT', 'take_profit_order_id': '1565788808', 'take_profit_price': 0.02514, 'stop_loss_order_id': '1565788809', 'stop_loss_price': 0.0377}, 'NIL/USDT:USDT': {'side': 'short', 'quantity': 174.5, 'open_price': 0.0976, 'position_side': 'SHORT', 'take_profit_order_id': '670061140', 'take_profit_price': 0.0781, 'stop_loss_order_id': '670061143', 'stop_loss_price': 0.1171}}
2025-11-25 14:01:59 | INFO     | [POSITIONS] 当前仓位字典: {'SKYAI/USDT:USDT': {'side': 'long', 'quantity': 792.5, 'open_price': 0.02149, 'position_side': 'LONG', 'take_profit_order_id': '367431406', 'take_profit_price': 0.02579, 'stop_loss_order_id': '367431407', 'stop_loss_price': 0.01719}, 'NXPC/USDT:USDT': {'side': 'long', 'quantity': 38.8, 'open_price': 0.4381, 'position_side': 'LONG', 'take_profit_order_id': '1598065204', 'take_profit_price': 0.5257, 'stop_loss_order_id': '1598065205', 'stop_loss_price': 0.3505}, 'SPK/USDT:USDT': {'side': 'short', 'quantity': 542.0, 'open_price': 0.03142, 'position_side': 'SHORT', 'take_profit_order_id': '1565788808', 'take_profit_price': 0.02514, 'stop_loss_order_id': '1565788809', 'stop_loss_price': 0.0377}, 'NIL/USDT:USDT': {'side': 'short', 'quantity': 174.5, 'open_price': 0.0976, 'position_side': 'SHORT', 'take_profit_order_id': '670061140', 'take_profit_price': 0.0781, 'stop_loss_order_id': '670061143', 'stop_loss_price': 0.1171}}
2025-11-25 14:01:59 | INFO     | [STEP 7] 开仓交易完成
2025-11-25 14:01:59 | INFO     | [INFO] 跳过详细仓位验证，交易周期完成
2025-11-25 14:01:59 | INFO     | [STEP 8] 记录当前交易对价格和因子信息...
2025-11-25 14:01:59 | INFO     | [API] 成功获取 534 个交易对价格
2025-11-25 14:01:59 | INFO     | [RECORD] 记录了 534 个交易对的价格和因子信息
2025-11-25 14:01:59 | INFO     | [OK] 交易周期执行成功
2025-11-25 14:01:59 | INFO     | [TIME] 周期耗时: 99.7秒
2025-11-25 14:01:59 | INFO     | [16H] Cycle 14/16 下次执行时间: 2025-11-25 15:00:00
2025-11-25 14:01:59 | INFO     | [WAIT] 等待 3481 秒 (1.0 小时)
2025-11-25 14:13:28 | INFO     | [WAIT] Cycle 14/16 剩余等待时间: 46.5 分钟
2025-11-25 14:24:58 | INFO     | [WAIT] Cycle 14/16 剩余等待时间: 35.0 分钟
2025-11-25 14:36:27 | INFO     | [WAIT] Cycle 14/16 剩余等待时间: 23.5 分钟
2025-11-25 14:47:58 | INFO     | [WAIT] Cycle 14/16 剩余等待时间: 12.0 分钟
2025-11-25 14:59:28 | INFO     | [WAIT] Cycle 14/16 剩余等待时间: 0.5 分钟
2025-11-25 15:00:37 | INFO     | 
==================================================
2025-11-25 15:00:37 | INFO     | [CYCLE] 第 31 轮交易周期 (Cycle 14/16)
2025-11-25 15:00:37 | INFO     | [TIME] 开始时间: 2025-11-25 15:00:37
2025-11-25 15:00:37 | INFO     | ==================================================
2025-11-25 15:00:57 | INFO     | [STEP 1] Cycle 14/16 平仓字典中存储的仓位...
2025-11-25 15:00:57 | INFO     | [POSITIONS] 当前持有仓位: {'BANANAS31/USDT:USDT': {'side': 'long', 'quantity': 3931.9, 'open_price': 0.004016, 'position_side': 'LONG', 'take_profit_order_id': '1344442722', 'take_profit_price': 0.004819, 'stop_loss_order_id': '1344442725', 'stop_loss_price': 0.003213}, 'OBOL/USDT:USDT': {'side': 'long', 'quantity': 269.0, 'open_price': 0.05869, 'position_side': 'LONG', 'take_profit_order_id': '507881353', 'take_profit_price': 0.07043, 'stop_loss_order_id': '507881354', 'stop_loss_price': 0.04695}, 'XNY/USDT:USDT': {'side': 'short', 'quantity': 3741.9, 'open_price': 0.00422, 'position_side': 'SHORT', 'take_profit_order_id': '609916391', 'take_profit_price': 0.003376, 'stop_loss_order_id': '609916393', 'stop_loss_price': 0.005064}, 'ENSO/USDT:USDT': {'side': 'short', 'quantity': 19.6, 'open_price': 0.804, 'position_side': 'SHORT', 'take_profit_order_id': '266358838', 'take_profit_price': 0.643, 'stop_loss_order_id': '266358839', 'stop_loss_price': 0.965}}
2025-11-25 15:00:57 | INFO     | [LIVE CLOSE] 开始平仓指定仓位: 4 个
2025-11-25 15:00:57 | INFO     | [PROTECT] BANANAS31/USDT:USDT 已取消止盈单 1344442722
2025-11-25 15:00:57 | INFO     | [PROTECT] BANANAS31/USDT:USDT 已取消止损单 1344442725
2025-11-25 15:00:57 | INFO     | [LIVE CLOSE] 平仓 BANANAS31/USDT:USDT: sell 3931.9 (原long仓位)
2025-11-25 15:00:57 | INFO     | [LIVE PROFIT] BANANAS31/USDT:USDT 开仓价格: 0.00401600, 当前价格: 0.00341900
2025-11-25 15:00:57 | INFO     | [LIVE PROFIT] BANANAS31/USDT:USDT 预期收益: -14.87% (约 -2.34734430 USDT)
2025-11-25 15:00:57 | INFO     | [LIVE MARKET] 创建市价单 BANANAS31/USDT:USDT: sell 3931.9
2025-11-25 15:00:57 | INFO     | [LIVE SUCCESS] BANANAS31/USDT:USDT 市价单创建成功 ID:1355310253 成交:3931.0
2025-11-25 15:00:57 | INFO     | [LIVE SUCCESS] 平仓订单创建成功 BANANAS31/USDT:USDT: 1355310253
2025-11-25 15:00:58 | INFO     | [DINGDING] 通知已发送: 🔔 [实盘] 平仓通知
📊 交易对: BANANAS31/USDT:USDT
📈 方向: 做多
🔢 数量: 3931.90000000
💵 开仓价: 0.00401600
💵 平仓价: 0.00341900
📉 收益: -14.87% (-2.34734430 USDT)
2025-11-25 15:00:58 | INFO     | [PROTECT] OBOL/USDT:USDT 已取消止盈单 507881353
2025-11-25 15:00:58 | INFO     | [PROTECT] OBOL/USDT:USDT 已取消止损单 507881354
2025-11-25 15:00:58 | INFO     | [LIVE CLOSE] 平仓 OBOL/USDT:USDT: sell 269.0 (原long仓位)
2025-11-25 15:00:58 | INFO     | [LIVE PROFIT] OBOL/USDT:USDT 开仓价格: 0.05869000, 当前价格: 0.05968000
2025-11-25 15:00:58 | INFO     | [LIVE PROFIT] OBOL/USDT:USDT 预期收益: 1.69% (约 0.26631000 USDT)
2025-11-25 15:00:58 | INFO     | [LIVE MARKET] 创建市价单 OBOL/USDT:USDT: sell 269.0
2025-11-25 15:00:58 | INFO     | [LIVE SUCCESS] OBOL/USDT:USDT 市价单创建成功 ID:508304239 成交:269.0
2025-11-25 15:00:58 | INFO     | [LIVE SUCCESS] 平仓订单创建成功 OBOL/USDT:USDT: 508304239
2025-11-25 15:00:59 | INFO     | [DINGDING] 通知已发送: 🔔 [实盘] 平仓通知
📊 交易对: OBOL/USDT:USDT
📈 方向: 做多
🔢 数量: 269.00000000
💵 开仓价: 0.05869000
💵 平仓价: 0.05968000
💰 收益: 1.69% (0.26631000 USDT)
2025-11-25 15:00:59 | INFO     | [PROTECT] XNY/USDT:USDT 已取消止盈单 609916391
2025-11-25 15:00:59 | INFO     | [PROTECT] XNY/USDT:USDT 已取消止损单 609916393
2025-11-25 15:00:59 | INFO     | [LIVE CLOSE] 平仓 XNY/USDT:USDT: buy 3741.9 (原short仓位)
2025-11-25 15:00:59 | INFO     | [LIVE PROFIT] XNY/USDT:USDT 开仓价格: 0.00422000, 当前价格: 0.00385900
2025-11-25 15:00:59 | INFO     | [LIVE PROFIT] XNY/USDT:USDT 预期收益: 8.55% (约 1.35082590 USDT)
2025-11-25 15:00:59 | INFO     | [LIVE MARKET] 创建市价单 XNY/USDT:USDT: buy 3741.9
2025-11-25 15:00:59 | INFO     | [LIVE SUCCESS] XNY/USDT:USDT 市价单创建成功 ID:611581715 成交:3741.0
2025-11-25 15:00:59 | INFO     | [LIVE SUCCESS] 平仓订单创建成功 XNY/USDT:USDT: 611581715
2025-11-25 15:00:59 | INFO     | [DINGDING] 通知已发送: 🔔 [实盘] 平仓通知
📊 交易对: XNY/USDT:USDT
📈 方向: 做空
🔢 数量: 3741.90000000
💵 开仓价: 0.00422000
💵 平仓价: 0.00385900
💰 收益: 8.55% (1.35082590 USDT)
2025-11-25 15:01:00 | INFO     | [PROTECT] ENSO/USDT:USDT 已取消止盈单 266358838
2025-11-25 15:01:00 | INFO     | [PROTECT] ENSO/USDT:USDT 已取消止损单 266358839
2025-11-25 15:01:00 | INFO     | [LIVE CLOSE] 平仓 ENSO/USDT:USDT: buy 19.6 (原short仓位)
2025-11-25 15:01:00 | INFO     | [LIVE PROFIT] ENSO/USDT:USDT 开仓价格: 0.80400000, 当前价格: 0.79200000
2025-11-25 15:01:00 | INFO     | [LIVE PROFIT] ENSO/USDT:USDT 预期收益: 1.49% (约 0.23520000 USDT)
2025-11-25 15:01:00 | INFO     | [LIVE MARKET] 创建市价单 ENSO/USDT:USDT: buy 19.6
2025-11-25 15:01:00 | INFO     | [LIVE SUCCESS] ENSO/USDT:USDT 市价单创建成功 ID:267898196 成交:19.6
2025-11-25 15:01:00 | INFO     | [LIVE SUCCESS] 平仓订单创建成功 ENSO/USDT:USDT: 267898196
2025-11-25 15:01:00 | INFO     | [DINGDING] 通知已发送: 🔔 [实盘] 平仓通知
📊 交易对: ENSO/USDT:USDT
📈 方向: 做空
🔢 数量: 19.60000000
💵 开仓价: 0.80400000
💵 平仓价: 0.79200000
💰 收益: 1.49% (0.23520000 USDT)
2025-11-25 15:01:00 | INFO     | [LIVE WAIT] 等待 4 个平仓订单执行...
2025-11-25 15:01:02 | INFO     | [LIVE OK] 平仓操作完成，成功: 4/4
2025-11-25 15:01:02 | INFO     | [INFO] Cycle 14/16 仓位字典已清空
2025-11-25 15:01:02 | INFO     | [STEP 2] 跳过验证步骤...
2025-11-25 15:01:02 | INFO     | [STEP 3] 提取OHLC数据并计算因子...
2025-11-25 15:01:02 | INFO     | [OK] 获取活跃交易对完成，耗时: 0.001秒
2025-11-25 15:02:16 | INFO     | [FACTORS] 计算得到 534 个有效因子
2025-11-25 15:02:16 | INFO     | [STEP 4] 根据因子值选择交易标的...
2025-11-25 15:02:16 | INFO     | [FILTER] 忽略 1 个交易对: ['BTC/USDT:USDT']
2025-11-25 15:02:16 | INFO     | [STATS] 因子统计:
2025-11-25 15:02:16 | INFO     |    总计: 533 个标的
2025-11-25 15:02:16 | INFO     |    因子值范围: -0.046430 ~ 0.265014
2025-11-25 15:02:16 | INFO     |    选择做多: 2 个
2025-11-25 15:02:16 | INFO     |    选择做空: 2 个
2025-11-25 15:02:16 | INFO     | [TOP 20] 因子值排名前20的交易对:
2025-11-25 15:02:16 | INFO     |    第1名: BANANAS31/USDT:USDT: 0.265014
2025-11-25 15:02:16 | INFO     |    第2名: NMR/USDT:USDT: 0.184492
2025-11-25 15:02:16 | INFO     |    第3名: SUPER/USDT:USDT: 0.176226
2025-11-25 15:02:16 | INFO     |    第4名: SKYAI/USDT:USDT: 0.153950
2025-11-25 15:02:16 | INFO     |    第5名: EUL/USDT:USDT: 0.153251
2025-11-25 15:02:16 | INFO     |    第6名: PIPPIN/USDT:USDT: 0.151347
2025-11-25 15:02:16 | INFO     |    第7名: BEAMX/USDT:USDT: 0.144158
2025-11-25 15:02:16 | INFO     |    第8名: MYX/USDT:USDT: 0.140610
2025-11-25 15:02:16 | INFO     |    第9名: HANA/USDT:USDT: 0.139645
2025-11-25 15:02:16 | INFO     |    第10名: HIPPO/USDT:USDT: 0.138076
2025-11-25 15:02:16 | INFO     |    第11名: MERL/USDT:USDT: 0.135139
2025-11-25 15:02:16 | INFO     |    第12名: HOOK/USDT:USDT: 0.133432
2025-11-25 15:02:16 | INFO     |    第13名: NXPC/USDT:USDT: 0.133160
2025-11-25 15:02:16 | INFO     |    第14名: YALA/USDT:USDT: 0.131002
2025-11-25 15:02:16 | INFO     |    第15名: HYPE/USDT:USDT: 0.130832
2025-11-25 15:02:16 | INFO     |    第16名: ARKM/USDT:USDT: 0.127475
2025-11-25 15:02:16 | INFO     |    第17名: COMMON/USDT:USDT: 0.126141
2025-11-25 15:02:16 | INFO     |    第18名: BOB/USDT:USDT: 0.126051
2025-11-25 15:02:16 | INFO     |    第19名: BCH/USDT:USDT: 0.125750
2025-11-25 15:02:16 | INFO     |    第20名: INIT/USDT:USDT: 0.125272
2025-11-25 15:02:16 | INFO     | [BOTTOM 20] 因子值排名后20的交易对:
2025-11-25 15:02:16 | INFO     |    第514名: VANRY/USDT:USDT: -0.021601
2025-11-25 15:02:16 | INFO     |    第515名: POPCAT/USDT:USDT: -0.022914
2025-11-25 15:02:16 | INFO     |    第516名: TREE/USDT:USDT: -0.023142
2025-11-25 15:02:16 | INFO     |    第517名: HEMI/USDT:USDT: -0.023462
2025-11-25 15:02:16 | INFO     |    第518名: NOT/USDT:USDT: -0.024743
2025-11-25 15:02:16 | INFO     |    第519名: JST/USDT:USDT: -0.025539
2025-11-25 15:02:16 | INFO     |    第520名: VELODROME/USDT:USDT: -0.027120
2025-11-25 15:02:16 | INFO     |    第521名: ASR/USDT:USDT: -0.027295
2025-11-25 15:02:16 | INFO     |    第522名: HEI/USDT:USDT: -0.027720
2025-11-25 15:02:16 | INFO     |    第523名: LAYER/USDT:USDT: -0.030028
2025-11-25 15:02:16 | INFO     |    第524名: KAITO/USDT:USDT: -0.030365
2025-11-25 15:02:16 | INFO     |    第525名: SYN/USDT:USDT: -0.030985
2025-11-25 15:02:16 | INFO     |    第526名: KITE/USDT:USDT: -0.033192
2025-11-25 15:02:16 | INFO     |    第527名: RVV/USDT:USDT: -0.033276
2025-11-25 15:02:16 | INFO     |    第528名: JASMY/USDT:USDT: -0.033930
2025-11-25 15:02:16 | INFO     |    第529名: 1000RATS/USDT:USDT: -0.035664
2025-11-25 15:02:16 | INFO     |    第530名: NKN/USDT:USDT: -0.035945
2025-11-25 15:02:16 | INFO     |    第531名: RECALL/USDT:USDT: -0.036074
2025-11-25 15:02:16 | INFO     |    第532名: ICNT/USDT:USDT: -0.042552
2025-11-25 15:02:16 | INFO     |    第533名: SPK/USDT:USDT: -0.046430
2025-11-25 15:02:16 | INFO     | [LONG SYMBOLS] 做多标的详情:
2025-11-25 15:02:16 | INFO     |    BANANAS31/USDT:USDT: 0.265014
2025-11-25 15:02:16 | INFO     |    NMR/USDT:USDT: 0.184492
2025-11-25 15:02:16 | INFO     | [SHORT SYMBOLS] 做空标的详情:
2025-11-25 15:02:16 | INFO     |    SPK/USDT:USDT: -0.046430
2025-11-25 15:02:16 | INFO     |    ICNT/USDT:USDT: -0.042552
2025-11-25 15:02:16 | INFO     | [SELECTION] 选择交易标的:
2025-11-25 15:02:16 | INFO     |    做多: ['BANANAS31/USDT:USDT', 'NMR/USDT:USDT']
2025-11-25 15:02:16 | INFO     |    做空: ['SPK/USDT:USDT', 'ICNT/USDT:USDT']
2025-11-25 15:02:16 | INFO     | [DINGDING] 通知已发送: Cycle 14/16 交易标的选择完成:
做多 (2个):
  BANANAS31/USDT:USDT: 0.265014
  NMR/USDT:USDT: 0.184492
做空 (2个):
  SPK/USDT:USDT: -0.046430
  ICNT/USDT:USDT: -0.042552

因子统计:
  总计: 534 个标的
  范围: -0.046430 ~ 0.265014
2025-11-25 15:02:16 | INFO     | [STEP 5] 获取当前合约保证金...
2025-11-25 15:02:16 | INFO     | [BALANCE] 当前保证金余额: 21.36 USDT
2025-11-25 15:02:17 | INFO     | [DINGDING] 通知已发送:  账户余额报告
 时间: 2025-11-25 15:02:16
 USDT余额: 21.36
2025-11-25 15:02:17 | INFO     | [BALANCE] 余额通知已发送: 21.36 USDT
2025-11-25 15:02:17 | INFO     | [BALANCE] Cycle 14/16 使用当前可用余额 21.36 USDT 执行开仓
2025-11-25 15:02:17 | INFO     | [STEP 6] 执行开仓交易...
2025-11-25 15:02:17 | INFO     | [BALANCE] 总余额: 21.36 USDT
2025-11-25 15:02:17 | INFO     | [INFO] 总仓位数: 4
2025-11-25 15:02:17 | INFO     | [VALUE] 单仓价值: 15.70 USDT
2025-11-25 15:02:17 | INFO     | [MARGIN] 设置保证金模式为 ISOLATED...
2025-11-25 15:02:17 | INFO     | [MARGIN] BANANAS31/USDT:USDT 已经是 ISOLATED 模式
2025-11-25 15:02:17 | INFO     | [MARGIN] NMR/USDT:USDT 已经是 ISOLATED 模式
2025-11-25 15:02:17 | INFO     | [MARGIN] SPK/USDT:USDT 已经是 ISOLATED 模式
2025-11-25 15:02:17 | INFO     | [MARGIN] ICNT/USDT:USDT 已经是 ISOLATED 模式
2025-11-25 15:02:17 | INFO     | [MARGIN] 保证金模式设置完成: 4/4 成功
2025-11-25 15:02:17 | INFO     | [LEVERAGE] 设置杠杆为 3x...
2025-11-25 15:02:17 | INFO     | [LIVE LONG] 开多头仓位: 2 个
2025-11-25 15:02:17 | INFO     | [LIVE BUY] 做多 BANANAS31/USDT:USDT: 4591.0 @ 0.003419
2025-11-25 15:02:17 | INFO     | [LIVE MARKET] 创建市价单 BANANAS31/USDT:USDT: buy 4591.0
2025-11-25 15:02:17 | INFO     | [LIVE SUCCESS] BANANAS31/USDT:USDT 市价单创建成功 ID:1355318539 成交:4591.0
2025-11-25 15:02:17 | INFO     | [PROTECT] BANANAS31/USDT:USDT 止盈单创建成功 ID:1355318550 触发价:0.004103
2025-11-25 15:02:17 | INFO     | [PROTECT] BANANAS31/USDT:USDT 止损单创建成功 ID:1355318561 触发价:0.002735
2025-11-25 15:02:17 | INFO     | [LIVE BUY] 做多 NMR/USDT:USDT: 1.3 @ 11.45
2025-11-25 15:02:17 | INFO     | [LIVE MARKET] 创建市价单 NMR/USDT:USDT: buy 1.3
2025-11-25 15:02:17 | INFO     | [LIVE SUCCESS] NMR/USDT:USDT 市价单创建成功 ID:3644880364 成交:1.3
2025-11-25 15:02:17 | INFO     | [PROTECT] NMR/USDT:USDT 止盈单创建成功 ID:3644880376 触发价:13.74
2025-11-25 15:02:17 | INFO     | [PROTECT] NMR/USDT:USDT 止损单创建成功 ID:3644880393 触发价:9.16
2025-11-25 15:02:17 | INFO     | [LIVE OK] 多头开仓: 2/2 成功
2025-11-25 15:02:17 | INFO     | [LIVE SHORT] 开空头仓位: 2 个
2025-11-25 15:02:17 | INFO     | [LIVE SELL] 做空 SPK/USDT:USDT: 504.4 @ 0.03112
2025-11-25 15:02:17 | INFO     | [LIVE MARKET] 创建市价单 SPK/USDT:USDT: sell 504.4
2025-11-25 15:02:17 | INFO     | [LIVE SUCCESS] SPK/USDT:USDT 市价单创建成功 ID:1565914383 成交:504.0
2025-11-25 15:02:17 | INFO     | [PROTECT] SPK/USDT:USDT 止盈单创建成功 ID:1565914392 触发价:0.0249
2025-11-25 15:02:17 | INFO     | [PROTECT] SPK/USDT:USDT 止损单创建成功 ID:1565914411 触发价:0.03734
2025-11-25 15:02:18 | INFO     | [LIVE SELL] 做空 ICNT/USDT:USDT: 69.9 @ 0.2246
2025-11-25 15:02:18 | INFO     | [LIVE MARKET] 创建市价单 ICNT/USDT:USDT: sell 69.9
2025-11-25 15:02:18 | INFO     | [LIVE SUCCESS] ICNT/USDT:USDT 市价单创建成功 ID:554106519 成交:69.0
2025-11-25 15:02:18 | INFO     | [PROTECT] ICNT/USDT:USDT 止盈单创建成功 ID:554106526 触发价:0.1797
2025-11-25 15:02:18 | INFO     | [PROTECT] ICNT/USDT:USDT 止损单创建成功 ID:554106529 触发价:0.2695
2025-11-25 15:02:18 | INFO     | [LIVE OK] 空头开仓: 2/2 成功
2025-11-25 15:02:18 | INFO     | [POSITIONS] 新仓位已添加到字典: {'BANANAS31/USDT:USDT': {'side': 'long', 'quantity': 4591.0, 'open_price': 0.003419, 'position_side': 'LONG', 'take_profit_order_id': '1355318550', 'take_profit_price': 0.004103, 'stop_loss_order_id': '1355318561', 'stop_loss_price': 0.002735}, 'NMR/USDT:USDT': {'side': 'long', 'quantity': 1.3, 'open_price': 11.45, 'position_side': 'LONG', 'take_profit_order_id': '3644880376', 'take_profit_price': 13.74, 'stop_loss_order_id': '3644880393', 'stop_loss_price': 9.16}, 'SPK/USDT:USDT': {'side': 'short', 'quantity': 504.4, 'open_price': 0.03112, 'position_side': 'SHORT', 'take_profit_order_id': '1565914392', 'take_profit_price': 0.0249, 'stop_loss_order_id': '1565914411', 'stop_loss_price': 0.03734}, 'ICNT/USDT:USDT': {'side': 'short', 'quantity': 69.9, 'open_price': 0.2246, 'position_side': 'SHORT', 'take_profit_order_id': '554106526', 'take_profit_price': 0.1797, 'stop_loss_order_id': '554106529', 'stop_loss_price': 0.2695}}
2025-11-25 15:02:18 | INFO     | [POSITIONS] 当前仓位字典: {'BANANAS31/USDT:USDT': {'side': 'long', 'quantity': 4591.0, 'open_price': 0.003419, 'position_side': 'LONG', 'take_profit_order_id': '1355318550', 'take_profit_price': 0.004103, 'stop_loss_order_id': '1355318561', 'stop_loss_price': 0.002735}, 'NMR/USDT:USDT': {'side': 'long', 'quantity': 1.3, 'open_price': 11.45, 'position_side': 'LONG', 'take_profit_order_id': '3644880376', 'take_profit_price': 13.74, 'stop_loss_order_id': '3644880393', 'stop_loss_price': 9.16}, 'SPK/USDT:USDT': {'side': 'short', 'quantity': 504.4, 'open_price': 0.03112, 'position_side': 'SHORT', 'take_profit_order_id': '1565914392', 'take_profit_price': 0.0249, 'stop_loss_order_id': '1565914411', 'stop_loss_price': 0.03734}, 'ICNT/USDT:USDT': {'side': 'short', 'quantity': 69.9, 'open_price': 0.2246, 'position_side': 'SHORT', 'take_profit_order_id': '554106526', 'take_profit_price': 0.1797, 'stop_loss_order_id': '554106529', 'stop_loss_price': 0.2695}}
2025-11-25 15:02:18 | INFO     | [STEP 7] 开仓交易完成
2025-11-25 15:02:18 | INFO     | [INFO] 跳过详细仓位验证，交易周期完成
2025-11-25 15:02:18 | INFO     | [STEP 8] 记录当前交易对价格和因子信息...
2025-11-25 15:02:18 | INFO     | [API] 成功获取 534 个交易对价格
2025-11-25 15:02:18 | INFO     | [RECORD] 记录了 534 个交易对的价格和因子信息
2025-11-25 15:02:18 | INFO     | [OK] 交易周期执行成功
2025-11-25 15:02:18 | INFO     | [TIME] 周期耗时: 100.8秒
2025-11-25 15:02:18 | INFO     | [16H] Cycle 15/16 下次执行时间: 2025-11-25 16:00:00
2025-11-25 15:02:18 | INFO     | [WAIT] 等待 3462 秒 (1.0 小时)
2025-11-25 15:13:49 | INFO     | [WAIT] Cycle 15/16 剩余等待时间: 46.2 分钟
2025-11-25 15:25:20 | INFO     | [WAIT] Cycle 15/16 剩余等待时间: 34.7 分钟
2025-11-25 15:36:52 | INFO     | [WAIT] Cycle 15/16 剩余等待时间: 23.1 分钟
2025-11-25 15:46:10 | INFO     | [PROTECT] ICNT/USDT:USDT 已取消止盈单 552624793
2025-11-25 15:46:10 | INFO     | [PROTECT] Cycle 3/16 ICNT/USDT:USDT 仓位已由保护单或外部操作平仓 (止损单已触发 (状态: closed))，自动移除
2025-11-25 15:46:11 | INFO     | [DINGDING] 通知已发送: 🛡️ 仓位监控
Cycle: Cycle 3/16
交易对: ICNT/USDT:USDT
方向: short
原因: 止损单已触发 (状态: closed)
2025-11-25 15:48:23 | INFO     | [WAIT] Cycle 15/16 剩余等待时间: 11.6 分钟
2025-11-25 15:59:46 | INFO     | [WAIT] Cycle 15/16 剩余等待时间: 0.2 分钟
2025-11-25 15:59:46 | INFO     | [WAIT] Cycle 15/16 最后等待: 13 秒
2025-11-25 16:00:19 | INFO     | 
==================================================
2025-11-25 16:00:19 | INFO     | [CYCLE] 第 32 轮交易周期 (Cycle 15/16)
2025-11-25 16:00:19 | INFO     | [TIME] 开始时间: 2025-11-25 16:00:19
2025-11-25 16:00:19 | INFO     | ==================================================
2025-11-25 16:00:38 | INFO     | [STEP 1] Cycle 15/16 平仓字典中存储的仓位...
2025-11-25 16:00:38 | INFO     | [POSITIONS] 当前持有仓位: {'OBOL/USDT:USDT': {'side': 'long', 'quantity': 271.2, 'open_price': 0.05822, 'position_side': 'LONG', 'take_profit_order_id': '507898208', 'take_profit_price': 0.06986, 'stop_loss_order_id': '507898209', 'stop_loss_price': 0.04658}, '1000WHY/USDT:USDT': {'side': 'long', 'quantity': 853559.2, 'open_price': 1.85e-05, 'position_side': 'LONG', 'take_profit_order_id': '396755799', 'take_profit_price': 2.22e-05, 'stop_loss_order_id': '396755800', 'stop_loss_price': 1.48e-05}, 'ICNT/USDT:USDT': {'side': 'short', 'quantity': 77.0, 'open_price': 0.2052, 'position_side': 'SHORT', 'take_profit_order_id': '552451885', 'take_profit_price': 0.1642, 'stop_loss_order_id': '552451888', 'stop_loss_price': 0.2462}, 'XNY/USDT:USDT': {'side': 'short', 'quantity': 3683.4, 'open_price': 0.004287, 'position_side': 'SHORT', 'take_profit_order_id': '610015845', 'take_profit_price': 0.00343, 'stop_loss_order_id': '610015846', 'stop_loss_price': 0.005144}}
2025-11-25 16:00:38 | INFO     | [LIVE CLOSE] 开始平仓指定仓位: 4 个
2025-11-25 16:00:38 | INFO     | [PROTECT] OBOL/USDT:USDT 已取消止盈单 507898208
2025-11-25 16:00:38 | INFO     | [PROTECT] OBOL/USDT:USDT 已取消止损单 507898209
2025-11-25 16:00:39 | INFO     | [LIVE CLOSE] 平仓 OBOL/USDT:USDT: sell 271.2 (原long仓位)
2025-11-25 16:00:39 | INFO     | [LIVE PROFIT] OBOL/USDT:USDT 开仓价格: 0.05822000, 当前价格: 0.06033000
2025-11-25 16:00:39 | INFO     | [LIVE PROFIT] OBOL/USDT:USDT 预期收益: 3.62% (约 0.57223200 USDT)
2025-11-25 16:00:39 | INFO     | [LIVE MARKET] 创建市价单 OBOL/USDT:USDT: sell 271.2
2025-11-25 16:00:39 | INFO     | [LIVE SUCCESS] OBOL/USDT:USDT 市价单创建成功 ID:508343005 成交:271.0
2025-11-25 16:00:39 | INFO     | [LIVE SUCCESS] 平仓订单创建成功 OBOL/USDT:USDT: 508343005
2025-11-25 16:00:39 | INFO     | [DINGDING] 通知已发送: 🔔 [实盘] 平仓通知
📊 交易对: OBOL/USDT:USDT
📈 方向: 做多
🔢 数量: 271.20000000
💵 开仓价: 0.05822000
💵 平仓价: 0.06033000
💰 收益: 3.62% (0.57223200 USDT)
2025-11-25 16:00:39 | INFO     | [PROTECT] 1000WHY/USDT:USDT 已取消止盈单 396755799
2025-11-25 16:00:39 | INFO     | [PROTECT] 1000WHY/USDT:USDT 已取消止损单 396755800
2025-11-25 16:00:39 | INFO     | [LIVE CLOSE] 平仓 1000WHY/USDT:USDT: sell 853559.2 (原long仓位)
2025-11-25 16:00:39 | INFO     | [LIVE PROFIT] 1000WHY/USDT:USDT 开仓价格: 0.00001850, 当前价格: 0.00001870
2025-11-25 16:00:39 | INFO     | [LIVE PROFIT] 1000WHY/USDT:USDT 预期收益: 1.08% (约 0.17071184 USDT)
2025-11-25 16:00:39 | INFO     | [LIVE MARKET] 创建市价单 1000WHY/USDT:USDT: sell 853559.2
2025-11-25 16:00:39 | INFO     | [LIVE SUCCESS] 1000WHY/USDT:USDT 市价单创建成功 ID:396887538 成交:853559.0
2025-11-25 16:00:39 | INFO     | [LIVE SUCCESS] 平仓订单创建成功 1000WHY/USDT:USDT: 396887538
2025-11-25 16:00:40 | INFO     | [DINGDING] 通知已发送: 🔔 [实盘] 平仓通知
📊 交易对: 1000WHY/USDT:USDT
📈 方向: 做多
🔢 数量: 853559.20000000
💵 开仓价: 0.00001850
💵 平仓价: 0.00001870
💰 收益: 1.08% (0.17071184 USDT)
2025-11-25 16:00:40 | INFO     | [PROTECT] ICNT/USDT:USDT 已取消止盈单 552451885
2025-11-25 16:00:40 | INFO     | [PROTECT] ICNT/USDT:USDT 已取消止损单 552451888
2025-11-25 16:00:40 | INFO     | [LIVE CLOSE] 平仓 ICNT/USDT:USDT: buy 77.0 (原short仓位)
2025-11-25 16:00:40 | INFO     | [LIVE PROFIT] ICNT/USDT:USDT 开仓价格: 0.20520000, 当前价格: 0.24110000
2025-11-25 16:00:40 | INFO     | [LIVE PROFIT] ICNT/USDT:USDT 预期收益: -17.50% (约 -2.76430000 USDT)
2025-11-25 16:00:40 | INFO     | [LIVE MARKET] 创建市价单 ICNT/USDT:USDT: buy 77.0
2025-11-25 16:00:40 | INFO     | [LIVE SUCCESS] ICNT/USDT:USDT 市价单创建成功 ID:554244716 成交:77.0
2025-11-25 16:00:40 | INFO     | [LIVE SUCCESS] 平仓订单创建成功 ICNT/USDT:USDT: 554244716
2025-11-25 16:00:40 | INFO     | [DINGDING] 通知已发送: 🔔 [实盘] 平仓通知
📊 交易对: ICNT/USDT:USDT
📈 方向: 做空
🔢 数量: 77.00000000
💵 开仓价: 0.20520000
💵 平仓价: 0.24110000
📉 收益: -17.50% (-2.76430000 USDT)
2025-11-25 16:00:40 | INFO     | [PROTECT] XNY/USDT:USDT 已取消止盈单 610015845
2025-11-25 16:00:40 | INFO     | [PROTECT] XNY/USDT:USDT 已取消止损单 610015846
2025-11-25 16:00:40 | INFO     | [LIVE CLOSE] 平仓 XNY/USDT:USDT: buy 3683.4 (原short仓位)
2025-11-25 16:00:40 | INFO     | [LIVE PROFIT] XNY/USDT:USDT 开仓价格: 0.00428700, 当前价格: 0.00395000
2025-11-25 16:00:40 | INFO     | [LIVE PROFIT] XNY/USDT:USDT 预期收益: 7.86% (约 1.24130580 USDT)
2025-11-25 16:00:40 | INFO     | [LIVE MARKET] 创建市价单 XNY/USDT:USDT: buy 3683.4
2025-11-25 16:00:40 | INFO     | [LIVE SUCCESS] XNY/USDT:USDT 市价单创建成功 ID:611633412 成交:3683.0
2025-11-25 16:00:40 | INFO     | [LIVE SUCCESS] 平仓订单创建成功 XNY/USDT:USDT: 611633412
2025-11-25 16:00:41 | INFO     | [DINGDING] 通知已发送: 🔔 [实盘] 平仓通知
📊 交易对: XNY/USDT:USDT
📈 方向: 做空
🔢 数量: 3683.40000000
💵 开仓价: 0.00428700
💵 平仓价: 0.00395000
💰 收益: 7.86% (1.24130580 USDT)
2025-11-25 16:00:41 | INFO     | [LIVE WAIT] 等待 4 个平仓订单执行...
2025-11-25 16:00:43 | INFO     | [LIVE OK] 平仓操作完成，成功: 4/4
2025-11-25 16:00:43 | INFO     | [INFO] Cycle 15/16 仓位字典已清空
2025-11-25 16:00:43 | INFO     | [STEP 2] 跳过验证步骤...
2025-11-25 16:00:43 | INFO     | [STEP 3] 提取OHLC数据并计算因子...
2025-11-25 16:00:43 | INFO     | [OK] 获取活跃交易对完成，耗时: 0.001秒
2025-11-25 16:01:57 | INFO     | [FACTORS] 计算得到 534 个有效因子
2025-11-25 16:01:57 | INFO     | [STEP 4] 根据因子值选择交易标的...
2025-11-25 16:01:57 | INFO     | [FILTER] 忽略 1 个交易对: ['BTC/USDT:USDT']
2025-11-25 16:01:57 | INFO     | [FILTER] BANANAS31/USDT:USDT 已在其它周期出现 4 次，达到上限 4，跳过
2025-11-25 16:01:57 | INFO     | [STATS] 因子统计:
2025-11-25 16:01:57 | INFO     |    总计: 533 个标的
2025-11-25 16:01:57 | INFO     |    因子值范围: -0.065203 ~ 0.237275
2025-11-25 16:01:57 | INFO     |    选择做多: 2 个
2025-11-25 16:01:57 | INFO     |    选择做空: 2 个
2025-11-25 16:01:57 | INFO     | [TOP 20] 因子值排名前20的交易对:
2025-11-25 16:01:57 | INFO     |    第1名: BANANAS31/USDT:USDT: 0.237275
2025-11-25 16:01:57 | INFO     |    第2名: 1000WHY/USDT:USDT: 0.200241
2025-11-25 16:01:57 | INFO     |    第3名: NMR/USDT:USDT: 0.191728
2025-11-25 16:01:57 | INFO     |    第4名: HYPE/USDT:USDT: 0.188247
2025-11-25 16:01:57 | INFO     |    第5名: MYX/USDT:USDT: 0.180929
2025-11-25 16:01:57 | INFO     |    第6名: BCH/USDT:USDT: 0.179793
2025-11-25 16:01:57 | INFO     |    第7名: COMMON/USDT:USDT: 0.170403
2025-11-25 16:01:57 | INFO     |    第8名: PIPPIN/USDT:USDT: 0.159995
2025-11-25 16:01:57 | INFO     |    第9名: EUL/USDT:USDT: 0.158209
2025-11-25 16:01:57 | INFO     |    第10名: TRUST/USDT:USDT: 0.158188
2025-11-25 16:01:57 | INFO     |    第11名: XLM/USDT:USDT: 0.148258
2025-11-25 16:01:57 | INFO     |    第12名: HIPPO/USDT:USDT: 0.146960
2025-11-25 16:01:57 | INFO     |    第13名: LYN/USDT:USDT: 0.143540
2025-11-25 16:01:57 | INFO     |    第14名: NXPC/USDT:USDT: 0.142082
2025-11-25 16:01:57 | INFO     |    第15名: VINE/USDT:USDT: 0.141802
2025-11-25 16:01:57 | INFO     |    第16名: BEAMX/USDT:USDT: 0.139323
2025-11-25 16:01:57 | INFO     |    第17名: BEAT/USDT:USDT: 0.136485
2025-11-25 16:01:57 | INFO     |    第18名: MERL/USDT:USDT: 0.133963
2025-11-25 16:01:57 | INFO     |    第19名: IDOL/USDT:USDT: 0.133882
2025-11-25 16:01:57 | INFO     |    第20名: YALA/USDT:USDT: 0.127867
2025-11-25 16:01:57 | INFO     | [BOTTOM 20] 因子值排名后20的交易对:
2025-11-25 16:01:57 | INFO     |    第514名: NKN/USDT:USDT: -0.021341
2025-11-25 16:01:57 | INFO     |    第515名: XPIN/USDT:USDT: -0.021826
2025-11-25 16:01:57 | INFO     |    第516名: TLM/USDT:USDT: -0.023400
2025-11-25 16:01:57 | INFO     |    第517名: JTO/USDT:USDT: -0.024061
2025-11-25 16:01:57 | INFO     |    第518名: AR/USDT:USDT: -0.025119
2025-11-25 16:01:57 | INFO     |    第519名: NOT/USDT:USDT: -0.025649
2025-11-25 16:01:57 | INFO     |    第520名: ASR/USDT:USDT: -0.025902
2025-11-25 16:01:57 | INFO     |    第521名: CVX/USDT:USDT: -0.026261
2025-11-25 16:01:57 | INFO     |    第522名: ZBT/USDT:USDT: -0.027332
2025-11-25 16:01:57 | INFO     |    第523名: JASMY/USDT:USDT: -0.027416
2025-11-25 16:01:57 | INFO     |    第524名: PHA/USDT:USDT: -0.029894
2025-11-25 16:01:57 | INFO     |    第525名: CETUS/USDT:USDT: -0.030116
2025-11-25 16:01:57 | INFO     |    第526名: AT/USDT:USDT: -0.030616
2025-11-25 16:01:57 | INFO     |    第527名: NIL/USDT:USDT: -0.034787
2025-11-25 16:01:57 | INFO     |    第528名: AWE/USDT:USDT: -0.036096
2025-11-25 16:01:57 | INFO     |    第529名: RVV/USDT:USDT: -0.046693
2025-11-25 16:01:57 | INFO     |    第530名: SPK/USDT:USDT: -0.053400
2025-11-25 16:01:57 | INFO     |    第531名: KAITO/USDT:USDT: -0.057572
2025-11-25 16:01:57 | INFO     |    第532名: ICNT/USDT:USDT: -0.064614
2025-11-25 16:01:57 | INFO     |    第533名: JELLYJELLY/USDT:USDT: -0.065203
2025-11-25 16:01:57 | INFO     | [LONG SYMBOLS] 做多标的详情:
2025-11-25 16:01:57 | INFO     |    1000WHY/USDT:USDT: 0.200241
2025-11-25 16:01:57 | INFO     |    NMR/USDT:USDT: 0.191728
2025-11-25 16:01:57 | INFO     | [SHORT SYMBOLS] 做空标的详情:
2025-11-25 16:01:57 | INFO     |    JELLYJELLY/USDT:USDT: -0.065203
2025-11-25 16:01:57 | INFO     |    ICNT/USDT:USDT: -0.064614
2025-11-25 16:01:57 | INFO     | [SELECTION] 选择交易标的:
2025-11-25 16:01:57 | INFO     |    做多: ['1000WHY/USDT:USDT', 'NMR/USDT:USDT']
2025-11-25 16:01:57 | INFO     |    做空: ['JELLYJELLY/USDT:USDT', 'ICNT/USDT:USDT']
2025-11-25 16:01:57 | INFO     | [DINGDING] 通知已发送: Cycle 15/16 交易标的选择完成:
做多 (2个):
  1000WHY/USDT:USDT: 0.200241
  NMR/USDT:USDT: 0.191728
做空 (2个):
  JELLYJELLY/USDT:USDT: -0.065203
  ICNT/USDT:USDT: -0.064614

因子统计:
  总计: 534 个标的
  范围: -0.065203 ~ 0.237275
2025-11-25 16:01:57 | INFO     | [STEP 5] 获取当前合约保证金...
2025-11-25 16:01:58 | INFO     | [BALANCE] 当前保证金余额: 25.54 USDT
2025-11-25 16:01:58 | INFO     | [DINGDING] 通知已发送:  账户余额报告
 时间: 2025-11-25 16:01:58
 USDT余额: 25.54
2025-11-25 16:01:58 | INFO     | [BALANCE] 余额通知已发送: 25.54 USDT
2025-11-25 16:01:58 | INFO     | [BALANCE] Cycle 15/16 使用当前可用余额 25.54 USDT 执行开仓
2025-11-25 16:01:58 | INFO     | [STEP 6] 执行开仓交易...
2025-11-25 16:01:58 | INFO     | [BALANCE] 总余额: 25.54 USDT
2025-11-25 16:01:58 | INFO     | [INFO] 总仓位数: 4
2025-11-25 16:01:58 | INFO     | [VALUE] 单仓价值: 18.77 USDT
2025-11-25 16:01:58 | INFO     | [MARGIN] 设置保证金模式为 ISOLATED...
2025-11-25 16:01:58 | INFO     | [MARGIN] 1000WHY/USDT:USDT 已经是 ISOLATED 模式
2025-11-25 16:01:58 | INFO     | [MARGIN] NMR/USDT:USDT 已经是 ISOLATED 模式
2025-11-25 16:01:58 | INFO     | [MARGIN] JELLYJELLY/USDT:USDT 已经是 ISOLATED 模式
2025-11-25 16:01:58 | INFO     | [MARGIN] ICNT/USDT:USDT 已经是 ISOLATED 模式
2025-11-25 16:01:58 | INFO     | [MARGIN] 保证金模式设置完成: 4/4 成功
2025-11-25 16:01:58 | INFO     | [LEVERAGE] 设置杠杆为 3x...
2025-11-25 16:01:58 | INFO     | [LIVE LONG] 开多头仓位: 2 个
2025-11-25 16:01:58 | INFO     | [LIVE BUY] 做多 1000WHY/USDT:USDT: 1009204.7 @ 1.86e-05
2025-11-25 16:01:58 | INFO     | [LIVE MARKET] 创建市价单 1000WHY/USDT:USDT: buy 1009204.7
2025-11-25 16:01:58 | INFO     | [LIVE SUCCESS] 1000WHY/USDT:USDT 市价单创建成功 ID:396887898 成交:1009204.0
2025-11-25 16:01:58 | INFO     | [PROTECT] 1000WHY/USDT:USDT 止盈单创建成功 ID:396887899 触发价:2.23e-05
2025-11-25 16:01:58 | INFO     | [PROTECT] 1000WHY/USDT:USDT 止损单创建成功 ID:396887905 触发价:1.49e-05
2025-11-25 16:01:58 | INFO     | [LIVE BUY] 做多 NMR/USDT:USDT: 1.6 @ 11.498
2025-11-25 16:01:58 | INFO     | [LIVE MARKET] 创建市价单 NMR/USDT:USDT: buy 1.6
2025-11-25 16:01:58 | INFO     | [LIVE SUCCESS] NMR/USDT:USDT 市价单创建成功 ID:3645164891 成交:1.6
2025-11-25 16:01:58 | INFO     | [PROTECT] NMR/USDT:USDT 止盈单创建成功 ID:3645164893 触发价:13.798
2025-11-25 16:01:59 | INFO     | [PROTECT] NMR/USDT:USDT 止损单创建成功 ID:3645164895 触发价:9.198
2025-11-25 16:01:59 | INFO     | [LIVE OK] 多头开仓: 2/2 成功
2025-11-25 16:01:59 | INFO     | [LIVE SHORT] 开空头仓位: 2 个
2025-11-25 16:01:59 | INFO     | [LIVE SELL] 做空 JELLYJELLY/USDT:USDT: 464.4 @ 0.04042
2025-11-25 16:01:59 | INFO     | [LIVE MARKET] 创建市价单 JELLYJELLY/USDT:USDT: sell 464.4
2025-11-25 16:01:59 | INFO     | [LIVE SUCCESS] JELLYJELLY/USDT:USDT 市价单创建成功 ID:1330880449 成交:464.0
2025-11-25 16:01:59 | INFO     | [PROTECT] JELLYJELLY/USDT:USDT 止盈单创建成功 ID:1330880451 触发价:0.03234
2025-11-25 16:01:59 | INFO     | [PROTECT] JELLYJELLY/USDT:USDT 止损单创建成功 ID:1330880452 触发价:0.0485
2025-11-25 16:01:59 | INFO     | [LIVE SELL] 做空 ICNT/USDT:USDT: 77.6 @ 0.2419
2025-11-25 16:01:59 | INFO     | [LIVE MARKET] 创建市价单 ICNT/USDT:USDT: sell 77.6
2025-11-25 16:01:59 | INFO     | [LIVE SUCCESS] ICNT/USDT:USDT 市价单创建成功 ID:554247378 成交:77.0
2025-11-25 16:01:59 | INFO     | [PROTECT] ICNT/USDT:USDT 止盈单创建成功 ID:554247381 触发价:0.1935
2025-11-25 16:01:59 | INFO     | [PROTECT] ICNT/USDT:USDT 止损单创建成功 ID:554247384 触发价:0.2903
2025-11-25 16:01:59 | INFO     | [LIVE OK] 空头开仓: 2/2 成功
2025-11-25 16:01:59 | INFO     | [POSITIONS] 新仓位已添加到字典: {'1000WHY/USDT:USDT': {'side': 'long', 'quantity': 1009204.7, 'open_price': 1.86e-05, 'position_side': 'LONG', 'take_profit_order_id': '396887899', 'take_profit_price': 2.23e-05, 'stop_loss_order_id': '396887905', 'stop_loss_price': 1.49e-05}, 'NMR/USDT:USDT': {'side': 'long', 'quantity': 1.6, 'open_price': 11.498, 'position_side': 'LONG', 'take_profit_order_id': '3645164893', 'take_profit_price': 13.798, 'stop_loss_order_id': '3645164895', 'stop_loss_price': 9.198}, 'JELLYJELLY/USDT:USDT': {'side': 'short', 'quantity': 464.4, 'open_price': 0.04042, 'position_side': 'SHORT', 'take_profit_order_id': '1330880451', 'take_profit_price': 0.03234, 'stop_loss_order_id': '1330880452', 'stop_loss_price': 0.0485}, 'ICNT/USDT:USDT': {'side': 'short', 'quantity': 77.6, 'open_price': 0.2419, 'position_side': 'SHORT', 'take_profit_order_id': '554247381', 'take_profit_price': 0.1935, 'stop_loss_order_id': '554247384', 'stop_loss_price': 0.2903}}
2025-11-25 16:01:59 | INFO     | [POSITIONS] 当前仓位字典: {'1000WHY/USDT:USDT': {'side': 'long', 'quantity': 1009204.7, 'open_price': 1.86e-05, 'position_side': 'LONG', 'take_profit_order_id': '396887899', 'take_profit_price': 2.23e-05, 'stop_loss_order_id': '396887905', 'stop_loss_price': 1.49e-05}, 'NMR/USDT:USDT': {'side': 'long', 'quantity': 1.6, 'open_price': 11.498, 'position_side': 'LONG', 'take_profit_order_id': '3645164893', 'take_profit_price': 13.798, 'stop_loss_order_id': '3645164895', 'stop_loss_price': 9.198}, 'JELLYJELLY/USDT:USDT': {'side': 'short', 'quantity': 464.4, 'open_price': 0.04042, 'position_side': 'SHORT', 'take_profit_order_id': '1330880451', 'take_profit_price': 0.03234, 'stop_loss_order_id': '1330880452', 'stop_loss_price': 0.0485}, 'ICNT/USDT:USDT': {'side': 'short', 'quantity': 77.6, 'open_price': 0.2419, 'position_side': 'SHORT', 'take_profit_order_id': '554247381', 'take_profit_price': 0.1935, 'stop_loss_order_id': '554247384', 'stop_loss_price': 0.2903}}
2025-11-25 16:01:59 | INFO     | [STEP 7] 开仓交易完成
2025-11-25 16:01:59 | INFO     | [INFO] 跳过详细仓位验证，交易周期完成
2025-11-25 16:01:59 | INFO     | [STEP 8] 记录当前交易对价格和因子信息...
2025-11-25 16:01:59 | INFO     | [API] 成功获取 534 个交易对价格
2025-11-25 16:01:59 | INFO     | [RECORD] 记录了 534 个交易对的价格和因子信息
2025-11-25 16:01:59 | INFO     | [OK] 交易周期执行成功
2025-11-25 16:01:59 | INFO     | [TIME] 周期耗时: 100.2秒
2025-11-25 16:01:59 | INFO     | [16H] Cycle 0/16 下次执行时间: 2025-11-25 17:00:00
2025-11-25 16:01:59 | INFO     | [WAIT] 等待 3480 秒 (1.0 小时)
2025-11-25 16:13:20 | INFO     | [WAIT] Cycle 0/16 剩余等待时间: 46.7 分钟
2025-11-25 16:24:41 | INFO     | [WAIT] Cycle 0/16 剩余等待时间: 35.3 分钟
2025-11-25 16:36:01 | INFO     | [WAIT] Cycle 0/16 剩余等待时间: 24.0 分钟
2025-11-25 16:47:20 | INFO     | [WAIT] Cycle 0/16 剩余等待时间: 12.7 分钟
2025-11-25 16:58:41 | INFO     | [WAIT] Cycle 0/16 剩余等待时间: 1.3 分钟
2025-11-25 16:59:49 | INFO     | [WAIT] Cycle 0/16 最后等待: 10 秒
2025-11-25 17:00:19 | INFO     | 
==================================================
2025-11-25 17:00:19 | INFO     | [CYCLE] 第 33 轮交易周期 (Cycle 0/16)
2025-11-25 17:00:19 | INFO     | [TIME] 开始时间: 2025-11-25 17:00:19
2025-11-25 17:00:19 | INFO     | ==================================================
2025-11-25 17:00:38 | INFO     | [STEP 1] Cycle 0/16 平仓字典中存储的仓位...
2025-11-25 17:00:38 | INFO     | [POSITIONS] 当前持有仓位: {'OBOL/USDT:USDT': {'side': 'long', 'quantity': 358.2, 'open_price': 0.05862, 'position_side': 'LONG', 'take_profit_order_id': '507922207', 'take_profit_price': 0.07034, 'stop_loss_order_id': '507922213', 'stop_loss_price': 0.0469}, 'XMR/USDT:USDT': {'side': 'short', 'quantity': 0.054, 'open_price': 390.55, 'position_side': 'SHORT', 'take_profit_order_id': '13383230427', 'take_profit_price': 312.44, 'stop_loss_order_id': '13383230430', 'stop_loss_price': 468.66}, 'KITE/USDT:USDT': {'side': 'short', 'quantity': 206.3, 'open_price': 0.1018, 'position_side': 'SHORT', 'take_profit_order_id': '413410736', 'take_profit_price': 0.08144, 'stop_loss_order_id': '413410749', 'stop_loss_price': 0.12216}}
2025-11-25 17:00:38 | INFO     | [LIVE CLOSE] 开始平仓指定仓位: 3 个
2025-11-25 17:00:38 | INFO     | [PROTECT] OBOL/USDT:USDT 已取消止盈单 507922207
2025-11-25 17:00:38 | INFO     | [PROTECT] OBOL/USDT:USDT 已取消止损单 507922213
2025-11-25 17:00:38 | INFO     | [LIVE CLOSE] 平仓 OBOL/USDT:USDT: sell 358.2 (原long仓位)
2025-11-25 17:00:38 | INFO     | [LIVE PROFIT] OBOL/USDT:USDT 开仓价格: 0.05862000, 当前价格: 0.06042000
2025-11-25 17:00:38 | INFO     | [LIVE PROFIT] OBOL/USDT:USDT 预期收益: 3.07% (约 0.64476000 USDT)
2025-11-25 17:00:38 | INFO     | [LIVE MARKET] 创建市价单 OBOL/USDT:USDT: sell 358.2
2025-11-25 17:00:38 | INFO     | [LIVE SUCCESS] OBOL/USDT:USDT 市价单创建成功 ID:508359947 成交:358.0
2025-11-25 17:00:38 | INFO     | [LIVE SUCCESS] 平仓订单创建成功 OBOL/USDT:USDT: 508359947
2025-11-25 17:00:39 | INFO     | [DINGDING] 通知已发送: 🔔 [实盘] 平仓通知
📊 交易对: OBOL/USDT:USDT
📈 方向: 做多
🔢 数量: 358.20000000
💵 开仓价: 0.05862000
💵 平仓价: 0.06042000
💰 收益: 3.07% (0.64476000 USDT)
2025-11-25 17:00:39 | INFO     | [PROTECT] XMR/USDT:USDT 已取消止盈单 13383230427
2025-11-25 17:00:39 | INFO     | [PROTECT] XMR/USDT:USDT 已取消止损单 13383230430
2025-11-25 17:00:39 | INFO     | [LIVE CLOSE] 平仓 XMR/USDT:USDT: buy 0.054 (原short仓位)
2025-11-25 17:00:39 | INFO     | [LIVE PROFIT] XMR/USDT:USDT 开仓价格: 390.55000000, 当前价格: 381.97000000
2025-11-25 17:00:39 | INFO     | [LIVE PROFIT] XMR/USDT:USDT 预期收益: 2.20% (约 0.46332000 USDT)
2025-11-25 17:00:39 | INFO     | [LIVE MARKET] 创建市价单 XMR/USDT:USDT: buy 0.054
2025-11-25 17:00:39 | INFO     | [LIVE SUCCESS] XMR/USDT:USDT 市价单创建成功 ID:13387096010 成交:0.054
2025-11-25 17:00:39 | INFO     | [LIVE SUCCESS] 平仓订单创建成功 XMR/USDT:USDT: 13387096010
2025-11-25 17:00:40 | INFO     | [DINGDING] 通知已发送: 🔔 [实盘] 平仓通知
📊 交易对: XMR/USDT:USDT
📈 方向: 做空
🔢 数量: 0.05400000
💵 开仓价: 390.55000000
💵 平仓价: 381.97000000
💰 收益: 2.20% (0.46332000 USDT)
2025-11-25 17:00:40 | INFO     | [PROTECT] KITE/USDT:USDT 已取消止盈单 413410736
2025-11-25 17:00:40 | INFO     | [PROTECT] KITE/USDT:USDT 已取消止损单 413410749
2025-11-25 17:00:40 | INFO     | [LIVE CLOSE] 平仓 KITE/USDT:USDT: buy 206.3 (原short仓位)
2025-11-25 17:00:40 | INFO     | [LIVE PROFIT] KITE/USDT:USDT 开仓价格: 0.10180000, 当前价格: 0.10170000
2025-11-25 17:00:40 | INFO     | [LIVE PROFIT] KITE/USDT:USDT 预期收益: 0.10% (约 0.02063000 USDT)
2025-11-25 17:00:40 | INFO     | [LIVE MARKET] 创建市价单 KITE/USDT:USDT: buy 206.3
2025-11-25 17:00:40 | INFO     | [LIVE SUCCESS] KITE/USDT:USDT 市价单创建成功 ID:417294754 成交:206.0
2025-11-25 17:00:40 | INFO     | [LIVE SUCCESS] 平仓订单创建成功 KITE/USDT:USDT: 417294754
2025-11-25 17:00:40 | INFO     | [DINGDING] 通知已发送: 🔔 [实盘] 平仓通知
📊 交易对: KITE/USDT:USDT
📈 方向: 做空
🔢 数量: 206.30000000
💵 开仓价: 0.10180000
💵 平仓价: 0.10170000
💰 收益: 0.10% (0.02063000 USDT)
2025-11-25 17:00:40 | INFO     | [LIVE WAIT] 等待 3 个平仓订单执行...
2025-11-25 17:00:42 | INFO     | [LIVE OK] 平仓操作完成，成功: 3/3
2025-11-25 17:00:42 | INFO     | [INFO] Cycle 0/16 仓位字典已清空
2025-11-25 17:00:42 | INFO     | [STEP 2] 跳过验证步骤...
2025-11-25 17:00:42 | INFO     | [STEP 3] 提取OHLC数据并计算因子...
2025-11-25 17:00:42 | INFO     | [OK] 获取活跃交易对完成，耗时: 0.001秒
2025-11-25 17:01:57 | INFO     | [FACTORS] 计算得到 534 个有效因子
2025-11-25 17:01:57 | INFO     | [STEP 4] 根据因子值选择交易标的...
2025-11-25 17:01:57 | INFO     | [FILTER] 忽略 1 个交易对: ['BTC/USDT:USDT']
2025-11-25 17:01:57 | INFO     | [STATS] 因子统计:
2025-11-25 17:01:57 | INFO     |    总计: 533 个标的
2025-11-25 17:01:57 | INFO     |    因子值范围: -0.063488 ~ 0.222144
2025-11-25 17:01:57 | INFO     |    选择做多: 2 个
2025-11-25 17:01:57 | INFO     |    选择做空: 2 个
2025-11-25 17:01:57 | INFO     | [TOP 20] 因子值排名前20的交易对:
2025-11-25 17:01:57 | INFO     |    第1名: VINE/USDT:USDT: 0.222144
2025-11-25 17:01:57 | INFO     |    第2名: PIPPIN/USDT:USDT: 0.210965
2025-11-25 17:01:57 | INFO     |    第3名: ARKM/USDT:USDT: 0.208468
2025-11-25 17:01:57 | INFO     |    第4名: BCH/USDT:USDT: 0.202796
2025-11-25 17:01:57 | INFO     |    第5名: BEAMX/USDT:USDT: 0.181212
2025-11-25 17:01:57 | INFO     |    第6名: 1000WHY/USDT:USDT: 0.161366
2025-11-25 17:01:57 | INFO     |    第7名: YALA/USDT:USDT: 0.158939
2025-11-25 17:01:57 | INFO     |    第8名: BOB/USDT:USDT: 0.155447
2025-11-25 17:01:57 | INFO     |    第9名: IDOL/USDT:USDT: 0.151832
2025-11-25 17:01:57 | INFO     |    第10名: HIPPO/USDT:USDT: 0.150670
2025-11-25 17:01:57 | INFO     |    第11名: BANANAS31/USDT:USDT: 0.148173
2025-11-25 17:01:57 | INFO     |    第12名: COMMON/USDT:USDT: 0.146220
2025-11-25 17:01:57 | INFO     |    第13名: HYPE/USDT:USDT: 0.138650
2025-11-25 17:01:57 | INFO     |    第14名: FF/USDT:USDT: 0.137915
2025-11-25 17:01:57 | INFO     |    第15名: SKATE/USDT:USDT: 0.132403
2025-11-25 17:01:57 | INFO     |    第16名: TRUST/USDT:USDT: 0.131126
2025-11-25 17:01:57 | INFO     |    第17名: AEVO/USDT:USDT: 0.130810
2025-11-25 17:01:57 | INFO     |    第18名: HOOK/USDT:USDT: 0.130276
2025-11-25 17:01:57 | INFO     |    第19名: FIS/USDT:USDT: 0.129355
2025-11-25 17:01:57 | INFO     |    第20名: GIGGLE/USDT:USDT: 0.128780
2025-11-25 17:01:57 | INFO     | [BOTTOM 20] 因子值排名后20的交易对:
2025-11-25 17:01:57 | INFO     |    第514名: AT/USDT:USDT: -0.020719
2025-11-25 17:01:57 | INFO     |    第515名: 1000PEPE/USDT:USDT: -0.020862
2025-11-25 17:01:57 | INFO     |    第516名: TLM/USDT:USDT: -0.020976
2025-11-25 17:01:57 | INFO     |    第517名: MOVE/USDT:USDT: -0.022314
2025-11-25 17:01:57 | INFO     |    第518名: JTO/USDT:USDT: -0.023058
2025-11-25 17:01:57 | INFO     |    第519名: POPCAT/USDT:USDT: -0.023553
2025-11-25 17:01:57 | INFO     |    第520名: SCR/USDT:USDT: -0.023696
2025-11-25 17:01:57 | INFO     |    第521名: KAS/USDT:USDT: -0.025889
2025-11-25 17:01:57 | INFO     |    第522名: ZBT/USDT:USDT: -0.026654
2025-11-25 17:01:57 | INFO     |    第523名: ASR/USDT:USDT: -0.030824
2025-11-25 17:01:57 | INFO     |    第524名: MET/USDT:USDT: -0.031000
2025-11-25 17:01:57 | INFO     |    第525名: MITO/USDT:USDT: -0.031244
2025-11-25 17:01:57 | INFO     |    第526名: BLESS/USDT:USDT: -0.031530
2025-11-25 17:01:57 | INFO     |    第527名: D/USDT:USDT: -0.034302
2025-11-25 17:01:57 | INFO     |    第528名: VANRY/USDT:USDT: -0.037076
2025-11-25 17:01:57 | INFO     |    第529名: SPK/USDT:USDT: -0.038119
2025-11-25 17:01:57 | INFO     |    第530名: GLM/USDT:USDT: -0.043202
2025-11-25 17:01:57 | INFO     |    第531名: KAITO/USDT:USDT: -0.048374
2025-11-25 17:01:57 | INFO     |    第532名: RVV/USDT:USDT: -0.050455
2025-11-25 17:01:57 | INFO     |    第533名: JELLYJELLY/USDT:USDT: -0.063488
2025-11-25 17:01:57 | INFO     | [LONG SYMBOLS] 做多标的详情:
2025-11-25 17:01:57 | INFO     |    VINE/USDT:USDT: 0.222144
2025-11-25 17:01:57 | INFO     |    PIPPIN/USDT:USDT: 0.210965
2025-11-25 17:01:57 | INFO     | [SHORT SYMBOLS] 做空标的详情:
2025-11-25 17:01:57 | INFO     |    JELLYJELLY/USDT:USDT: -0.063488
2025-11-25 17:01:57 | INFO     |    RVV/USDT:USDT: -0.050455
2025-11-25 17:01:57 | INFO     | [SELECTION] 选择交易标的:
2025-11-25 17:01:57 | INFO     |    做多: ['VINE/USDT:USDT', 'PIPPIN/USDT:USDT']
2025-11-25 17:01:57 | INFO     |    做空: ['JELLYJELLY/USDT:USDT', 'RVV/USDT:USDT']
2025-11-25 17:01:57 | INFO     | [DINGDING] 通知已发送: Cycle 0/16 交易标的选择完成:
做多 (2个):
  VINE/USDT:USDT: 0.222144
  PIPPIN/USDT:USDT: 0.210965
做空 (2个):
  JELLYJELLY/USDT:USDT: -0.063488
  RVV/USDT:USDT: -0.050455

因子统计:
  总计: 534 个标的
  范围: -0.063488 ~ 0.222144
2025-11-25 17:01:57 | INFO     | [STEP 5] 获取当前合约保证金...
2025-11-25 17:01:57 | INFO     | [BALANCE] 当前保证金余额: 22.25 USDT
2025-11-25 17:01:57 | INFO     | [DINGDING] 通知已发送:  账户余额报告
 时间: 2025-11-25 17:01:57
 USDT余额: 22.25
2025-11-25 17:01:57 | INFO     | [BALANCE] 余额通知已发送: 22.25 USDT
2025-11-25 17:01:57 | INFO     | [BALANCE] Cycle 0/16 使用当前可用余额 22.25 USDT 执行开仓
2025-11-25 17:01:57 | INFO     | [STEP 6] 执行开仓交易...
2025-11-25 17:01:57 | INFO     | [BALANCE] 总余额: 22.25 USDT
2025-11-25 17:01:57 | INFO     | [INFO] 总仓位数: 4
2025-11-25 17:01:57 | INFO     | [VALUE] 单仓价值: 16.36 USDT
2025-11-25 17:01:57 | INFO     | [MARGIN] 设置保证金模式为 ISOLATED...
2025-11-25 17:01:57 | INFO     | [MARGIN] VINE/USDT:USDT (VINEUSDT) 保证金模式设置为 ISOLATED ✓
2025-11-25 17:01:57 | INFO     | [MARGIN] PIPPIN/USDT:USDT 已经是 ISOLATED 模式
2025-11-25 17:01:57 | INFO     | [MARGIN] JELLYJELLY/USDT:USDT 已经是 ISOLATED 模式
2025-11-25 17:01:57 | INFO     | [MARGIN] RVV/USDT:USDT (RVVUSDT) 保证金模式设置为 ISOLATED ✓
2025-11-25 17:01:58 | INFO     | [MARGIN] 保证金模式设置完成: 4/4 成功
2025-11-25 17:01:58 | INFO     | [LEVERAGE] 设置杠杆为 3x...
2025-11-25 17:01:58 | INFO     | [LIVE LONG] 开多头仓位: 2 个
2025-11-25 17:01:58 | INFO     | [LIVE BUY] 做多 VINE/USDT:USDT: 566.7 @ 0.02886
2025-11-25 17:01:58 | INFO     | [LIVE MARKET] 创建市价单 VINE/USDT:USDT: buy 566.7
2025-11-25 17:01:58 | INFO     | [LIVE SUCCESS] VINE/USDT:USDT 市价单创建成功 ID:2381705908 成交:566.0
2025-11-25 17:01:58 | INFO     | [PROTECT] VINE/USDT:USDT 止盈单创建成功 ID:2381705909 触发价:0.03463
2025-11-25 17:01:58 | INFO     | [PROTECT] VINE/USDT:USDT 止损单创建成功 ID:2381705910 触发价:0.02309
2025-11-25 17:01:58 | INFO     | [LIVE BUY] 做多 PIPPIN/USDT:USDT: 234.0 @ 0.06989
2025-11-25 17:01:58 | INFO     | [LIVE MARKET] 创建市价单 PIPPIN/USDT:USDT: buy 234.0
2025-11-25 17:01:58 | INFO     | [LIVE SUCCESS] PIPPIN/USDT:USDT 市价单创建成功 ID:1083872104 成交:234.0
2025-11-25 17:01:58 | INFO     | [PROTECT] PIPPIN/USDT:USDT 止盈单创建成功 ID:1083872123 触发价:0.08387
2025-11-25 17:01:58 | INFO     | [PROTECT] PIPPIN/USDT:USDT 止损单创建成功 ID:1083872173 触发价:0.05591
2025-11-25 17:01:58 | INFO     | [LIVE OK] 多头开仓: 2/2 成功
2025-11-25 17:01:58 | INFO     | [LIVE SHORT] 开空头仓位: 2 个
2025-11-25 17:01:58 | INFO     | [LIVE SELL] 做空 JELLYJELLY/USDT:USDT: 407.7 @ 0.04012
2025-11-25 17:01:58 | INFO     | [LIVE MARKET] 创建市价单 JELLYJELLY/USDT:USDT: sell 407.7
2025-11-25 17:01:58 | INFO     | [LIVE SUCCESS] JELLYJELLY/USDT:USDT 市价单创建成功 ID:1330933158 成交:407.0
2025-11-25 17:01:58 | INFO     | [PROTECT] JELLYJELLY/USDT:USDT 止盈单创建成功 ID:1330933160 触发价:0.0321
2025-11-25 17:01:58 | INFO     | [PROTECT] JELLYJELLY/USDT:USDT 止损单创建成功 ID:1330933161 触发价:0.04814
2025-11-25 17:01:58 | INFO     | [LIVE SELL] 做空 RVV/USDT:USDT: 3132.3 @ 0.005222
2025-11-25 17:01:58 | INFO     | [LIVE MARKET] 创建市价单 RVV/USDT:USDT: sell 3132.3
2025-11-25 17:01:58 | INFO     | [LIVE SUCCESS] RVV/USDT:USDT 市价单创建成功 ID:227388254 成交:3132.0
2025-11-25 17:01:58 | INFO     | [PROTECT] RVV/USDT:USDT 止盈单创建成功 ID:227388255 触发价:0.004178
2025-11-25 17:01:59 | INFO     | [PROTECT] RVV/USDT:USDT 止损单创建成功 ID:227388258 触发价:0.006266
2025-11-25 17:01:59 | INFO     | [LIVE OK] 空头开仓: 2/2 成功
2025-11-25 17:01:59 | INFO     | [POSITIONS] 新仓位已添加到字典: {'VINE/USDT:USDT': {'side': 'long', 'quantity': 566.7, 'open_price': 0.02886, 'position_side': 'LONG', 'take_profit_order_id': '2381705909', 'take_profit_price': 0.03463, 'stop_loss_order_id': '2381705910', 'stop_loss_price': 0.02309}, 'PIPPIN/USDT:USDT': {'side': 'long', 'quantity': 234.0, 'open_price': 0.06989, 'position_side': 'LONG', 'take_profit_order_id': '1083872123', 'take_profit_price': 0.08387, 'stop_loss_order_id': '1083872173', 'stop_loss_price': 0.05591}, 'JELLYJELLY/USDT:USDT': {'side': 'short', 'quantity': 407.7, 'open_price': 0.04012, 'position_side': 'SHORT', 'take_profit_order_id': '1330933160', 'take_profit_price': 0.0321, 'stop_loss_order_id': '1330933161', 'stop_loss_price': 0.04814}, 'RVV/USDT:USDT': {'side': 'short', 'quantity': 3132.3, 'open_price': 0.005222, 'position_side': 'SHORT', 'take_profit_order_id': '227388255', 'take_profit_price': 0.004178, 'stop_loss_order_id': '227388258', 'stop_loss_price': 0.006266}}
2025-11-25 17:01:59 | INFO     | [POSITIONS] 当前仓位字典: {'VINE/USDT:USDT': {'side': 'long', 'quantity': 566.7, 'open_price': 0.02886, 'position_side': 'LONG', 'take_profit_order_id': '2381705909', 'take_profit_price': 0.03463, 'stop_loss_order_id': '2381705910', 'stop_loss_price': 0.02309}, 'PIPPIN/USDT:USDT': {'side': 'long', 'quantity': 234.0, 'open_price': 0.06989, 'position_side': 'LONG', 'take_profit_order_id': '1083872123', 'take_profit_price': 0.08387, 'stop_loss_order_id': '1083872173', 'stop_loss_price': 0.05591}, 'JELLYJELLY/USDT:USDT': {'side': 'short', 'quantity': 407.7, 'open_price': 0.04012, 'position_side': 'SHORT', 'take_profit_order_id': '1330933160', 'take_profit_price': 0.0321, 'stop_loss_order_id': '1330933161', 'stop_loss_price': 0.04814}, 'RVV/USDT:USDT': {'side': 'short', 'quantity': 3132.3, 'open_price': 0.005222, 'position_side': 'SHORT', 'take_profit_order_id': '227388255', 'take_profit_price': 0.004178, 'stop_loss_order_id': '227388258', 'stop_loss_price': 0.006266}}
2025-11-25 17:01:59 | INFO     | [STEP 7] 开仓交易完成
2025-11-25 17:01:59 | INFO     | [INFO] 跳过详细仓位验证，交易周期完成
2025-11-25 17:01:59 | INFO     | [STEP 8] 记录当前交易对价格和因子信息...
2025-11-25 17:01:59 | INFO     | [API] 成功获取 534 个交易对价格
2025-11-25 17:01:59 | INFO     | [RECORD] 记录了 534 个交易对的价格和因子信息
2025-11-25 17:01:59 | INFO     | [OK] 交易周期执行成功
2025-11-25 17:01:59 | INFO     | [TIME] 周期耗时: 99.8秒
2025-11-25 17:01:59 | INFO     | [16H] Cycle 1/16 下次执行时间: 2025-11-25 18:00:00
2025-11-25 17:01:59 | INFO     | [WAIT] 等待 3481 秒 (1.0 小时)
2025-11-25 17:10:14 | WARNING  | [PROTECT WARNING] 获取 XPIN/USDT:USDT 持仓信息失败: binance {"code":-1007,"msg":"Timeout waiting for response from backend server. Send status unknown; execution status unknown."}
2025-11-25 17:13:31 | INFO     | [WAIT] Cycle 1/16 剩余等待时间: 46.5 分钟
2025-11-25 17:17:18 | INFO     | [PROTECT] ICNT/USDT:USDT 已取消止盈单 554106526
2025-11-25 17:17:18 | INFO     | [PROTECT] Cycle 14/16 ICNT/USDT:USDT 仓位已由保护单或外部操作平仓 (止损单已触发 (状态: closed))，自动移除
2025-11-25 17:17:19 | INFO     | [DINGDING] 通知已发送: 🛡️ 仓位监控
Cycle: Cycle 14/16
交易对: ICNT/USDT:USDT
方向: short
原因: 止损单已触发 (状态: closed)
2025-11-25 17:24:57 | INFO     | [WAIT] Cycle 1/16 剩余等待时间: 35.0 分钟
2025-11-25 17:36:17 | INFO     | [WAIT] Cycle 1/16 剩余等待时间: 23.7 分钟
2025-11-25 17:47:38 | INFO     | [WAIT] Cycle 1/16 剩余等待时间: 12.4 分钟
2025-11-25 17:59:00 | INFO     | [WAIT] Cycle 1/16 剩余等待时间: 1.0 分钟
2025-11-25 18:00:08 | INFO     | 
==================================================
2025-11-25 18:00:08 | INFO     | [CYCLE] 第 34 轮交易周期 (Cycle 1/16)
2025-11-25 18:00:08 | INFO     | [TIME] 开始时间: 2025-11-25 18:00:08
2025-11-25 18:00:08 | INFO     | ==================================================
2025-11-25 18:00:28 | INFO     | [STEP 1] Cycle 1/16 平仓字典中存储的仓位...
2025-11-25 18:00:28 | INFO     | [POSITIONS] 当前持有仓位: {'EVAA/USDT:USDT': {'side': 'long', 'quantity': 13.7, 'open_price': 1.098, 'position_side': 'LONG', 'take_profit_order_id': '872043002', 'take_profit_price': 1.318, 'stop_loss_order_id': '872043003', 'stop_loss_price': 0.878}, 'ZEN/USDT:USDT': {'side': 'long', 'quantity': 1.2, 'open_price': 12.232, 'position_side': 'LONG', 'take_profit_order_id': '7954678722', 'take_profit_price': 14.678, 'stop_loss_order_id': '7954678726', 'stop_loss_price': 9.786}, 'KITE/USDT:USDT': {'side': 'short', 'quantity': 149.4, 'open_price': 0.10121, 'position_side': 'SHORT', 'take_profit_order_id': '413656595', 'take_profit_price': 0.08097, 'stop_loss_order_id': '413656598', 'stop_loss_price': 0.12145}, 'ENSO/USDT:USDT': {'side': 'short', 'quantity': 18.7, 'open_price': 0.81, 'position_side': 'SHORT', 'take_profit_order_id': '266764055', 'take_profit_price': 0.648, 'stop_loss_order_id': '266764067', 'stop_loss_price': 0.972}}
2025-11-25 18:00:28 | INFO     | [LIVE CLOSE] 开始平仓指定仓位: 4 个
2025-11-25 18:00:28 | INFO     | [PROTECT] EVAA/USDT:USDT 已取消止盈单 872043002
2025-11-25 18:00:28 | INFO     | [PROTECT] EVAA/USDT:USDT 已取消止损单 872043003
2025-11-25 18:00:28 | INFO     | [LIVE CLOSE] 平仓 EVAA/USDT:USDT: sell 13.7 (原long仓位)
2025-11-25 18:00:28 | INFO     | [LIVE PROFIT] EVAA/USDT:USDT 开仓价格: 1.09800000, 当前价格: 1.15700000
2025-11-25 18:00:28 | INFO     | [LIVE PROFIT] EVAA/USDT:USDT 预期收益: 5.37% (约 0.80830000 USDT)
2025-11-25 18:00:28 | INFO     | [LIVE MARKET] 创建市价单 EVAA/USDT:USDT: sell 13.7
2025-11-25 18:00:28 | INFO     | [LIVE SUCCESS] EVAA/USDT:USDT 市价单创建成功 ID:872845028 成交:13.7
2025-11-25 18:00:28 | INFO     | [LIVE SUCCESS] 平仓订单创建成功 EVAA/USDT:USDT: 872845028
2025-11-25 18:00:29 | INFO     | [DINGDING] 通知已发送: 🔔 [实盘] 平仓通知
📊 交易对: EVAA/USDT:USDT
📈 方向: 做多
🔢 数量: 13.70000000
💵 开仓价: 1.09800000
💵 平仓价: 1.15700000
💰 收益: 5.37% (0.80830000 USDT)
2025-11-25 18:00:29 | INFO     | [PROTECT] ZEN/USDT:USDT 已取消止盈单 7954678722
2025-11-25 18:00:29 | INFO     | [PROTECT] ZEN/USDT:USDT 已取消止损单 7954678726
2025-11-25 18:00:29 | INFO     | [LIVE CLOSE] 平仓 ZEN/USDT:USDT: sell 1.2 (原long仓位)
2025-11-25 18:00:29 | INFO     | [LIVE PROFIT] ZEN/USDT:USDT 开仓价格: 12.23200000, 当前价格: 12.34500000
2025-11-25 18:00:29 | INFO     | [LIVE PROFIT] ZEN/USDT:USDT 预期收益: 0.92% (约 0.13560000 USDT)
2025-11-25 18:00:29 | INFO     | [LIVE MARKET] 创建市价单 ZEN/USDT:USDT: sell 1.2
2025-11-25 18:00:29 | INFO     | [LIVE SUCCESS] ZEN/USDT:USDT 市价单创建成功 ID:7960813054 成交:1.2
2025-11-25 18:00:29 | INFO     | [LIVE SUCCESS] 平仓订单创建成功 ZEN/USDT:USDT: 7960813054
2025-11-25 18:00:29 | INFO     | [DINGDING] 通知已发送: 🔔 [实盘] 平仓通知
📊 交易对: ZEN/USDT:USDT
📈 方向: 做多
🔢 数量: 1.20000000
💵 开仓价: 12.23200000
💵 平仓价: 12.34500000
💰 收益: 0.92% (0.13560000 USDT)
2025-11-25 18:00:30 | INFO     | [PROTECT] KITE/USDT:USDT 已取消止盈单 413656595
2025-11-25 18:00:30 | INFO     | [PROTECT] KITE/USDT:USDT 已取消止损单 413656598
2025-11-25 18:00:30 | INFO     | [LIVE CLOSE] 平仓 KITE/USDT:USDT: buy 149.4 (原short仓位)
2025-11-25 18:00:30 | INFO     | [LIVE PROFIT] KITE/USDT:USDT 开仓价格: 0.10121000, 当前价格: 0.10193000
2025-11-25 18:00:30 | INFO     | [LIVE PROFIT] KITE/USDT:USDT 预期收益: -0.71% (约 -0.10756800 USDT)
2025-11-25 18:00:30 | INFO     | [LIVE MARKET] 创建市价单 KITE/USDT:USDT: buy 149.4
2025-11-25 18:00:30 | INFO     | [LIVE SUCCESS] KITE/USDT:USDT 市价单创建成功 ID:417473587 成交:149.0
2025-11-25 18:00:30 | INFO     | [LIVE SUCCESS] 平仓订单创建成功 KITE/USDT:USDT: 417473587
2025-11-25 18:00:30 | INFO     | [DINGDING] 通知已发送: 🔔 [实盘] 平仓通知
📊 交易对: KITE/USDT:USDT
📈 方向: 做空
🔢 数量: 149.40000000
💵 开仓价: 0.10121000
💵 平仓价: 0.10193000
📉 收益: -0.71% (-0.10756800 USDT)
2025-11-25 18:00:30 | INFO     | [PROTECT] ENSO/USDT:USDT 已取消止盈单 266764055
2025-11-25 18:00:30 | INFO     | [PROTECT] ENSO/USDT:USDT 已取消止损单 266764067
2025-11-25 18:00:30 | INFO     | [LIVE CLOSE] 平仓 ENSO/USDT:USDT: buy 18.7 (原short仓位)
2025-11-25 18:00:30 | INFO     | [LIVE PROFIT] ENSO/USDT:USDT 开仓价格: 0.81000000, 当前价格: 0.80300000
2025-11-25 18:00:30 | INFO     | [LIVE PROFIT] ENSO/USDT:USDT 预期收益: 0.86% (约 0.13090000 USDT)
2025-11-25 18:00:30 | INFO     | [LIVE MARKET] 创建市价单 ENSO/USDT:USDT: buy 18.7
2025-11-25 18:00:30 | INFO     | [LIVE SUCCESS] ENSO/USDT:USDT 市价单创建成功 ID:268190911 成交:18.7
2025-11-25 18:00:30 | INFO     | [LIVE SUCCESS] 平仓订单创建成功 ENSO/USDT:USDT: 268190911
2025-11-25 18:00:31 | INFO     | [DINGDING] 通知已发送: 🔔 [实盘] 平仓通知
📊 交易对: ENSO/USDT:USDT
📈 方向: 做空
🔢 数量: 18.70000000
💵 开仓价: 0.81000000
💵 平仓价: 0.80300000
💰 收益: 0.86% (0.13090000 USDT)
2025-11-25 18:00:31 | INFO     | [LIVE WAIT] 等待 4 个平仓订单执行...
2025-11-25 18:00:33 | INFO     | [LIVE OK] 平仓操作完成，成功: 4/4
2025-11-25 18:00:33 | INFO     | [INFO] Cycle 1/16 仓位字典已清空
2025-11-25 18:00:33 | INFO     | [STEP 2] 跳过验证步骤...
2025-11-25 18:00:33 | INFO     | [STEP 3] 提取OHLC数据并计算因子...
2025-11-25 18:00:33 | INFO     | [OK] 获取活跃交易对完成，耗时: 0.001秒
2025-11-25 18:01:47 | INFO     | [FACTORS] 计算得到 534 个有效因子
2025-11-25 18:01:47 | INFO     | [STEP 4] 根据因子值选择交易标的...
2025-11-25 18:01:47 | INFO     | [FILTER] 忽略 1 个交易对: ['BTC/USDT:USDT']
2025-11-25 18:01:47 | INFO     | [STATS] 因子统计:
2025-11-25 18:01:47 | INFO     |    总计: 533 个标的
2025-11-25 18:01:47 | INFO     |    因子值范围: -0.071254 ~ 0.243243
2025-11-25 18:01:47 | INFO     |    选择做多: 2 个
2025-11-25 18:01:47 | INFO     |    选择做空: 2 个
2025-11-25 18:01:47 | INFO     | [TOP 20] 因子值排名前20的交易对:
2025-11-25 18:01:47 | INFO     |    第1名: BCH/USDT:USDT: 0.243243
2025-11-25 18:01:47 | INFO     |    第2名: BROCCOLIF3B/USDT:USDT: 0.196114
2025-11-25 18:01:47 | INFO     |    第3名: HYPE/USDT:USDT: 0.194102
2025-11-25 18:01:47 | INFO     |    第4名: HIPPO/USDT:USDT: 0.183490
2025-11-25 18:01:47 | INFO     |    第5名: VINE/USDT:USDT: 0.170161
2025-11-25 18:01:47 | INFO     |    第6名: MYX/USDT:USDT: 0.167143
2025-11-25 18:01:47 | INFO     |    第7名: BEAT/USDT:USDT: 0.166000
2025-11-25 18:01:47 | INFO     |    第8名: NMR/USDT:USDT: 0.165388
2025-11-25 18:01:47 | INFO     |    第9名: NXPC/USDT:USDT: 0.161121
2025-11-25 18:01:47 | INFO     |    第10名: ARKM/USDT:USDT: 0.159965
2025-11-25 18:01:47 | INFO     |    第11名: TRUST/USDT:USDT: 0.155378
2025-11-25 18:01:47 | INFO     |    第12名: BANANAS31/USDT:USDT: 0.152577
2025-11-25 18:01:47 | INFO     |    第13名: PIPPIN/USDT:USDT: 0.151153
2025-11-25 18:01:47 | INFO     |    第14名: SYRUP/USDT:USDT: 0.150239
2025-11-25 18:01:47 | INFO     |    第15名: EVAA/USDT:USDT: 0.148401
2025-11-25 18:01:47 | INFO     |    第16名: BOB/USDT:USDT: 0.145874
2025-11-25 18:01:47 | INFO     |    第17名: VVV/USDT:USDT: 0.141879
2025-11-25 18:01:47 | INFO     |    第18名: SKYAI/USDT:USDT: 0.139181
2025-11-25 18:01:47 | INFO     |    第19名: BEAMX/USDT:USDT: 0.135571
2025-11-25 18:01:47 | INFO     |    第20名: ZRO/USDT:USDT: 0.135537
2025-11-25 18:01:47 | INFO     | [BOTTOM 20] 因子值排名后20的交易对:
2025-11-25 18:01:47 | INFO     |    第514名: NKN/USDT:USDT: -0.021901
2025-11-25 18:01:47 | INFO     |    第515名: ZBT/USDT:USDT: -0.023109
2025-11-25 18:01:47 | INFO     |    第516名: APE/USDT:USDT: -0.024251
2025-11-25 18:01:47 | INFO     |    第517名: BANK/USDT:USDT: -0.024967
2025-11-25 18:01:47 | INFO     |    第518名: BEL/USDT:USDT: -0.025624
2025-11-25 18:01:47 | INFO     |    第519名: SPK/USDT:USDT: -0.027056
2025-11-25 18:01:47 | INFO     |    第520名: BROCCOLI714/USDT:USDT: -0.027583
2025-11-25 18:01:47 | INFO     |    第521名: D/USDT:USDT: -0.030376
2025-11-25 18:01:47 | INFO     |    第522名: USTC/USDT:USDT: -0.030969
2025-11-25 18:01:47 | INFO     |    第523名: SOLV/USDT:USDT: -0.032590
2025-11-25 18:01:47 | INFO     |    第524名: SCR/USDT:USDT: -0.033566
2025-11-25 18:01:47 | INFO     |    第525名: ALICE/USDT:USDT: -0.033761
2025-11-25 18:01:47 | INFO     |    第526名: LAYER/USDT:USDT: -0.035155
2025-11-25 18:01:47 | INFO     |    第527名: CHILLGUY/USDT:USDT: -0.035432
2025-11-25 18:01:47 | INFO     |    第528名: JELLYJELLY/USDT:USDT: -0.035668
2025-11-25 18:01:47 | INFO     |    第529名: HIGH/USDT:USDT: -0.036623
2025-11-25 18:01:47 | INFO     |    第530名: FXS/USDT:USDT: -0.038749
2025-11-25 18:01:47 | INFO     |    第531名: POPCAT/USDT:USDT: -0.042264
2025-11-25 18:01:47 | INFO     |    第532名: TLM/USDT:USDT: -0.046832
2025-11-25 18:01:47 | INFO     |    第533名: RVV/USDT:USDT: -0.071254
2025-11-25 18:01:47 | INFO     | [LONG SYMBOLS] 做多标的详情:
2025-11-25 18:01:47 | INFO     |    BCH/USDT:USDT: 0.243243
2025-11-25 18:01:47 | INFO     |    BROCCOLIF3B/USDT:USDT: 0.196114
2025-11-25 18:01:47 | INFO     | [SHORT SYMBOLS] 做空标的详情:
2025-11-25 18:01:47 | INFO     |    RVV/USDT:USDT: -0.071254
2025-11-25 18:01:47 | INFO     |    TLM/USDT:USDT: -0.046832
2025-11-25 18:01:47 | INFO     | [SELECTION] 选择交易标的:
2025-11-25 18:01:47 | INFO     |    做多: ['BCH/USDT:USDT', 'BROCCOLIF3B/USDT:USDT']
2025-11-25 18:01:47 | INFO     |    做空: ['RVV/USDT:USDT', 'TLM/USDT:USDT']
2025-11-25 18:01:47 | INFO     | [DINGDING] 通知已发送: Cycle 1/16 交易标的选择完成:
做多 (2个):
  BCH/USDT:USDT: 0.243243
  BROCCOLIF3B/USDT:USDT: 0.196114
做空 (2个):
  RVV/USDT:USDT: -0.071254
  TLM/USDT:USDT: -0.046832

因子统计:
  总计: 534 个标的
  范围: -0.071254 ~ 0.243243
2025-11-25 18:01:47 | INFO     | [STEP 5] 获取当前合约保证金...
2025-11-25 18:01:47 | INFO     | [BALANCE] 当前保证金余额: 22.87 USDT
2025-11-25 18:01:48 | INFO     | [DINGDING] 通知已发送:  账户余额报告
 时间: 2025-11-25 18:01:47
 USDT余额: 22.87
2025-11-25 18:01:48 | INFO     | [BALANCE] 余额通知已发送: 22.87 USDT
2025-11-25 18:01:48 | INFO     | [BALANCE] Cycle 1/16 使用当前可用余额 22.87 USDT 执行开仓
2025-11-25 18:01:48 | INFO     | [STEP 6] 执行开仓交易...
2025-11-25 18:01:48 | INFO     | [BALANCE] 总余额: 22.87 USDT
2025-11-25 18:01:48 | INFO     | [INFO] 总仓位数: 4
2025-11-25 18:01:48 | INFO     | [VALUE] 单仓价值: 16.81 USDT
2025-11-25 18:01:48 | INFO     | [MARGIN] 设置保证金模式为 ISOLATED...
2025-11-25 18:01:48 | INFO     | [MARGIN] BCH/USDT:USDT (BCHUSDT) 保证金模式设置为 ISOLATED ✓
2025-11-25 18:01:48 | INFO     | [MARGIN] BROCCOLIF3B/USDT:USDT (BROCCOLIF3BUSDT) 保证金模式设置为 ISOLATED ✓
2025-11-25 18:01:48 | INFO     | [MARGIN] RVV/USDT:USDT 已经是 ISOLATED 模式
2025-11-25 18:01:48 | INFO     | [MARGIN] TLM/USDT:USDT (TLMUSDT) 保证金模式设置为 ISOLATED ✓
2025-11-25 18:01:48 | INFO     | [MARGIN] 保证金模式设置完成: 4/4 成功
2025-11-25 18:01:48 | INFO     | [LEVERAGE] 设置杠杆为 3x...
2025-11-25 18:01:48 | INFO     | [LIVE LONG] 开多头仓位: 2 个
2025-11-25 18:01:48 | INFO     | [LIVE BUY] 做多 BCH/USDT:USDT: 0.032 @ 521.19
2025-11-25 18:01:48 | INFO     | [LIVE MARKET] 创建市价单 BCH/USDT:USDT: buy 0.032
2025-11-25 18:01:48 | ERROR    | [LIVE ERROR] BCH/USDT:USDT 订单金额太小 (-4164): 请增加订单金额
2025-11-25 18:01:48 | ERROR    | [LIVE ERROR] BCH/USDT:USDT 市价单创建异常: binance {"code":-4164,"msg":"Order's notional must be no smaller than 20 (unless you choose reduce only)."}
2025-11-25 18:01:49 | INFO     | [DINGDING] 通知已发送: [LIVE] 多头订单失败！BCH/USDT:USDT 数量: 0.032 @ 521.19
2025-11-25 18:01:49 | INFO     | [LIVE BUY] 做多 BROCCOLIF3B/USDT:USDT: 2392.7 @ 0.007026
2025-11-25 18:01:49 | INFO     | [LIVE MARKET] 创建市价单 BROCCOLIF3B/USDT:USDT: buy 2392.7
2025-11-25 18:01:49 | INFO     | [LIVE SUCCESS] BROCCOLIF3B/USDT:USDT 市价单创建成功 ID:745711627 成交:2392.0
2025-11-25 18:01:49 | INFO     | [PROTECT] BROCCOLIF3B/USDT:USDT 止盈单创建成功 ID:745711631 触发价:0.008431
2025-11-25 18:01:49 | INFO     | [PROTECT] BROCCOLIF3B/USDT:USDT 止损单创建成功 ID:745711632 触发价:0.005621
2025-11-25 18:01:49 | INFO     | [LIVE OK] 多头开仓: 1/2 成功
2025-11-25 18:01:49 | INFO     | [LIVE SHORT] 开空头仓位: 2 个
2025-11-25 18:01:49 | INFO     | [LIVE SELL] 做空 RVV/USDT:USDT: 3216.3 @ 0.005227
2025-11-25 18:01:49 | INFO     | [LIVE MARKET] 创建市价单 RVV/USDT:USDT: sell 3216.3
2025-11-25 18:01:49 | INFO     | [LIVE SUCCESS] RVV/USDT:USDT 市价单创建成功 ID:227587517 成交:3216.0
2025-11-25 18:01:49 | INFO     | [PROTECT] RVV/USDT:USDT 止盈单创建成功 ID:227587533 触发价:0.004182
2025-11-25 18:01:49 | INFO     | [PROTECT] RVV/USDT:USDT 止损单创建成功 ID:227587534 触发价:0.006272
2025-11-25 18:01:49 | INFO     | [LIVE SELL] 做空 TLM/USDT:USDT: 6692.5 @ 0.002512
2025-11-25 18:01:49 | INFO     | [LIVE MARKET] 创建市价单 TLM/USDT:USDT: sell 6692.5
2025-11-25 18:01:49 | INFO     | [LIVE SUCCESS] TLM/USDT:USDT 市价单创建成功 ID:2506914391 成交:6692.0
2025-11-25 18:01:49 | INFO     | [PROTECT] TLM/USDT:USDT 止盈单创建成功 ID:2506914423 触发价:0.00201
2025-11-25 18:01:49 | INFO     | [PROTECT] TLM/USDT:USDT 止损单创建成功 ID:2506914426 触发价:0.003014
2025-11-25 18:01:49 | INFO     | [LIVE OK] 空头开仓: 2/2 成功
2025-11-25 18:01:49 | INFO     | [POSITIONS] 新仓位已添加到字典: {'BROCCOLIF3B/USDT:USDT': {'side': 'long', 'quantity': 2392.7, 'open_price': 0.007026, 'position_side': 'LONG', 'take_profit_order_id': '745711631', 'take_profit_price': 0.008431, 'stop_loss_order_id': '745711632', 'stop_loss_price': 0.005621}, 'RVV/USDT:USDT': {'side': 'short', 'quantity': 3216.3, 'open_price': 0.005227, 'position_side': 'SHORT', 'take_profit_order_id': '227587533', 'take_profit_price': 0.004182, 'stop_loss_order_id': '227587534', 'stop_loss_price': 0.006272}, 'TLM/USDT:USDT': {'side': 'short', 'quantity': 6692.5, 'open_price': 0.002512, 'position_side': 'SHORT', 'take_profit_order_id': '2506914423', 'take_profit_price': 0.00201, 'stop_loss_order_id': '2506914426', 'stop_loss_price': 0.003014}}
2025-11-25 18:01:49 | INFO     | [POSITIONS] 当前仓位字典: {'BROCCOLIF3B/USDT:USDT': {'side': 'long', 'quantity': 2392.7, 'open_price': 0.007026, 'position_side': 'LONG', 'take_profit_order_id': '745711631', 'take_profit_price': 0.008431, 'stop_loss_order_id': '745711632', 'stop_loss_price': 0.005621}, 'RVV/USDT:USDT': {'side': 'short', 'quantity': 3216.3, 'open_price': 0.005227, 'position_side': 'SHORT', 'take_profit_order_id': '227587533', 'take_profit_price': 0.004182, 'stop_loss_order_id': '227587534', 'stop_loss_price': 0.006272}, 'TLM/USDT:USDT': {'side': 'short', 'quantity': 6692.5, 'open_price': 0.002512, 'position_side': 'SHORT', 'take_profit_order_id': '2506914423', 'take_profit_price': 0.00201, 'stop_loss_order_id': '2506914426', 'stop_loss_price': 0.003014}}
2025-11-25 18:01:49 | INFO     | [STEP 7] 开仓交易完成
2025-11-25 18:01:49 | INFO     | [INFO] 跳过详细仓位验证，交易周期完成
2025-11-25 18:01:49 | INFO     | [STEP 8] 记录当前交易对价格和因子信息...
2025-11-25 18:01:49 | INFO     | [API] 成功获取 534 个交易对价格
2025-11-25 18:01:49 | INFO     | [RECORD] 记录了 534 个交易对的价格和因子信息
2025-11-25 18:01:49 | INFO     | [OK] 交易周期执行成功
2025-11-25 18:01:49 | INFO     | [TIME] 周期耗时: 101.2秒
2025-11-25 18:01:49 | INFO     | [16H] Cycle 2/16 下次执行时间: 2025-11-25 19:00:00
2025-11-25 18:01:49 | INFO     | [WAIT] 等待 3490 秒 (1.0 小时)
2025-11-25 18:13:02 | INFO     | [WAIT] Cycle 2/16 剩余等待时间: 47.0 分钟
2025-11-25 18:24:15 | INFO     | [WAIT] Cycle 2/16 剩余等待时间: 35.7 分钟
2025-11-25 18:35:25 | INFO     | [WAIT] Cycle 2/16 剩余等待时间: 24.6 分钟
2025-11-25 18:46:35 | INFO     | [WAIT] Cycle 2/16 剩余等待时间: 13.4 分钟
2025-11-25 18:57:46 | INFO     | [WAIT] Cycle 2/16 剩余等待时间: 2.2 分钟
2025-11-25 19:00:01 | INFO     | 
==================================================
2025-11-25 19:00:01 | INFO     | [CYCLE] 第 35 轮交易周期 (Cycle 2/16)
2025-11-25 19:00:01 | INFO     | [TIME] 开始时间: 2025-11-25 19:00:01
2025-11-25 19:00:01 | INFO     | ==================================================
2025-11-25 19:00:20 | INFO     | [STEP 1] Cycle 2/16 平仓字典中存储的仓位...
2025-11-25 19:00:20 | INFO     | [POSITIONS] 当前持有仓位: {'BANANAS31/USDT:USDT': {'side': 'long', 'quantity': 4386.4, 'open_price': 0.004025, 'position_side': 'LONG', 'take_profit_order_id': '1346847608', 'take_profit_price': 0.00483, 'stop_loss_order_id': '1346847609', 'stop_loss_price': 0.00322}, 'EVAA/USDT:USDT': {'side': 'long', 'quantity': 15.9, 'open_price': 1.104, 'position_side': 'LONG', 'take_profit_order_id': '872083454', 'take_profit_price': 1.325, 'stop_loss_order_id': '872083455', 'stop_loss_price': 0.883}, 'COS/USDT:USDT': {'side': 'short', 'quantity': 11274.3, 'open_price': 0.001566, 'position_side': 'SHORT', 'take_profit_order_id': '698672204', 'take_profit_price': 0.001253, 'stop_loss_order_id': '698672208', 'stop_loss_price': 0.001879}}
2025-11-25 19:00:20 | INFO     | [LIVE CLOSE] 开始平仓指定仓位: 3 个
2025-11-25 19:00:20 | INFO     | [PROTECT] BANANAS31/USDT:USDT 已取消止盈单 1346847608
2025-11-25 19:00:20 | INFO     | [PROTECT] BANANAS31/USDT:USDT 已取消止损单 1346847609
2025-11-25 19:00:20 | INFO     | [LIVE CLOSE] 平仓 BANANAS31/USDT:USDT: sell 4386.4 (原long仓位)
2025-11-25 19:00:20 | INFO     | [LIVE PROFIT] BANANAS31/USDT:USDT 开仓价格: 0.00402500, 当前价格: 0.00354400
2025-11-25 19:00:20 | INFO     | [LIVE PROFIT] BANANAS31/USDT:USDT 预期收益: -11.95% (约 -2.10985840 USDT)
2025-11-25 19:00:20 | INFO     | [LIVE MARKET] 创建市价单 BANANAS31/USDT:USDT: sell 4386.4
2025-11-25 19:00:20 | INFO     | [LIVE SUCCESS] BANANAS31/USDT:USDT 市价单创建成功 ID:1356977481 成交:4386.0
2025-11-25 19:00:20 | INFO     | [LIVE SUCCESS] 平仓订单创建成功 BANANAS31/USDT:USDT: 1356977481
2025-11-25 19:00:21 | INFO     | [DINGDING] 通知已发送: 🔔 [实盘] 平仓通知
📊 交易对: BANANAS31/USDT:USDT
📈 方向: 做多
🔢 数量: 4386.40000000
💵 开仓价: 0.00402500
💵 平仓价: 0.00354400
📉 收益: -11.95% (-2.10985840 USDT)
2025-11-25 19:00:21 | INFO     | [PROTECT] EVAA/USDT:USDT 已取消止盈单 872083454
2025-11-25 19:00:21 | INFO     | [PROTECT] EVAA/USDT:USDT 已取消止损单 872083455
2025-11-25 19:00:21 | INFO     | [LIVE CLOSE] 平仓 EVAA/USDT:USDT: sell 15.9 (原long仓位)
2025-11-25 19:00:21 | INFO     | [LIVE PROFIT] EVAA/USDT:USDT 开仓价格: 1.10400000, 当前价格: 1.14000000
2025-11-25 19:00:21 | INFO     | [LIVE PROFIT] EVAA/USDT:USDT 预期收益: 3.26% (约 0.57240000 USDT)
2025-11-25 19:00:21 | INFO     | [LIVE MARKET] 创建市价单 EVAA/USDT:USDT: sell 15.9
2025-11-25 19:00:21 | INFO     | [LIVE SUCCESS] EVAA/USDT:USDT 市价单创建成功 ID:872887668 成交:15.9
2025-11-25 19:00:21 | INFO     | [LIVE SUCCESS] 平仓订单创建成功 EVAA/USDT:USDT: 872887668
2025-11-25 19:00:22 | INFO     | [DINGDING] 通知已发送: 🔔 [实盘] 平仓通知
📊 交易对: EVAA/USDT:USDT
📈 方向: 做多
🔢 数量: 15.90000000
💵 开仓价: 1.10400000
💵 平仓价: 1.14000000
💰 收益: 3.26% (0.57240000 USDT)
2025-11-25 19:00:22 | INFO     | [PROTECT] COS/USDT:USDT 已取消止盈单 698672204
2025-11-25 19:00:22 | INFO     | [PROTECT] COS/USDT:USDT 已取消止损单 698672208
2025-11-25 19:00:22 | INFO     | [LIVE CLOSE] 平仓 COS/USDT:USDT: buy 11274.3 (原short仓位)
2025-11-25 19:00:22 | INFO     | [LIVE PROFIT] COS/USDT:USDT 开仓价格: 0.00156600, 当前价格: 0.00157400
2025-11-25 19:00:22 | INFO     | [LIVE PROFIT] COS/USDT:USDT 预期收益: -0.51% (约 -0.09019440 USDT)
2025-11-25 19:00:22 | INFO     | [LIVE MARKET] 创建市价单 COS/USDT:USDT: buy 11274.3
2025-11-25 19:00:22 | INFO     | [LIVE SUCCESS] COS/USDT:USDT 市价单创建成功 ID:698904689 成交:11274.0
2025-11-25 19:00:22 | INFO     | [LIVE SUCCESS] 平仓订单创建成功 COS/USDT:USDT: 698904689
2025-11-25 19:00:22 | INFO     | [DINGDING] 通知已发送: 🔔 [实盘] 平仓通知
📊 交易对: COS/USDT:USDT
📈 方向: 做空
🔢 数量: 11274.30000000
💵 开仓价: 0.00156600
💵 平仓价: 0.00157400
📉 收益: -0.51% (-0.09019440 USDT)
2025-11-25 19:00:22 | INFO     | [LIVE WAIT] 等待 3 个平仓订单执行...
2025-11-25 19:00:24 | INFO     | [LIVE OK] 平仓操作完成，成功: 3/3
2025-11-25 19:00:24 | INFO     | [INFO] Cycle 2/16 仓位字典已清空
2025-11-25 19:00:24 | INFO     | [STEP 2] 跳过验证步骤...
2025-11-25 19:00:24 | INFO     | [STEP 3] 提取OHLC数据并计算因子...
2025-11-25 19:00:24 | INFO     | [OK] 获取活跃交易对完成，耗时: 0.001秒
2025-11-25 19:01:39 | INFO     | [FACTORS] 计算得到 534 个有效因子
2025-11-25 19:01:39 | INFO     | [STEP 4] 根据因子值选择交易标的...
2025-11-25 19:01:39 | INFO     | [FILTER] 忽略 1 个交易对: ['BTC/USDT:USDT']
2025-11-25 19:01:39 | INFO     | [STATS] 因子统计:
2025-11-25 19:01:39 | INFO     |    总计: 533 个标的
2025-11-25 19:01:39 | INFO     |    因子值范围: -0.093936 ~ 0.233656
2025-11-25 19:01:39 | INFO     |    选择做多: 2 个
2025-11-25 19:01:39 | INFO     |    选择做空: 2 个
2025-11-25 19:01:39 | INFO     | [TOP 20] 因子值排名前20的交易对:
2025-11-25 19:01:39 | INFO     |    第1名: BANANAS31/USDT:USDT: 0.233656
2025-11-25 19:01:39 | INFO     |    第2名: SAND/USDT:USDT: 0.215767
2025-11-25 19:01:39 | INFO     |    第3名: BCH/USDT:USDT: 0.187568
2025-11-25 19:01:39 | INFO     |    第4名: HYPE/USDT:USDT: 0.175429
2025-11-25 19:01:39 | INFO     |    第5名: PIPPIN/USDT:USDT: 0.174384
2025-11-25 19:01:39 | INFO     |    第6名: ARKM/USDT:USDT: 0.171218
2025-11-25 19:01:39 | INFO     |    第7名: SUPER/USDT:USDT: 0.164713
2025-11-25 19:01:39 | INFO     |    第8名: VINE/USDT:USDT: 0.154772
2025-11-25 19:01:39 | INFO     |    第9名: BROCCOLIF3B/USDT:USDT: 0.147465
2025-11-25 19:01:39 | INFO     |    第10名: H/USDT:USDT: 0.138148
2025-11-25 19:01:39 | INFO     |    第11名: BOB/USDT:USDT: 0.137280
2025-11-25 19:01:39 | INFO     |    第12名: PLAY/USDT:USDT: 0.136691
2025-11-25 19:01:39 | INFO     |    第13名: GIGGLE/USDT:USDT: 0.132960
2025-11-25 19:01:39 | INFO     |    第14名: B2/USDT:USDT: 0.129692
2025-11-25 19:01:39 | INFO     |    第15名: YALA/USDT:USDT: 0.129611
2025-11-25 19:01:39 | INFO     |    第16名: NEWT/USDT:USDT: 0.127312
2025-11-25 19:01:39 | INFO     |    第17名: SYRUP/USDT:USDT: 0.125653
2025-11-25 19:01:39 | INFO     |    第18名: HIPPO/USDT:USDT: 0.124188
2025-11-25 19:01:39 | INFO     |    第19名: PLUME/USDT:USDT: 0.121572
2025-11-25 19:01:39 | INFO     |    第20名: MYX/USDT:USDT: 0.120626
2025-11-25 19:01:39 | INFO     | [BOTTOM 20] 因子值排名后20的交易对:
2025-11-25 19:01:39 | INFO     |    第514名: JST/USDT:USDT: -0.020468
2025-11-25 19:01:39 | INFO     |    第515名: D/USDT:USDT: -0.020960
2025-11-25 19:01:39 | INFO     |    第516名: SOLV/USDT:USDT: -0.021170
2025-11-25 19:01:39 | INFO     |    第517名: CHILLGUY/USDT:USDT: -0.022007
2025-11-25 19:01:39 | INFO     |    第518名: 1000RATS/USDT:USDT: -0.022875
2025-11-25 19:01:39 | INFO     |    第519名: MTL/USDT:USDT: -0.023093
2025-11-25 19:01:39 | INFO     |    第520名: LAYER/USDT:USDT: -0.023144
2025-11-25 19:01:39 | INFO     |    第521名: SPK/USDT:USDT: -0.023695
2025-11-25 19:01:39 | INFO     |    第522名: PROVE/USDT:USDT: -0.024671
2025-11-25 19:01:39 | INFO     |    第523名: ASR/USDT:USDT: -0.027130
2025-11-25 19:01:39 | INFO     |    第524名: HIGH/USDT:USDT: -0.030287
2025-11-25 19:01:39 | INFO     |    第525名: MET/USDT:USDT: -0.033521
2025-11-25 19:01:39 | INFO     |    第526名: SQD/USDT:USDT: -0.035534
2025-11-25 19:01:39 | INFO     |    第527名: BANK/USDT:USDT: -0.036047
2025-11-25 19:01:39 | INFO     |    第528名: TLM/USDT:USDT: -0.036808
2025-11-25 19:01:39 | INFO     |    第529名: JTO/USDT:USDT: -0.039485
2025-11-25 19:01:39 | INFO     |    第530名: POPCAT/USDT:USDT: -0.041211
2025-11-25 19:01:39 | INFO     |    第531名: USTC/USDT:USDT: -0.041602
2025-11-25 19:01:39 | INFO     |    第532名: NKN/USDT:USDT: -0.042578
2025-11-25 19:01:39 | INFO     |    第533名: RVV/USDT:USDT: -0.093936
2025-11-25 19:01:39 | INFO     | [LONG SYMBOLS] 做多标的详情:
2025-11-25 19:01:39 | INFO     |    BANANAS31/USDT:USDT: 0.233656
2025-11-25 19:01:39 | INFO     |    SAND/USDT:USDT: 0.215767
2025-11-25 19:01:39 | INFO     | [SHORT SYMBOLS] 做空标的详情:
2025-11-25 19:01:39 | INFO     |    RVV/USDT:USDT: -0.093936
2025-11-25 19:01:39 | INFO     |    NKN/USDT:USDT: -0.042578
2025-11-25 19:01:39 | INFO     | [SELECTION] 选择交易标的:
2025-11-25 19:01:39 | INFO     |    做多: ['BANANAS31/USDT:USDT', 'SAND/USDT:USDT']
2025-11-25 19:01:39 | INFO     |    做空: ['RVV/USDT:USDT', 'NKN/USDT:USDT']
2025-11-25 19:01:40 | INFO     | [DINGDING] 通知已发送: Cycle 2/16 交易标的选择完成:
做多 (2个):
  BANANAS31/USDT:USDT: 0.233656
  SAND/USDT:USDT: 0.215767
做空 (2个):
  RVV/USDT:USDT: -0.093936
  NKN/USDT:USDT: -0.042578

因子统计:
  总计: 534 个标的
  范围: -0.093936 ~ 0.233656
2025-11-25 19:01:40 | INFO     | [STEP 5] 获取当前合约保证金...
2025-11-25 19:01:40 | INFO     | [BALANCE] 当前保证金余额: 22.33 USDT
2025-11-25 19:01:40 | INFO     | [DINGDING] 通知已发送:  账户余额报告
 时间: 2025-11-25 19:01:40
 USDT余额: 22.33
2025-11-25 19:01:40 | INFO     | [BALANCE] 余额通知已发送: 22.33 USDT
2025-11-25 19:01:40 | INFO     | [BALANCE] Cycle 2/16 使用当前可用余额 22.33 USDT 执行开仓
2025-11-25 19:01:40 | INFO     | [STEP 6] 执行开仓交易...
2025-11-25 19:01:40 | INFO     | [BALANCE] 总余额: 22.33 USDT
2025-11-25 19:01:40 | INFO     | [INFO] 总仓位数: 4
2025-11-25 19:01:40 | INFO     | [VALUE] 单仓价值: 16.41 USDT
2025-11-25 19:01:40 | INFO     | [MARGIN] 设置保证金模式为 ISOLATED...
2025-11-25 19:01:40 | INFO     | [MARGIN] BANANAS31/USDT:USDT 已经是 ISOLATED 模式
2025-11-25 19:01:40 | INFO     | [MARGIN] SAND/USDT:USDT (SANDUSDT) 保证金模式设置为 ISOLATED ✓
2025-11-25 19:01:40 | INFO     | [MARGIN] RVV/USDT:USDT 已经是 ISOLATED 模式
2025-11-25 19:01:40 | INFO     | [MARGIN] NKN/USDT:USDT (NKNUSDT) 保证金模式设置为 ISOLATED ✓
2025-11-25 19:01:40 | INFO     | [MARGIN] 保证金模式设置完成: 4/4 成功
2025-11-25 19:01:40 | INFO     | [LEVERAGE] 设置杠杆为 3x...
2025-11-25 19:01:41 | INFO     | [LIVE LONG] 开多头仓位: 2 个
2025-11-25 19:01:41 | INFO     | [LIVE BUY] 做多 BANANAS31/USDT:USDT: 4637.0 @ 0.003539
2025-11-25 19:01:41 | INFO     | [LIVE MARKET] 创建市价单 BANANAS31/USDT:USDT: buy 4637.0
2025-11-25 19:01:41 | INFO     | [LIVE SUCCESS] BANANAS31/USDT:USDT 市价单创建成功 ID:1356983601 成交:4637.0
2025-11-25 19:01:41 | INFO     | [PROTECT] BANANAS31/USDT:USDT 止盈单创建成功 ID:1356983603 触发价:0.004247
2025-11-25 19:01:41 | INFO     | [PROTECT] BANANAS31/USDT:USDT 止损单创建成功 ID:1356983604 触发价:0.002831
2025-11-25 19:01:41 | INFO     | [LIVE BUY] 做多 SAND/USDT:USDT: 103.2 @ 0.15899
2025-11-25 19:01:41 | INFO     | [LIVE MARKET] 创建市价单 SAND/USDT:USDT: buy 103.2
2025-11-25 19:01:41 | INFO     | [LIVE SUCCESS] SAND/USDT:USDT 市价单创建成功 ID:22088239523 成交:103.0
2025-11-25 19:01:41 | INFO     | [PROTECT] SAND/USDT:USDT 止盈单创建成功 ID:22088239526 触发价:0.19079
2025-11-25 19:01:41 | INFO     | [PROTECT] SAND/USDT:USDT 止损单创建成功 ID:22088239531 触发价:0.12719
2025-11-25 19:01:41 | INFO     | [LIVE OK] 多头开仓: 2/2 成功
2025-11-25 19:01:41 | INFO     | [LIVE SHORT] 开空头仓位: 2 个
2025-11-25 19:01:41 | INFO     | [LIVE SELL] 做空 RVV/USDT:USDT: 3006.7 @ 0.005458
2025-11-25 19:01:41 | INFO     | [LIVE MARKET] 创建市价单 RVV/USDT:USDT: sell 3006.7
2025-11-25 19:01:41 | INFO     | [LIVE SUCCESS] RVV/USDT:USDT 市价单创建成功 ID:227861250 成交:3006.0
2025-11-25 19:01:41 | INFO     | [PROTECT] RVV/USDT:USDT 止盈单创建成功 ID:227861255 触发价:0.004366
2025-11-25 19:01:41 | INFO     | [PROTECT] RVV/USDT:USDT 止损单创建成功 ID:227861261 触发价:0.00655
2025-11-25 19:01:41 | INFO     | [LIVE SELL] 做空 NKN/USDT:USDT: 1113.3 @ 0.01474
2025-11-25 19:01:41 | INFO     | [LIVE MARKET] 创建市价单 NKN/USDT:USDT: sell 1113.3
2025-11-25 19:01:41 | INFO     | [LIVE SUCCESS] NKN/USDT:USDT 市价单创建成功 ID:4724555083 成交:1113.0
2025-11-25 19:01:41 | INFO     | [PROTECT] NKN/USDT:USDT 止盈单创建成功 ID:4724555084 触发价:0.01179
2025-11-25 19:01:41 | INFO     | [PROTECT] NKN/USDT:USDT 止损单创建成功 ID:4724555085 触发价:0.01769
2025-11-25 19:01:41 | INFO     | [LIVE OK] 空头开仓: 2/2 成功
2025-11-25 19:01:41 | INFO     | [POSITIONS] 新仓位已添加到字典: {'BANANAS31/USDT:USDT': {'side': 'long', 'quantity': 4637.0, 'open_price': 0.003539, 'position_side': 'LONG', 'take_profit_order_id': '1356983603', 'take_profit_price': 0.004247, 'stop_loss_order_id': '1356983604', 'stop_loss_price': 0.002831}, 'SAND/USDT:USDT': {'side': 'long', 'quantity': 103.2, 'open_price': 0.15899, 'position_side': 'LONG', 'take_profit_order_id': '22088239526', 'take_profit_price': 0.19079, 'stop_loss_order_id': '22088239531', 'stop_loss_price': 0.12719}, 'RVV/USDT:USDT': {'side': 'short', 'quantity': 3006.7, 'open_price': 0.005458, 'position_side': 'SHORT', 'take_profit_order_id': '227861255', 'take_profit_price': 0.004366, 'stop_loss_order_id': '227861261', 'stop_loss_price': 0.00655}, 'NKN/USDT:USDT': {'side': 'short', 'quantity': 1113.3, 'open_price': 0.01474, 'position_side': 'SHORT', 'take_profit_order_id': '4724555084', 'take_profit_price': 0.01179, 'stop_loss_order_id': '4724555085', 'stop_loss_price': 0.01769}}
2025-11-25 19:01:41 | INFO     | [POSITIONS] 当前仓位字典: {'BANANAS31/USDT:USDT': {'side': 'long', 'quantity': 4637.0, 'open_price': 0.003539, 'position_side': 'LONG', 'take_profit_order_id': '1356983603', 'take_profit_price': 0.004247, 'stop_loss_order_id': '1356983604', 'stop_loss_price': 0.002831}, 'SAND/USDT:USDT': {'side': 'long', 'quantity': 103.2, 'open_price': 0.15899, 'position_side': 'LONG', 'take_profit_order_id': '22088239526', 'take_profit_price': 0.19079, 'stop_loss_order_id': '22088239531', 'stop_loss_price': 0.12719}, 'RVV/USDT:USDT': {'side': 'short', 'quantity': 3006.7, 'open_price': 0.005458, 'position_side': 'SHORT', 'take_profit_order_id': '227861255', 'take_profit_price': 0.004366, 'stop_loss_order_id': '227861261', 'stop_loss_price': 0.00655}, 'NKN/USDT:USDT': {'side': 'short', 'quantity': 1113.3, 'open_price': 0.01474, 'position_side': 'SHORT', 'take_profit_order_id': '4724555084', 'take_profit_price': 0.01179, 'stop_loss_order_id': '4724555085', 'stop_loss_price': 0.01769}}
2025-11-25 19:01:41 | INFO     | [STEP 7] 开仓交易完成
2025-11-25 19:01:41 | INFO     | [INFO] 跳过详细仓位验证，交易周期完成
2025-11-25 19:01:41 | INFO     | [STEP 8] 记录当前交易对价格和因子信息...
2025-11-25 19:01:42 | INFO     | [API] 成功获取 534 个交易对价格
2025-11-25 19:01:42 | INFO     | [RECORD] 记录了 534 个交易对的价格和因子信息
2025-11-25 19:01:42 | INFO     | [OK] 交易周期执行成功
2025-11-25 19:01:42 | INFO     | [TIME] 周期耗时: 100.6秒
2025-11-25 19:01:42 | INFO     | [16H] Cycle 3/16 下次执行时间: 2025-11-25 20:00:00
2025-11-25 19:01:42 | INFO     | [WAIT] 等待 3498 秒 (1.0 小时)
2025-11-25 19:13:03 | INFO     | [WAIT] Cycle 3/16 剩余等待时间: 46.9 分钟
2025-11-25 19:24:25 | INFO     | [WAIT] Cycle 3/16 剩余等待时间: 35.6 分钟
2025-11-25 19:35:47 | INFO     | [WAIT] Cycle 3/16 剩余等待时间: 24.2 分钟
2025-11-25 19:47:08 | INFO     | [WAIT] Cycle 3/16 剩余等待时间: 12.9 分钟
2025-11-25 19:58:30 | INFO     | [WAIT] Cycle 3/16 剩余等待时间: 1.5 分钟
2025-11-25 19:59:38 | INFO     | [WAIT] Cycle 3/16 最后等待: 22 秒
2025-11-25 20:00:19 | INFO     | 
==================================================
2025-11-25 20:00:19 | INFO     | [CYCLE] 第 36 轮交易周期 (Cycle 3/16)
2025-11-25 20:00:19 | INFO     | [TIME] 开始时间: 2025-11-25 20:00:19
2025-11-25 20:00:19 | INFO     | ==================================================
2025-11-25 20:00:39 | INFO     | [STEP 1] Cycle 3/16 平仓字典中存储的仓位...
2025-11-25 20:00:39 | INFO     | [POSITIONS] 当前持有仓位: {'1000WHY/USDT:USDT': {'side': 'long', 'quantity': 918975.5, 'open_price': 1.84e-05, 'position_side': 'LONG', 'take_profit_order_id': '396789222', 'take_profit_price': 2.21e-05, 'stop_loss_order_id': '396789223', 'stop_loss_price': 1.47e-05}, 'BANANAS31/USDT:USDT': {'side': 'long', 'quantity': 4203.1, 'open_price': 0.004023, 'position_side': 'LONG', 'take_profit_order_id': '1347321429', 'take_profit_price': 0.004828, 'stop_loss_order_id': '1347321440', 'stop_loss_price': 0.003218}, 'IOST/USDT:USDT': {'side': 'short', 'quantity': 8806.8, 'open_price': 0.00192, 'position_side': 'SHORT', 'take_profit_order_id': '8448299615', 'take_profit_price': 0.001536, 'stop_loss_order_id': '8448299618', 'stop_loss_price': 0.002304}}
2025-11-25 20:00:39 | INFO     | [LIVE CLOSE] 开始平仓指定仓位: 3 个
2025-11-25 20:00:39 | INFO     | [PROTECT] 1000WHY/USDT:USDT 已取消止盈单 396789222
2025-11-25 20:00:39 | INFO     | [PROTECT] 1000WHY/USDT:USDT 已取消止损单 396789223
2025-11-25 20:00:39 | INFO     | [LIVE CLOSE] 平仓 1000WHY/USDT:USDT: sell 918975.5 (原long仓位)
2025-11-25 20:00:39 | INFO     | [LIVE PROFIT] 1000WHY/USDT:USDT 开仓价格: 0.00001840, 当前价格: 0.00001910
2025-11-25 20:00:39 | INFO     | [LIVE PROFIT] 1000WHY/USDT:USDT 预期收益: 3.80% (约 0.64328285 USDT)
2025-11-25 20:00:39 | INFO     | [LIVE MARKET] 创建市价单 1000WHY/USDT:USDT: sell 918975.5
2025-11-25 20:00:39 | INFO     | [LIVE SUCCESS] 1000WHY/USDT:USDT 市价单创建成功 ID:396935576 成交:918975.0
2025-11-25 20:00:39 | INFO     | [LIVE SUCCESS] 平仓订单创建成功 1000WHY/USDT:USDT: 396935576
2025-11-25 20:00:39 | INFO     | [DINGDING] 通知已发送: 🔔 [实盘] 平仓通知
📊 交易对: 1000WHY/USDT:USDT
📈 方向: 做多
🔢 数量: 918975.50000000
💵 开仓价: 0.00001840
💵 平仓价: 0.00001910
💰 收益: 3.80% (0.64328285 USDT)
2025-11-25 20:00:39 | INFO     | [PROTECT] BANANAS31/USDT:USDT 已取消止盈单 1347321429
2025-11-25 20:00:39 | INFO     | [PROTECT] BANANAS31/USDT:USDT 已取消止损单 1347321440
2025-11-25 20:00:39 | INFO     | [LIVE CLOSE] 平仓 BANANAS31/USDT:USDT: sell 4203.1 (原long仓位)
2025-11-25 20:00:39 | INFO     | [LIVE PROFIT] BANANAS31/USDT:USDT 开仓价格: 0.00402300, 当前价格: 0.00355800
2025-11-25 20:00:39 | INFO     | [LIVE PROFIT] BANANAS31/USDT:USDT 预期收益: -11.56% (约 -1.95444150 USDT)
2025-11-25 20:00:39 | INFO     | [LIVE MARKET] 创建市价单 BANANAS31/USDT:USDT: sell 4203.1
2025-11-25 20:00:39 | INFO     | [LIVE SUCCESS] BANANAS31/USDT:USDT 市价单创建成功 ID:1357184159 成交:4203.0
2025-11-25 20:00:39 | INFO     | [LIVE SUCCESS] 平仓订单创建成功 BANANAS31/USDT:USDT: 1357184159
2025-11-25 20:00:40 | INFO     | [DINGDING] 通知已发送: 🔔 [实盘] 平仓通知
📊 交易对: BANANAS31/USDT:USDT
📈 方向: 做多
🔢 数量: 4203.10000000
💵 开仓价: 0.00402300
💵 平仓价: 0.00355800
📉 收益: -11.56% (-1.95444150 USDT)
2025-11-25 20:00:40 | INFO     | [PROTECT] IOST/USDT:USDT 已取消止盈单 8448299615
2025-11-25 20:00:40 | INFO     | [PROTECT] IOST/USDT:USDT 已取消止损单 8448299618
2025-11-25 20:00:40 | INFO     | [LIVE CLOSE] 平仓 IOST/USDT:USDT: buy 8806.8 (原short仓位)
2025-11-25 20:00:40 | INFO     | [LIVE PROFIT] IOST/USDT:USDT 开仓价格: 0.00192000, 当前价格: 0.00199500
2025-11-25 20:00:40 | INFO     | [LIVE PROFIT] IOST/USDT:USDT 预期收益: -3.91% (约 -0.66051000 USDT)
2025-11-25 20:00:40 | INFO     | [LIVE MARKET] 创建市价单 IOST/USDT:USDT: buy 8806.8
2025-11-25 20:00:40 | INFO     | [LIVE SUCCESS] IOST/USDT:USDT 市价单创建成功 ID:8452015984 成交:8806.0
2025-11-25 20:00:40 | INFO     | [LIVE SUCCESS] 平仓订单创建成功 IOST/USDT:USDT: 8452015984
2025-11-25 20:00:40 | INFO     | [DINGDING] 通知已发送: 🔔 [实盘] 平仓通知
📊 交易对: IOST/USDT:USDT
📈 方向: 做空
🔢 数量: 8806.80000000
💵 开仓价: 0.00192000
💵 平仓价: 0.00199500
📉 收益: -3.91% (-0.66051000 USDT)
2025-11-25 20:00:41 | INFO     | [LIVE WAIT] 等待 3 个平仓订单执行...
2025-11-25 20:00:43 | INFO     | [LIVE OK] 平仓操作完成，成功: 3/3
2025-11-25 20:00:43 | INFO     | [INFO] Cycle 3/16 仓位字典已清空
2025-11-25 20:00:43 | INFO     | [STEP 2] 跳过验证步骤...
2025-11-25 20:00:43 | INFO     | [STEP 3] 提取OHLC数据并计算因子...
2025-11-25 20:00:43 | INFO     | [OK] 获取活跃交易对完成，耗时: 0.001秒
2025-11-25 20:01:57 | INFO     | [FACTORS] 计算得到 534 个有效因子
2025-11-25 20:01:57 | INFO     | [STEP 4] 根据因子值选择交易标的...
2025-11-25 20:01:57 | INFO     | [FILTER] 忽略 1 个交易对: ['BTC/USDT:USDT']
2025-11-25 20:01:57 | INFO     | [STATS] 因子统计:
2025-11-25 20:01:57 | INFO     |    总计: 533 个标的
2025-11-25 20:01:57 | INFO     |    因子值范围: -0.043478 ~ 0.246169
2025-11-25 20:01:57 | INFO     |    选择做多: 2 个
2025-11-25 20:01:57 | INFO     |    选择做空: 2 个
2025-11-25 20:01:57 | INFO     | [TOP 20] 因子值排名前20的交易对:
2025-11-25 20:01:57 | INFO     |    第1名: BCH/USDT:USDT: 0.246169
2025-11-25 20:01:57 | INFO     |    第2名: BROCCOLIF3B/USDT:USDT: 0.228409
2025-11-25 20:01:57 | INFO     |    第3名: TRUST/USDT:USDT: 0.200917
2025-11-25 20:01:57 | INFO     |    第4名: HYPE/USDT:USDT: 0.195975
2025-11-25 20:01:57 | INFO     |    第5名: BANANAS31/USDT:USDT: 0.191417
2025-11-25 20:01:57 | INFO     |    第6名: EVAA/USDT:USDT: 0.185778
2025-11-25 20:01:57 | INFO     |    第7名: FLUID/USDT:USDT: 0.182256
2025-11-25 20:01:57 | INFO     |    第8名: H/USDT:USDT: 0.168689
2025-11-25 20:01:57 | INFO     |    第9名: VINE/USDT:USDT: 0.164254
2025-11-25 20:01:57 | INFO     |    第10名: NMR/USDT:USDT: 0.164238
2025-11-25 20:01:57 | INFO     |    第11名: MYX/USDT:USDT: 0.161252
2025-11-25 20:01:57 | INFO     |    第12名: PLAY/USDT:USDT: 0.159356
2025-11-25 20:01:57 | INFO     |    第13名: W/USDT:USDT: 0.158890
2025-11-25 20:01:57 | INFO     |    第14名: SAND/USDT:USDT: 0.158245
2025-11-25 20:01:57 | INFO     |    第15名: IOTA/USDT:USDT: 0.154935
2025-11-25 20:01:57 | INFO     |    第16名: BEAT/USDT:USDT: 0.153929
2025-11-25 20:01:57 | INFO     |    第17名: XLM/USDT:USDT: 0.153433
2025-11-25 20:01:57 | INFO     |    第18名: SYRUP/USDT:USDT: 0.153109
2025-11-25 20:01:57 | INFO     |    第19名: BOB/USDT:USDT: 0.151494
2025-11-25 20:01:57 | INFO     |    第20名: MINA/USDT:USDT: 0.150469
2025-11-25 20:01:57 | INFO     | [BOTTOM 20] 因子值排名后20的交易对:
2025-11-25 20:01:57 | INFO     |    第514名: TAIKO/USDT:USDT: -0.017331
2025-11-25 20:01:57 | INFO     |    第515名: ASR/USDT:USDT: -0.017919
2025-11-25 20:01:57 | INFO     |    第516名: SCR/USDT:USDT: -0.018148
2025-11-25 20:01:57 | INFO     |    第517名: DOOD/USDT:USDT: -0.018556
2025-11-25 20:01:57 | INFO     |    第518名: KAITO/USDT:USDT: -0.018751
2025-11-25 20:01:57 | INFO     |    第519名: HOME/USDT:USDT: -0.018878
2025-11-25 20:01:57 | INFO     |    第520名: F/USDT:USDT: -0.020091
2025-11-25 20:01:57 | INFO     |    第521名: 4/USDT:USDT: -0.020250
2025-11-25 20:01:57 | INFO     |    第522名: MET/USDT:USDT: -0.022718
2025-11-25 20:01:57 | INFO     |    第523名: HIGH/USDT:USDT: -0.023639
2025-11-25 20:01:57 | INFO     |    第524名: FXS/USDT:USDT: -0.023910
2025-11-25 20:01:57 | INFO     |    第525名: RSR/USDT:USDT: -0.025120
2025-11-25 20:01:57 | INFO     |    第526名: USTC/USDT:USDT: -0.027811
2025-11-25 20:01:57 | INFO     |    第527名: TLM/USDT:USDT: -0.029072
2025-11-25 20:01:57 | INFO     |    第528名: NKN/USDT:USDT: -0.033180
2025-11-25 20:01:57 | INFO     |    第529名: NOT/USDT:USDT: -0.035930
2025-11-25 20:01:57 | INFO     |    第530名: SPK/USDT:USDT: -0.035943
2025-11-25 20:01:57 | INFO     |    第531名: JTO/USDT:USDT: -0.036600
2025-11-25 20:01:57 | INFO     |    第532名: RVV/USDT:USDT: -0.037884
2025-11-25 20:01:57 | INFO     |    第533名: POPCAT/USDT:USDT: -0.043478
2025-11-25 20:01:57 | INFO     | [LONG SYMBOLS] 做多标的详情:
2025-11-25 20:01:57 | INFO     |    BCH/USDT:USDT: 0.246169
2025-11-25 20:01:57 | INFO     |    BROCCOLIF3B/USDT:USDT: 0.228409
2025-11-25 20:01:57 | INFO     | [SHORT SYMBOLS] 做空标的详情:
2025-11-25 20:01:57 | INFO     |    POPCAT/USDT:USDT: -0.043478
2025-11-25 20:01:57 | INFO     |    RVV/USDT:USDT: -0.037884
2025-11-25 20:01:57 | INFO     | [SELECTION] 选择交易标的:
2025-11-25 20:01:57 | INFO     |    做多: ['BCH/USDT:USDT', 'BROCCOLIF3B/USDT:USDT']
2025-11-25 20:01:57 | INFO     |    做空: ['POPCAT/USDT:USDT', 'RVV/USDT:USDT']
2025-11-25 20:01:57 | INFO     | [DINGDING] 通知已发送: Cycle 3/16 交易标的选择完成:
做多 (2个):
  BCH/USDT:USDT: 0.246169
  BROCCOLIF3B/USDT:USDT: 0.228409
做空 (2个):
  POPCAT/USDT:USDT: -0.043478
  RVV/USDT:USDT: -0.037884

因子统计:
  总计: 534 个标的
  范围: -0.043478 ~ 0.246169
2025-11-25 20:01:57 | INFO     | [STEP 5] 获取当前合约保证金...
2025-11-25 20:01:57 | INFO     | [BALANCE] 当前保证金余额: 15.73 USDT
2025-11-25 20:01:58 | INFO     | [DINGDING] 通知已发送:  账户余额报告
 时间: 2025-11-25 20:01:57
 USDT余额: 15.73
2025-11-25 20:01:58 | INFO     | [BALANCE] 余额通知已发送: 15.73 USDT
2025-11-25 20:01:58 | INFO     | [BALANCE] Cycle 3/16 使用当前可用余额 15.73 USDT 执行开仓
2025-11-25 20:01:58 | INFO     | [STEP 6] 执行开仓交易...
2025-11-25 20:01:58 | INFO     | [BALANCE] 总余额: 15.73 USDT
2025-11-25 20:01:58 | INFO     | [INFO] 总仓位数: 4
2025-11-25 20:01:58 | INFO     | [VALUE] 单仓价值: 11.56 USDT
2025-11-25 20:01:58 | INFO     | [MARGIN] 设置保证金模式为 ISOLATED...
2025-11-25 20:01:58 | INFO     | [MARGIN] BCH/USDT:USDT 已经是 ISOLATED 模式
2025-11-25 20:01:58 | INFO     | [MARGIN] BROCCOLIF3B/USDT:USDT 已经是 ISOLATED 模式
2025-11-25 20:01:58 | INFO     | [MARGIN] POPCAT/USDT:USDT (POPCATUSDT) 保证金模式设置为 ISOLATED ✓
2025-11-25 20:01:58 | INFO     | [MARGIN] RVV/USDT:USDT 已经是 ISOLATED 模式
2025-11-25 20:01:58 | INFO     | [MARGIN] 保证金模式设置完成: 4/4 成功
2025-11-25 20:01:58 | INFO     | [LEVERAGE] 设置杠杆为 3x...
2025-11-25 20:01:58 | INFO     | [LIVE LONG] 开多头仓位: 2 个
2025-11-25 20:01:58 | INFO     | [LIVE BUY] 做多 BCH/USDT:USDT: 0.022 @ 519.3
2025-11-25 20:01:58 | INFO     | [LIVE MARKET] 创建市价单 BCH/USDT:USDT: buy 0.022
2025-11-25 20:01:58 | ERROR    | [LIVE ERROR] BCH/USDT:USDT 订单金额太小 (-4164): 请增加订单金额
2025-11-25 20:01:58 | ERROR    | [LIVE ERROR] BCH/USDT:USDT 市价单创建异常: binance {"code":-4164,"msg":"Order's notional must be no smaller than 20 (unless you choose reduce only)."}
2025-11-25 20:01:59 | INFO     | [DINGDING] 通知已发送: [LIVE] 多头订单失败！BCH/USDT:USDT 数量: 0.022 @ 519.3
2025-11-25 20:01:59 | INFO     | [LIVE BUY] 做多 BROCCOLIF3B/USDT:USDT: 1665.0 @ 0.006945
2025-11-25 20:01:59 | INFO     | [LIVE MARKET] 创建市价单 BROCCOLIF3B/USDT:USDT: buy 1665.0
2025-11-25 20:01:59 | INFO     | [LIVE SUCCESS] BROCCOLIF3B/USDT:USDT 市价单创建成功 ID:745751029 成交:1665.0
2025-11-25 20:01:59 | INFO     | [PROTECT] BROCCOLIF3B/USDT:USDT 止盈单创建成功 ID:745751030 触发价:0.008334
2025-11-25 20:01:59 | INFO     | [PROTECT] BROCCOLIF3B/USDT:USDT 止损单创建成功 ID:745751032 触发价:0.005556
2025-11-25 20:01:59 | INFO     | [LIVE OK] 多头开仓: 1/2 成功
2025-11-25 20:01:59 | INFO     | [LIVE SHORT] 开空头仓位: 2 个
2025-11-25 20:01:59 | INFO     | [LIVE SELL] 做空 POPCAT/USDT:USDT: 110.7 @ 0.1045
2025-11-25 20:01:59 | INFO     | [LIVE MARKET] 创建市价单 POPCAT/USDT:USDT: sell 110.7
2025-11-25 20:01:59 | INFO     | [LIVE SUCCESS] POPCAT/USDT:USDT 市价单创建成功 ID:4663719228 成交:110.0
2025-11-25 20:01:59 | INFO     | [PROTECT] POPCAT/USDT:USDT 止盈单创建成功 ID:4663719229 触发价:0.0836
2025-11-25 20:01:59 | INFO     | [PROTECT] POPCAT/USDT:USDT 止损单创建成功 ID:4663719232 触发价:0.1254
2025-11-25 20:01:59 | INFO     | [LIVE SELL] 做空 RVV/USDT:USDT: 2104.1 @ 0.005496
2025-11-25 20:01:59 | INFO     | [LIVE MARKET] 创建市价单 RVV/USDT:USDT: sell 2104.1
2025-11-25 20:01:59 | INFO     | [LIVE SUCCESS] RVV/USDT:USDT 市价单创建成功 ID:228655717 成交:2104.0
2025-11-25 20:01:59 | INFO     | [PROTECT] RVV/USDT:USDT 止盈单创建成功 ID:228655718 触发价:0.004397
2025-11-25 20:01:59 | INFO     | [PROTECT] RVV/USDT:USDT 止损单创建成功 ID:228655719 触发价:0.006595
2025-11-25 20:01:59 | INFO     | [LIVE OK] 空头开仓: 2/2 成功
2025-11-25 20:01:59 | INFO     | [POSITIONS] 新仓位已添加到字典: {'BROCCOLIF3B/USDT:USDT': {'side': 'long', 'quantity': 1665.0, 'open_price': 0.006945, 'position_side': 'LONG', 'take_profit_order_id': '745751030', 'take_profit_price': 0.008334, 'stop_loss_order_id': '745751032', 'stop_loss_price': 0.005556}, 'POPCAT/USDT:USDT': {'side': 'short', 'quantity': 110.7, 'open_price': 0.1045, 'position_side': 'SHORT', 'take_profit_order_id': '4663719229', 'take_profit_price': 0.0836, 'stop_loss_order_id': '4663719232', 'stop_loss_price': 0.1254}, 'RVV/USDT:USDT': {'side': 'short', 'quantity': 2104.1, 'open_price': 0.005496, 'position_side': 'SHORT', 'take_profit_order_id': '228655718', 'take_profit_price': 0.004397, 'stop_loss_order_id': '228655719', 'stop_loss_price': 0.006595}}
2025-11-25 20:01:59 | INFO     | [POSITIONS] 当前仓位字典: {'BROCCOLIF3B/USDT:USDT': {'side': 'long', 'quantity': 1665.0, 'open_price': 0.006945, 'position_side': 'LONG', 'take_profit_order_id': '745751030', 'take_profit_price': 0.008334, 'stop_loss_order_id': '745751032', 'stop_loss_price': 0.005556}, 'POPCAT/USDT:USDT': {'side': 'short', 'quantity': 110.7, 'open_price': 0.1045, 'position_side': 'SHORT', 'take_profit_order_id': '4663719229', 'take_profit_price': 0.0836, 'stop_loss_order_id': '4663719232', 'stop_loss_price': 0.1254}, 'RVV/USDT:USDT': {'side': 'short', 'quantity': 2104.1, 'open_price': 0.005496, 'position_side': 'SHORT', 'take_profit_order_id': '228655718', 'take_profit_price': 0.004397, 'stop_loss_order_id': '228655719', 'stop_loss_price': 0.006595}}
2025-11-25 20:01:59 | INFO     | [STEP 7] 开仓交易完成
2025-11-25 20:01:59 | INFO     | [INFO] 跳过详细仓位验证，交易周期完成
2025-11-25 20:01:59 | INFO     | [STEP 8] 记录当前交易对价格和因子信息...
2025-11-25 20:01:59 | INFO     | [API] 成功获取 534 个交易对价格
2025-11-25 20:01:59 | INFO     | [RECORD] 记录了 534 个交易对的价格和因子信息
2025-11-25 20:01:59 | INFO     | [OK] 交易周期执行成功
2025-11-25 20:01:59 | INFO     | [TIME] 周期耗时: 100.1秒
2025-11-25 20:01:59 | INFO     | [16H] Cycle 4/16 下次执行时间: 2025-11-25 21:00:00
2025-11-25 20:01:59 | INFO     | [WAIT] 等待 3480 秒 (1.0 小时)
2025-11-25 20:13:20 | INFO     | [WAIT] Cycle 4/16 剩余等待时间: 46.7 分钟
2025-11-25 20:24:41 | INFO     | [WAIT] Cycle 4/16 剩余等待时间: 35.3 分钟
2025-11-25 20:36:02 | INFO     | [WAIT] Cycle 4/16 剩余等待时间: 24.0 分钟
2025-11-25 20:47:23 | INFO     | [WAIT] Cycle 4/16 剩余等待时间: 12.6 分钟
2025-11-25 20:58:45 | INFO     | [WAIT] Cycle 4/16 剩余等待时间: 1.2 分钟
2025-11-25 20:59:54 | INFO     | [WAIT] Cycle 4/16 最后等待: 6 秒
2025-11-25 21:00:19 | INFO     | 
==================================================
2025-11-25 21:00:19 | INFO     | [CYCLE] 第 37 轮交易周期 (Cycle 4/16)
2025-11-25 21:00:19 | INFO     | [TIME] 开始时间: 2025-11-25 21:00:19
2025-11-25 21:00:19 | INFO     | ==================================================
2025-11-25 21:00:39 | INFO     | [STEP 1] Cycle 4/16 平仓字典中存储的仓位...
2025-11-25 21:00:39 | INFO     | [POSITIONS] 当前持有仓位: {'HOOK/USDT:USDT': {'side': 'long', 'quantity': 328.0, 'open_price': 0.04752, 'position_side': 'LONG', 'take_profit_order_id': '3534677992', 'take_profit_price': 0.05702, 'stop_loss_order_id': '3534678000', 'stop_loss_price': 0.03802}, 'IOST/USDT:USDT': {'side': 'short', 'quantity': 8111.4, 'open_price': 0.001922, 'position_side': 'SHORT', 'take_profit_order_id': '8448377549', 'take_profit_price': 0.001538, 'stop_loss_order_id': '8448377552', 'stop_loss_price': 0.002306}, 'B/USDT:USDT': {'side': 'short', 'quantity': 86.4, 'open_price': 0.1805, 'position_side': 'SHORT', 'take_profit_order_id': '677749336', 'take_profit_price': 0.1444, 'stop_loss_order_id': '677749337', 'stop_loss_price': 0.2166}}
2025-11-25 21:00:39 | INFO     | [LIVE CLOSE] 开始平仓指定仓位: 3 个
2025-11-25 21:00:39 | INFO     | [PROTECT] HOOK/USDT:USDT 已取消止盈单 3534677992
2025-11-25 21:00:39 | INFO     | [PROTECT] HOOK/USDT:USDT 已取消止损单 3534678000
2025-11-25 21:00:39 | INFO     | [LIVE CLOSE] 平仓 HOOK/USDT:USDT: sell 328.0 (原long仓位)
2025-11-25 21:00:39 | INFO     | [LIVE PROFIT] HOOK/USDT:USDT 开仓价格: 0.04752000, 当前价格: 0.04763000
2025-11-25 21:00:39 | INFO     | [LIVE PROFIT] HOOK/USDT:USDT 预期收益: 0.23% (约 0.03608000 USDT)
2025-11-25 21:00:39 | INFO     | [LIVE MARKET] 创建市价单 HOOK/USDT:USDT: sell 328.0
2025-11-25 21:00:39 | INFO     | [LIVE SUCCESS] HOOK/USDT:USDT 市价单创建成功 ID:3535301785 成交:328.0
2025-11-25 21:00:39 | INFO     | [LIVE SUCCESS] 平仓订单创建成功 HOOK/USDT:USDT: 3535301785
2025-11-25 21:00:40 | INFO     | [DINGDING] 通知已发送: 🔔 [实盘] 平仓通知
📊 交易对: HOOK/USDT:USDT
📈 方向: 做多
🔢 数量: 328.00000000
💵 开仓价: 0.04752000
💵 平仓价: 0.04763000
💰 收益: 0.23% (0.03608000 USDT)
2025-11-25 21:00:40 | INFO     | [PROTECT] IOST/USDT:USDT 已取消止盈单 8448377549
2025-11-25 21:00:40 | INFO     | [PROTECT] IOST/USDT:USDT 已取消止损单 8448377552
2025-11-25 21:00:40 | INFO     | [LIVE CLOSE] 平仓 IOST/USDT:USDT: buy 8111.4 (原short仓位)
2025-11-25 21:00:40 | INFO     | [LIVE PROFIT] IOST/USDT:USDT 开仓价格: 0.00192200, 当前价格: 0.00198700
2025-11-25 21:00:40 | INFO     | [LIVE PROFIT] IOST/USDT:USDT 预期收益: -3.38% (约 -0.52724100 USDT)
2025-11-25 21:00:40 | INFO     | [LIVE MARKET] 创建市价单 IOST/USDT:USDT: buy 8111.4
2025-11-25 21:00:40 | INFO     | [LIVE SUCCESS] IOST/USDT:USDT 市价单创建成功 ID:8452123320 成交:8111.0
2025-11-25 21:00:40 | INFO     | [LIVE SUCCESS] 平仓订单创建成功 IOST/USDT:USDT: 8452123320
2025-11-25 21:00:40 | INFO     | [DINGDING] 通知已发送: 🔔 [实盘] 平仓通知
📊 交易对: IOST/USDT:USDT
📈 方向: 做空
🔢 数量: 8111.40000000
💵 开仓价: 0.00192200
💵 平仓价: 0.00198700
📉 收益: -3.38% (-0.52724100 USDT)
2025-11-25 21:00:40 | INFO     | [PROTECT] B/USDT:USDT 已取消止盈单 677749336
2025-11-25 21:00:40 | INFO     | [PROTECT] B/USDT:USDT 已取消止损单 677749337
2025-11-25 21:00:40 | INFO     | [LIVE CLOSE] 平仓 B/USDT:USDT: buy 86.4 (原short仓位)
2025-11-25 21:00:40 | INFO     | [LIVE PROFIT] B/USDT:USDT 开仓价格: 0.18050000, 当前价格: 0.19690000
2025-11-25 21:00:40 | INFO     | [LIVE PROFIT] B/USDT:USDT 预期收益: -9.09% (约 -1.41696000 USDT)
2025-11-25 21:00:40 | INFO     | [LIVE MARKET] 创建市价单 B/USDT:USDT: buy 86.4
2025-11-25 21:00:40 | INFO     | [LIVE SUCCESS] B/USDT:USDT 市价单创建成功 ID:678055375 成交:86.0
2025-11-25 21:00:40 | INFO     | [LIVE SUCCESS] 平仓订单创建成功 B/USDT:USDT: 678055375
2025-11-25 21:00:41 | INFO     | [DINGDING] 通知已发送: 🔔 [实盘] 平仓通知
📊 交易对: B/USDT:USDT
📈 方向: 做空
🔢 数量: 86.40000000
💵 开仓价: 0.18050000
💵 平仓价: 0.19690000
📉 收益: -9.09% (-1.41696000 USDT)
2025-11-25 21:00:41 | INFO     | [LIVE WAIT] 等待 3 个平仓订单执行...
2025-11-25 21:00:43 | INFO     | [LIVE OK] 平仓操作完成，成功: 3/3
2025-11-25 21:00:43 | INFO     | [INFO] Cycle 4/16 仓位字典已清空
2025-11-25 21:00:43 | INFO     | [STEP 2] 跳过验证步骤...
2025-11-25 21:00:43 | INFO     | [STEP 3] 提取OHLC数据并计算因子...
2025-11-25 21:00:43 | INFO     | [OK] 获取活跃交易对完成，耗时: 0.001秒
2025-11-25 21:01:58 | INFO     | [FACTORS] 计算得到 534 个有效因子
2025-11-25 21:01:58 | INFO     | [STEP 4] 根据因子值选择交易标的...
2025-11-25 21:01:58 | INFO     | [FILTER] 忽略 1 个交易对: ['BTC/USDT:USDT']
2025-11-25 21:01:58 | INFO     | [FILTER] RVV/USDT:USDT 已在其它周期出现 4 次，达到上限 4，跳过
2025-11-25 21:01:58 | INFO     | [STATS] 因子统计:
2025-11-25 21:01:58 | INFO     |    总计: 533 个标的
2025-11-25 21:01:58 | INFO     |    因子值范围: -0.072145 ~ 0.198355
2025-11-25 21:01:58 | INFO     |    选择做多: 2 个
2025-11-25 21:01:58 | INFO     |    选择做空: 2 个
2025-11-25 21:01:58 | INFO     | [TOP 20] 因子值排名前20的交易对:
2025-11-25 21:01:58 | INFO     |    第1名: ARKM/USDT:USDT: 0.198355
2025-11-25 21:01:58 | INFO     |    第2名: BROCCOLIF3B/USDT:USDT: 0.195670
2025-11-25 21:01:58 | INFO     |    第3名: FLUID/USDT:USDT: 0.182759
2025-11-25 21:01:58 | INFO     |    第4名: PLAY/USDT:USDT: 0.181608
2025-11-25 21:01:58 | INFO     |    第5名: BCH/USDT:USDT: 0.176211
2025-11-25 21:01:58 | INFO     |    第6名: VINE/USDT:USDT: 0.173875
2025-11-25 21:01:58 | INFO     |    第7名: SCRT/USDT:USDT: 0.169477
2025-11-25 21:01:58 | INFO     |    第8名: H/USDT:USDT: 0.169462
2025-11-25 21:01:58 | INFO     |    第9名: PIPPIN/USDT:USDT: 0.167989
2025-11-25 21:01:58 | INFO     |    第10名: SYRUP/USDT:USDT: 0.167371
2025-11-25 21:01:58 | INFO     |    第11名: YALA/USDT:USDT: 0.163789
2025-11-25 21:01:58 | INFO     |    第12名: ZEN/USDT:USDT: 0.162210
2025-11-25 21:01:58 | INFO     |    第13名: ACT/USDT:USDT: 0.161915
2025-11-25 21:01:58 | INFO     |    第14名: PIEVERSE/USDT:USDT: 0.151780
2025-11-25 21:01:58 | INFO     |    第15名: GTC/USDT:USDT: 0.149170
2025-11-25 21:01:58 | INFO     |    第16名: TRUST/USDT:USDT: 0.148165
2025-11-25 21:01:58 | INFO     |    第17名: HYPE/USDT:USDT: 0.147669
2025-11-25 21:01:58 | INFO     |    第18名: BOB/USDT:USDT: 0.139464
2025-11-25 21:01:58 | INFO     |    第19名: NXPC/USDT:USDT: 0.137850
2025-11-25 21:01:58 | INFO     |    第20名: MEME/USDT:USDT: 0.137693
2025-11-25 21:01:58 | INFO     | [BOTTOM 20] 因子值排名后20的交易对:
2025-11-25 21:01:58 | INFO     |    第514名: BROCCOLI714/USDT:USDT: -0.017827
2025-11-25 21:01:58 | INFO     |    第515名: TAIKO/USDT:USDT: -0.019781
2025-11-25 21:01:58 | INFO     |    第516名: 1INCH/USDT:USDT: -0.020108
2025-11-25 21:01:58 | INFO     |    第517名: D/USDT:USDT: -0.021173
2025-11-25 21:01:58 | INFO     |    第518名: BLESS/USDT:USDT: -0.022685
2025-11-25 21:01:58 | INFO     |    第519名: VANRY/USDT:USDT: -0.023036
2025-11-25 21:01:58 | INFO     |    第520名: KAS/USDT:USDT: -0.025840
2025-11-25 21:01:58 | INFO     |    第521名: HOLO/USDT:USDT: -0.028212
2025-11-25 21:01:58 | INFO     |    第522名: HIGH/USDT:USDT: -0.029532
2025-11-25 21:01:58 | INFO     |    第523名: F/USDT:USDT: -0.031791
2025-11-25 21:01:58 | INFO     |    第524名: SPK/USDT:USDT: -0.032063
2025-11-25 21:01:58 | INFO     |    第525名: ICNT/USDT:USDT: -0.033131
2025-11-25 21:01:58 | INFO     |    第526名: TLM/USDT:USDT: -0.034505
2025-11-25 21:01:58 | INFO     |    第527名: KAITO/USDT:USDT: -0.036554
2025-11-25 21:01:58 | INFO     |    第528名: POPCAT/USDT:USDT: -0.038755
2025-11-25 21:01:58 | INFO     |    第529名: MET/USDT:USDT: -0.039725
2025-11-25 21:01:58 | INFO     |    第530名: NKN/USDT:USDT: -0.041138
2025-11-25 21:01:58 | INFO     |    第531名: JTO/USDT:USDT: -0.041212
2025-11-25 21:01:58 | INFO     |    第532名: GLM/USDT:USDT: -0.046069
2025-11-25 21:01:58 | INFO     |    第533名: RVV/USDT:USDT: -0.072145
2025-11-25 21:01:58 | INFO     | [LONG SYMBOLS] 做多标的详情:
2025-11-25 21:01:58 | INFO     |    ARKM/USDT:USDT: 0.198355
2025-11-25 21:01:58 | INFO     |    BROCCOLIF3B/USDT:USDT: 0.195670
2025-11-25 21:01:58 | INFO     | [SHORT SYMBOLS] 做空标的详情:
2025-11-25 21:01:58 | INFO     |    GLM/USDT:USDT: -0.046069
2025-11-25 21:01:58 | INFO     |    JTO/USDT:USDT: -0.041212
2025-11-25 21:01:58 | INFO     | [SELECTION] 选择交易标的:
2025-11-25 21:01:58 | INFO     |    做多: ['ARKM/USDT:USDT', 'BROCCOLIF3B/USDT:USDT']
2025-11-25 21:01:58 | INFO     |    做空: ['GLM/USDT:USDT', 'JTO/USDT:USDT']
2025-11-25 21:01:59 | INFO     | [DINGDING] 通知已发送: Cycle 4/16 交易标的选择完成:
做多 (2个):
  ARKM/USDT:USDT: 0.198355
  BROCCOLIF3B/USDT:USDT: 0.195670
做空 (2个):
  GLM/USDT:USDT: -0.046069
  JTO/USDT:USDT: -0.041212

因子统计:
  总计: 534 个标的
  范围: -0.072145 ~ 0.198355
2025-11-25 21:01:59 | INFO     | [STEP 5] 获取当前合约保证金...
2025-11-25 21:01:59 | INFO     | [BALANCE] 当前保证金余额: 17.59 USDT
2025-11-25 21:01:59 | INFO     | [DINGDING] 通知已发送:  账户余额报告
 时间: 2025-11-25 21:01:59
 USDT余额: 17.59
2025-11-25 21:01:59 | INFO     | [BALANCE] 余额通知已发送: 17.59 USDT
2025-11-25 21:01:59 | INFO     | [BALANCE] Cycle 4/16 使用当前可用余额 17.59 USDT 执行开仓
2025-11-25 21:01:59 | INFO     | [STEP 6] 执行开仓交易...
2025-11-25 21:01:59 | INFO     | [BALANCE] 总余额: 17.59 USDT
2025-11-25 21:01:59 | INFO     | [INFO] 总仓位数: 4
2025-11-25 21:01:59 | INFO     | [VALUE] 单仓价值: 12.93 USDT
2025-11-25 21:01:59 | INFO     | [MARGIN] 设置保证金模式为 ISOLATED...
2025-11-25 21:01:59 | INFO     | [MARGIN] ARKM/USDT:USDT (ARKMUSDT) 保证金模式设置为 ISOLATED ✓
2025-11-25 21:01:59 | INFO     | [MARGIN] BROCCOLIF3B/USDT:USDT 已经是 ISOLATED 模式
2025-11-25 21:01:59 | INFO     | [MARGIN] GLM/USDT:USDT 已经是 ISOLATED 模式
2025-11-25 21:01:59 | INFO     | [MARGIN] JTO/USDT:USDT (JTOUSDT) 保证金模式设置为 ISOLATED ✓
2025-11-25 21:01:59 | INFO     | [MARGIN] 保证金模式设置完成: 4/4 成功
2025-11-25 21:01:59 | INFO     | [LEVERAGE] 设置杠杆为 3x...
2025-11-25 21:02:00 | INFO     | [LIVE LONG] 开多头仓位: 2 个
2025-11-25 21:02:00 | INFO     | [LIVE BUY] 做多 ARKM/USDT:USDT: 52.1 @ 0.2477
2025-11-25 21:02:00 | INFO     | [LIVE MARKET] 创建市价单 ARKM/USDT:USDT: buy 52.1
2025-11-25 21:02:00 | INFO     | [LIVE SUCCESS] ARKM/USDT:USDT 市价单创建成功 ID:5063192331 成交:52.0
2025-11-25 21:02:00 | INFO     | [PROTECT] ARKM/USDT:USDT 止盈单创建成功 ID:5063192332 触发价:0.2972
2025-11-25 21:02:00 | INFO     | [PROTECT] ARKM/USDT:USDT 止损单创建成功 ID:5063192335 触发价:0.1982
2025-11-25 21:02:00 | INFO     | [LIVE BUY] 做多 BROCCOLIF3B/USDT:USDT: 1854.5 @ 0.006972
2025-11-25 21:02:00 | INFO     | [LIVE MARKET] 创建市价单 BROCCOLIF3B/USDT:USDT: buy 1854.5
2025-11-25 21:02:00 | INFO     | [LIVE SUCCESS] BROCCOLIF3B/USDT:USDT 市价单创建成功 ID:745766589 成交:1854.0
2025-11-25 21:02:00 | INFO     | [PROTECT] BROCCOLIF3B/USDT:USDT 止盈单创建成功 ID:745766590 触发价:0.008366
2025-11-25 21:02:00 | INFO     | [PROTECT] BROCCOLIF3B/USDT:USDT 止损单创建成功 ID:745766591 触发价:0.005578
2025-11-25 21:02:00 | INFO     | [LIVE OK] 多头开仓: 2/2 成功
2025-11-25 21:02:00 | INFO     | [LIVE SHORT] 开空头仓位: 2 个
2025-11-25 21:02:00 | INFO     | [LIVE SELL] 做空 GLM/USDT:USDT: 57.8 @ 0.22376
2025-11-25 21:02:00 | INFO     | [LIVE MARKET] 创建市价单 GLM/USDT:USDT: sell 57.8
2025-11-25 21:02:00 | INFO     | [LIVE SUCCESS] GLM/USDT:USDT 市价单创建成功 ID:2923431403 成交:57.0
2025-11-25 21:02:00 | INFO     | [PROTECT] GLM/USDT:USDT 止盈单创建成功 ID:2923431405 触发价:0.17901
2025-11-25 21:02:00 | INFO     | [PROTECT] GLM/USDT:USDT 止损单创建成功 ID:2923431406 触发价:0.26851
2025-11-25 21:02:00 | INFO     | [LIVE SELL] 做空 JTO/USDT:USDT: 25.4 @ 0.5083
2025-11-25 21:02:00 | INFO     | [LIVE MARKET] 创建市价单 JTO/USDT:USDT: sell 25.4
2025-11-25 21:02:00 | INFO     | [LIVE SUCCESS] JTO/USDT:USDT 市价单创建成功 ID:7579908193 成交:25.0
2025-11-25 21:02:00 | INFO     | [PROTECT] JTO/USDT:USDT 止盈单创建成功 ID:7579908194 触发价:0.4066
2025-11-25 21:02:00 | INFO     | [PROTECT] JTO/USDT:USDT 止损单创建成功 ID:7579908205 触发价:0.61
2025-11-25 21:02:01 | INFO     | [LIVE OK] 空头开仓: 2/2 成功
2025-11-25 21:02:01 | INFO     | [POSITIONS] 新仓位已添加到字典: {'ARKM/USDT:USDT': {'side': 'long', 'quantity': 52.1, 'open_price': 0.2477, 'position_side': 'LONG', 'take_profit_order_id': '5063192332', 'take_profit_price': 0.2972, 'stop_loss_order_id': '5063192335', 'stop_loss_price': 0.1982}, 'BROCCOLIF3B/USDT:USDT': {'side': 'long', 'quantity': 1854.5, 'open_price': 0.006972, 'position_side': 'LONG', 'take_profit_order_id': '745766590', 'take_profit_price': 0.008366, 'stop_loss_order_id': '745766591', 'stop_loss_price': 0.005578}, 'GLM/USDT:USDT': {'side': 'short', 'quantity': 57.8, 'open_price': 0.22376, 'position_side': 'SHORT', 'take_profit_order_id': '2923431405', 'take_profit_price': 0.17901, 'stop_loss_order_id': '2923431406', 'stop_loss_price': 0.26851}, 'JTO/USDT:USDT': {'side': 'short', 'quantity': 25.4, 'open_price': 0.5083, 'position_side': 'SHORT', 'take_profit_order_id': '7579908194', 'take_profit_price': 0.4066, 'stop_loss_order_id': '7579908205', 'stop_loss_price': 0.61}}
2025-11-25 21:02:01 | INFO     | [POSITIONS] 当前仓位字典: {'ARKM/USDT:USDT': {'side': 'long', 'quantity': 52.1, 'open_price': 0.2477, 'position_side': 'LONG', 'take_profit_order_id': '5063192332', 'take_profit_price': 0.2972, 'stop_loss_order_id': '5063192335', 'stop_loss_price': 0.1982}, 'BROCCOLIF3B/USDT:USDT': {'side': 'long', 'quantity': 1854.5, 'open_price': 0.006972, 'position_side': 'LONG', 'take_profit_order_id': '745766590', 'take_profit_price': 0.008366, 'stop_loss_order_id': '745766591', 'stop_loss_price': 0.005578}, 'GLM/USDT:USDT': {'side': 'short', 'quantity': 57.8, 'open_price': 0.22376, 'position_side': 'SHORT', 'take_profit_order_id': '2923431405', 'take_profit_price': 0.17901, 'stop_loss_order_id': '2923431406', 'stop_loss_price': 0.26851}, 'JTO/USDT:USDT': {'side': 'short', 'quantity': 25.4, 'open_price': 0.5083, 'position_side': 'SHORT', 'take_profit_order_id': '7579908194', 'take_profit_price': 0.4066, 'stop_loss_order_id': '7579908205', 'stop_loss_price': 0.61}}
2025-11-25 21:02:01 | INFO     | [STEP 7] 开仓交易完成
2025-11-25 21:02:01 | INFO     | [INFO] 跳过详细仓位验证，交易周期完成
2025-11-25 21:02:01 | INFO     | [STEP 8] 记录当前交易对价格和因子信息...
2025-11-25 21:02:01 | INFO     | [API] 成功获取 534 个交易对价格
2025-11-25 21:02:01 | INFO     | [RECORD] 记录了 534 个交易对的价格和因子信息
2025-11-25 21:02:01 | INFO     | [OK] 交易周期执行成功
2025-11-25 21:02:01 | INFO     | [TIME] 周期耗时: 101.5秒
2025-11-25 21:02:01 | INFO     | [16H] Cycle 5/16 下次执行时间: 2025-11-25 22:00:00
2025-11-25 21:02:01 | INFO     | [WAIT] 等待 3479 秒 (1.0 小时)
2025-11-25 21:13:32 | INFO     | [WAIT] Cycle 5/16 剩余等待时间: 46.5 分钟
2025-11-25 21:25:02 | INFO     | [WAIT] Cycle 5/16 剩余等待时间: 35.0 分钟
2025-11-25 21:36:32 | INFO     | [WAIT] Cycle 5/16 剩余等待时间: 23.5 分钟
2025-11-25 21:48:03 | INFO     | [WAIT] Cycle 5/16 剩余等待时间: 11.9 分钟
2025-11-25 21:59:34 | INFO     | [WAIT] Cycle 5/16 剩余等待时间: 0.4 分钟
2025-11-25 21:59:34 | INFO     | [WAIT] Cycle 5/16 最后等待: 25 秒
2025-11-25 22:00:19 | INFO     | 
==================================================
2025-11-25 22:00:19 | INFO     | [CYCLE] 第 38 轮交易周期 (Cycle 5/16)
2025-11-25 22:00:19 | INFO     | [TIME] 开始时间: 2025-11-25 22:00:19
2025-11-25 22:00:19 | INFO     | ==================================================
2025-11-25 22:00:39 | INFO     | [STEP 1] Cycle 5/16 平仓字典中存储的仓位...
2025-11-25 22:00:39 | INFO     | [POSITIONS] 当前持有仓位: {'HIPPO/USDT:USDT': {'side': 'long', 'quantity': 17293.1, 'open_price': 0.001133, 'position_side': 'LONG', 'take_profit_order_id': '1819265107', 'take_profit_price': 0.00136, 'stop_loss_order_id': '1819265109', 'stop_loss_price': 0.000906}, 'BANANAS31/USDT:USDT': {'side': 'long', 'quantity': 5027.7, 'open_price': 0.003897, 'position_side': 'LONG', 'take_profit_order_id': '1348568265', 'take_profit_price': 0.004676, 'stop_loss_order_id': '1348568272', 'stop_loss_price': 0.003118}, 'KITE/USDT:USDT': {'side': 'short', 'quantity': 196.1, 'open_price': 0.09991, 'position_side': 'SHORT', 'take_profit_order_id': '414724384', 'take_profit_price': 0.07993, 'stop_loss_order_id': '414724387', 'stop_loss_price': 0.11989}, 'HUMA/USDT:USDT': {'side': 'short', 'quantity': 735.2, 'open_price': 0.026649, 'position_side': 'SHORT', 'take_profit_order_id': '1471650965', 'take_profit_price': 0.021319, 'stop_loss_order_id': '1471650970', 'stop_loss_price': 0.031979}}
2025-11-25 22:00:39 | INFO     | [LIVE CLOSE] 开始平仓指定仓位: 4 个
2025-11-25 22:00:39 | INFO     | [PROTECT] HIPPO/USDT:USDT 已取消止盈单 1819265107
2025-11-25 22:00:39 | INFO     | [PROTECT] HIPPO/USDT:USDT 已取消止损单 1819265109
2025-11-25 22:00:39 | INFO     | [LIVE CLOSE] 平仓 HIPPO/USDT:USDT: sell 17293.1 (原long仓位)
2025-11-25 22:00:39 | INFO     | [LIVE PROFIT] HIPPO/USDT:USDT 开仓价格: 0.00113300, 当前价格: 0.00118100
2025-11-25 22:00:39 | INFO     | [LIVE PROFIT] HIPPO/USDT:USDT 预期收益: 4.24% (约 0.83006880 USDT)
2025-11-25 22:00:39 | INFO     | [LIVE MARKET] 创建市价单 HIPPO/USDT:USDT: sell 17293.1
2025-11-25 22:00:39 | INFO     | [LIVE SUCCESS] HIPPO/USDT:USDT 市价单创建成功 ID:1820928904 成交:17293.0
2025-11-25 22:00:39 | INFO     | [LIVE SUCCESS] 平仓订单创建成功 HIPPO/USDT:USDT: 1820928904
2025-11-25 22:00:40 | INFO     | [DINGDING] 通知已发送: 🔔 [实盘] 平仓通知
📊 交易对: HIPPO/USDT:USDT
📈 方向: 做多
🔢 数量: 17293.10000000
💵 开仓价: 0.00113300
💵 平仓价: 0.00118100
💰 收益: 4.24% (0.83006880 USDT)
2025-11-25 22:00:40 | INFO     | [PROTECT] BANANAS31/USDT:USDT 已取消止盈单 1348568265
2025-11-25 22:00:40 | INFO     | [PROTECT] BANANAS31/USDT:USDT 已取消止损单 1348568272
2025-11-25 22:00:40 | INFO     | [LIVE CLOSE] 平仓 BANANAS31/USDT:USDT: sell 5027.7 (原long仓位)
2025-11-25 22:00:40 | INFO     | [LIVE PROFIT] BANANAS31/USDT:USDT 开仓价格: 0.00389700, 当前价格: 0.00360500
2025-11-25 22:00:40 | INFO     | [LIVE PROFIT] BANANAS31/USDT:USDT 预期收益: -7.49% (约 -1.46808840 USDT)
2025-11-25 22:00:40 | INFO     | [LIVE MARKET] 创建市价单 BANANAS31/USDT:USDT: sell 5027.7
2025-11-25 22:00:40 | INFO     | [LIVE SUCCESS] BANANAS31/USDT:USDT 市价单创建成功 ID:1357637380 成交:5027.0
2025-11-25 22:00:40 | INFO     | [LIVE SUCCESS] 平仓订单创建成功 BANANAS31/USDT:USDT: 1357637380
2025-11-25 22:00:40 | INFO     | [DINGDING] 通知已发送: 🔔 [实盘] 平仓通知
📊 交易对: BANANAS31/USDT:USDT
📈 方向: 做多
🔢 数量: 5027.70000000
💵 开仓价: 0.00389700
💵 平仓价: 0.00360500
📉 收益: -7.49% (-1.46808840 USDT)
2025-11-25 22:00:40 | INFO     | [PROTECT] KITE/USDT:USDT 已取消止盈单 414724384
2025-11-25 22:00:40 | INFO     | [PROTECT] KITE/USDT:USDT 已取消止损单 414724387
2025-11-25 22:00:40 | INFO     | [LIVE CLOSE] 平仓 KITE/USDT:USDT: buy 196.1 (原short仓位)
2025-11-25 22:00:40 | INFO     | [LIVE PROFIT] KITE/USDT:USDT 开仓价格: 0.09991000, 当前价格: 0.10166000
2025-11-25 22:00:40 | INFO     | [LIVE PROFIT] KITE/USDT:USDT 预期收益: -1.75% (约 -0.34317500 USDT)
2025-11-25 22:00:40 | INFO     | [LIVE MARKET] 创建市价单 KITE/USDT:USDT: buy 196.1
2025-11-25 22:00:40 | INFO     | [LIVE SUCCESS] KITE/USDT:USDT 市价单创建成功 ID:418170046 成交:196.0
2025-11-25 22:00:40 | INFO     | [LIVE SUCCESS] 平仓订单创建成功 KITE/USDT:USDT: 418170046
2025-11-25 22:00:41 | INFO     | [DINGDING] 通知已发送: 🔔 [实盘] 平仓通知
📊 交易对: KITE/USDT:USDT
📈 方向: 做空
🔢 数量: 196.10000000
💵 开仓价: 0.09991000
💵 平仓价: 0.10166000
📉 收益: -1.75% (-0.34317500 USDT)
2025-11-25 22:00:41 | INFO     | [PROTECT] HUMA/USDT:USDT 已取消止盈单 1471650965
2025-11-25 22:00:41 | INFO     | [PROTECT] HUMA/USDT:USDT 已取消止损单 1471650970
2025-11-25 22:00:41 | INFO     | [LIVE CLOSE] 平仓 HUMA/USDT:USDT: buy 735.2 (原short仓位)
2025-11-25 22:00:41 | INFO     | [LIVE PROFIT] HUMA/USDT:USDT 开仓价格: 0.02664900, 当前价格: 0.02612700
2025-11-25 22:00:41 | INFO     | [LIVE PROFIT] HUMA/USDT:USDT 预期收益: 1.96% (约 0.38377440 USDT)
2025-11-25 22:00:41 | INFO     | [LIVE MARKET] 创建市价单 HUMA/USDT:USDT: buy 735.2
2025-11-25 22:00:41 | INFO     | [LIVE SUCCESS] HUMA/USDT:USDT 市价单创建成功 ID:1473144810 成交:735.0
2025-11-25 22:00:41 | INFO     | [LIVE SUCCESS] 平仓订单创建成功 HUMA/USDT:USDT: 1473144810
2025-11-25 22:00:41 | INFO     | [DINGDING] 通知已发送: 🔔 [实盘] 平仓通知
📊 交易对: HUMA/USDT:USDT
📈 方向: 做空
🔢 数量: 735.20000000
💵 开仓价: 0.02664900
💵 平仓价: 0.02612700
💰 收益: 1.96% (0.38377440 USDT)
2025-11-25 22:00:41 | INFO     | [LIVE WAIT] 等待 4 个平仓订单执行...
2025-11-25 22:00:43 | INFO     | [LIVE OK] 平仓操作完成，成功: 4/4
2025-11-25 22:00:43 | INFO     | [INFO] Cycle 5/16 仓位字典已清空
2025-11-25 22:00:43 | INFO     | [STEP 2] 跳过验证步骤...
2025-11-25 22:00:43 | INFO     | [STEP 3] 提取OHLC数据并计算因子...
2025-11-25 22:00:43 | INFO     | [OK] 获取活跃交易对完成，耗时: 0.001秒
2025-11-25 22:01:58 | INFO     | [FACTORS] 计算得到 534 个有效因子
2025-11-25 22:01:58 | INFO     | [STEP 4] 根据因子值选择交易标的...
2025-11-25 22:01:58 | INFO     | [FILTER] 忽略 1 个交易对: ['BTC/USDT:USDT']
2025-11-25 22:01:58 | INFO     | [FILTER] RVV/USDT:USDT 已在其它周期出现 4 次，达到上限 4，跳过
2025-11-25 22:01:58 | INFO     | [STATS] 因子统计:
2025-11-25 22:01:58 | INFO     |    总计: 533 个标的
2025-11-25 22:01:58 | INFO     |    因子值范围: -0.054028 ~ 0.253918
2025-11-25 22:01:58 | INFO     |    选择做多: 2 个
2025-11-25 22:01:58 | INFO     |    选择做空: 2 个
2025-11-25 22:01:58 | INFO     | [TOP 20] 因子值排名前20的交易对:
2025-11-25 22:01:58 | INFO     |    第1名: BROCCOLIF3B/USDT:USDT: 0.253918
2025-11-25 22:01:58 | INFO     |    第2名: BEAT/USDT:USDT: 0.225430
2025-11-25 22:01:58 | INFO     |    第3名: FLUID/USDT:USDT: 0.212429
2025-11-25 22:01:58 | INFO     |    第4名: M/USDT:USDT: 0.187259
2025-11-25 22:01:58 | INFO     |    第5名: BCH/USDT:USDT: 0.185821
2025-11-25 22:01:58 | INFO     |    第6名: SYRUP/USDT:USDT: 0.182677
2025-11-25 22:01:58 | INFO     |    第7名: XLM/USDT:USDT: 0.179258
2025-11-25 22:01:58 | INFO     |    第8名: ZEN/USDT:USDT: 0.177794
2025-11-25 22:01:58 | INFO     |    第9名: ACT/USDT:USDT: 0.175051
2025-11-25 22:01:58 | INFO     |    第10名: SCRT/USDT:USDT: 0.172438
2025-11-25 22:01:58 | INFO     |    第11名: VINE/USDT:USDT: 0.166012
2025-11-25 22:01:58 | INFO     |    第12名: HYPE/USDT:USDT: 0.162865
2025-11-25 22:01:58 | INFO     |    第13名: NMR/USDT:USDT: 0.153448
2025-11-25 22:01:58 | INFO     |    第14名: BLUR/USDT:USDT: 0.152533
2025-11-25 22:01:58 | INFO     |    第15名: SKYAI/USDT:USDT: 0.147683
2025-11-25 22:01:58 | INFO     |    第16名: UAI/USDT:USDT: 0.147256
2025-11-25 22:01:58 | INFO     |    第17名: ARKM/USDT:USDT: 0.145019
2025-11-25 22:01:58 | INFO     |    第18名: YALA/USDT:USDT: 0.140477
2025-11-25 22:01:58 | INFO     |    第19名: PIPPIN/USDT:USDT: 0.132204
2025-11-25 22:01:58 | INFO     |    第20名: SKY/USDT:USDT: 0.131994
2025-11-25 22:01:58 | INFO     | [BOTTOM 20] 因子值排名后20的交易对:
2025-11-25 22:01:58 | INFO     |    第514名: CELO/USDT:USDT: -0.017666
2025-11-25 22:01:58 | INFO     |    第515名: ICNT/USDT:USDT: -0.019090
2025-11-25 22:01:58 | INFO     |    第516名: BROCCOLI714/USDT:USDT: -0.019936
2025-11-25 22:01:58 | INFO     |    第517名: SCR/USDT:USDT: -0.021107
2025-11-25 22:01:58 | INFO     |    第518名: JTO/USDT:USDT: -0.021561
2025-11-25 22:01:58 | INFO     |    第519名: BABY/USDT:USDT: -0.021815
2025-11-25 22:01:58 | INFO     |    第520名: SNX/USDT:USDT: -0.022436
2025-11-25 22:01:58 | INFO     |    第521名: SPK/USDT:USDT: -0.022468
2025-11-25 22:01:58 | INFO     |    第522名: SYN/USDT:USDT: -0.025403
2025-11-25 22:01:58 | INFO     |    第523名: KAITO/USDT:USDT: -0.025417
2025-11-25 22:01:58 | INFO     |    第524名: AIA/USDT:USDT: -0.025785
2025-11-25 22:01:58 | INFO     |    第525名: FXS/USDT:USDT: -0.029360
2025-11-25 22:01:58 | INFO     |    第526名: POPCAT/USDT:USDT: -0.030349
2025-11-25 22:01:58 | INFO     |    第527名: KMNO/USDT:USDT: -0.031262
2025-11-25 22:01:58 | INFO     |    第528名: F/USDT:USDT: -0.033058
2025-11-25 22:01:58 | INFO     |    第529名: NKN/USDT:USDT: -0.036871
2025-11-25 22:01:58 | INFO     |    第530名: HIGH/USDT:USDT: -0.036940
2025-11-25 22:01:58 | INFO     |    第531名: LAYER/USDT:USDT: -0.044020
2025-11-25 22:01:58 | INFO     |    第532名: RVV/USDT:USDT: -0.048192
2025-11-25 22:01:58 | INFO     |    第533名: TLM/USDT:USDT: -0.054028
2025-11-25 22:01:58 | INFO     | [LONG SYMBOLS] 做多标的详情:
2025-11-25 22:01:58 | INFO     |    BROCCOLIF3B/USDT:USDT: 0.253918
2025-11-25 22:01:58 | INFO     |    BEAT/USDT:USDT: 0.225430
2025-11-25 22:01:58 | INFO     | [SHORT SYMBOLS] 做空标的详情:
2025-11-25 22:01:58 | INFO     |    TLM/USDT:USDT: -0.054028
2025-11-25 22:01:58 | INFO     |    LAYER/USDT:USDT: -0.044020
2025-11-25 22:01:58 | INFO     | [SELECTION] 选择交易标的:
2025-11-25 22:01:58 | INFO     |    做多: ['BROCCOLIF3B/USDT:USDT', 'BEAT/USDT:USDT']
2025-11-25 22:01:58 | INFO     |    做空: ['TLM/USDT:USDT', 'LAYER/USDT:USDT']
2025-11-25 22:01:58 | INFO     | [DINGDING] 通知已发送: Cycle 5/16 交易标的选择完成:
做多 (2个):
  BROCCOLIF3B/USDT:USDT: 0.253918
  BEAT/USDT:USDT: 0.225430
做空 (2个):
  TLM/USDT:USDT: -0.054028
  LAYER/USDT:USDT: -0.044020

因子统计:
  总计: 534 个标的
  范围: -0.054028 ~ 0.253918
2025-11-25 22:01:58 | INFO     | [STEP 5] 获取当前合约保证金...
2025-11-25 22:01:58 | INFO     | [BALANCE] 当前保证金余额: 26.45 USDT
2025-11-25 22:01:59 | INFO     | [DINGDING] 通知已发送:  账户余额报告
 时间: 2025-11-25 22:01:58
 USDT余额: 26.45
2025-11-25 22:01:59 | INFO     | [BALANCE] 余额通知已发送: 26.45 USDT
2025-11-25 22:01:59 | INFO     | [BALANCE] Cycle 5/16 使用当前可用余额 26.45 USDT 执行开仓
2025-11-25 22:01:59 | INFO     | [STEP 6] 执行开仓交易...
2025-11-25 22:01:59 | INFO     | [BALANCE] 总余额: 26.45 USDT
2025-11-25 22:01:59 | INFO     | [INFO] 总仓位数: 4
2025-11-25 22:01:59 | INFO     | [VALUE] 单仓价值: 19.44 USDT
2025-11-25 22:01:59 | INFO     | [MARGIN] 设置保证金模式为 ISOLATED...
2025-11-25 22:01:59 | INFO     | [MARGIN] BROCCOLIF3B/USDT:USDT 已经是 ISOLATED 模式
2025-11-25 22:01:59 | INFO     | [MARGIN] BEAT/USDT:USDT (BEATUSDT) 保证金模式设置为 ISOLATED ✓
2025-11-25 22:01:59 | INFO     | [MARGIN] TLM/USDT:USDT 已经是 ISOLATED 模式
2025-11-25 22:01:59 | INFO     | [MARGIN] LAYER/USDT:USDT 已经是 ISOLATED 模式
2025-11-25 22:01:59 | INFO     | [MARGIN] 保证金模式设置完成: 4/4 成功
2025-11-25 22:01:59 | INFO     | [LEVERAGE] 设置杠杆为 3x...
2025-11-25 22:01:59 | INFO     | [LIVE LONG] 开多头仓位: 2 个
2025-11-25 22:01:59 | INFO     | [LIVE BUY] 做多 BROCCOLIF3B/USDT:USDT: 2812.0 @ 0.006914
2025-11-25 22:01:59 | INFO     | [LIVE MARKET] 创建市价单 BROCCOLIF3B/USDT:USDT: buy 2812.0
2025-11-25 22:01:59 | INFO     | [LIVE SUCCESS] BROCCOLIF3B/USDT:USDT 市价单创建成功 ID:745778448 成交:2812.0
2025-11-25 22:01:59 | INFO     | [PROTECT] BROCCOLIF3B/USDT:USDT 止盈单创建成功 ID:745778449 触发价:0.008297
2025-11-25 22:01:59 | INFO     | [PROTECT] BROCCOLIF3B/USDT:USDT 止损单创建成功 ID:745778450 触发价:0.005531
2025-11-25 22:01:59 | INFO     | [LIVE BUY] 做多 BEAT/USDT:USDT: 23.1 @ 0.83947
2025-11-25 22:01:59 | INFO     | [LIVE MARKET] 创建市价单 BEAT/USDT:USDT: buy 23.1
2025-11-25 22:01:59 | INFO     | [LIVE SUCCESS] BEAT/USDT:USDT 市价单创建成功 ID:441124368 成交:23.0
2025-11-25 22:01:59 | INFO     | [PROTECT] BEAT/USDT:USDT 止盈单创建成功 ID:441124377 触发价:1.00736
2025-11-25 22:01:59 | INFO     | [PROTECT] BEAT/USDT:USDT 止损单创建成功 ID:441124385 触发价:0.67158
2025-11-25 22:02:00 | INFO     | [LIVE OK] 多头开仓: 2/2 成功
2025-11-25 22:02:00 | INFO     | [LIVE SHORT] 开空头仓位: 2 个
2025-11-25 22:02:00 | INFO     | [LIVE SELL] 做空 TLM/USDT:USDT: 7795.7 @ 0.002494
2025-11-25 22:02:00 | INFO     | [LIVE MARKET] 创建市价单 TLM/USDT:USDT: sell 7795.7
2025-11-25 22:02:00 | INFO     | [LIVE SUCCESS] TLM/USDT:USDT 市价单创建成功 ID:2507067974 成交:7795.0
2025-11-25 22:02:00 | INFO     | [PROTECT] TLM/USDT:USDT 止盈单创建成功 ID:2507067975 触发价:0.001995
2025-11-25 22:02:00 | INFO     | [PROTECT] TLM/USDT:USDT 止损单创建成功 ID:2507067977 触发价:0.002993
2025-11-25 22:02:00 | INFO     | [LIVE SELL] 做空 LAYER/USDT:USDT: 86.3 @ 0.2254
2025-11-25 22:02:00 | INFO     | [LIVE MARKET] 创建市价单 LAYER/USDT:USDT: sell 86.3
2025-11-25 22:02:00 | INFO     | [LIVE SUCCESS] LAYER/USDT:USDT 市价单创建成功 ID:2489858136 成交:86.3
2025-11-25 22:02:00 | INFO     | [PROTECT] LAYER/USDT:USDT 止盈单创建成功 ID:2489858138 触发价:0.1803
2025-11-25 22:02:00 | INFO     | [PROTECT] LAYER/USDT:USDT 止损单创建成功 ID:2489858141 触发价:0.2705
2025-11-25 22:02:00 | INFO     | [LIVE OK] 空头开仓: 2/2 成功
2025-11-25 22:02:00 | INFO     | [POSITIONS] 新仓位已添加到字典: {'BROCCOLIF3B/USDT:USDT': {'side': 'long', 'quantity': 2812.0, 'open_price': 0.006914, 'position_side': 'LONG', 'take_profit_order_id': '745778449', 'take_profit_price': 0.008297, 'stop_loss_order_id': '745778450', 'stop_loss_price': 0.005531}, 'BEAT/USDT:USDT': {'side': 'long', 'quantity': 23.1, 'open_price': 0.83947, 'position_side': 'LONG', 'take_profit_order_id': '441124377', 'take_profit_price': 1.00736, 'stop_loss_order_id': '441124385', 'stop_loss_price': 0.67158}, 'TLM/USDT:USDT': {'side': 'short', 'quantity': 7795.7, 'open_price': 0.002494, 'position_side': 'SHORT', 'take_profit_order_id': '2507067975', 'take_profit_price': 0.001995, 'stop_loss_order_id': '2507067977', 'stop_loss_price': 0.002993}, 'LAYER/USDT:USDT': {'side': 'short', 'quantity': 86.3, 'open_price': 0.2254, 'position_side': 'SHORT', 'take_profit_order_id': '2489858138', 'take_profit_price': 0.1803, 'stop_loss_order_id': '2489858141', 'stop_loss_price': 0.2705}}
2025-11-25 22:02:00 | INFO     | [POSITIONS] 当前仓位字典: {'BROCCOLIF3B/USDT:USDT': {'side': 'long', 'quantity': 2812.0, 'open_price': 0.006914, 'position_side': 'LONG', 'take_profit_order_id': '745778449', 'take_profit_price': 0.008297, 'stop_loss_order_id': '745778450', 'stop_loss_price': 0.005531}, 'BEAT/USDT:USDT': {'side': 'long', 'quantity': 23.1, 'open_price': 0.83947, 'position_side': 'LONG', 'take_profit_order_id': '441124377', 'take_profit_price': 1.00736, 'stop_loss_order_id': '441124385', 'stop_loss_price': 0.67158}, 'TLM/USDT:USDT': {'side': 'short', 'quantity': 7795.7, 'open_price': 0.002494, 'position_side': 'SHORT', 'take_profit_order_id': '2507067975', 'take_profit_price': 0.001995, 'stop_loss_order_id': '2507067977', 'stop_loss_price': 0.002993}, 'LAYER/USDT:USDT': {'side': 'short', 'quantity': 86.3, 'open_price': 0.2254, 'position_side': 'SHORT', 'take_profit_order_id': '2489858138', 'take_profit_price': 0.1803, 'stop_loss_order_id': '2489858141', 'stop_loss_price': 0.2705}}
2025-11-25 22:02:00 | INFO     | [STEP 7] 开仓交易完成
2025-11-25 22:02:00 | INFO     | [INFO] 跳过详细仓位验证，交易周期完成
2025-11-25 22:02:00 | INFO     | [STEP 8] 记录当前交易对价格和因子信息...
2025-11-25 22:02:00 | INFO     | [API] 成功获取 534 个交易对价格
2025-11-25 22:02:00 | INFO     | [RECORD] 记录了 534 个交易对的价格和因子信息
2025-11-25 22:02:00 | INFO     | [OK] 交易周期执行成功
2025-11-25 22:02:00 | INFO     | [TIME] 周期耗时: 100.8秒
2025-11-25 22:02:00 | INFO     | [16H] Cycle 6/16 下次执行时间: 2025-11-25 23:00:00
2025-11-25 22:02:00 | INFO     | [WAIT] 等待 3479 秒 (1.0 小时)
2025-11-25 22:13:32 | INFO     | [WAIT] Cycle 6/16 剩余等待时间: 46.5 分钟
2025-11-25 22:25:03 | INFO     | [WAIT] Cycle 6/16 剩余等待时间: 34.9 分钟
2025-11-25 22:25:07 | WARNING  | [PROTECT WARNING] 获取 BROCCOLIF3B/USDT:USDT 持仓信息失败: binance {"code":-1007,"msg":"Timeout waiting for response from backend server. Send status unknown; execution status unknown."}
2025-11-25 22:36:35 | INFO     | [WAIT] Cycle 6/16 剩余等待时间: 23.4 分钟
2025-11-25 22:48:05 | INFO     | [WAIT] Cycle 6/16 剩余等待时间: 11.9 分钟
2025-11-25 22:59:35 | INFO     | [WAIT] Cycle 6/16 剩余等待时间: 0.4 分钟
2025-11-25 22:59:35 | INFO     | [WAIT] Cycle 6/16 最后等待: 24 秒
2025-11-25 23:00:20 | INFO     | 
==================================================
2025-11-25 23:00:20 | INFO     | [CYCLE] 第 39 轮交易周期 (Cycle 6/16)
2025-11-25 23:00:20 | INFO     | [TIME] 开始时间: 2025-11-25 23:00:20
2025-11-25 23:00:20 | INFO     | ==================================================
2025-11-25 23:00:39 | INFO     | [STEP 1] Cycle 6/16 平仓字典中存储的仓位...
2025-11-25 23:00:39 | INFO     | [POSITIONS] 当前持有仓位: {'XPL/USDT:USDT': {'side': 'long', 'quantity': 81.1, 'open_price': 0.1917, 'position_side': 'LONG', 'take_profit_order_id': '2179554751', 'take_profit_price': 0.23, 'stop_loss_order_id': '2179554785', 'stop_loss_price': 0.1534}, 'SKYAI/USDT:USDT': {'side': 'long', 'quantity': 699.4, 'open_price': 0.02223, 'position_side': 'LONG', 'take_profit_order_id': '367207361', 'take_profit_price': 0.02668, 'stop_loss_order_id': '367207362', 'stop_loss_price': 0.01778}, 'HUMA/USDT:USDT': {'side': 'short', 'quantity': 585.7, 'open_price': 0.026544, 'position_side': 'SHORT', 'take_profit_order_id': '1471711938', 'take_profit_price': 0.021235, 'stop_loss_order_id': '1471711947', 'stop_loss_price': 0.031853}, 'ENSO/USDT:USDT': {'side': 'short', 'quantity': 19.7, 'open_price': 0.789, 'position_side': 'SHORT', 'take_profit_order_id': '267207513', 'take_profit_price': 0.631, 'stop_loss_order_id': '267207518', 'stop_loss_price': 0.947}}
2025-11-25 23:00:39 | INFO     | [LIVE CLOSE] 开始平仓指定仓位: 4 个
2025-11-25 23:00:39 | INFO     | [PROTECT] XPL/USDT:USDT 已取消止盈单 2179554751
2025-11-25 23:00:39 | INFO     | [PROTECT] XPL/USDT:USDT 已取消止损单 2179554785
2025-11-25 23:00:39 | INFO     | [LIVE CLOSE] 平仓 XPL/USDT:USDT: sell 81.1 (原long仓位)
2025-11-25 23:00:39 | INFO     | [LIVE PROFIT] XPL/USDT:USDT 开仓价格: 0.19170000, 当前价格: 0.21100000
2025-11-25 23:00:39 | INFO     | [LIVE PROFIT] XPL/USDT:USDT 预期收益: 10.07% (约 1.56523000 USDT)
2025-11-25 23:00:39 | INFO     | [LIVE MARKET] 创建市价单 XPL/USDT:USDT: sell 81.1
2025-11-25 23:00:39 | INFO     | [LIVE SUCCESS] XPL/USDT:USDT 市价单创建成功 ID:2189963661 成交:81.0
2025-11-25 23:00:39 | INFO     | [LIVE SUCCESS] 平仓订单创建成功 XPL/USDT:USDT: 2189963661
2025-11-25 23:00:40 | INFO     | [DINGDING] 通知已发送: 🔔 [实盘] 平仓通知
📊 交易对: XPL/USDT:USDT
📈 方向: 做多
🔢 数量: 81.10000000
💵 开仓价: 0.19170000
💵 平仓价: 0.21100000
💰 收益: 10.07% (1.56523000 USDT)
2025-11-25 23:00:41 | INFO     | [PROTECT] SKYAI/USDT:USDT 已取消止盈单 367207361
2025-11-25 23:00:41 | INFO     | [PROTECT] SKYAI/USDT:USDT 已取消止损单 367207362
2025-11-25 23:00:41 | INFO     | [LIVE CLOSE] 平仓 SKYAI/USDT:USDT: sell 699.4 (原long仓位)
2025-11-25 23:00:41 | INFO     | [LIVE PROFIT] SKYAI/USDT:USDT 开仓价格: 0.02223000, 当前价格: 0.02185000
2025-11-25 23:00:41 | INFO     | [LIVE PROFIT] SKYAI/USDT:USDT 预期收益: -1.71% (约 -0.26577200 USDT)
2025-11-25 23:00:41 | INFO     | [LIVE MARKET] 创建市价单 SKYAI/USDT:USDT: sell 699.4
2025-11-25 23:00:41 | INFO     | [LIVE SUCCESS] SKYAI/USDT:USDT 市价单创建成功 ID:367590416 成交:699.0
2025-11-25 23:00:41 | INFO     | [LIVE SUCCESS] 平仓订单创建成功 SKYAI/USDT:USDT: 367590416
2025-11-25 23:00:41 | INFO     | [DINGDING] 通知已发送: 🔔 [实盘] 平仓通知
📊 交易对: SKYAI/USDT:USDT
📈 方向: 做多
🔢 数量: 699.40000000
💵 开仓价: 0.02223000
💵 平仓价: 0.02185000
📉 收益: -1.71% (-0.26577200 USDT)
2025-11-25 23:00:41 | INFO     | [PROTECT] HUMA/USDT:USDT 已取消止盈单 1471711938
2025-11-25 23:00:41 | INFO     | [PROTECT] HUMA/USDT:USDT 已取消止损单 1471711947
2025-11-25 23:00:41 | INFO     | [LIVE CLOSE] 平仓 HUMA/USDT:USDT: buy 585.7 (原short仓位)
2025-11-25 23:00:41 | INFO     | [LIVE PROFIT] HUMA/USDT:USDT 开仓价格: 0.02654400, 当前价格: 0.02639400
2025-11-25 23:00:41 | INFO     | [LIVE PROFIT] HUMA/USDT:USDT 预期收益: 0.57% (约 0.08785500 USDT)
2025-11-25 23:00:41 | INFO     | [LIVE MARKET] 创建市价单 HUMA/USDT:USDT: buy 585.7
2025-11-25 23:00:41 | INFO     | [LIVE SUCCESS] HUMA/USDT:USDT 市价单创建成功 ID:1473202335 成交:585.0
2025-11-25 23:00:41 | INFO     | [LIVE SUCCESS] 平仓订单创建成功 HUMA/USDT:USDT: 1473202335
2025-11-25 23:00:42 | INFO     | [DINGDING] 通知已发送: 🔔 [实盘] 平仓通知
📊 交易对: HUMA/USDT:USDT
📈 方向: 做空
🔢 数量: 585.70000000
💵 开仓价: 0.02654400
💵 平仓价: 0.02639400
💰 收益: 0.57% (0.08785500 USDT)
2025-11-25 23:00:42 | INFO     | [PROTECT] ENSO/USDT:USDT 已取消止盈单 267207513
2025-11-25 23:00:42 | INFO     | [PROTECT] ENSO/USDT:USDT 已取消止损单 267207518
2025-11-25 23:00:42 | INFO     | [LIVE CLOSE] 平仓 ENSO/USDT:USDT: buy 19.7 (原short仓位)
2025-11-25 23:00:42 | INFO     | [LIVE PROFIT] ENSO/USDT:USDT 开仓价格: 0.78900000, 当前价格: 0.81100000
2025-11-25 23:00:42 | INFO     | [LIVE PROFIT] ENSO/USDT:USDT 预期收益: -2.79% (约 -0.43340000 USDT)
2025-11-25 23:00:42 | INFO     | [LIVE MARKET] 创建市价单 ENSO/USDT:USDT: buy 19.7
2025-11-25 23:00:42 | INFO     | [LIVE SUCCESS] ENSO/USDT:USDT 市价单创建成功 ID:268558061 成交:19.7
2025-11-25 23:00:42 | INFO     | [LIVE SUCCESS] 平仓订单创建成功 ENSO/USDT:USDT: 268558061
2025-11-25 23:00:42 | INFO     | [DINGDING] 通知已发送: 🔔 [实盘] 平仓通知
📊 交易对: ENSO/USDT:USDT
📈 方向: 做空
🔢 数量: 19.70000000
💵 开仓价: 0.78900000
💵 平仓价: 0.81100000
📉 收益: -2.79% (-0.43340000 USDT)
2025-11-25 23:00:42 | INFO     | [LIVE WAIT] 等待 4 个平仓订单执行...
2025-11-25 23:00:44 | INFO     | [LIVE OK] 平仓操作完成，成功: 4/4
2025-11-25 23:00:44 | INFO     | [INFO] Cycle 6/16 仓位字典已清空
2025-11-25 23:00:44 | INFO     | [STEP 2] 跳过验证步骤...
2025-11-25 23:00:44 | INFO     | [STEP 3] 提取OHLC数据并计算因子...
2025-11-25 23:00:44 | INFO     | [OK] 获取活跃交易对完成，耗时: 0.001秒
2025-11-25 23:01:59 | INFO     | [FACTORS] 计算得到 534 个有效因子
2025-11-25 23:01:59 | INFO     | [STEP 4] 根据因子值选择交易标的...
2025-11-25 23:01:59 | INFO     | [FILTER] 忽略 1 个交易对: ['BTC/USDT:USDT']
2025-11-25 23:01:59 | INFO     | [FILTER] RVV/USDT:USDT 已在其它周期出现 4 次，达到上限 4，跳过
2025-11-25 23:01:59 | INFO     | [STATS] 因子统计:
2025-11-25 23:01:59 | INFO     |    总计: 533 个标的
2025-11-25 23:01:59 | INFO     |    因子值范围: -0.068990 ~ 0.224716
2025-11-25 23:01:59 | INFO     |    选择做多: 2 个
2025-11-25 23:01:59 | INFO     |    选择做空: 2 个
2025-11-25 23:01:59 | INFO     | [TOP 20] 因子值排名前20的交易对:
2025-11-25 23:01:59 | INFO     |    第1名: ZEN/USDT:USDT: 0.224716
2025-11-25 23:01:59 | INFO     |    第2名: BANANAS31/USDT:USDT: 0.212281
2025-11-25 23:01:59 | INFO     |    第3名: BROCCOLIF3B/USDT:USDT: 0.172117
2025-11-25 23:01:59 | INFO     |    第4名: GUN/USDT:USDT: 0.163451
2025-11-25 23:01:59 | INFO     |    第5名: BEAT/USDT:USDT: 0.161829
2025-11-25 23:01:59 | INFO     |    第6名: HYPE/USDT:USDT: 0.157662
2025-11-25 23:01:59 | INFO     |    第7名: M/USDT:USDT: 0.153150
2025-11-25 23:01:59 | INFO     |    第8名: YALA/USDT:USDT: 0.152166
2025-11-25 23:01:59 | INFO     |    第9名: PIPPIN/USDT:USDT: 0.151875
2025-11-25 23:01:59 | INFO     |    第10名: ACT/USDT:USDT: 0.151607
2025-11-25 23:01:59 | INFO     |    第11名: SYRUP/USDT:USDT: 0.146835
2025-11-25 23:01:59 | INFO     |    第12名: H/USDT:USDT: 0.146275
2025-11-25 23:01:59 | INFO     |    第13名: SKY/USDT:USDT: 0.145811
2025-11-25 23:01:59 | INFO     |    第14名: FLUID/USDT:USDT: 0.144466
2025-11-25 23:01:59 | INFO     |    第15名: RECALL/USDT:USDT: 0.143682
2025-11-25 23:01:59 | INFO     |    第16名: ARKM/USDT:USDT: 0.141148
2025-11-25 23:01:59 | INFO     |    第17名: SCRT/USDT:USDT: 0.140152
2025-11-25 23:01:59 | INFO     |    第18名: XLM/USDT:USDT: 0.138682
2025-11-25 23:01:59 | INFO     |    第19名: VINE/USDT:USDT: 0.135311
2025-11-25 23:01:59 | INFO     |    第20名: B2/USDT:USDT: 0.129848
2025-11-25 23:01:59 | INFO     | [BOTTOM 20] 因子值排名后20的交易对:
2025-11-25 23:01:59 | INFO     |    第514名: HEMI/USDT:USDT: -0.020634
2025-11-25 23:01:59 | INFO     |    第515名: FXS/USDT:USDT: -0.021002
2025-11-25 23:01:59 | INFO     |    第516名: DOOD/USDT:USDT: -0.021859
2025-11-25 23:01:59 | INFO     |    第517名: HBAR/USDT:USDT: -0.021938
2025-11-25 23:01:59 | INFO     |    第518名: MBOX/USDT:USDT: -0.022628
2025-11-25 23:01:59 | INFO     |    第519名: PHA/USDT:USDT: -0.022920
2025-11-25 23:01:59 | INFO     |    第520名: ORCA/USDT:USDT: -0.023654
2025-11-25 23:01:59 | INFO     |    第521名: CELO/USDT:USDT: -0.025624
2025-11-25 23:01:59 | INFO     |    第522名: SPK/USDT:USDT: -0.026509
2025-11-25 23:01:59 | INFO     |    第523名: HIGH/USDT:USDT: -0.030307
2025-11-25 23:01:59 | INFO     |    第524名: BROCCOLI714/USDT:USDT: -0.033210
2025-11-25 23:01:59 | INFO     |    第525名: 1000RATS/USDT:USDT: -0.034875
2025-11-25 23:01:59 | INFO     |    第526名: SYN/USDT:USDT: -0.035643
2025-11-25 23:01:59 | INFO     |    第527名: KAITO/USDT:USDT: -0.036038
2025-11-25 23:01:59 | INFO     |    第528名: JTO/USDT:USDT: -0.040008
2025-11-25 23:01:59 | INFO     |    第529名: LAYER/USDT:USDT: -0.040082
2025-11-25 23:01:59 | INFO     |    第530名: F/USDT:USDT: -0.043524
2025-11-25 23:01:59 | INFO     |    第531名: NKN/USDT:USDT: -0.043638
2025-11-25 23:01:59 | INFO     |    第532名: TLM/USDT:USDT: -0.051908
2025-11-25 23:01:59 | INFO     |    第533名: RVV/USDT:USDT: -0.068990
2025-11-25 23:01:59 | INFO     | [LONG SYMBOLS] 做多标的详情:
2025-11-25 23:01:59 | INFO     |    ZEN/USDT:USDT: 0.224716
2025-11-25 23:01:59 | INFO     |    BANANAS31/USDT:USDT: 0.212281
2025-11-25 23:01:59 | INFO     | [SHORT SYMBOLS] 做空标的详情:
2025-11-25 23:01:59 | INFO     |    TLM/USDT:USDT: -0.051908
2025-11-25 23:01:59 | INFO     |    NKN/USDT:USDT: -0.043638
2025-11-25 23:01:59 | INFO     | [SELECTION] 选择交易标的:
2025-11-25 23:01:59 | INFO     |    做多: ['ZEN/USDT:USDT', 'BANANAS31/USDT:USDT']
2025-11-25 23:01:59 | INFO     |    做空: ['TLM/USDT:USDT', 'NKN/USDT:USDT']
2025-11-25 23:01:59 | INFO     | [DINGDING] 通知已发送: Cycle 6/16 交易标的选择完成:
做多 (2个):
  ZEN/USDT:USDT: 0.224716
  BANANAS31/USDT:USDT: 0.212281
做空 (2个):
  TLM/USDT:USDT: -0.051908
  NKN/USDT:USDT: -0.043638

因子统计:
  总计: 534 个标的
  范围: -0.068990 ~ 0.224716
2025-11-25 23:01:59 | INFO     | [STEP 5] 获取当前合约保证金...
2025-11-25 23:01:59 | INFO     | [BALANCE] 当前保证金余额: 22.72 USDT
2025-11-25 23:02:00 | INFO     | [DINGDING] 通知已发送:  账户余额报告
 时间: 2025-11-25 23:01:59
 USDT余额: 22.72
2025-11-25 23:02:00 | INFO     | [BALANCE] 余额通知已发送: 22.72 USDT
2025-11-25 23:02:00 | INFO     | [BALANCE] Cycle 6/16 使用当前可用余额 22.72 USDT 执行开仓
2025-11-25 23:02:00 | INFO     | [STEP 6] 执行开仓交易...
2025-11-25 23:02:00 | INFO     | [BALANCE] 总余额: 22.72 USDT
2025-11-25 23:02:00 | INFO     | [INFO] 总仓位数: 4
2025-11-25 23:02:00 | INFO     | [VALUE] 单仓价值: 16.70 USDT
2025-11-25 23:02:00 | INFO     | [MARGIN] 设置保证金模式为 ISOLATED...
2025-11-25 23:02:00 | INFO     | [MARGIN] ZEN/USDT:USDT 已经是 ISOLATED 模式
2025-11-25 23:02:00 | INFO     | [MARGIN] BANANAS31/USDT:USDT 已经是 ISOLATED 模式
2025-11-25 23:02:00 | INFO     | [MARGIN] TLM/USDT:USDT 已经是 ISOLATED 模式
2025-11-25 23:02:00 | INFO     | [MARGIN] NKN/USDT:USDT 已经是 ISOLATED 模式
2025-11-25 23:02:00 | INFO     | [MARGIN] 保证金模式设置完成: 4/4 成功
2025-11-25 23:02:00 | INFO     | [LEVERAGE] 设置杠杆为 3x...
2025-11-25 23:02:00 | INFO     | [LIVE LONG] 开多头仓位: 2 个
2025-11-25 23:02:00 | INFO     | [LIVE BUY] 做多 ZEN/USDT:USDT: 1.4 @ 11.831
2025-11-25 23:02:00 | INFO     | [LIVE MARKET] 创建市价单 ZEN/USDT:USDT: buy 1.4
2025-11-25 23:02:00 | INFO     | [LIVE SUCCESS] ZEN/USDT:USDT 市价单创建成功 ID:7963063870 成交:1.4
2025-11-25 23:02:00 | INFO     | [PROTECT] ZEN/USDT:USDT 止盈单创建成功 ID:7963063875 触发价:14.197
2025-11-25 23:02:00 | INFO     | [PROTECT] ZEN/USDT:USDT 止损单创建成功 ID:7963063877 触发价:9.465
2025-11-25 23:02:00 | INFO     | [LIVE BUY] 做多 BANANAS31/USDT:USDT: 4660.2 @ 0.003584
2025-11-25 23:02:00 | INFO     | [LIVE MARKET] 创建市价单 BANANAS31/USDT:USDT: buy 4660.2
2025-11-25 23:02:00 | INFO     | [LIVE SUCCESS] BANANAS31/USDT:USDT 市价单创建成功 ID:1357839028 成交:4660.0
2025-11-25 23:02:00 | INFO     | [PROTECT] BANANAS31/USDT:USDT 止盈单创建成功 ID:1357839032 触发价:0.004301
2025-11-25 23:02:00 | INFO     | [PROTECT] BANANAS31/USDT:USDT 止损单创建成功 ID:1357839039 触发价:0.002867
2025-11-25 23:02:00 | INFO     | [LIVE OK] 多头开仓: 2/2 成功
2025-11-25 23:02:00 | INFO     | [LIVE SHORT] 开空头仓位: 2 个
2025-11-25 23:02:00 | INFO     | [LIVE SELL] 做空 TLM/USDT:USDT: 6638.4 @ 0.002516
2025-11-25 23:02:00 | INFO     | [LIVE MARKET] 创建市价单 TLM/USDT:USDT: sell 6638.4
2025-11-25 23:02:00 | INFO     | [LIVE SUCCESS] TLM/USDT:USDT 市价单创建成功 ID:2507113615 成交:6638.0
2025-11-25 23:02:00 | INFO     | [PROTECT] TLM/USDT:USDT 止盈单创建成功 ID:2507113625 触发价:0.002013
2025-11-25 23:02:00 | INFO     | [PROTECT] TLM/USDT:USDT 止损单创建成功 ID:2507113670 触发价:0.003019
2025-11-25 23:02:01 | INFO     | [LIVE SELL] 做空 NKN/USDT:USDT: 1128.5 @ 0.0148
2025-11-25 23:02:01 | INFO     | [LIVE MARKET] 创建市价单 NKN/USDT:USDT: sell 1128.5
2025-11-25 23:02:01 | INFO     | [LIVE SUCCESS] NKN/USDT:USDT 市价单创建成功 ID:4724672450 成交:1128.0
2025-11-25 23:02:01 | INFO     | [PROTECT] NKN/USDT:USDT 止盈单创建成功 ID:4724672452 触发价:0.01184
2025-11-25 23:02:01 | INFO     | [PROTECT] NKN/USDT:USDT 止损单创建成功 ID:4724672456 触发价:0.01776
2025-11-25 23:02:01 | INFO     | [LIVE OK] 空头开仓: 2/2 成功
2025-11-25 23:02:01 | INFO     | [POSITIONS] 新仓位已添加到字典: {'ZEN/USDT:USDT': {'side': 'long', 'quantity': 1.4, 'open_price': 11.831, 'position_side': 'LONG', 'take_profit_order_id': '7963063875', 'take_profit_price': 14.197, 'stop_loss_order_id': '7963063877', 'stop_loss_price': 9.465}, 'BANANAS31/USDT:USDT': {'side': 'long', 'quantity': 4660.2, 'open_price': 0.003584, 'position_side': 'LONG', 'take_profit_order_id': '1357839032', 'take_profit_price': 0.004301, 'stop_loss_order_id': '1357839039', 'stop_loss_price': 0.002867}, 'TLM/USDT:USDT': {'side': 'short', 'quantity': 6638.4, 'open_price': 0.002516, 'position_side': 'SHORT', 'take_profit_order_id': '2507113625', 'take_profit_price': 0.002013, 'stop_loss_order_id': '2507113670', 'stop_loss_price': 0.003019}, 'NKN/USDT:USDT': {'side': 'short', 'quantity': 1128.5, 'open_price': 0.0148, 'position_side': 'SHORT', 'take_profit_order_id': '4724672452', 'take_profit_price': 0.01184, 'stop_loss_order_id': '4724672456', 'stop_loss_price': 0.01776}}
2025-11-25 23:02:01 | INFO     | [POSITIONS] 当前仓位字典: {'ZEN/USDT:USDT': {'side': 'long', 'quantity': 1.4, 'open_price': 11.831, 'position_side': 'LONG', 'take_profit_order_id': '7963063875', 'take_profit_price': 14.197, 'stop_loss_order_id': '7963063877', 'stop_loss_price': 9.465}, 'BANANAS31/USDT:USDT': {'side': 'long', 'quantity': 4660.2, 'open_price': 0.003584, 'position_side': 'LONG', 'take_profit_order_id': '1357839032', 'take_profit_price': 0.004301, 'stop_loss_order_id': '1357839039', 'stop_loss_price': 0.002867}, 'TLM/USDT:USDT': {'side': 'short', 'quantity': 6638.4, 'open_price': 0.002516, 'position_side': 'SHORT', 'take_profit_order_id': '2507113625', 'take_profit_price': 0.002013, 'stop_loss_order_id': '2507113670', 'stop_loss_price': 0.003019}, 'NKN/USDT:USDT': {'side': 'short', 'quantity': 1128.5, 'open_price': 0.0148, 'position_side': 'SHORT', 'take_profit_order_id': '4724672452', 'take_profit_price': 0.01184, 'stop_loss_order_id': '4724672456', 'stop_loss_price': 0.01776}}
2025-11-25 23:02:01 | INFO     | [STEP 7] 开仓交易完成
2025-11-25 23:02:01 | INFO     | [INFO] 跳过详细仓位验证，交易周期完成
2025-11-25 23:02:01 | INFO     | [STEP 8] 记录当前交易对价格和因子信息...
2025-11-25 23:02:01 | INFO     | [API] 成功获取 534 个交易对价格
2025-11-25 23:02:01 | INFO     | [RECORD] 记录了 534 个交易对的价格和因子信息
2025-11-25 23:02:01 | INFO     | [OK] 交易周期执行成功
2025-11-25 23:02:01 | INFO     | [TIME] 周期耗时: 101.2秒
2025-11-25 23:02:01 | INFO     | [16H] Cycle 7/16 下次执行时间: 2025-11-26 00:00:00
2025-11-25 23:02:01 | INFO     | [WAIT] 等待 3479 秒 (1.0 小时)
2025-11-25 23:13:30 | INFO     | [WAIT] Cycle 7/16 剩余等待时间: 46.5 分钟
2025-11-25 23:25:00 | INFO     | [WAIT] Cycle 7/16 剩余等待时间: 35.0 分钟
2025-11-25 23:36:30 | INFO     | [WAIT] Cycle 7/16 剩余等待时间: 23.5 分钟
2025-11-25 23:48:01 | INFO     | [WAIT] Cycle 7/16 剩余等待时间: 12.0 分钟
2025-11-25 23:59:33 | INFO     | [WAIT] Cycle 7/16 剩余等待时间: 0.4 分钟
2025-11-25 23:59:33 | INFO     | [WAIT] Cycle 7/16 最后等待: 27 秒
2025-11-26 00:00:14 | WARNING  | [PROTECT WARNING] 获取 ZEN/USDT:USDT 持仓信息失败: binance {"code":-1007,"msg":"Timeout waiting for response from backend server. Send status unknown; execution status unknown."}
2025-11-26 00:00:22 | INFO     | 
==================================================
2025-11-26 00:00:22 | INFO     | [CYCLE] 第 40 轮交易周期 (Cycle 7/16)
2025-11-26 00:00:22 | INFO     | [TIME] 开始时间: 2025-11-26 00:00:22
2025-11-26 00:00:22 | INFO     | ==================================================
2025-11-26 00:00:42 | INFO     | [STEP 1] Cycle 7/16 平仓字典中存储的仓位...
2025-11-26 00:00:42 | INFO     | [POSITIONS] 当前持有仓位: {'1000WHY/USDT:USDT': {'side': 'long', 'quantity': 810292.7, 'open_price': 1.83e-05, 'position_side': 'LONG', 'take_profit_order_id': '396818455', 'take_profit_price': 2.2e-05, 'stop_loss_order_id': '396818456', 'stop_loss_price': 1.46e-05}, 'MAVIA/USDT:USDT': {'side': 'long', 'quantity': 244.8, 'open_price': 0.06057, 'position_side': 'LONG', 'take_profit_order_id': '421131303', 'take_profit_price': 0.07268, 'stop_loss_order_id': '421131306', 'stop_loss_price': 0.04846}, 'MANTA/USDT:USDT': {'side': 'short', 'quantity': 125.2, 'open_price': 0.1184, 'position_side': 'SHORT', 'take_profit_order_id': '3574844625', 'take_profit_price': 0.0947, 'stop_loss_order_id': '3574844628', 'stop_loss_price': 0.1421}, 'XPIN/USDT:USDT': {'side': 'short', 'quantity': 6777.1, 'open_price': 0.002188, 'position_side': 'SHORT', 'take_profit_order_id': '823285951', 'take_profit_price': 0.00175, 'stop_loss_order_id': '823285952', 'stop_loss_price': 0.002626}}
2025-11-26 00:00:42 | INFO     | [LIVE CLOSE] 开始平仓指定仓位: 4 个
2025-11-26 00:00:42 | INFO     | [PROTECT] 1000WHY/USDT:USDT 已取消止盈单 396818455
2025-11-26 00:00:42 | INFO     | [PROTECT] 1000WHY/USDT:USDT 已取消止损单 396818456
2025-11-26 00:00:42 | INFO     | [LIVE CLOSE] 平仓 1000WHY/USDT:USDT: sell 810292.7 (原long仓位)
2025-11-26 00:00:42 | INFO     | [LIVE PROFIT] 1000WHY/USDT:USDT 开仓价格: 0.00001830, 当前价格: 0.00001910
2025-11-26 00:00:42 | INFO     | [LIVE PROFIT] 1000WHY/USDT:USDT 预期收益: 4.37% (约 0.64823416 USDT)
2025-11-26 00:00:42 | INFO     | [LIVE MARKET] 创建市价单 1000WHY/USDT:USDT: sell 810292.7
2025-11-26 00:00:42 | INFO     | [LIVE SUCCESS] 1000WHY/USDT:USDT 市价单创建成功 ID:396968625 成交:810292.0
2025-11-26 00:00:42 | INFO     | [LIVE SUCCESS] 平仓订单创建成功 1000WHY/USDT:USDT: 396968625
2025-11-26 00:00:43 | INFO     | [DINGDING] 通知已发送: 🔔 [实盘] 平仓通知
📊 交易对: 1000WHY/USDT:USDT
📈 方向: 做多
🔢 数量: 810292.70000000
💵 开仓价: 0.00001830
💵 平仓价: 0.00001910
💰 收益: 4.37% (0.64823416 USDT)
2025-11-26 00:00:43 | INFO     | [PROTECT] MAVIA/USDT:USDT 已取消止盈单 421131303
2025-11-26 00:00:43 | INFO     | [PROTECT] MAVIA/USDT:USDT 已取消止损单 421131306
2025-11-26 00:00:43 | INFO     | [LIVE CLOSE] 平仓 MAVIA/USDT:USDT: sell 244.8 (原long仓位)
2025-11-26 00:00:43 | INFO     | [LIVE PROFIT] MAVIA/USDT:USDT 开仓价格: 0.06057000, 当前价格: 0.06102000
2025-11-26 00:00:43 | INFO     | [LIVE PROFIT] MAVIA/USDT:USDT 预期收益: 0.74% (约 0.11016000 USDT)
2025-11-26 00:00:43 | INFO     | [LIVE MARKET] 创建市价单 MAVIA/USDT:USDT: sell 244.8
2025-11-26 00:00:43 | INFO     | [LIVE SUCCESS] MAVIA/USDT:USDT 市价单创建成功 ID:421579731 成交:244.0
2025-11-26 00:00:43 | INFO     | [LIVE SUCCESS] 平仓订单创建成功 MAVIA/USDT:USDT: 421579731
2025-11-26 00:00:44 | INFO     | [DINGDING] 通知已发送: 🔔 [实盘] 平仓通知
📊 交易对: MAVIA/USDT:USDT
📈 方向: 做多
🔢 数量: 244.80000000
💵 开仓价: 0.06057000
💵 平仓价: 0.06102000
💰 收益: 0.74% (0.11016000 USDT)
2025-11-26 00:00:44 | INFO     | [PROTECT] MANTA/USDT:USDT 已取消止盈单 3574844625
2025-11-26 00:00:44 | INFO     | [PROTECT] MANTA/USDT:USDT 已取消止损单 3574844628
2025-11-26 00:00:44 | INFO     | [LIVE CLOSE] 平仓 MANTA/USDT:USDT: buy 125.2 (原short仓位)
2025-11-26 00:00:44 | INFO     | [LIVE PROFIT] MANTA/USDT:USDT 开仓价格: 0.11840000, 当前价格: 0.12270000
2025-11-26 00:00:44 | INFO     | [LIVE PROFIT] MANTA/USDT:USDT 预期收益: -3.63% (约 -0.53836000 USDT)
2025-11-26 00:00:44 | INFO     | [LIVE MARKET] 创建市价单 MANTA/USDT:USDT: buy 125.2
2025-11-26 00:00:44 | INFO     | [LIVE SUCCESS] MANTA/USDT:USDT 市价单创建成功 ID:3575614188 成交:125.2
2025-11-26 00:00:44 | INFO     | [LIVE SUCCESS] 平仓订单创建成功 MANTA/USDT:USDT: 3575614188
2025-11-26 00:00:44 | INFO     | [DINGDING] 通知已发送: 🔔 [实盘] 平仓通知
📊 交易对: MANTA/USDT:USDT
📈 方向: 做空
🔢 数量: 125.20000000
💵 开仓价: 0.11840000
💵 平仓价: 0.12270000
📉 收益: -3.63% (-0.53836000 USDT)
2025-11-26 00:00:45 | INFO     | [PROTECT] XPIN/USDT:USDT 已取消止盈单 823285951
2025-11-26 00:00:45 | INFO     | [PROTECT] XPIN/USDT:USDT 已取消止损单 823285952
2025-11-26 00:00:45 | INFO     | [LIVE CLOSE] 平仓 XPIN/USDT:USDT: buy 6777.1 (原short仓位)
2025-11-26 00:00:45 | INFO     | [LIVE PROFIT] XPIN/USDT:USDT 开仓价格: 0.00218800, 当前价格: 0.00208800
2025-11-26 00:00:45 | INFO     | [LIVE PROFIT] XPIN/USDT:USDT 预期收益: 4.57% (约 0.67771000 USDT)
2025-11-26 00:00:45 | INFO     | [LIVE MARKET] 创建市价单 XPIN/USDT:USDT: buy 6777.1
2025-11-26 00:00:45 | INFO     | [LIVE SUCCESS] XPIN/USDT:USDT 市价单创建成功 ID:825868171 成交:6777.0
2025-11-26 00:00:45 | INFO     | [LIVE SUCCESS] 平仓订单创建成功 XPIN/USDT:USDT: 825868171
2025-11-26 00:00:45 | INFO     | [DINGDING] 通知已发送: 🔔 [实盘] 平仓通知
📊 交易对: XPIN/USDT:USDT
📈 方向: 做空
🔢 数量: 6777.10000000
💵 开仓价: 0.00218800
💵 平仓价: 0.00208800
💰 收益: 4.57% (0.67771000 USDT)
2025-11-26 00:00:45 | INFO     | [LIVE WAIT] 等待 4 个平仓订单执行...
2025-11-26 00:00:47 | INFO     | [LIVE OK] 平仓操作完成，成功: 4/4
2025-11-26 00:00:47 | INFO     | [INFO] Cycle 7/16 仓位字典已清空
2025-11-26 00:00:47 | INFO     | [STEP 2] 跳过验证步骤...
2025-11-26 00:00:47 | INFO     | [STEP 3] 提取OHLC数据并计算因子...
2025-11-26 00:00:47 | INFO     | [OK] 获取活跃交易对完成，耗时: 0.001秒
2025-11-26 00:02:01 | INFO     | [FACTORS] 计算得到 534 个有效因子
2025-11-26 00:02:01 | INFO     | [STEP 4] 根据因子值选择交易标的...
2025-11-26 00:02:01 | INFO     | [FILTER] 忽略 1 个交易对: ['BTC/USDT:USDT']
2025-11-26 00:02:01 | INFO     | [FILTER] BROCCOLIF3B/USDT:USDT 已在其它周期出现 4 次，达到上限 4，跳过
2025-11-26 00:02:01 | INFO     | [STATS] 因子统计:
2025-11-26 00:02:01 | INFO     |    总计: 533 个标的
2025-11-26 00:02:01 | INFO     |    因子值范围: -0.048316 ~ 0.249320
2025-11-26 00:02:01 | INFO     |    选择做多: 2 个
2025-11-26 00:02:01 | INFO     |    选择做空: 2 个
2025-11-26 00:02:01 | INFO     | [TOP 20] 因子值排名前20的交易对:
2025-11-26 00:02:01 | INFO     |    第1名: BROCCOLIF3B/USDT:USDT: 0.249320
2025-11-26 00:02:01 | INFO     |    第2名: BEAT/USDT:USDT: 0.229095
2025-11-26 00:02:01 | INFO     |    第3名: BCH/USDT:USDT: 0.214175
2025-11-26 00:02:01 | INFO     |    第4名: SKY/USDT:USDT: 0.170425
2025-11-26 00:02:01 | INFO     |    第5名: BANANAS31/USDT:USDT: 0.168384
2025-11-26 00:02:01 | INFO     |    第6名: ZEN/USDT:USDT: 0.168166
2025-11-26 00:02:01 | INFO     |    第7名: PIPPIN/USDT:USDT: 0.165277
2025-11-26 00:02:01 | INFO     |    第8名: NMR/USDT:USDT: 0.160467
2025-11-26 00:02:01 | INFO     |    第9名: FIS/USDT:USDT: 0.157133
2025-11-26 00:02:01 | INFO     |    第10名: EGLD/USDT:USDT: 0.156147
2025-11-26 00:02:01 | INFO     |    第11名: COMMON/USDT:USDT: 0.155835
2025-11-26 00:02:01 | INFO     |    第12名: HYPE/USDT:USDT: 0.154196
2025-11-26 00:02:01 | INFO     |    第13名: YALA/USDT:USDT: 0.149670
2025-11-26 00:02:01 | INFO     |    第14名: MINA/USDT:USDT: 0.148825
2025-11-26 00:02:01 | INFO     |    第15名: MAVIA/USDT:USDT: 0.147568
2025-11-26 00:02:01 | INFO     |    第16名: FLUID/USDT:USDT: 0.143001
2025-11-26 00:02:01 | INFO     |    第17名: W/USDT:USDT: 0.141299
2025-11-26 00:02:01 | INFO     |    第18名: SYRUP/USDT:USDT: 0.135604
2025-11-26 00:02:01 | INFO     |    第19名: XLM/USDT:USDT: 0.134177
2025-11-26 00:02:01 | INFO     |    第20名: RECALL/USDT:USDT: 0.133463
2025-11-26 00:02:01 | INFO     | [BOTTOM 20] 因子值排名后20的交易对:
2025-11-26 00:02:01 | INFO     |    第514名: NIL/USDT:USDT: -0.023456
2025-11-26 00:02:01 | INFO     |    第515名: VFY/USDT:USDT: -0.023531
2025-11-26 00:02:01 | INFO     |    第516名: POPCAT/USDT:USDT: -0.024092
2025-11-26 00:02:01 | INFO     |    第517名: KMNO/USDT:USDT: -0.024548
2025-11-26 00:02:01 | INFO     |    第518名: UMA/USDT:USDT: -0.024979
2025-11-26 00:02:01 | INFO     |    第519名: SNX/USDT:USDT: -0.025299
2025-11-26 00:02:01 | INFO     |    第520名: DOOD/USDT:USDT: -0.026553
2025-11-26 00:02:01 | INFO     |    第521名: MBOX/USDT:USDT: -0.026889
2025-11-26 00:02:01 | INFO     |    第522名: RVV/USDT:USDT: -0.027122
2025-11-26 00:02:01 | INFO     |    第523名: JTO/USDT:USDT: -0.028286
2025-11-26 00:02:01 | INFO     |    第524名: BEL/USDT:USDT: -0.028909
2025-11-26 00:02:01 | INFO     |    第525名: AVAX/USDT:USDT: -0.029486
2025-11-26 00:02:01 | INFO     |    第526名: ORCA/USDT:USDT: -0.033123
2025-11-26 00:02:01 | INFO     |    第527名: FXS/USDT:USDT: -0.033881
2025-11-26 00:02:01 | INFO     |    第528名: CELO/USDT:USDT: -0.033984
2025-11-26 00:02:01 | INFO     |    第529名: KAITO/USDT:USDT: -0.037373
2025-11-26 00:02:01 | INFO     |    第530名: 1INCH/USDT:USDT: -0.042712
2025-11-26 00:02:01 | INFO     |    第531名: F/USDT:USDT: -0.042766
2025-11-26 00:02:01 | INFO     |    第532名: SPK/USDT:USDT: -0.046502
2025-11-26 00:02:01 | INFO     |    第533名: TLM/USDT:USDT: -0.048316
2025-11-26 00:02:01 | INFO     | [LONG SYMBOLS] 做多标的详情:
2025-11-26 00:02:01 | INFO     |    BEAT/USDT:USDT: 0.229095
2025-11-26 00:02:01 | INFO     |    BCH/USDT:USDT: 0.214175
2025-11-26 00:02:01 | INFO     | [SHORT SYMBOLS] 做空标的详情:
2025-11-26 00:02:01 | INFO     |    TLM/USDT:USDT: -0.048316
2025-11-26 00:02:01 | INFO     |    SPK/USDT:USDT: -0.046502
2025-11-26 00:02:01 | INFO     | [SELECTION] 选择交易标的:
2025-11-26 00:02:01 | INFO     |    做多: ['BEAT/USDT:USDT', 'BCH/USDT:USDT']
2025-11-26 00:02:01 | INFO     |    做空: ['TLM/USDT:USDT', 'SPK/USDT:USDT']
2025-11-26 00:02:02 | INFO     | [DINGDING] 通知已发送: Cycle 7/16 交易标的选择完成:
做多 (2个):
  BEAT/USDT:USDT: 0.229095
  BCH/USDT:USDT: 0.214175
做空 (2个):
  TLM/USDT:USDT: -0.048316
  SPK/USDT:USDT: -0.046502

因子统计:
  总计: 534 个标的
  范围: -0.048316 ~ 0.249320
2025-11-26 00:02:02 | INFO     | [STEP 5] 获取当前合约保证金...
2025-11-26 00:02:02 | INFO     | [BALANCE] 当前保证金余额: 20.91 USDT
2025-11-26 00:02:02 | INFO     | [DINGDING] 通知已发送:  账户余额报告
 时间: 2025-11-26 00:02:02
 USDT余额: 20.91
2025-11-26 00:02:02 | INFO     | [BALANCE] 余额通知已发送: 20.91 USDT
2025-11-26 00:02:02 | INFO     | [BALANCE] Cycle 7/16 使用当前可用余额 20.91 USDT 执行开仓
2025-11-26 00:02:02 | INFO     | [STEP 6] 执行开仓交易...
2025-11-26 00:02:02 | INFO     | [BALANCE] 总余额: 20.91 USDT
2025-11-26 00:02:02 | INFO     | [INFO] 总仓位数: 4
2025-11-26 00:02:02 | INFO     | [VALUE] 单仓价值: 15.37 USDT
2025-11-26 00:02:02 | INFO     | [MARGIN] 设置保证金模式为 ISOLATED...
2025-11-26 00:02:02 | INFO     | [MARGIN] BEAT/USDT:USDT 已经是 ISOLATED 模式
2025-11-26 00:02:02 | INFO     | [MARGIN] BCH/USDT:USDT 已经是 ISOLATED 模式
2025-11-26 00:02:02 | INFO     | [MARGIN] TLM/USDT:USDT 已经是 ISOLATED 模式
2025-11-26 00:02:02 | INFO     | [MARGIN] SPK/USDT:USDT 已经是 ISOLATED 模式
2025-11-26 00:02:02 | INFO     | [MARGIN] 保证金模式设置完成: 4/4 成功
2025-11-26 00:02:02 | INFO     | [LEVERAGE] 设置杠杆为 3x...
2025-11-26 00:02:02 | INFO     | [LIVE LONG] 开多头仓位: 2 个
2025-11-26 00:02:02 | INFO     | [LIVE BUY] 做多 BEAT/USDT:USDT: 18.2 @ 0.84366
2025-11-26 00:02:02 | INFO     | [LIVE MARKET] 创建市价单 BEAT/USDT:USDT: buy 18.2
2025-11-26 00:02:03 | INFO     | [LIVE SUCCESS] BEAT/USDT:USDT 市价单创建成功 ID:441980705 成交:18.0
2025-11-26 00:02:03 | INFO     | [PROTECT] BEAT/USDT:USDT 止盈单创建成功 ID:441980783 触发价:1.01239
2025-11-26 00:02:03 | INFO     | [PROTECT] BEAT/USDT:USDT 止损单创建成功 ID:441980980 触发价:0.67493
2025-11-26 00:02:03 | INFO     | [LIVE BUY] 做多 BCH/USDT:USDT: 0.029 @ 527.19
2025-11-26 00:02:03 | INFO     | [LIVE MARKET] 创建市价单 BCH/USDT:USDT: buy 0.029
2025-11-26 00:02:03 | ERROR    | [LIVE ERROR] BCH/USDT:USDT 订单金额太小 (-4164): 请增加订单金额
2025-11-26 00:02:03 | ERROR    | [LIVE ERROR] BCH/USDT:USDT 市价单创建异常: binance {"code":-4164,"msg":"Order's notional must be no smaller than 20 (unless you choose reduce only)."}
2025-11-26 00:02:03 | INFO     | [DINGDING] 通知已发送: [LIVE] 多头订单失败！BCH/USDT:USDT 数量: 0.029 @ 527.19
2025-11-26 00:02:03 | INFO     | [LIVE OK] 多头开仓: 1/2 成功
2025-11-26 00:02:03 | INFO     | [LIVE SHORT] 开空头仓位: 2 个
2025-11-26 00:02:03 | INFO     | [LIVE SELL] 做空 TLM/USDT:USDT: 6120.9 @ 0.002511
2025-11-26 00:02:03 | INFO     | [LIVE MARKET] 创建市价单 TLM/USDT:USDT: sell 6120.9
2025-11-26 00:02:03 | INFO     | [LIVE SUCCESS] TLM/USDT:USDT 市价单创建成功 ID:2507150428 成交:6120.0
2025-11-26 00:02:03 | INFO     | [PROTECT] TLM/USDT:USDT 止盈单创建成功 ID:2507150430 触发价:0.002009
2025-11-26 00:02:03 | INFO     | [PROTECT] TLM/USDT:USDT 止损单创建成功 ID:2507150433 触发价:0.003013
2025-11-26 00:02:03 | INFO     | [LIVE SELL] 做空 SPK/USDT:USDT: 487.9 @ 0.0315
2025-11-26 00:02:03 | INFO     | [LIVE MARKET] 创建市价单 SPK/USDT:USDT: sell 487.9
2025-11-26 00:02:03 | INFO     | [LIVE SUCCESS] SPK/USDT:USDT 市价单创建成功 ID:1566593450 成交:487.0
2025-11-26 00:02:03 | INFO     | [PROTECT] SPK/USDT:USDT 止盈单创建成功 ID:1566593451 触发价:0.0252
2025-11-26 00:02:04 | INFO     | [PROTECT] SPK/USDT:USDT 止损单创建成功 ID:1566593452 触发价:0.0378
2025-11-26 00:02:04 | INFO     | [LIVE OK] 空头开仓: 2/2 成功
2025-11-26 00:02:04 | INFO     | [POSITIONS] 新仓位已添加到字典: {'BEAT/USDT:USDT': {'side': 'long', 'quantity': 18.2, 'open_price': 0.84366, 'position_side': 'LONG', 'take_profit_order_id': '441980783', 'take_profit_price': 1.01239, 'stop_loss_order_id': '441980980', 'stop_loss_price': 0.67493}, 'TLM/USDT:USDT': {'side': 'short', 'quantity': 6120.9, 'open_price': 0.002511, 'position_side': 'SHORT', 'take_profit_order_id': '2507150430', 'take_profit_price': 0.002009, 'stop_loss_order_id': '2507150433', 'stop_loss_price': 0.003013}, 'SPK/USDT:USDT': {'side': 'short', 'quantity': 487.9, 'open_price': 0.0315, 'position_side': 'SHORT', 'take_profit_order_id': '1566593451', 'take_profit_price': 0.0252, 'stop_loss_order_id': '1566593452', 'stop_loss_price': 0.0378}}
2025-11-26 00:02:04 | INFO     | [POSITIONS] 当前仓位字典: {'BEAT/USDT:USDT': {'side': 'long', 'quantity': 18.2, 'open_price': 0.84366, 'position_side': 'LONG', 'take_profit_order_id': '441980783', 'take_profit_price': 1.01239, 'stop_loss_order_id': '441980980', 'stop_loss_price': 0.67493}, 'TLM/USDT:USDT': {'side': 'short', 'quantity': 6120.9, 'open_price': 0.002511, 'position_side': 'SHORT', 'take_profit_order_id': '2507150430', 'take_profit_price': 0.002009, 'stop_loss_order_id': '2507150433', 'stop_loss_price': 0.003013}, 'SPK/USDT:USDT': {'side': 'short', 'quantity': 487.9, 'open_price': 0.0315, 'position_side': 'SHORT', 'take_profit_order_id': '1566593451', 'take_profit_price': 0.0252, 'stop_loss_order_id': '1566593452', 'stop_loss_price': 0.0378}}
2025-11-26 00:02:04 | INFO     | [STEP 7] 开仓交易完成
2025-11-26 00:02:04 | INFO     | [INFO] 跳过详细仓位验证，交易周期完成
2025-11-26 00:02:04 | INFO     | [STEP 8] 记录当前交易对价格和因子信息...
2025-11-26 00:02:04 | INFO     | [API] 成功获取 534 个交易对价格
2025-11-26 00:02:04 | INFO     | [RECORD] 记录了 534 个交易对的价格和因子信息
2025-11-26 00:02:04 | INFO     | [OK] 交易周期执行成功
2025-11-26 00:02:04 | INFO     | [TIME] 周期耗时: 101.6秒
2025-11-26 00:02:04 | INFO     | [16H] Cycle 8/16 下次执行时间: 2025-11-26 01:00:00
2025-11-26 00:02:04 | INFO     | [WAIT] 等待 3476 秒 (1.0 小时)
2025-11-26 00:13:24 | INFO     | [WAIT] Cycle 8/16 剩余等待时间: 46.6 分钟
2025-11-26 00:24:44 | INFO     | [WAIT] Cycle 8/16 剩余等待时间: 35.3 分钟
2025-11-26 00:36:05 | INFO     | [WAIT] Cycle 8/16 剩余等待时间: 23.9 分钟
2025-11-26 00:47:25 | INFO     | [WAIT] Cycle 8/16 剩余等待时间: 12.6 分钟
2025-11-26 00:58:46 | INFO     | [WAIT] Cycle 8/16 剩余等待时间: 1.2 分钟
2025-11-26 00:59:54 | INFO     | [WAIT] Cycle 8/16 最后等待: 6 秒
2025-11-26 01:00:19 | INFO     | 
==================================================
2025-11-26 01:00:19 | INFO     | [CYCLE] 第 41 轮交易周期 (Cycle 8/16)
2025-11-26 01:00:19 | INFO     | [TIME] 开始时间: 2025-11-26 01:00:19
2025-11-26 01:00:19 | INFO     | ==================================================
2025-11-26 01:00:38 | INFO     | [STEP 1] Cycle 8/16 平仓字典中存储的仓位...
2025-11-26 01:00:38 | INFO     | [POSITIONS] 当前持有仓位: {'HOOK/USDT:USDT': {'side': 'long', 'quantity': 312.2, 'open_price': 0.04719, 'position_side': 'LONG', 'take_profit_order_id': '3534828539', 'take_profit_price': 0.05663, 'stop_loss_order_id': '3534828541', 'stop_loss_price': 0.03775}, '1000WHY/USDT:USDT': {'side': 'long', 'quantity': 809690.4, 'open_price': 1.82e-05, 'position_side': 'LONG', 'take_profit_order_id': '396826234', 'take_profit_price': 2.18e-05, 'stop_loss_order_id': '396826235', 'stop_loss_price': 1.46e-05}, 'KAS/USDT:USDT': {'side': 'short', 'quantity': 280.1, 'open_price': 0.05261, 'position_side': 'SHORT', 'take_profit_order_id': '2922241641', 'take_profit_price': 0.04209, 'stop_loss_order_id': '2922241655', 'stop_loss_price': 0.06313}, 'SYN/USDT:USDT': {'side': 'short', 'quantity': 233.1, 'open_price': 0.06322, 'position_side': 'SHORT', 'take_profit_order_id': '1086184511', 'take_profit_price': 0.05058, 'stop_loss_order_id': '1086184513', 'stop_loss_price': 0.07586}}
2025-11-26 01:00:38 | INFO     | [LIVE CLOSE] 开始平仓指定仓位: 4 个
2025-11-26 01:00:38 | INFO     | [PROTECT] HOOK/USDT:USDT 已取消止盈单 3534828539
2025-11-26 01:00:38 | INFO     | [PROTECT] HOOK/USDT:USDT 已取消止损单 3534828541
2025-11-26 01:00:38 | INFO     | [LIVE CLOSE] 平仓 HOOK/USDT:USDT: sell 312.2 (原long仓位)
2025-11-26 01:00:38 | INFO     | [LIVE PROFIT] HOOK/USDT:USDT 开仓价格: 0.04719000, 当前价格: 0.04768000
2025-11-26 01:00:38 | INFO     | [LIVE PROFIT] HOOK/USDT:USDT 预期收益: 1.04% (约 0.15297800 USDT)
2025-11-26 01:00:38 | INFO     | [LIVE MARKET] 创建市价单 HOOK/USDT:USDT: sell 312.2
2025-11-26 01:00:38 | INFO     | [LIVE SUCCESS] HOOK/USDT:USDT 市价单创建成功 ID:3535439974 成交:312.2
2025-11-26 01:00:38 | INFO     | [LIVE SUCCESS] 平仓订单创建成功 HOOK/USDT:USDT: 3535439974
2025-11-26 01:00:39 | INFO     | [DINGDING] 通知已发送: 🔔 [实盘] 平仓通知
📊 交易对: HOOK/USDT:USDT
📈 方向: 做多
🔢 数量: 312.20000000
💵 开仓价: 0.04719000
💵 平仓价: 0.04768000
💰 收益: 1.04% (0.15297800 USDT)
2025-11-26 01:00:39 | INFO     | [PROTECT] 1000WHY/USDT:USDT 已取消止盈单 396826234
2025-11-26 01:00:39 | INFO     | [PROTECT] 1000WHY/USDT:USDT 已取消止损单 396826235
2025-11-26 01:00:39 | INFO     | [LIVE CLOSE] 平仓 1000WHY/USDT:USDT: sell 809690.4 (原long仓位)
2025-11-26 01:00:39 | INFO     | [LIVE PROFIT] 1000WHY/USDT:USDT 开仓价格: 0.00001820, 当前价格: 0.00001910
2025-11-26 01:00:39 | INFO     | [LIVE PROFIT] 1000WHY/USDT:USDT 预期收益: 4.95% (约 0.72872136 USDT)
2025-11-26 01:00:39 | INFO     | [LIVE MARKET] 创建市价单 1000WHY/USDT:USDT: sell 809690.4
2025-11-26 01:00:39 | INFO     | [LIVE SUCCESS] 1000WHY/USDT:USDT 市价单创建成功 ID:396978777 成交:809690.0
2025-11-26 01:00:39 | INFO     | [LIVE SUCCESS] 平仓订单创建成功 1000WHY/USDT:USDT: 396978777
2025-11-26 01:00:39 | INFO     | [DINGDING] 通知已发送: 🔔 [实盘] 平仓通知
📊 交易对: 1000WHY/USDT:USDT
📈 方向: 做多
🔢 数量: 809690.40000000
💵 开仓价: 0.00001820
💵 平仓价: 0.00001910
💰 收益: 4.95% (0.72872136 USDT)
2025-11-26 01:00:39 | INFO     | [PROTECT] KAS/USDT:USDT 已取消止盈单 2922241641
2025-11-26 01:00:39 | INFO     | [PROTECT] KAS/USDT:USDT 已取消止损单 2922241655
2025-11-26 01:00:39 | INFO     | [LIVE CLOSE] 平仓 KAS/USDT:USDT: buy 280.1 (原short仓位)
2025-11-26 01:00:39 | INFO     | [LIVE PROFIT] KAS/USDT:USDT 开仓价格: 0.05261000, 当前价格: 0.05075000
2025-11-26 01:00:39 | INFO     | [LIVE PROFIT] KAS/USDT:USDT 预期收益: 3.54% (约 0.52098600 USDT)
2025-11-26 01:00:39 | INFO     | [LIVE MARKET] 创建市价单 KAS/USDT:USDT: buy 280.1
2025-11-26 01:00:39 | INFO     | [LIVE SUCCESS] KAS/USDT:USDT 市价单创建成功 ID:2925541736 成交:280.0
2025-11-26 01:00:39 | INFO     | [LIVE SUCCESS] 平仓订单创建成功 KAS/USDT:USDT: 2925541736
2025-11-26 01:00:40 | INFO     | [DINGDING] 通知已发送: 🔔 [实盘] 平仓通知
📊 交易对: KAS/USDT:USDT
📈 方向: 做空
🔢 数量: 280.10000000
💵 开仓价: 0.05261000
💵 平仓价: 0.05075000
💰 收益: 3.54% (0.52098600 USDT)
2025-11-26 01:00:40 | INFO     | [PROTECT] SYN/USDT:USDT 已取消止盈单 1086184511
2025-11-26 01:00:40 | INFO     | [PROTECT] SYN/USDT:USDT 已取消止损单 1086184513
2025-11-26 01:00:40 | INFO     | [LIVE CLOSE] 平仓 SYN/USDT:USDT: buy 233.1 (原short仓位)
2025-11-26 01:00:40 | INFO     | [LIVE PROFIT] SYN/USDT:USDT 开仓价格: 0.06322000, 当前价格: 0.06304000
2025-11-26 01:00:40 | INFO     | [LIVE PROFIT] SYN/USDT:USDT 预期收益: 0.28% (约 0.04195800 USDT)
2025-11-26 01:00:40 | INFO     | [LIVE MARKET] 创建市价单 SYN/USDT:USDT: buy 233.1
2025-11-26 01:00:40 | INFO     | [LIVE SUCCESS] SYN/USDT:USDT 市价单创建成功 ID:1086790819 成交:233.0
2025-11-26 01:00:40 | INFO     | [LIVE SUCCESS] 平仓订单创建成功 SYN/USDT:USDT: 1086790819
2025-11-26 01:00:40 | INFO     | [DINGDING] 通知已发送: 🔔 [实盘] 平仓通知
📊 交易对: SYN/USDT:USDT
📈 方向: 做空
🔢 数量: 233.10000000
💵 开仓价: 0.06322000
💵 平仓价: 0.06304000
💰 收益: 0.28% (0.04195800 USDT)
2025-11-26 01:00:41 | INFO     | [LIVE WAIT] 等待 4 个平仓订单执行...
2025-11-26 01:00:43 | INFO     | [LIVE OK] 平仓操作完成，成功: 4/4
2025-11-26 01:00:43 | INFO     | [INFO] Cycle 8/16 仓位字典已清空
2025-11-26 01:00:43 | INFO     | [STEP 2] 跳过验证步骤...
2025-11-26 01:00:43 | INFO     | [STEP 3] 提取OHLC数据并计算因子...
2025-11-26 01:00:43 | INFO     | [OK] 获取活跃交易对完成，耗时: 0.001秒
2025-11-26 01:01:57 | INFO     | [FACTORS] 计算得到 534 个有效因子
2025-11-26 01:01:57 | INFO     | [STEP 4] 根据因子值选择交易标的...
2025-11-26 01:01:57 | INFO     | [FILTER] 忽略 1 个交易对: ['BTC/USDT:USDT']
2025-11-26 01:01:57 | INFO     | [FILTER] BROCCOLIF3B/USDT:USDT 已在其它周期出现 4 次，达到上限 4，跳过
2025-11-26 01:01:57 | INFO     | [FILTER] RVV/USDT:USDT 已在其它周期出现 4 次，达到上限 4，跳过
2025-11-26 01:01:57 | INFO     | [STATS] 因子统计:
2025-11-26 01:01:57 | INFO     |    总计: 533 个标的
2025-11-26 01:01:57 | INFO     |    因子值范围: -0.075964 ~ 0.224733
2025-11-26 01:01:57 | INFO     |    选择做多: 2 个
2025-11-26 01:01:57 | INFO     |    选择做空: 2 个
2025-11-26 01:01:57 | INFO     | [TOP 20] 因子值排名前20的交易对:
2025-11-26 01:01:57 | INFO     |    第1名: SKY/USDT:USDT: 0.224733
2025-11-26 01:01:57 | INFO     |    第2名: BROCCOLIF3B/USDT:USDT: 0.198451
2025-11-26 01:01:57 | INFO     |    第3名: ZEN/USDT:USDT: 0.197867
2025-11-26 01:01:57 | INFO     |    第4名: FIS/USDT:USDT: 0.196682
2025-11-26 01:01:57 | INFO     |    第5名: YALA/USDT:USDT: 0.189379
2025-11-26 01:01:57 | INFO     |    第6名: ARKM/USDT:USDT: 0.179920
2025-11-26 01:01:57 | INFO     |    第7名: BEAT/USDT:USDT: 0.179616
2025-11-26 01:01:57 | INFO     |    第8名: MYX/USDT:USDT: 0.177441
2025-11-26 01:01:57 | INFO     |    第9名: ALGO/USDT:USDT: 0.175001
2025-11-26 01:01:57 | INFO     |    第10名: PIPPIN/USDT:USDT: 0.171297
2025-11-26 01:01:57 | INFO     |    第11名: BCH/USDT:USDT: 0.166668
2025-11-26 01:01:57 | INFO     |    第12名: SSV/USDT:USDT: 0.161840
2025-11-26 01:01:57 | INFO     |    第13名: AEVO/USDT:USDT: 0.160327
2025-11-26 01:01:57 | INFO     |    第14名: RIVER/USDT:USDT: 0.147839
2025-11-26 01:01:57 | INFO     |    第15名: GUN/USDT:USDT: 0.145259
2025-11-26 01:01:57 | INFO     |    第16名: COMMON/USDT:USDT: 0.141315
2025-11-26 01:01:57 | INFO     |    第17名: MEME/USDT:USDT: 0.139332
2025-11-26 01:01:57 | INFO     |    第18名: VINE/USDT:USDT: 0.139126
2025-11-26 01:01:57 | INFO     |    第19名: PLAY/USDT:USDT: 0.136934
2025-11-26 01:01:57 | INFO     |    第20名: SYRUP/USDT:USDT: 0.135583
2025-11-26 01:01:57 | INFO     | [BOTTOM 20] 因子值排名后20的交易对:
2025-11-26 01:01:57 | INFO     |    第514名: DOOD/USDT:USDT: -0.018897
2025-11-26 01:01:57 | INFO     |    第515名: SOLV/USDT:USDT: -0.018963
2025-11-26 01:01:57 | INFO     |    第516名: API3/USDT:USDT: -0.019153
2025-11-26 01:01:57 | INFO     |    第517名: KAS/USDT:USDT: -0.019971
2025-11-26 01:01:57 | INFO     |    第518名: MET/USDT:USDT: -0.020133
2025-11-26 01:01:57 | INFO     |    第519名: NIL/USDT:USDT: -0.023816
2025-11-26 01:01:57 | INFO     |    第520名: VANRY/USDT:USDT: -0.024450
2025-11-26 01:01:57 | INFO     |    第521名: PHA/USDT:USDT: -0.026092
2025-11-26 01:01:57 | INFO     |    第522名: CELO/USDT:USDT: -0.026664
2025-11-26 01:01:57 | INFO     |    第523名: HOLO/USDT:USDT: -0.028504
2025-11-26 01:01:57 | INFO     |    第524名: KAITO/USDT:USDT: -0.030371
2025-11-26 01:01:57 | INFO     |    第525名: HOME/USDT:USDT: -0.031126
2025-11-26 01:01:57 | INFO     |    第526名: BLESS/USDT:USDT: -0.032002
2025-11-26 01:01:57 | INFO     |    第527名: GLM/USDT:USDT: -0.032014
2025-11-26 01:01:57 | INFO     |    第528名: CHILLGUY/USDT:USDT: -0.032067
2025-11-26 01:01:57 | INFO     |    第529名: 1INCH/USDT:USDT: -0.033702
2025-11-26 01:01:57 | INFO     |    第530名: TLM/USDT:USDT: -0.036653
2025-11-26 01:01:57 | INFO     |    第531名: F/USDT:USDT: -0.046872
2025-11-26 01:01:57 | INFO     |    第532名: SPK/USDT:USDT: -0.054933
2025-11-26 01:01:57 | INFO     |    第533名: RVV/USDT:USDT: -0.075964
2025-11-26 01:01:57 | INFO     | [LONG SYMBOLS] 做多标的详情:
2025-11-26 01:01:57 | INFO     |    SKY/USDT:USDT: 0.224733
2025-11-26 01:01:57 | INFO     |    ZEN/USDT:USDT: 0.197867
2025-11-26 01:01:57 | INFO     | [SHORT SYMBOLS] 做空标的详情:
2025-11-26 01:01:57 | INFO     |    SPK/USDT:USDT: -0.054933
2025-11-26 01:01:57 | INFO     |    F/USDT:USDT: -0.046872
2025-11-26 01:01:57 | INFO     | [SELECTION] 选择交易标的:
2025-11-26 01:01:57 | INFO     |    做多: ['SKY/USDT:USDT', 'ZEN/USDT:USDT']
2025-11-26 01:01:57 | INFO     |    做空: ['SPK/USDT:USDT', 'F/USDT:USDT']
2025-11-26 01:01:58 | INFO     | [DINGDING] 通知已发送: Cycle 8/16 交易标的选择完成:
做多 (2个):
  SKY/USDT:USDT: 0.224733
  ZEN/USDT:USDT: 0.197867
做空 (2个):
  SPK/USDT:USDT: -0.054933
  F/USDT:USDT: -0.046872

因子统计:
  总计: 534 个标的
  范围: -0.075964 ~ 0.224733
2025-11-26 01:01:58 | INFO     | [STEP 5] 获取当前合约保证金...
2025-11-26 01:01:58 | INFO     | [BALANCE] 当前保证金余额: 26.36 USDT
2025-11-26 01:01:58 | INFO     | [DINGDING] 通知已发送:  账户余额报告
 时间: 2025-11-26 01:01:58
 USDT余额: 26.36
2025-11-26 01:01:58 | INFO     | [BALANCE] 余额通知已发送: 26.36 USDT
2025-11-26 01:01:58 | INFO     | [BALANCE] Cycle 8/16 使用当前可用余额 26.36 USDT 执行开仓
2025-11-26 01:01:58 | INFO     | [STEP 6] 执行开仓交易...
2025-11-26 01:01:58 | INFO     | [BALANCE] 总余额: 26.36 USDT
2025-11-26 01:01:58 | INFO     | [INFO] 总仓位数: 4
2025-11-26 01:01:58 | INFO     | [VALUE] 单仓价值: 19.37 USDT
2025-11-26 01:01:58 | INFO     | [MARGIN] 设置保证金模式为 ISOLATED...
2025-11-26 01:01:58 | INFO     | [MARGIN] SKY/USDT:USDT (SKYUSDT) 保证金模式设置为 ISOLATED ✓
2025-11-26 01:01:58 | INFO     | [MARGIN] ZEN/USDT:USDT 已经是 ISOLATED 模式
2025-11-26 01:01:58 | INFO     | [MARGIN] SPK/USDT:USDT 已经是 ISOLATED 模式
2025-11-26 01:01:58 | INFO     | [MARGIN] F/USDT:USDT 已经是 ISOLATED 模式
2025-11-26 01:01:58 | INFO     | [MARGIN] 保证金模式设置完成: 4/4 成功
2025-11-26 01:01:58 | INFO     | [LEVERAGE] 设置杠杆为 3x...
2025-11-26 01:01:58 | INFO     | [LIVE LONG] 开多头仓位: 2 个
2025-11-26 01:01:58 | INFO     | [LIVE BUY] 做多 SKY/USDT:USDT: 450.7 @ 0.04298
2025-11-26 01:01:58 | INFO     | [LIVE MARKET] 创建市价单 SKY/USDT:USDT: buy 450.7
2025-11-26 01:01:58 | INFO     | [LIVE SUCCESS] SKY/USDT:USDT 市价单创建成功 ID:176317305 成交:450.0
2025-11-26 01:01:58 | INFO     | [PROTECT] SKY/USDT:USDT 止盈单创建成功 ID:176317306 触发价:0.05158
2025-11-26 01:01:59 | INFO     | [PROTECT] SKY/USDT:USDT 止损单创建成功 ID:176317308 触发价:0.03438
2025-11-26 01:01:59 | INFO     | [LIVE BUY] 做多 ZEN/USDT:USDT: 1.5 @ 12.131
2025-11-26 01:01:59 | INFO     | [LIVE MARKET] 创建市价单 ZEN/USDT:USDT: buy 1.5
2025-11-26 01:01:59 | INFO     | [LIVE SUCCESS] ZEN/USDT:USDT 市价单创建成功 ID:7963883663 成交:1.5
2025-11-26 01:01:59 | INFO     | [PROTECT] ZEN/USDT:USDT 止盈单创建成功 ID:7963883664 触发价:14.557
2025-11-26 01:01:59 | INFO     | [PROTECT] ZEN/USDT:USDT 止损单创建成功 ID:7963883666 触发价:9.705
2025-11-26 01:01:59 | INFO     | [LIVE OK] 多头开仓: 2/2 成功
2025-11-26 01:01:59 | INFO     | [LIVE SHORT] 开空头仓位: 2 个
2025-11-26 01:01:59 | INFO     | [LIVE SELL] 做空 SPK/USDT:USDT: 620.6 @ 0.03122
2025-11-26 01:01:59 | INFO     | [LIVE MARKET] 创建市价单 SPK/USDT:USDT: sell 620.6
2025-11-26 01:01:59 | INFO     | [LIVE SUCCESS] SPK/USDT:USDT 市价单创建成功 ID:1566656584 成交:620.0
2025-11-26 01:01:59 | INFO     | [PROTECT] SPK/USDT:USDT 止盈单创建成功 ID:1566656588 触发价:0.02498
2025-11-26 01:01:59 | INFO     | [PROTECT] SPK/USDT:USDT 止损单创建成功 ID:1566656593 触发价:0.03746
2025-11-26 01:01:59 | INFO     | [LIVE SELL] 做空 F/USDT:USDT: 2064.9 @ 0.009383
2025-11-26 01:01:59 | INFO     | [LIVE MARKET] 创建市价单 F/USDT:USDT: sell 2064.9
2025-11-26 01:01:59 | INFO     | [LIVE SUCCESS] F/USDT:USDT 市价单创建成功 ID:732116058 成交:2064.0
2025-11-26 01:01:59 | INFO     | [PROTECT] F/USDT:USDT 止盈单创建成功 ID:732116062 触发价:0.007506
2025-11-26 01:01:59 | INFO     | [PROTECT] F/USDT:USDT 止损单创建成功 ID:732116063 触发价:0.01126
2025-11-26 01:01:59 | INFO     | [LIVE OK] 空头开仓: 2/2 成功
2025-11-26 01:01:59 | INFO     | [POSITIONS] 新仓位已添加到字典: {'SKY/USDT:USDT': {'side': 'long', 'quantity': 450.7, 'open_price': 0.04298, 'position_side': 'LONG', 'take_profit_order_id': '176317306', 'take_profit_price': 0.05158, 'stop_loss_order_id': '176317308', 'stop_loss_price': 0.03438}, 'ZEN/USDT:USDT': {'side': 'long', 'quantity': 1.5, 'open_price': 12.131, 'position_side': 'LONG', 'take_profit_order_id': '7963883664', 'take_profit_price': 14.557, 'stop_loss_order_id': '7963883666', 'stop_loss_price': 9.705}, 'SPK/USDT:USDT': {'side': 'short', 'quantity': 620.6, 'open_price': 0.03122, 'position_side': 'SHORT', 'take_profit_order_id': '1566656588', 'take_profit_price': 0.02498, 'stop_loss_order_id': '1566656593', 'stop_loss_price': 0.03746}, 'F/USDT:USDT': {'side': 'short', 'quantity': 2064.9, 'open_price': 0.009383, 'position_side': 'SHORT', 'take_profit_order_id': '732116062', 'take_profit_price': 0.007506, 'stop_loss_order_id': '732116063', 'stop_loss_price': 0.01126}}
2025-11-26 01:01:59 | INFO     | [POSITIONS] 当前仓位字典: {'SKY/USDT:USDT': {'side': 'long', 'quantity': 450.7, 'open_price': 0.04298, 'position_side': 'LONG', 'take_profit_order_id': '176317306', 'take_profit_price': 0.05158, 'stop_loss_order_id': '176317308', 'stop_loss_price': 0.03438}, 'ZEN/USDT:USDT': {'side': 'long', 'quantity': 1.5, 'open_price': 12.131, 'position_side': 'LONG', 'take_profit_order_id': '7963883664', 'take_profit_price': 14.557, 'stop_loss_order_id': '7963883666', 'stop_loss_price': 9.705}, 'SPK/USDT:USDT': {'side': 'short', 'quantity': 620.6, 'open_price': 0.03122, 'position_side': 'SHORT', 'take_profit_order_id': '1566656588', 'take_profit_price': 0.02498, 'stop_loss_order_id': '1566656593', 'stop_loss_price': 0.03746}, 'F/USDT:USDT': {'side': 'short', 'quantity': 2064.9, 'open_price': 0.009383, 'position_side': 'SHORT', 'take_profit_order_id': '732116062', 'take_profit_price': 0.007506, 'stop_loss_order_id': '732116063', 'stop_loss_price': 0.01126}}
2025-11-26 01:01:59 | INFO     | [STEP 7] 开仓交易完成
2025-11-26 01:01:59 | INFO     | [INFO] 跳过详细仓位验证，交易周期完成
2025-11-26 01:01:59 | INFO     | [STEP 8] 记录当前交易对价格和因子信息...
2025-11-26 01:01:59 | INFO     | [API] 成功获取 534 个交易对价格
2025-11-26 01:01:59 | INFO     | [RECORD] 记录了 534 个交易对的价格和因子信息
2025-11-26 01:01:59 | INFO     | [OK] 交易周期执行成功
2025-11-26 01:01:59 | INFO     | [TIME] 周期耗时: 100.5秒
2025-11-26 01:01:59 | INFO     | [16H] Cycle 9/16 下次执行时间: 2025-11-26 02:00:00
2025-11-26 01:01:59 | INFO     | [WAIT] 等待 3480 秒 (1.0 小时)
2025-11-26 01:13:22 | INFO     | [WAIT] Cycle 9/16 剩余等待时间: 46.6 分钟
2025-11-26 01:24:45 | INFO     | [WAIT] Cycle 9/16 剩余等待时间: 35.2 分钟
2025-11-26 01:36:05 | INFO     | [WAIT] Cycle 9/16 剩余等待时间: 23.9 分钟
2025-11-26 01:47:25 | INFO     | [WAIT] Cycle 9/16 剩余等待时间: 12.6 分钟
2025-11-26 01:58:46 | INFO     | [WAIT] Cycle 9/16 剩余等待时间: 1.2 分钟
2025-11-26 01:59:53 | INFO     | [WAIT] Cycle 9/16 最后等待: 6 秒
2025-11-26 02:00:19 | INFO     | 
==================================================
2025-11-26 02:00:19 | INFO     | [CYCLE] 第 42 轮交易周期 (Cycle 9/16)
2025-11-26 02:00:19 | INFO     | [TIME] 开始时间: 2025-11-26 02:00:19
2025-11-26 02:00:19 | INFO     | ==================================================
2025-11-26 02:00:38 | INFO     | [STEP 1] Cycle 9/16 平仓字典中存储的仓位...
2025-11-26 02:00:38 | INFO     | [POSITIONS] 当前持有仓位: {'ZEN/USDT:USDT': {'side': 'long', 'quantity': 1.3, 'open_price': 12.3, 'position_side': 'LONG', 'take_profit_order_id': '7957334924', 'take_profit_price': 14.76, 'stop_loss_order_id': '7957334938', 'stop_loss_price': 9.84}, 'SYRUP/USDT:USDT': {'side': 'long', 'quantity': 54.7, 'open_price': 0.29425, 'position_side': 'LONG', 'take_profit_order_id': '1834062587', 'take_profit_price': 0.3531, 'stop_loss_order_id': '1834062596', 'stop_loss_price': 0.2354}, 'KITE/USDT:USDT': {'side': 'short', 'quantity': 163.1, 'open_price': 0.0987, 'position_side': 'SHORT', 'take_profit_order_id': '415613127', 'take_profit_price': 0.07896, 'stop_loss_order_id': '415613137', 'stop_loss_price': 0.11844}, 'HIGH/USDT:USDT': {'side': 'short', 'quantity': 67.0, 'open_price': 0.2402, 'position_side': 'SHORT', 'take_profit_order_id': '4284837851', 'take_profit_price': 0.1922, 'stop_loss_order_id': '4284837864', 'stop_loss_price': 0.2882}}
2025-11-26 02:00:38 | INFO     | [LIVE CLOSE] 开始平仓指定仓位: 4 个
2025-11-26 02:00:38 | INFO     | [PROTECT] ZEN/USDT:USDT 已取消止盈单 7957334924
2025-11-26 02:00:38 | INFO     | [PROTECT] ZEN/USDT:USDT 已取消止损单 7957334938
2025-11-26 02:00:38 | INFO     | [LIVE CLOSE] 平仓 ZEN/USDT:USDT: sell 1.3 (原long仓位)
2025-11-26 02:00:38 | INFO     | [LIVE PROFIT] ZEN/USDT:USDT 开仓价格: 12.30000000, 当前价格: 12.11900000
2025-11-26 02:00:38 | INFO     | [LIVE PROFIT] ZEN/USDT:USDT 预期收益: -1.47% (约 -0.23530000 USDT)
2025-11-26 02:00:38 | INFO     | [LIVE MARKET] 创建市价单 ZEN/USDT:USDT: sell 1.3
2025-11-26 02:00:38 | INFO     | [LIVE SUCCESS] ZEN/USDT:USDT 市价单创建成功 ID:7964191441 成交:1.3
2025-11-26 02:00:38 | INFO     | [LIVE SUCCESS] 平仓订单创建成功 ZEN/USDT:USDT: 7964191441
2025-11-26 02:00:39 | INFO     | [DINGDING] 通知已发送: 🔔 [实盘] 平仓通知
📊 交易对: ZEN/USDT:USDT
📈 方向: 做多
🔢 数量: 1.30000000
💵 开仓价: 12.30000000
💵 平仓价: 12.11900000
📉 收益: -1.47% (-0.23530000 USDT)
2025-11-26 02:00:39 | INFO     | [PROTECT] SYRUP/USDT:USDT 已取消止盈单 1834062587
2025-11-26 02:00:39 | INFO     | [PROTECT] SYRUP/USDT:USDT 已取消止损单 1834062596
2025-11-26 02:00:39 | INFO     | [LIVE CLOSE] 平仓 SYRUP/USDT:USDT: sell 54.7 (原long仓位)
2025-11-26 02:00:39 | INFO     | [LIVE PROFIT] SYRUP/USDT:USDT 开仓价格: 0.29425000, 当前价格: 0.30209000
2025-11-26 02:00:39 | INFO     | [LIVE PROFIT] SYRUP/USDT:USDT 预期收益: 2.66% (约 0.42884800 USDT)
2025-11-26 02:00:39 | INFO     | [LIVE MARKET] 创建市价单 SYRUP/USDT:USDT: sell 54.7
2025-11-26 02:00:39 | INFO     | [LIVE SUCCESS] SYRUP/USDT:USDT 市价单创建成功 ID:1836127218 成交:54.0
2025-11-26 02:00:39 | INFO     | [LIVE SUCCESS] 平仓订单创建成功 SYRUP/USDT:USDT: 1836127218
2025-11-26 02:00:40 | INFO     | [DINGDING] 通知已发送: 🔔 [实盘] 平仓通知
📊 交易对: SYRUP/USDT:USDT
📈 方向: 做多
🔢 数量: 54.70000000
💵 开仓价: 0.29425000
💵 平仓价: 0.30209000
💰 收益: 2.66% (0.42884800 USDT)
2025-11-26 02:00:40 | INFO     | [PROTECT] KITE/USDT:USDT 已取消止盈单 415613127
2025-11-26 02:00:40 | INFO     | [PROTECT] KITE/USDT:USDT 已取消止损单 415613137
2025-11-26 02:00:40 | INFO     | [LIVE CLOSE] 平仓 KITE/USDT:USDT: buy 163.1 (原short仓位)
2025-11-26 02:00:40 | INFO     | [LIVE PROFIT] KITE/USDT:USDT 开仓价格: 0.09870000, 当前价格: 0.10670000
2025-11-26 02:00:40 | INFO     | [LIVE PROFIT] KITE/USDT:USDT 预期收益: -8.11% (约 -1.30480000 USDT)
2025-11-26 02:00:40 | INFO     | [LIVE MARKET] 创建市价单 KITE/USDT:USDT: buy 163.1
2025-11-26 02:00:40 | INFO     | [LIVE SUCCESS] KITE/USDT:USDT 市价单创建成功 ID:419209485 成交:163.0
2025-11-26 02:00:40 | INFO     | [LIVE SUCCESS] 平仓订单创建成功 KITE/USDT:USDT: 419209485
2025-11-26 02:00:40 | INFO     | [DINGDING] 通知已发送: 🔔 [实盘] 平仓通知
📊 交易对: KITE/USDT:USDT
📈 方向: 做空
🔢 数量: 163.10000000
💵 开仓价: 0.09870000
💵 平仓价: 0.10670000
📉 收益: -8.11% (-1.30480000 USDT)
2025-11-26 02:00:41 | INFO     | [PROTECT] HIGH/USDT:USDT 已取消止盈单 4284837851
2025-11-26 02:00:41 | INFO     | [PROTECT] HIGH/USDT:USDT 已取消止损单 4284837864
2025-11-26 02:00:41 | INFO     | [LIVE CLOSE] 平仓 HIGH/USDT:USDT: buy 67.0 (原short仓位)
2025-11-26 02:00:41 | INFO     | [LIVE PROFIT] HIGH/USDT:USDT 开仓价格: 0.24020000, 当前价格: 0.25180000
2025-11-26 02:00:41 | INFO     | [LIVE PROFIT] HIGH/USDT:USDT 预期收益: -4.83% (约 -0.77720000 USDT)
2025-11-26 02:00:41 | INFO     | [LIVE MARKET] 创建市价单 HIGH/USDT:USDT: buy 67.0
2025-11-26 02:00:41 | INFO     | [LIVE SUCCESS] HIGH/USDT:USDT 市价单创建成功 ID:4286214341 成交:67.0
2025-11-26 02:00:41 | INFO     | [LIVE SUCCESS] 平仓订单创建成功 HIGH/USDT:USDT: 4286214341
2025-11-26 02:00:41 | INFO     | [DINGDING] 通知已发送: 🔔 [实盘] 平仓通知
📊 交易对: HIGH/USDT:USDT
📈 方向: 做空
🔢 数量: 67.00000000
💵 开仓价: 0.24020000
💵 平仓价: 0.25180000
📉 收益: -4.83% (-0.77720000 USDT)
2025-11-26 02:00:41 | INFO     | [LIVE WAIT] 等待 4 个平仓订单执行...
2025-11-26 02:00:43 | INFO     | [LIVE OK] 平仓操作完成，成功: 4/4
2025-11-26 02:00:43 | INFO     | [INFO] Cycle 9/16 仓位字典已清空
2025-11-26 02:00:43 | INFO     | [STEP 2] 跳过验证步骤...
2025-11-26 02:00:43 | INFO     | [STEP 3] 提取OHLC数据并计算因子...
2025-11-26 02:00:43 | INFO     | [OK] 获取活跃交易对完成，耗时: 0.001秒
2025-11-26 02:01:57 | INFO     | [FACTORS] 计算得到 534 个有效因子
2025-11-26 02:01:57 | INFO     | [STEP 4] 根据因子值选择交易标的...
2025-11-26 02:01:57 | INFO     | [FILTER] 忽略 1 个交易对: ['BTC/USDT:USDT']
2025-11-26 02:01:57 | INFO     | [FILTER] BROCCOLIF3B/USDT:USDT 已在其它周期出现 4 次，达到上限 4，跳过
2025-11-26 02:01:57 | INFO     | [FILTER] RVV/USDT:USDT 已在其它周期出现 4 次，达到上限 4，跳过
2025-11-26 02:01:57 | INFO     | [FILTER] TLM/USDT:USDT 已在其它周期出现 4 次，达到上限 4，跳过
2025-11-26 02:01:57 | INFO     | [FILTER] SPK/USDT:USDT 已在其它周期出现 4 次，达到上限 4，跳过
2025-11-26 02:01:57 | INFO     | [STATS] 因子统计:
2025-11-26 02:01:57 | INFO     |    总计: 533 个标的
2025-11-26 02:01:57 | INFO     |    因子值范围: -0.061298 ~ 0.264962
2025-11-26 02:01:57 | INFO     |    选择做多: 2 个
2025-11-26 02:01:57 | INFO     |    选择做空: 2 个
2025-11-26 02:01:57 | INFO     | [TOP 20] 因子值排名前20的交易对:
2025-11-26 02:01:57 | INFO     |    第1名: BROCCOLIF3B/USDT:USDT: 0.264962
2025-11-26 02:01:57 | INFO     |    第2名: BEAT/USDT:USDT: 0.243781
2025-11-26 02:01:57 | INFO     |    第3名: HIPPO/USDT:USDT: 0.183515
2025-11-26 02:01:57 | INFO     |    第4名: BCH/USDT:USDT: 0.176270
2025-11-26 02:01:57 | INFO     |    第5名: SKYAI/USDT:USDT: 0.174197
2025-11-26 02:01:57 | INFO     |    第6名: FLUID/USDT:USDT: 0.173432
2025-11-26 02:01:57 | INFO     |    第7名: SKY/USDT:USDT: 0.173148
2025-11-26 02:01:57 | INFO     |    第8名: FIS/USDT:USDT: 0.169131
2025-11-26 02:01:57 | INFO     |    第9名: SYRUP/USDT:USDT: 0.167856
2025-11-26 02:01:57 | INFO     |    第10名: RIVER/USDT:USDT: 0.163669
2025-11-26 02:01:57 | INFO     |    第11名: USUAL/USDT:USDT: 0.162176
2025-11-26 02:01:57 | INFO     |    第12名: YALA/USDT:USDT: 0.157345
2025-11-26 02:01:57 | INFO     |    第13名: RECALL/USDT:USDT: 0.155302
2025-11-26 02:01:57 | INFO     |    第14名: XLM/USDT:USDT: 0.154895
2025-11-26 02:01:57 | INFO     |    第15名: ALGO/USDT:USDT: 0.150194
2025-11-26 02:01:57 | INFO     |    第16名: PIPPIN/USDT:USDT: 0.148124
2025-11-26 02:01:57 | INFO     |    第17名: ARKM/USDT:USDT: 0.138896
2025-11-26 02:01:57 | INFO     |    第18名: NMR/USDT:USDT: 0.136867
2025-11-26 02:01:57 | INFO     |    第19名: NEWT/USDT:USDT: 0.135129
2025-11-26 02:01:57 | INFO     |    第20名: AEVO/USDT:USDT: 0.134054
2025-11-26 02:01:57 | INFO     | [BOTTOM 20] 因子值排名后20的交易对:
2025-11-26 02:01:57 | INFO     |    第514名: BABY/USDT:USDT: -0.015772
2025-11-26 02:01:57 | INFO     |    第515名: SOLV/USDT:USDT: -0.017035
2025-11-26 02:01:57 | INFO     |    第516名: CHILLGUY/USDT:USDT: -0.017683
2025-11-26 02:01:57 | INFO     |    第517名: SWARMS/USDT:USDT: -0.018982
2025-11-26 02:01:57 | INFO     |    第518名: COS/USDT:USDT: -0.019568
2025-11-26 02:01:57 | INFO     |    第519名: HOLO/USDT:USDT: -0.020197
2025-11-26 02:01:57 | INFO     |    第520名: HOME/USDT:USDT: -0.021791
2025-11-26 02:01:57 | INFO     |    第521名: POPCAT/USDT:USDT: -0.022114
2025-11-26 02:01:57 | INFO     |    第522名: SCR/USDT:USDT: -0.023538
2025-11-26 02:01:57 | INFO     |    第523名: NIL/USDT:USDT: -0.025780
2025-11-26 02:01:57 | INFO     |    第524名: API3/USDT:USDT: -0.025989
2025-11-26 02:01:57 | INFO     |    第525名: ASR/USDT:USDT: -0.027998
2025-11-26 02:01:57 | INFO     |    第526名: KAITO/USDT:USDT: -0.028321
2025-11-26 02:01:57 | INFO     |    第527名: F/USDT:USDT: -0.028577
2025-11-26 02:01:57 | INFO     |    第528名: ORDER/USDT:USDT: -0.029555
2025-11-26 02:01:57 | INFO     |    第529名: CELO/USDT:USDT: -0.030210
2025-11-26 02:01:57 | INFO     |    第530名: SPK/USDT:USDT: -0.034814
2025-11-26 02:01:57 | INFO     |    第531名: FXS/USDT:USDT: -0.035750
2025-11-26 02:01:57 | INFO     |    第532名: TLM/USDT:USDT: -0.047035
2025-11-26 02:01:57 | INFO     |    第533名: RVV/USDT:USDT: -0.061298
2025-11-26 02:01:57 | INFO     | [LONG SYMBOLS] 做多标的详情:
2025-11-26 02:01:57 | INFO     |    BEAT/USDT:USDT: 0.243781
2025-11-26 02:01:57 | INFO     |    HIPPO/USDT:USDT: 0.183515
2025-11-26 02:01:57 | INFO     | [SHORT SYMBOLS] 做空标的详情:
2025-11-26 02:01:57 | INFO     |    FXS/USDT:USDT: -0.035750
2025-11-26 02:01:57 | INFO     |    CELO/USDT:USDT: -0.030210
2025-11-26 02:01:57 | INFO     | [SELECTION] 选择交易标的:
2025-11-26 02:01:57 | INFO     |    做多: ['BEAT/USDT:USDT', 'HIPPO/USDT:USDT']
2025-11-26 02:01:57 | INFO     |    做空: ['FXS/USDT:USDT', 'CELO/USDT:USDT']
2025-11-26 02:01:58 | INFO     | [DINGDING] 通知已发送: Cycle 9/16 交易标的选择完成:
做多 (2个):
  BEAT/USDT:USDT: 0.243781
  HIPPO/USDT:USDT: 0.183515
做空 (2个):
  FXS/USDT:USDT: -0.035750
  CELO/USDT:USDT: -0.030210

因子统计:
  总计: 534 个标的
  范围: -0.061298 ~ 0.264962
2025-11-26 02:01:58 | INFO     | [STEP 5] 获取当前合约保证金...
2025-11-26 02:01:58 | INFO     | [BALANCE] 当前保证金余额: 20.82 USDT
2025-11-26 02:01:58 | INFO     | [DINGDING] 通知已发送:  账户余额报告
 时间: 2025-11-26 02:01:58
 USDT余额: 20.82
2025-11-26 02:01:58 | INFO     | [BALANCE] 余额通知已发送: 20.82 USDT
2025-11-26 02:01:58 | INFO     | [BALANCE] Cycle 9/16 使用当前可用余额 20.82 USDT 执行开仓
2025-11-26 02:01:58 | INFO     | [STEP 6] 执行开仓交易...
2025-11-26 02:01:58 | INFO     | [BALANCE] 总余额: 20.82 USDT
2025-11-26 02:01:58 | INFO     | [INFO] 总仓位数: 4
2025-11-26 02:01:58 | INFO     | [VALUE] 单仓价值: 15.31 USDT
2025-11-26 02:01:58 | INFO     | [MARGIN] 设置保证金模式为 ISOLATED...
2025-11-26 02:01:58 | INFO     | [MARGIN] BEAT/USDT:USDT 已经是 ISOLATED 模式
2025-11-26 02:01:58 | INFO     | [MARGIN] HIPPO/USDT:USDT 已经是 ISOLATED 模式
2025-11-26 02:01:58 | INFO     | [MARGIN] FXS/USDT:USDT (FXSUSDT) 保证金模式设置为 ISOLATED ✓
2025-11-26 02:01:58 | INFO     | [MARGIN] CELO/USDT:USDT 已经是 ISOLATED 模式
2025-11-26 02:01:58 | INFO     | [MARGIN] 保证金模式设置完成: 4/4 成功
2025-11-26 02:01:58 | INFO     | [LEVERAGE] 设置杠杆为 3x...
2025-11-26 02:01:58 | INFO     | [LIVE LONG] 开多头仓位: 2 个
2025-11-26 02:01:58 | INFO     | [LIVE BUY] 做多 BEAT/USDT:USDT: 18.1 @ 0.8431
2025-11-26 02:01:58 | INFO     | [LIVE MARKET] 创建市价单 BEAT/USDT:USDT: buy 18.1
2025-11-26 02:01:58 | INFO     | [LIVE SUCCESS] BEAT/USDT:USDT 市价单创建成功 ID:442731474 成交:18.0
2025-11-26 02:01:58 | INFO     | [PROTECT] BEAT/USDT:USDT 止盈单创建成功 ID:442731482 触发价:1.01172
2025-11-26 02:01:59 | INFO     | [PROTECT] BEAT/USDT:USDT 止损单创建成功 ID:442731495 触发价:0.67448
2025-11-26 02:01:59 | INFO     | [LIVE BUY] 做多 HIPPO/USDT:USDT: 12981.4 @ 0.001179
2025-11-26 02:01:59 | INFO     | [LIVE MARKET] 创建市价单 HIPPO/USDT:USDT: buy 12981.4
2025-11-26 02:01:59 | INFO     | [LIVE SUCCESS] HIPPO/USDT:USDT 市价单创建成功 ID:1821189677 成交:12981.0
2025-11-26 02:01:59 | INFO     | [PROTECT] HIPPO/USDT:USDT 止盈单创建成功 ID:1821189682 触发价:0.001415
2025-11-26 02:01:59 | INFO     | [PROTECT] HIPPO/USDT:USDT 止损单创建成功 ID:1821189684 触发价:0.000943
2025-11-26 02:01:59 | INFO     | [LIVE OK] 多头开仓: 2/2 成功
2025-11-26 02:01:59 | INFO     | [LIVE SHORT] 开空头仓位: 2 个
2025-11-26 02:01:59 | INFO     | [LIVE SELL] 做空 FXS/USDT:USDT: 17.2 @ 0.8876
2025-11-26 02:01:59 | INFO     | [LIVE MARKET] 创建市价单 FXS/USDT:USDT: sell 17.2
2025-11-26 02:01:59 | INFO     | [LIVE SUCCESS] FXS/USDT:USDT 市价单创建成功 ID:3365243511 成交:17.2
2025-11-26 02:01:59 | INFO     | [PROTECT] FXS/USDT:USDT 止盈单创建成功 ID:3365243515 触发价:0.7101
2025-11-26 02:01:59 | INFO     | [PROTECT] FXS/USDT:USDT 止损单创建成功 ID:3365243524 触发价:1.0651
2025-11-26 02:01:59 | INFO     | [LIVE SELL] 做空 CELO/USDT:USDT: 87.5 @ 0.175
2025-11-26 02:01:59 | INFO     | [LIVE MARKET] 创建市价单 CELO/USDT:USDT: sell 87.5
2025-11-26 02:01:59 | INFO     | [LIVE SUCCESS] CELO/USDT:USDT 市价单创建成功 ID:11639055594 成交:87.5
2025-11-26 02:01:59 | INFO     | [PROTECT] CELO/USDT:USDT 止盈单创建成功 ID:11639055596 触发价:0.14
2025-11-26 02:01:59 | INFO     | [PROTECT] CELO/USDT:USDT 止损单创建成功 ID:11639055600 触发价:0.21
2025-11-26 02:01:59 | INFO     | [LIVE OK] 空头开仓: 2/2 成功
2025-11-26 02:01:59 | INFO     | [POSITIONS] 新仓位已添加到字典: {'BEAT/USDT:USDT': {'side': 'long', 'quantity': 18.1, 'open_price': 0.8431, 'position_side': 'LONG', 'take_profit_order_id': '442731482', 'take_profit_price': 1.01172, 'stop_loss_order_id': '442731495', 'stop_loss_price': 0.67448}, 'HIPPO/USDT:USDT': {'side': 'long', 'quantity': 12981.4, 'open_price': 0.001179, 'position_side': 'LONG', 'take_profit_order_id': '1821189682', 'take_profit_price': 0.001415, 'stop_loss_order_id': '1821189684', 'stop_loss_price': 0.000943}, 'FXS/USDT:USDT': {'side': 'short', 'quantity': 17.2, 'open_price': 0.8876, 'position_side': 'SHORT', 'take_profit_order_id': '3365243515', 'take_profit_price': 0.7101, 'stop_loss_order_id': '3365243524', 'stop_loss_price': 1.0651}, 'CELO/USDT:USDT': {'side': 'short', 'quantity': 87.5, 'open_price': 0.175, 'position_side': 'SHORT', 'take_profit_order_id': '11639055596', 'take_profit_price': 0.14, 'stop_loss_order_id': '11639055600', 'stop_loss_price': 0.21}}
2025-11-26 02:01:59 | INFO     | [POSITIONS] 当前仓位字典: {'BEAT/USDT:USDT': {'side': 'long', 'quantity': 18.1, 'open_price': 0.8431, 'position_side': 'LONG', 'take_profit_order_id': '442731482', 'take_profit_price': 1.01172, 'stop_loss_order_id': '442731495', 'stop_loss_price': 0.67448}, 'HIPPO/USDT:USDT': {'side': 'long', 'quantity': 12981.4, 'open_price': 0.001179, 'position_side': 'LONG', 'take_profit_order_id': '1821189682', 'take_profit_price': 0.001415, 'stop_loss_order_id': '1821189684', 'stop_loss_price': 0.000943}, 'FXS/USDT:USDT': {'side': 'short', 'quantity': 17.2, 'open_price': 0.8876, 'position_side': 'SHORT', 'take_profit_order_id': '3365243515', 'take_profit_price': 0.7101, 'stop_loss_order_id': '3365243524', 'stop_loss_price': 1.0651}, 'CELO/USDT:USDT': {'side': 'short', 'quantity': 87.5, 'open_price': 0.175, 'position_side': 'SHORT', 'take_profit_order_id': '11639055596', 'take_profit_price': 0.14, 'stop_loss_order_id': '11639055600', 'stop_loss_price': 0.21}}
2025-11-26 02:01:59 | INFO     | [STEP 7] 开仓交易完成
2025-11-26 02:01:59 | INFO     | [INFO] 跳过详细仓位验证，交易周期完成
2025-11-26 02:01:59 | INFO     | [STEP 8] 记录当前交易对价格和因子信息...
2025-11-26 02:01:59 | INFO     | [API] 成功获取 534 个交易对价格
2025-11-26 02:01:59 | INFO     | [RECORD] 记录了 534 个交易对的价格和因子信息
2025-11-26 02:01:59 | INFO     | [OK] 交易周期执行成功
2025-11-26 02:01:59 | INFO     | [TIME] 周期耗时: 100.6秒
2025-11-26 02:01:59 | INFO     | [16H] Cycle 10/16 下次执行时间: 2025-11-26 03:00:00
2025-11-26 02:01:59 | INFO     | [WAIT] 等待 3480 秒 (1.0 小时)
2025-11-26 02:13:18 | INFO     | [WAIT] Cycle 10/16 剩余等待时间: 46.7 分钟
2025-11-26 02:24:38 | INFO     | [WAIT] Cycle 10/16 剩余等待时间: 35.4 分钟
2025-11-26 02:35:58 | INFO     | [WAIT] Cycle 10/16 剩余等待时间: 24.0 分钟
2025-11-26 02:47:20 | INFO     | [WAIT] Cycle 10/16 剩余等待时间: 12.7 分钟
2025-11-26 02:58:42 | INFO     | [WAIT] Cycle 10/16 剩余等待时间: 1.3 分钟
2025-11-26 02:59:50 | INFO     | [WAIT] Cycle 10/16 最后等待: 9 秒
2025-11-26 03:00:19 | INFO     | 
==================================================
2025-11-26 03:00:19 | INFO     | [CYCLE] 第 43 轮交易周期 (Cycle 10/16)
2025-11-26 03:00:19 | INFO     | [TIME] 开始时间: 2025-11-26 03:00:19
2025-11-26 03:00:19 | INFO     | ==================================================
2025-11-26 03:00:38 | INFO     | [STEP 1] Cycle 10/16 平仓字典中存储的仓位...
2025-11-26 03:00:38 | INFO     | [POSITIONS] 当前持有仓位: {'ZEN/USDT:USDT': {'side': 'long', 'quantity': 1.6, 'open_price': 12.257, 'position_side': 'LONG', 'take_profit_order_id': '7957645450', 'take_profit_price': 14.708, 'stop_loss_order_id': '7957645453', 'stop_loss_price': 9.806}, 'COMMON/USDT:USDT': {'side': 'long', 'quantity': 3286.2, 'open_price': 0.006273, 'position_side': 'LONG', 'take_profit_order_id': '199497694', 'take_profit_price': 0.007528, 'stop_loss_order_id': '199497695', 'stop_loss_price': 0.005018}, 'ENSO/USDT:USDT': {'side': 'short', 'quantity': 25.5, 'open_price': 0.807, 'position_side': 'SHORT', 'take_profit_order_id': '267572027', 'take_profit_price': 0.646, 'stop_loss_order_id': '267572039', 'stop_loss_price': 0.968}, 'JASMY/USDT:USDT': {'side': 'short', 'quantity': 2745.7, 'open_price': 0.007508, 'position_side': 'SHORT', 'take_profit_order_id': '8369017559', 'take_profit_price': 0.006006, 'stop_loss_order_id': '8369017564', 'stop_loss_price': 0.00901}}
2025-11-26 03:00:38 | INFO     | [LIVE CLOSE] 开始平仓指定仓位: 4 个
2025-11-26 03:00:38 | INFO     | [PROTECT] ZEN/USDT:USDT 已取消止盈单 7957645450
2025-11-26 03:00:38 | INFO     | [PROTECT] ZEN/USDT:USDT 已取消止损单 7957645453
2025-11-26 03:00:38 | INFO     | [LIVE CLOSE] 平仓 ZEN/USDT:USDT: sell 1.6 (原long仓位)
2025-11-26 03:00:38 | INFO     | [LIVE PROFIT] ZEN/USDT:USDT 开仓价格: 12.25700000, 当前价格: 12.20300000
2025-11-26 03:00:38 | INFO     | [LIVE PROFIT] ZEN/USDT:USDT 预期收益: -0.44% (约 -0.08640000 USDT)
2025-11-26 03:00:38 | INFO     | [LIVE MARKET] 创建市价单 ZEN/USDT:USDT: sell 1.6
2025-11-26 03:00:39 | INFO     | [LIVE SUCCESS] ZEN/USDT:USDT 市价单创建成功 ID:7964483066 成交:1.6
2025-11-26 03:00:39 | INFO     | [LIVE SUCCESS] 平仓订单创建成功 ZEN/USDT:USDT: 7964483066
2025-11-26 03:00:39 | INFO     | [DINGDING] 通知已发送: 🔔 [实盘] 平仓通知
📊 交易对: ZEN/USDT:USDT
📈 方向: 做多
🔢 数量: 1.60000000
💵 开仓价: 12.25700000
💵 平仓价: 12.20300000
📉 收益: -0.44% (-0.08640000 USDT)
2025-11-26 03:00:39 | INFO     | [PROTECT] COMMON/USDT:USDT 已取消止盈单 199497694
2025-11-26 03:00:39 | INFO     | [PROTECT] COMMON/USDT:USDT 已取消止损单 199497695
2025-11-26 03:00:39 | INFO     | [LIVE CLOSE] 平仓 COMMON/USDT:USDT: sell 3286.2 (原long仓位)
2025-11-26 03:00:39 | INFO     | [LIVE PROFIT] COMMON/USDT:USDT 开仓价格: 0.00627300, 当前价格: 0.00615400
2025-11-26 03:00:39 | INFO     | [LIVE PROFIT] COMMON/USDT:USDT 预期收益: -1.90% (约 -0.39105780 USDT)
2025-11-26 03:00:39 | INFO     | [LIVE MARKET] 创建市价单 COMMON/USDT:USDT: sell 3286.2
2025-11-26 03:00:39 | INFO     | [LIVE SUCCESS] COMMON/USDT:USDT 市价单创建成功 ID:201020062 成交:3286.0
2025-11-26 03:00:39 | INFO     | [LIVE SUCCESS] 平仓订单创建成功 COMMON/USDT:USDT: 201020062
2025-11-26 03:00:39 | INFO     | [DINGDING] 通知已发送: 🔔 [实盘] 平仓通知
📊 交易对: COMMON/USDT:USDT
📈 方向: 做多
🔢 数量: 3286.20000000
💵 开仓价: 0.00627300
💵 平仓价: 0.00615400
📉 收益: -1.90% (-0.39105780 USDT)
2025-11-26 03:00:40 | INFO     | [PROTECT] ENSO/USDT:USDT 已取消止盈单 267572027
2025-11-26 03:00:40 | INFO     | [PROTECT] ENSO/USDT:USDT 已取消止损单 267572039
2025-11-26 03:00:40 | INFO     | [LIVE CLOSE] 平仓 ENSO/USDT:USDT: buy 25.5 (原short仓位)
2025-11-26 03:00:40 | INFO     | [LIVE PROFIT] ENSO/USDT:USDT 开仓价格: 0.80700000, 当前价格: 0.82600000
2025-11-26 03:00:40 | INFO     | [LIVE PROFIT] ENSO/USDT:USDT 预期收益: -2.35% (约 -0.48450000 USDT)
2025-11-26 03:00:40 | INFO     | [LIVE MARKET] 创建市价单 ENSO/USDT:USDT: buy 25.5
2025-11-26 03:00:40 | INFO     | [LIVE SUCCESS] ENSO/USDT:USDT 市价单创建成功 ID:269119796 成交:25.5
2025-11-26 03:00:40 | INFO     | [LIVE SUCCESS] 平仓订单创建成功 ENSO/USDT:USDT: 269119796
2025-11-26 03:00:40 | INFO     | [DINGDING] 通知已发送: 🔔 [实盘] 平仓通知
📊 交易对: ENSO/USDT:USDT
📈 方向: 做空
🔢 数量: 25.50000000
💵 开仓价: 0.80700000
💵 平仓价: 0.82600000
📉 收益: -2.35% (-0.48450000 USDT)
2025-11-26 03:00:40 | INFO     | [PROTECT] JASMY/USDT:USDT 已取消止盈单 8369017559
2025-11-26 03:00:40 | INFO     | [PROTECT] JASMY/USDT:USDT 已取消止损单 8369017564
2025-11-26 03:00:40 | INFO     | [LIVE CLOSE] 平仓 JASMY/USDT:USDT: buy 2745.7 (原short仓位)
2025-11-26 03:00:40 | INFO     | [LIVE PROFIT] JASMY/USDT:USDT 开仓价格: 0.00750800, 当前价格: 0.00745400
2025-11-26 03:00:40 | INFO     | [LIVE PROFIT] JASMY/USDT:USDT 预期收益: 0.72% (约 0.14826780 USDT)
2025-11-26 03:00:40 | INFO     | [LIVE MARKET] 创建市价单 JASMY/USDT:USDT: buy 2745.7
2025-11-26 03:00:40 | INFO     | [LIVE SUCCESS] JASMY/USDT:USDT 市价单创建成功 ID:8370590015 成交:2745.0
2025-11-26 03:00:40 | INFO     | [LIVE SUCCESS] 平仓订单创建成功 JASMY/USDT:USDT: 8370590015
2025-11-26 03:00:41 | INFO     | [DINGDING] 通知已发送: 🔔 [实盘] 平仓通知
📊 交易对: JASMY/USDT:USDT
📈 方向: 做空
🔢 数量: 2745.70000000
💵 开仓价: 0.00750800
💵 平仓价: 0.00745400
💰 收益: 0.72% (0.14826780 USDT)
2025-11-26 03:00:41 | INFO     | [LIVE WAIT] 等待 4 个平仓订单执行...
2025-11-26 03:00:43 | INFO     | [LIVE OK] 平仓操作完成，成功: 4/4
2025-11-26 03:00:43 | INFO     | [INFO] Cycle 10/16 仓位字典已清空
2025-11-26 03:00:43 | INFO     | [STEP 2] 跳过验证步骤...
2025-11-26 03:00:43 | INFO     | [STEP 3] 提取OHLC数据并计算因子...
2025-11-26 03:00:43 | INFO     | [OK] 获取活跃交易对完成，耗时: 0.001秒
2025-11-26 03:01:56 | INFO     | [FACTORS] 计算得到 534 个有效因子
2025-11-26 03:01:56 | INFO     | [STEP 4] 根据因子值选择交易标的...
2025-11-26 03:01:56 | INFO     | [FILTER] 忽略 1 个交易对: ['BTC/USDT:USDT']
2025-11-26 03:01:56 | INFO     | [FILTER] RVV/USDT:USDT 已在其它周期出现 4 次，达到上限 4，跳过
2025-11-26 03:01:56 | INFO     | [STATS] 因子统计:
2025-11-26 03:01:56 | INFO     |    总计: 533 个标的
2025-11-26 03:01:56 | INFO     |    因子值范围: -0.085182 ~ 0.220997
2025-11-26 03:01:56 | INFO     |    选择做多: 2 个
2025-11-26 03:01:56 | INFO     |    选择做空: 2 个
2025-11-26 03:01:56 | INFO     | [TOP 20] 因子值排名前20的交易对:
2025-11-26 03:01:56 | INFO     |    第1名: BANANAS31/USDT:USDT: 0.220997
2025-11-26 03:01:56 | INFO     |    第2名: ZEN/USDT:USDT: 0.202506
2025-11-26 03:01:56 | INFO     |    第3名: SKY/USDT:USDT: 0.169136
2025-11-26 03:01:56 | INFO     |    第4名: YALA/USDT:USDT: 0.167804
2025-11-26 03:01:56 | INFO     |    第5名: BROCCOLIF3B/USDT:USDT: 0.165908
2025-11-26 03:01:56 | INFO     |    第6名: BEAT/USDT:USDT: 0.156834
2025-11-26 03:01:56 | INFO     |    第7名: GUN/USDT:USDT: 0.154953
2025-11-26 03:01:56 | INFO     |    第8名: RECALL/USDT:USDT: 0.145065
2025-11-26 03:01:56 | INFO     |    第9名: FIS/USDT:USDT: 0.142706
2025-11-26 03:01:56 | INFO     |    第10名: SKYAI/USDT:USDT: 0.137561
2025-11-26 03:01:56 | INFO     |    第11名: MYX/USDT:USDT: 0.133392
2025-11-26 03:01:56 | INFO     |    第12名: SYRUP/USDT:USDT: 0.133159
2025-11-26 03:01:56 | INFO     |    第13名: RIVER/USDT:USDT: 0.132262
2025-11-26 03:01:56 | INFO     |    第14名: PIPPIN/USDT:USDT: 0.130678
2025-11-26 03:01:56 | INFO     |    第15名: FLUID/USDT:USDT: 0.130549
2025-11-26 03:01:56 | INFO     |    第16名: UNI/USDT:USDT: 0.128194
2025-11-26 03:01:56 | INFO     |    第17名: FIL/USDT:USDT: 0.125245
2025-11-26 03:01:56 | INFO     |    第18名: BLUAI/USDT:USDT: 0.125100
2025-11-26 03:01:56 | INFO     |    第19名: HYPE/USDT:USDT: 0.123486
2025-11-26 03:01:56 | INFO     |    第20名: ZORA/USDT:USDT: 0.119990
2025-11-26 03:01:56 | INFO     | [BOTTOM 20] 因子值排名后20的交易对:
2025-11-26 03:01:56 | INFO     |    第514名: SYN/USDT:USDT: -0.023087
2025-11-26 03:01:56 | INFO     |    第515名: D/USDT:USDT: -0.023674
2025-11-26 03:01:56 | INFO     |    第516名: CELO/USDT:USDT: -0.023842
2025-11-26 03:01:56 | INFO     |    第517名: CHZ/USDT:USDT: -0.023872
2025-11-26 03:01:56 | INFO     |    第518名: TLM/USDT:USDT: -0.025410
2025-11-26 03:01:56 | INFO     |    第519名: BB/USDT:USDT: -0.025750
2025-11-26 03:01:56 | INFO     |    第520名: MTL/USDT:USDT: -0.027254
2025-11-26 03:01:56 | INFO     |    第521名: ASR/USDT:USDT: -0.028602
2025-11-26 03:01:56 | INFO     |    第522名: FLUX/USDT:USDT: -0.029336
2025-11-26 03:01:56 | INFO     |    第523名: DAM/USDT:USDT: -0.030460
2025-11-26 03:01:56 | INFO     |    第524名: 1000FLOKI/USDT:USDT: -0.030550
2025-11-26 03:01:56 | INFO     |    第525名: MAV/USDT:USDT: -0.030923
2025-11-26 03:01:56 | INFO     |    第526名: KAITO/USDT:USDT: -0.031042
2025-11-26 03:01:56 | INFO     |    第527名: HOME/USDT:USDT: -0.032789
2025-11-26 03:01:56 | INFO     |    第528名: CROSS/USDT:USDT: -0.034860
2025-11-26 03:01:56 | INFO     |    第529名: NAORIS/USDT:USDT: -0.036438
2025-11-26 03:01:56 | INFO     |    第530名: SPK/USDT:USDT: -0.037973
2025-11-26 03:01:56 | INFO     |    第531名: FXS/USDT:USDT: -0.042980
2025-11-26 03:01:56 | INFO     |    第532名: API3/USDT:USDT: -0.057054
2025-11-26 03:01:56 | INFO     |    第533名: RVV/USDT:USDT: -0.085182
2025-11-26 03:01:56 | INFO     | [LONG SYMBOLS] 做多标的详情:
2025-11-26 03:01:56 | INFO     |    BANANAS31/USDT:USDT: 0.220997
2025-11-26 03:01:56 | INFO     |    ZEN/USDT:USDT: 0.202506
2025-11-26 03:01:56 | INFO     | [SHORT SYMBOLS] 做空标的详情:
2025-11-26 03:01:56 | INFO     |    API3/USDT:USDT: -0.057054
2025-11-26 03:01:56 | INFO     |    FXS/USDT:USDT: -0.042980
2025-11-26 03:01:56 | INFO     | [SELECTION] 选择交易标的:
2025-11-26 03:01:56 | INFO     |    做多: ['BANANAS31/USDT:USDT', 'ZEN/USDT:USDT']
2025-11-26 03:01:56 | INFO     |    做空: ['API3/USDT:USDT', 'FXS/USDT:USDT']
2025-11-26 03:01:57 | INFO     | [DINGDING] 通知已发送: Cycle 10/16 交易标的选择完成:
做多 (2个):
  BANANAS31/USDT:USDT: 0.220997
  ZEN/USDT:USDT: 0.202506
做空 (2个):
  API3/USDT:USDT: -0.057054
  FXS/USDT:USDT: -0.042980

因子统计:
  总计: 534 个标的
  范围: -0.085182 ~ 0.220997
2025-11-26 03:01:57 | INFO     | [STEP 5] 获取当前合约保证金...
2025-11-26 03:01:57 | INFO     | [BALANCE] 当前保证金余额: 26.56 USDT
2025-11-26 03:01:57 | INFO     | [DINGDING] 通知已发送:  账户余额报告
 时间: 2025-11-26 03:01:57
 USDT余额: 26.56
2025-11-26 03:01:57 | INFO     | [BALANCE] 余额通知已发送: 26.56 USDT
2025-11-26 03:01:57 | INFO     | [BALANCE] Cycle 10/16 使用当前可用余额 26.56 USDT 执行开仓
2025-11-26 03:01:57 | INFO     | [STEP 6] 执行开仓交易...
2025-11-26 03:01:57 | INFO     | [BALANCE] 总余额: 26.56 USDT
2025-11-26 03:01:57 | INFO     | [INFO] 总仓位数: 4
2025-11-26 03:01:57 | INFO     | [VALUE] 单仓价值: 19.53 USDT
2025-11-26 03:01:57 | INFO     | [MARGIN] 设置保证金模式为 ISOLATED...
2025-11-26 03:01:57 | INFO     | [MARGIN] BANANAS31/USDT:USDT 已经是 ISOLATED 模式
2025-11-26 03:01:57 | INFO     | [MARGIN] ZEN/USDT:USDT 已经是 ISOLATED 模式
2025-11-26 03:01:57 | INFO     | [MARGIN] API3/USDT:USDT 已经是 ISOLATED 模式
2025-11-26 03:01:57 | INFO     | [MARGIN] FXS/USDT:USDT 已经是 ISOLATED 模式
2025-11-26 03:01:57 | INFO     | [MARGIN] 保证金模式设置完成: 4/4 成功
2025-11-26 03:01:57 | INFO     | [LEVERAGE] 设置杠杆为 3x...
2025-11-26 03:01:58 | INFO     | [LIVE LONG] 开多头仓位: 2 个
2025-11-26 03:01:58 | INFO     | [LIVE BUY] 做多 BANANAS31/USDT:USDT: 5631.7 @ 0.003467
2025-11-26 03:01:58 | INFO     | [LIVE MARKET] 创建市价单 BANANAS31/USDT:USDT: buy 5631.7
2025-11-26 03:01:58 | INFO     | [LIVE SUCCESS] BANANAS31/USDT:USDT 市价单创建成功 ID:1358580064 成交:5631.0
2025-11-26 03:01:58 | INFO     | [PROTECT] BANANAS31/USDT:USDT 止盈单创建成功 ID:1358580065 触发价:0.00416
2025-11-26 03:01:58 | INFO     | [PROTECT] BANANAS31/USDT:USDT 止损单创建成功 ID:1358580068 触发价:0.002774
2025-11-26 03:01:58 | INFO     | [LIVE BUY] 做多 ZEN/USDT:USDT: 1.5 @ 12.238
2025-11-26 03:01:58 | INFO     | [LIVE MARKET] 创建市价单 ZEN/USDT:USDT: buy 1.5
2025-11-26 03:01:58 | INFO     | [LIVE SUCCESS] ZEN/USDT:USDT 市价单创建成功 ID:7964493272 成交:1.5
2025-11-26 03:01:58 | INFO     | [PROTECT] ZEN/USDT:USDT 止盈单创建成功 ID:7964493273 触发价:14.686
2025-11-26 03:01:58 | INFO     | [PROTECT] ZEN/USDT:USDT 止损单创建成功 ID:7964493276 触发价:9.79
2025-11-26 03:01:58 | INFO     | [LIVE OK] 多头开仓: 2/2 成功
2025-11-26 03:01:58 | INFO     | [LIVE SHORT] 开空头仓位: 2 个
2025-11-26 03:01:58 | INFO     | [LIVE SELL] 做空 API3/USDT:USDT: 35.9 @ 0.5438
2025-11-26 03:01:58 | INFO     | [LIVE MARKET] 创建市价单 API3/USDT:USDT: sell 35.9
2025-11-26 03:01:58 | INFO     | [LIVE SUCCESS] API3/USDT:USDT 市价单创建成功 ID:6349648960 成交:35.9
2025-11-26 03:01:58 | INFO     | [PROTECT] API3/USDT:USDT 止盈单创建成功 ID:6349648962 触发价:0.435
2025-11-26 03:01:58 | INFO     | [PROTECT] API3/USDT:USDT 止损单创建成功 ID:6349648963 触发价:0.6526
2025-11-26 03:01:58 | INFO     | [LIVE SELL] 做空 FXS/USDT:USDT: 22.0 @ 0.8884
2025-11-26 03:01:58 | INFO     | [LIVE MARKET] 创建市价单 FXS/USDT:USDT: sell 22.0
2025-11-26 03:01:58 | INFO     | [LIVE SUCCESS] FXS/USDT:USDT 市价单创建成功 ID:3365280067 成交:22.0
2025-11-26 03:01:58 | INFO     | [PROTECT] FXS/USDT:USDT 止盈单创建成功 ID:3365280069 触发价:0.7107
2025-11-26 03:01:58 | INFO     | [PROTECT] FXS/USDT:USDT 止损单创建成功 ID:3365280078 触发价:1.0661
2025-11-26 03:01:58 | INFO     | [LIVE OK] 空头开仓: 2/2 成功
2025-11-26 03:01:58 | INFO     | [POSITIONS] 新仓位已添加到字典: {'BANANAS31/USDT:USDT': {'side': 'long', 'quantity': 5631.7, 'open_price': 0.003467, 'position_side': 'LONG', 'take_profit_order_id': '1358580065', 'take_profit_price': 0.00416, 'stop_loss_order_id': '1358580068', 'stop_loss_price': 0.002774}, 'ZEN/USDT:USDT': {'side': 'long', 'quantity': 1.5, 'open_price': 12.238, 'position_side': 'LONG', 'take_profit_order_id': '7964493273', 'take_profit_price': 14.686, 'stop_loss_order_id': '7964493276', 'stop_loss_price': 9.79}, 'API3/USDT:USDT': {'side': 'short', 'quantity': 35.9, 'open_price': 0.5438, 'position_side': 'SHORT', 'take_profit_order_id': '6349648962', 'take_profit_price': 0.435, 'stop_loss_order_id': '6349648963', 'stop_loss_price': 0.6526}, 'FXS/USDT:USDT': {'side': 'short', 'quantity': 22.0, 'open_price': 0.8884, 'position_side': 'SHORT', 'take_profit_order_id': '3365280069', 'take_profit_price': 0.7107, 'stop_loss_order_id': '3365280078', 'stop_loss_price': 1.0661}}
2025-11-26 03:01:58 | INFO     | [POSITIONS] 当前仓位字典: {'BANANAS31/USDT:USDT': {'side': 'long', 'quantity': 5631.7, 'open_price': 0.003467, 'position_side': 'LONG', 'take_profit_order_id': '1358580065', 'take_profit_price': 0.00416, 'stop_loss_order_id': '1358580068', 'stop_loss_price': 0.002774}, 'ZEN/USDT:USDT': {'side': 'long', 'quantity': 1.5, 'open_price': 12.238, 'position_side': 'LONG', 'take_profit_order_id': '7964493273', 'take_profit_price': 14.686, 'stop_loss_order_id': '7964493276', 'stop_loss_price': 9.79}, 'API3/USDT:USDT': {'side': 'short', 'quantity': 35.9, 'open_price': 0.5438, 'position_side': 'SHORT', 'take_profit_order_id': '6349648962', 'take_profit_price': 0.435, 'stop_loss_order_id': '6349648963', 'stop_loss_price': 0.6526}, 'FXS/USDT:USDT': {'side': 'short', 'quantity': 22.0, 'open_price': 0.8884, 'position_side': 'SHORT', 'take_profit_order_id': '3365280069', 'take_profit_price': 0.7107, 'stop_loss_order_id': '3365280078', 'stop_loss_price': 1.0661}}
2025-11-26 03:01:58 | INFO     | [STEP 7] 开仓交易完成
2025-11-26 03:01:58 | INFO     | [INFO] 跳过详细仓位验证，交易周期完成
2025-11-26 03:01:58 | INFO     | [STEP 8] 记录当前交易对价格和因子信息...
2025-11-26 03:01:59 | INFO     | [API] 成功获取 534 个交易对价格
2025-11-26 03:01:59 | INFO     | [RECORD] 记录了 534 个交易对的价格和因子信息
2025-11-26 03:01:59 | INFO     | [OK] 交易周期执行成功
2025-11-26 03:01:59 | INFO     | [TIME] 周期耗时: 99.6秒
2025-11-26 03:01:59 | INFO     | [16H] Cycle 11/16 下次执行时间: 2025-11-26 04:00:00
2025-11-26 03:01:59 | INFO     | [WAIT] 等待 3481 秒 (1.0 小时)
2025-11-26 03:13:17 | INFO     | [WAIT] Cycle 11/16 剩余等待时间: 46.7 分钟
2025-11-26 03:24:36 | INFO     | [WAIT] Cycle 11/16 剩余等待时间: 35.4 分钟
2025-11-26 03:35:56 | INFO     | [WAIT] Cycle 11/16 剩余等待时间: 24.1 分钟
2025-11-26 03:47:16 | INFO     | [WAIT] Cycle 11/16 剩余等待时间: 12.7 分钟
2025-11-26 03:58:35 | INFO     | [WAIT] Cycle 11/16 剩余等待时间: 1.4 分钟
2025-11-26 03:59:43 | INFO     | [WAIT] Cycle 11/16 最后等待: 16 秒
2025-11-26 04:00:19 | INFO     | 
==================================================
2025-11-26 04:00:19 | INFO     | [CYCLE] 第 44 轮交易周期 (Cycle 11/16)
2025-11-26 04:00:19 | INFO     | [TIME] 开始时间: 2025-11-26 04:00:19
2025-11-26 04:00:19 | INFO     | ==================================================
2025-11-26 04:00:39 | INFO     | [STEP 1] Cycle 11/16 平仓字典中存储的仓位...
2025-11-26 04:00:39 | INFO     | [POSITIONS] 当前持有仓位: {'HYPE/USDT:USDT': {'side': 'long', 'quantity': 0.5, 'open_price': 32.58, 'position_side': 'LONG', 'take_profit_order_id': '3995686929', 'take_profit_price': 39.096, 'stop_loss_order_id': '3995686992', 'stop_loss_price': 26.064}, 'ICNT/USDT:USDT': {'side': 'short', 'quantity': 70.5, 'open_price': 0.2338, 'position_side': 'SHORT', 'take_profit_order_id': '553615197', 'take_profit_price': 0.187, 'stop_loss_order_id': '553615201', 'stop_loss_price': 0.2806}, 'SENT/USDT:USDT': {'side': 'short', 'quantity': 363.0, 'open_price': 0.04542, 'position_side': 'SHORT', 'take_profit_order_id': '43912321', 'take_profit_price': 0.03634, 'stop_loss_order_id': '43912322', 'stop_loss_price': 0.0545}}
2025-11-26 04:00:39 | INFO     | [LIVE CLOSE] 开始平仓指定仓位: 3 个
2025-11-26 04:00:39 | INFO     | [PROTECT] HYPE/USDT:USDT 已取消止盈单 3995686929
2025-11-26 04:00:39 | INFO     | [PROTECT] HYPE/USDT:USDT 已取消止损单 3995686992
2025-11-26 04:00:39 | INFO     | [LIVE CLOSE] 平仓 HYPE/USDT:USDT: sell 0.5 (原long仓位)
2025-11-26 04:00:39 | INFO     | [LIVE PROFIT] HYPE/USDT:USDT 开仓价格: 32.58000000, 当前价格: 33.89200000
2025-11-26 04:00:39 | INFO     | [LIVE PROFIT] HYPE/USDT:USDT 预期收益: 4.03% (约 0.65600000 USDT)
2025-11-26 04:00:39 | INFO     | [LIVE MARKET] 创建市价单 HYPE/USDT:USDT: sell 0.5
2025-11-26 04:00:39 | INFO     | [LIVE SUCCESS] HYPE/USDT:USDT 市价单创建成功 ID:4017495085 成交:0.5
2025-11-26 04:00:39 | INFO     | [LIVE SUCCESS] 平仓订单创建成功 HYPE/USDT:USDT: 4017495085
2025-11-26 04:00:39 | INFO     | [DINGDING] 通知已发送: 🔔 [实盘] 平仓通知
📊 交易对: HYPE/USDT:USDT
📈 方向: 做多
🔢 数量: 0.50000000
💵 开仓价: 32.58000000
💵 平仓价: 33.89200000
💰 收益: 4.03% (0.65600000 USDT)
2025-11-26 04:00:39 | INFO     | [PROTECT] ICNT/USDT:USDT 已取消止盈单 553615197
2025-11-26 04:00:39 | INFO     | [PROTECT] ICNT/USDT:USDT 已取消止损单 553615201
2025-11-26 04:00:39 | INFO     | [LIVE CLOSE] 平仓 ICNT/USDT:USDT: buy 70.5 (原short仓位)
2025-11-26 04:00:39 | INFO     | [LIVE PROFIT] ICNT/USDT:USDT 开仓价格: 0.23380000, 当前价格: 0.23490000
2025-11-26 04:00:39 | INFO     | [LIVE PROFIT] ICNT/USDT:USDT 预期收益: -0.47% (约 -0.07755000 USDT)
2025-11-26 04:00:39 | INFO     | [LIVE MARKET] 创建市价单 ICNT/USDT:USDT: buy 70.5
2025-11-26 04:00:39 | INFO     | [LIVE SUCCESS] ICNT/USDT:USDT 市价单创建成功 ID:558902414 成交:70.0
2025-11-26 04:00:39 | INFO     | [LIVE SUCCESS] 平仓订单创建成功 ICNT/USDT:USDT: 558902414
2025-11-26 04:00:40 | INFO     | [DINGDING] 通知已发送: 🔔 [实盘] 平仓通知
📊 交易对: ICNT/USDT:USDT
📈 方向: 做空
🔢 数量: 70.50000000
💵 开仓价: 0.23380000
💵 平仓价: 0.23490000
📉 收益: -0.47% (-0.07755000 USDT)
2025-11-26 04:00:40 | INFO     | [PROTECT] SENT/USDT:USDT 已取消止盈单 43912321
2025-11-26 04:00:40 | INFO     | [PROTECT] SENT/USDT:USDT 已取消止损单 43912322
2025-11-26 04:00:40 | INFO     | [LIVE CLOSE] 平仓 SENT/USDT:USDT: buy 363.0 (原short仓位)
2025-11-26 04:00:40 | INFO     | [LIVE PROFIT] SENT/USDT:USDT 开仓价格: 0.04542000, 当前价格: 0.04345000
2025-11-26 04:00:40 | INFO     | [LIVE PROFIT] SENT/USDT:USDT 预期收益: 4.34% (约 0.71511000 USDT)
2025-11-26 04:00:40 | INFO     | [LIVE MARKET] 创建市价单 SENT/USDT:USDT: buy 363.0
2025-11-26 04:00:40 | INFO     | [LIVE SUCCESS] SENT/USDT:USDT 市价单创建成功 ID:45159783 成交:363.0
2025-11-26 04:00:40 | INFO     | [LIVE SUCCESS] 平仓订单创建成功 SENT/USDT:USDT: 45159783
2025-11-26 04:00:40 | INFO     | [DINGDING] 通知已发送: 🔔 [实盘] 平仓通知
📊 交易对: SENT/USDT:USDT
📈 方向: 做空
🔢 数量: 363.00000000
💵 开仓价: 0.04542000
💵 平仓价: 0.04345000
💰 收益: 4.34% (0.71511000 USDT)
2025-11-26 04:00:41 | INFO     | [LIVE WAIT] 等待 3 个平仓订单执行...
2025-11-26 04:00:43 | INFO     | [LIVE OK] 平仓操作完成，成功: 3/3
2025-11-26 04:00:43 | INFO     | [INFO] Cycle 11/16 仓位字典已清空
2025-11-26 04:00:43 | INFO     | [STEP 2] 跳过验证步骤...
2025-11-26 04:00:43 | INFO     | [STEP 3] 提取OHLC数据并计算因子...
2025-11-26 04:00:43 | INFO     | [OK] 获取活跃交易对完成，耗时: 0.001秒
2025-11-26 04:01:56 | INFO     | [FACTORS] 计算得到 534 个有效因子
2025-11-26 04:01:56 | INFO     | [STEP 4] 根据因子值选择交易标的...
2025-11-26 04:01:56 | INFO     | [FILTER] 忽略 1 个交易对: ['BTC/USDT:USDT']
2025-11-26 04:01:56 | INFO     | [FILTER] BROCCOLIF3B/USDT:USDT 已在其它周期出现 4 次，达到上限 4，跳过
2025-11-26 04:01:56 | INFO     | [FILTER] RVV/USDT:USDT 已在其它周期出现 4 次，达到上限 4，跳过
2025-11-26 04:01:56 | INFO     | [STATS] 因子统计:
2025-11-26 04:01:56 | INFO     |    总计: 533 个标的
2025-11-26 04:01:56 | INFO     |    因子值范围: -0.068830 ~ 0.257206
2025-11-26 04:01:56 | INFO     |    选择做多: 2 个
2025-11-26 04:01:56 | INFO     |    选择做空: 2 个
2025-11-26 04:01:56 | INFO     | [TOP 20] 因子值排名前20的交易对:
2025-11-26 04:01:56 | INFO     |    第1名: BROCCOLIF3B/USDT:USDT: 0.257206
2025-11-26 04:01:56 | INFO     |    第2名: BEAT/USDT:USDT: 0.221271
2025-11-26 04:01:56 | INFO     |    第3名: BCH/USDT:USDT: 0.210616
2025-11-26 04:01:56 | INFO     |    第4名: MYX/USDT:USDT: 0.178901
2025-11-26 04:01:56 | INFO     |    第5名: YALA/USDT:USDT: 0.173615
2025-11-26 04:01:56 | INFO     |    第6名: BANANAS31/USDT:USDT: 0.172575
2025-11-26 04:01:56 | INFO     |    第7名: COMMON/USDT:USDT: 0.169158
2025-11-26 04:01:56 | INFO     |    第8名: BAT/USDT:USDT: 0.165314
2025-11-26 04:01:56 | INFO     |    第9名: NMR/USDT:USDT: 0.163965
2025-11-26 04:01:56 | INFO     |    第10名: NTRN/USDT:USDT: 0.163932
2025-11-26 04:01:56 | INFO     |    第11名: RECALL/USDT:USDT: 0.162008
2025-11-26 04:01:56 | INFO     |    第12名: SYRUP/USDT:USDT: 0.158616
2025-11-26 04:01:56 | INFO     |    第13名: ZEN/USDT:USDT: 0.153189
2025-11-26 04:01:56 | INFO     |    第14名: FIS/USDT:USDT: 0.151981
2025-11-26 04:01:56 | INFO     |    第15名: SKY/USDT:USDT: 0.138308
2025-11-26 04:01:56 | INFO     |    第16名: DEGO/USDT:USDT: 0.137403
2025-11-26 04:01:56 | INFO     |    第17名: IDOL/USDT:USDT: 0.135484
2025-11-26 04:01:56 | INFO     |    第18名: TST/USDT:USDT: 0.130799
2025-11-26 04:01:56 | INFO     |    第19名: HYPE/USDT:USDT: 0.130789
2025-11-26 04:01:56 | INFO     |    第20名: DASH/USDT:USDT: 0.130686
2025-11-26 04:01:56 | INFO     | [BOTTOM 20] 因子值排名后20的交易对:
2025-11-26 04:01:56 | INFO     |    第514名: AVAX/USDT:USDT: -0.019169
2025-11-26 04:01:56 | INFO     |    第515名: ACH/USDT:USDT: -0.019229
2025-11-26 04:01:56 | INFO     |    第516名: SNX/USDT:USDT: -0.019600
2025-11-26 04:01:56 | INFO     |    第517名: NIL/USDT:USDT: -0.021165
2025-11-26 04:01:56 | INFO     |    第518名: TIA/USDT:USDT: -0.021915
2025-11-26 04:01:56 | INFO     |    第519名: DAM/USDT:USDT: -0.023350
2025-11-26 04:01:56 | INFO     |    第520名: F/USDT:USDT: -0.023493
2025-11-26 04:01:56 | INFO     |    第521名: COS/USDT:USDT: -0.024167
2025-11-26 04:01:56 | INFO     |    第522名: POPCAT/USDT:USDT: -0.025932
2025-11-26 04:01:56 | INFO     |    第523名: CELO/USDT:USDT: -0.027414
2025-11-26 04:01:56 | INFO     |    第524名: MIRA/USDT:USDT: -0.028211
2025-11-26 04:01:56 | INFO     |    第525名: TRADOOR/USDT:USDT: -0.029335
2025-11-26 04:01:56 | INFO     |    第526名: 1000FLOKI/USDT:USDT: -0.035379
2025-11-26 04:01:56 | INFO     |    第527名: KAITO/USDT:USDT: -0.037767
2025-11-26 04:01:56 | INFO     |    第528名: MBOX/USDT:USDT: -0.038929
2025-11-26 04:01:56 | INFO     |    第529名: SPK/USDT:USDT: -0.041753
2025-11-26 04:01:56 | INFO     |    第530名: FXS/USDT:USDT: -0.042974
2025-11-26 04:01:56 | INFO     |    第531名: API3/USDT:USDT: -0.048590
2025-11-26 04:01:56 | INFO     |    第532名: NAORIS/USDT:USDT: -0.052540
2025-11-26 04:01:56 | INFO     |    第533名: RVV/USDT:USDT: -0.068830
2025-11-26 04:01:56 | INFO     | [LONG SYMBOLS] 做多标的详情:
2025-11-26 04:01:56 | INFO     |    BEAT/USDT:USDT: 0.221271
2025-11-26 04:01:56 | INFO     |    BCH/USDT:USDT: 0.210616
2025-11-26 04:01:56 | INFO     | [SHORT SYMBOLS] 做空标的详情:
2025-11-26 04:01:56 | INFO     |    NAORIS/USDT:USDT: -0.052540
2025-11-26 04:01:56 | INFO     |    API3/USDT:USDT: -0.048590
2025-11-26 04:01:56 | INFO     | [SELECTION] 选择交易标的:
2025-11-26 04:01:56 | INFO     |    做多: ['BEAT/USDT:USDT', 'BCH/USDT:USDT']
2025-11-26 04:01:56 | INFO     |    做空: ['NAORIS/USDT:USDT', 'API3/USDT:USDT']
2025-11-26 04:01:57 | INFO     | [DINGDING] 通知已发送: Cycle 11/16 交易标的选择完成:
做多 (2个):
  BEAT/USDT:USDT: 0.221271
  BCH/USDT:USDT: 0.210616
做空 (2个):
  NAORIS/USDT:USDT: -0.052540
  API3/USDT:USDT: -0.048590

因子统计:
  总计: 534 个标的
  范围: -0.068830 ~ 0.257206
2025-11-26 04:01:57 | INFO     | [STEP 5] 获取当前合约保证金...
2025-11-26 04:01:57 | INFO     | [BALANCE] 当前保证金余额: 17.42 USDT
2025-11-26 04:01:57 | INFO     | [DINGDING] 通知已发送:  账户余额报告
 时间: 2025-11-26 04:01:57
 USDT余额: 17.42
2025-11-26 04:01:57 | INFO     | [BALANCE] 余额通知已发送: 17.42 USDT
2025-11-26 04:01:57 | INFO     | [BALANCE] Cycle 11/16 使用当前可用余额 17.42 USDT 执行开仓
2025-11-26 04:01:57 | INFO     | [STEP 6] 执行开仓交易...
2025-11-26 04:01:57 | INFO     | [BALANCE] 总余额: 17.42 USDT
2025-11-26 04:01:57 | INFO     | [INFO] 总仓位数: 4
2025-11-26 04:01:57 | INFO     | [VALUE] 单仓价值: 12.80 USDT
2025-11-26 04:01:57 | INFO     | [MARGIN] 设置保证金模式为 ISOLATED...
2025-11-26 04:01:57 | INFO     | [MARGIN] BEAT/USDT:USDT 已经是 ISOLATED 模式
2025-11-26 04:01:57 | INFO     | [MARGIN] BCH/USDT:USDT 已经是 ISOLATED 模式
2025-11-26 04:01:57 | INFO     | [MARGIN] NAORIS/USDT:USDT 已经是 ISOLATED 模式
2025-11-26 04:01:57 | INFO     | [MARGIN] API3/USDT:USDT 已经是 ISOLATED 模式
2025-11-26 04:01:57 | INFO     | [MARGIN] 保证金模式设置完成: 4/4 成功
2025-11-26 04:01:57 | INFO     | [LEVERAGE] 设置杠杆为 3x...
2025-11-26 04:01:57 | INFO     | [LIVE LONG] 开多头仓位: 2 个
2025-11-26 04:01:57 | INFO     | [LIVE BUY] 做多 BEAT/USDT:USDT: 15.4 @ 0.82662
2025-11-26 04:01:57 | INFO     | [LIVE MARKET] 创建市价单 BEAT/USDT:USDT: buy 15.4
2025-11-26 04:01:57 | INFO     | [LIVE SUCCESS] BEAT/USDT:USDT 市价单创建成功 ID:443580068 成交:15.0
2025-11-26 04:01:57 | INFO     | [PROTECT] BEAT/USDT:USDT 止盈单创建成功 ID:443580075 触发价:0.99194
2025-11-26 04:01:57 | INFO     | [PROTECT] BEAT/USDT:USDT 止损单创建成功 ID:443580082 触发价:0.6613
2025-11-26 04:01:58 | INFO     | [LIVE BUY] 做多 BCH/USDT:USDT: 0.024 @ 527.58
2025-11-26 04:01:58 | INFO     | [LIVE MARKET] 创建市价单 BCH/USDT:USDT: buy 0.024
2025-11-26 04:01:58 | ERROR    | [LIVE ERROR] BCH/USDT:USDT 订单金额太小 (-4164): 请增加订单金额
2025-11-26 04:01:58 | ERROR    | [LIVE ERROR] BCH/USDT:USDT 市价单创建异常: binance {"code":-4164,"msg":"Order's notional must be no smaller than 20 (unless you choose reduce only)."}
2025-11-26 04:01:58 | INFO     | [DINGDING] 通知已发送: [LIVE] 多头订单失败！BCH/USDT:USDT 数量: 0.024 @ 527.58
2025-11-26 04:01:58 | INFO     | [LIVE OK] 多头开仓: 1/2 成功
2025-11-26 04:01:58 | INFO     | [LIVE SHORT] 开空头仓位: 2 个
2025-11-26 04:01:58 | INFO     | [LIVE SELL] 做空 NAORIS/USDT:USDT: 415.4 @ 0.03082
2025-11-26 04:01:58 | INFO     | [LIVE MARKET] 创建市价单 NAORIS/USDT:USDT: sell 415.4
2025-11-26 04:01:58 | INFO     | [LIVE SUCCESS] NAORIS/USDT:USDT 市价单创建成功 ID:504823115 成交:415.0
2025-11-26 04:01:58 | INFO     | [PROTECT] NAORIS/USDT:USDT 止盈单创建成功 ID:504823118 触发价:0.02466
2025-11-26 04:01:58 | INFO     | [PROTECT] NAORIS/USDT:USDT 止损单创建成功 ID:504823122 触发价:0.03698
2025-11-26 04:01:58 | INFO     | [LIVE SELL] 做空 API3/USDT:USDT: 23.7 @ 0.541
2025-11-26 04:01:58 | INFO     | [LIVE MARKET] 创建市价单 API3/USDT:USDT: sell 23.7
2025-11-26 04:01:58 | INFO     | [LIVE SUCCESS] API3/USDT:USDT 市价单创建成功 ID:6349700875 成交:23.7
2025-11-26 04:01:58 | INFO     | [PROTECT] API3/USDT:USDT 止盈单创建成功 ID:6349700879 触发价:0.4328
2025-11-26 04:01:58 | INFO     | [PROTECT] API3/USDT:USDT 止损单创建成功 ID:6349700880 触发价:0.6492
2025-11-26 04:01:59 | INFO     | [LIVE OK] 空头开仓: 2/2 成功
2025-11-26 04:01:59 | INFO     | [POSITIONS] 新仓位已添加到字典: {'BEAT/USDT:USDT': {'side': 'long', 'quantity': 15.4, 'open_price': 0.82662, 'position_side': 'LONG', 'take_profit_order_id': '443580075', 'take_profit_price': 0.99194, 'stop_loss_order_id': '443580082', 'stop_loss_price': 0.6613}, 'NAORIS/USDT:USDT': {'side': 'short', 'quantity': 415.4, 'open_price': 0.03082, 'position_side': 'SHORT', 'take_profit_order_id': '504823118', 'take_profit_price': 0.02466, 'stop_loss_order_id': '504823122', 'stop_loss_price': 0.03698}, 'API3/USDT:USDT': {'side': 'short', 'quantity': 23.7, 'open_price': 0.541, 'position_side': 'SHORT', 'take_profit_order_id': '6349700879', 'take_profit_price': 0.4328, 'stop_loss_order_id': '6349700880', 'stop_loss_price': 0.6492}}
2025-11-26 04:01:59 | INFO     | [POSITIONS] 当前仓位字典: {'BEAT/USDT:USDT': {'side': 'long', 'quantity': 15.4, 'open_price': 0.82662, 'position_side': 'LONG', 'take_profit_order_id': '443580075', 'take_profit_price': 0.99194, 'stop_loss_order_id': '443580082', 'stop_loss_price': 0.6613}, 'NAORIS/USDT:USDT': {'side': 'short', 'quantity': 415.4, 'open_price': 0.03082, 'position_side': 'SHORT', 'take_profit_order_id': '504823118', 'take_profit_price': 0.02466, 'stop_loss_order_id': '504823122', 'stop_loss_price': 0.03698}, 'API3/USDT:USDT': {'side': 'short', 'quantity': 23.7, 'open_price': 0.541, 'position_side': 'SHORT', 'take_profit_order_id': '6349700879', 'take_profit_price': 0.4328, 'stop_loss_order_id': '6349700880', 'stop_loss_price': 0.6492}}
2025-11-26 04:01:59 | INFO     | [STEP 7] 开仓交易完成
2025-11-26 04:01:59 | INFO     | [INFO] 跳过详细仓位验证，交易周期完成
2025-11-26 04:01:59 | INFO     | [STEP 8] 记录当前交易对价格和因子信息...
2025-11-26 04:01:59 | INFO     | [API] 成功获取 534 个交易对价格
2025-11-26 04:01:59 | INFO     | [RECORD] 记录了 534 个交易对的价格和因子信息
2025-11-26 04:01:59 | INFO     | [OK] 交易周期执行成功
2025-11-26 04:01:59 | INFO     | [TIME] 周期耗时: 99.4秒
2025-11-26 04:01:59 | INFO     | [16H] Cycle 12/16 下次执行时间: 2025-11-26 05:00:00
2025-11-26 04:01:59 | INFO     | [WAIT] 等待 3481 秒 (1.0 小时)
2025-11-26 04:13:19 | INFO     | [WAIT] Cycle 12/16 剩余等待时间: 46.7 分钟
2025-11-26 04:24:38 | INFO     | [WAIT] Cycle 12/16 剩余等待时间: 35.4 分钟
2025-11-26 04:35:57 | INFO     | [WAIT] Cycle 12/16 剩余等待时间: 24.0 分钟
2025-11-26 04:47:17 | INFO     | [WAIT] Cycle 12/16 剩余等待时间: 12.7 分钟
2025-11-26 04:58:38 | INFO     | [WAIT] Cycle 12/16 剩余等待时间: 1.4 分钟
2025-11-26 04:59:47 | INFO     | [WAIT] Cycle 12/16 最后等待: 13 秒
2025-11-26 05:00:19 | INFO     | 
==================================================
2025-11-26 05:00:19 | INFO     | [CYCLE] 第 45 轮交易周期 (Cycle 12/16)
2025-11-26 05:00:19 | INFO     | [TIME] 开始时间: 2025-11-26 05:00:19
2025-11-26 05:00:19 | INFO     | ==================================================
2025-11-26 05:00:38 | INFO     | [STEP 1] Cycle 12/16 平仓字典中存储的仓位...
2025-11-26 05:00:38 | INFO     | [POSITIONS] 当前持有仓位: {'HOOK/USDT:USDT': {'side': 'long', 'quantity': 652.0, 'open_price': 0.04727, 'position_side': 'LONG', 'take_profit_order_id': '3534985315', 'take_profit_price': 0.05672, 'stop_loss_order_id': '3534985325', 'stop_loss_price': 0.03782}, 'PIPPIN/USDT:USDT': {'side': 'long', 'quantity': 435.2, 'open_price': 0.07082, 'position_side': 'LONG', 'take_profit_order_id': '1075270432', 'take_profit_price': 0.08498, 'stop_loss_order_id': '1075270502', 'stop_loss_price': 0.05666}, 'FORM/USDT:USDT': {'side': 'short', 'quantity': 77.8, 'open_price': 0.3963, 'position_side': 'SHORT', 'take_profit_order_id': '1336966069', 'take_profit_price': 0.317, 'stop_loss_order_id': '1336966073', 'stop_loss_price': 0.4756}, 'GLM/USDT:USDT': {'side': 'short', 'quantity': 134.0, 'open_price': 0.22995, 'position_side': 'SHORT', 'take_profit_order_id': '2920834631', 'take_profit_price': 0.18396, 'stop_loss_order_id': '2920834699', 'stop_loss_price': 0.27594}}
2025-11-26 05:00:38 | INFO     | [LIVE CLOSE] 开始平仓指定仓位: 4 个
2025-11-26 05:00:38 | INFO     | [PROTECT] HOOK/USDT:USDT 已取消止盈单 3534985315
2025-11-26 05:00:38 | INFO     | [PROTECT] HOOK/USDT:USDT 已取消止损单 3534985325
2025-11-26 05:00:38 | INFO     | [LIVE CLOSE] 平仓 HOOK/USDT:USDT: sell 652.0 (原long仓位)
2025-11-26 05:00:38 | INFO     | [LIVE PROFIT] HOOK/USDT:USDT 开仓价格: 0.04727000, 当前价格: 0.04732000
2025-11-26 05:00:38 | INFO     | [LIVE PROFIT] HOOK/USDT:USDT 预期收益: 0.11% (约 0.03260000 USDT)
2025-11-26 05:00:38 | INFO     | [LIVE MARKET] 创建市价单 HOOK/USDT:USDT: sell 652.0
2025-11-26 05:00:38 | INFO     | [LIVE SUCCESS] HOOK/USDT:USDT 市价单创建成功 ID:3535562496 成交:652.0
2025-11-26 05:00:38 | INFO     | [LIVE SUCCESS] 平仓订单创建成功 HOOK/USDT:USDT: 3535562496
2025-11-26 05:00:40 | INFO     | [DINGDING] 通知已发送: 🔔 [实盘] 平仓通知
📊 交易对: HOOK/USDT:USDT
📈 方向: 做多
🔢 数量: 652.00000000
💵 开仓价: 0.04727000
💵 平仓价: 0.04732000
💰 收益: 0.11% (0.03260000 USDT)
2025-11-26 05:00:40 | INFO     | [PROTECT] PIPPIN/USDT:USDT 已取消止盈单 1075270432
2025-11-26 05:00:40 | INFO     | [PROTECT] PIPPIN/USDT:USDT 已取消止损单 1075270502
2025-11-26 05:00:40 | INFO     | [LIVE CLOSE] 平仓 PIPPIN/USDT:USDT: sell 435.2 (原long仓位)
2025-11-26 05:00:40 | INFO     | [LIVE PROFIT] PIPPIN/USDT:USDT 开仓价格: 0.07082000, 当前价格: 0.06250000
2025-11-26 05:00:40 | INFO     | [LIVE PROFIT] PIPPIN/USDT:USDT 预期收益: -11.75% (约 -3.62086400 USDT)
2025-11-26 05:00:40 | INFO     | [LIVE MARKET] 创建市价单 PIPPIN/USDT:USDT: sell 435.2
2025-11-26 05:00:40 | INFO     | [LIVE SUCCESS] PIPPIN/USDT:USDT 市价单创建成功 ID:1097706600 成交:435.0
2025-11-26 05:00:40 | INFO     | [LIVE SUCCESS] 平仓订单创建成功 PIPPIN/USDT:USDT: 1097706600
2025-11-26 05:00:40 | INFO     | [DINGDING] 通知已发送: 🔔 [实盘] 平仓通知
📊 交易对: PIPPIN/USDT:USDT
📈 方向: 做多
🔢 数量: 435.20000000
💵 开仓价: 0.07082000
💵 平仓价: 0.06250000
📉 收益: -11.75% (-3.62086400 USDT)
2025-11-26 05:00:40 | INFO     | [PROTECT] FORM/USDT:USDT 已取消止盈单 1336966069
2025-11-26 05:00:40 | INFO     | [PROTECT] FORM/USDT:USDT 已取消止损单 1336966073
2025-11-26 05:00:40 | INFO     | [LIVE CLOSE] 平仓 FORM/USDT:USDT: buy 77.8 (原short仓位)
2025-11-26 05:00:40 | INFO     | [LIVE PROFIT] FORM/USDT:USDT 开仓价格: 0.39630000, 当前价格: 0.39530000
2025-11-26 05:00:40 | INFO     | [LIVE PROFIT] FORM/USDT:USDT 预期收益: 0.25% (约 0.07780000 USDT)
2025-11-26 05:00:40 | INFO     | [LIVE MARKET] 创建市价单 FORM/USDT:USDT: buy 77.8
2025-11-26 05:00:40 | INFO     | [LIVE SUCCESS] FORM/USDT:USDT 市价单创建成功 ID:1338313146 成交:77.8
2025-11-26 05:00:40 | INFO     | [LIVE SUCCESS] 平仓订单创建成功 FORM/USDT:USDT: 1338313146
2025-11-26 05:00:41 | INFO     | [DINGDING] 通知已发送: 🔔 [实盘] 平仓通知
📊 交易对: FORM/USDT:USDT
📈 方向: 做空
🔢 数量: 77.80000000
💵 开仓价: 0.39630000
💵 平仓价: 0.39530000
💰 收益: 0.25% (0.07780000 USDT)
2025-11-26 05:00:41 | INFO     | [PROTECT] GLM/USDT:USDT 已取消止盈单 2920834631
2025-11-26 05:00:41 | INFO     | [PROTECT] GLM/USDT:USDT 已取消止损单 2920834699
2025-11-26 05:00:41 | INFO     | [LIVE CLOSE] 平仓 GLM/USDT:USDT: buy 134.0 (原short仓位)
2025-11-26 05:00:41 | INFO     | [LIVE PROFIT] GLM/USDT:USDT 开仓价格: 0.22995000, 当前价格: 0.21537000
2025-11-26 05:00:41 | INFO     | [LIVE PROFIT] GLM/USDT:USDT 预期收益: 6.34% (约 1.95372000 USDT)
2025-11-26 05:00:41 | INFO     | [LIVE MARKET] 创建市价单 GLM/USDT:USDT: buy 134.0
2025-11-26 05:00:41 | INFO     | [LIVE SUCCESS] GLM/USDT:USDT 市价单创建成功 ID:2924807948 成交:134.0
2025-11-26 05:00:41 | INFO     | [LIVE SUCCESS] 平仓订单创建成功 GLM/USDT:USDT: 2924807948
2025-11-26 05:00:41 | INFO     | [DINGDING] 通知已发送: 🔔 [实盘] 平仓通知
📊 交易对: GLM/USDT:USDT
📈 方向: 做空
🔢 数量: 134.00000000
💵 开仓价: 0.22995000
💵 平仓价: 0.21537000
💰 收益: 6.34% (1.95372000 USDT)
2025-11-26 05:00:42 | INFO     | [LIVE WAIT] 等待 4 个平仓订单执行...
2025-11-26 05:00:44 | INFO     | [LIVE OK] 平仓操作完成，成功: 4/4
2025-11-26 05:00:44 | INFO     | [INFO] Cycle 12/16 仓位字典已清空
2025-11-26 05:00:44 | INFO     | [STEP 2] 跳过验证步骤...
2025-11-26 05:00:44 | INFO     | [STEP 3] 提取OHLC数据并计算因子...
2025-11-26 05:00:44 | INFO     | [OK] 获取活跃交易对完成，耗时: 0.001秒
2025-11-26 05:01:58 | INFO     | [FACTORS] 计算得到 534 个有效因子
2025-11-26 05:01:58 | INFO     | [STEP 4] 根据因子值选择交易标的...
2025-11-26 05:01:58 | INFO     | [FILTER] 忽略 1 个交易对: ['BTC/USDT:USDT']
2025-11-26 05:01:58 | INFO     | [FILTER] BROCCOLIF3B/USDT:USDT 已在其它周期出现 4 次，达到上限 4，跳过
2025-11-26 05:01:58 | INFO     | [FILTER] RVV/USDT:USDT 已在其它周期出现 4 次，达到上限 4，跳过
2025-11-26 05:01:58 | INFO     | [FILTER] SPK/USDT:USDT 已在其它周期出现 4 次，达到上限 4，跳过
2025-11-26 05:01:58 | INFO     | [STATS] 因子统计:
2025-11-26 05:01:58 | INFO     |    总计: 533 个标的
2025-11-26 05:01:58 | INFO     |    因子值范围: -0.111496 ~ 0.205798
2025-11-26 05:01:58 | INFO     |    选择做多: 2 个
2025-11-26 05:01:58 | INFO     |    选择做空: 2 个
2025-11-26 05:01:58 | INFO     | [TOP 20] 因子值排名前20的交易对:
2025-11-26 05:01:58 | INFO     |    第1名: BROCCOLIF3B/USDT:USDT: 0.205798
2025-11-26 05:01:58 | INFO     |    第2名: DEGO/USDT:USDT: 0.198976
2025-11-26 05:01:58 | INFO     |    第3名: YALA/USDT:USDT: 0.196808
2025-11-26 05:01:58 | INFO     |    第4名: MEME/USDT:USDT: 0.193001
2025-11-26 05:01:58 | INFO     |    第5名: ZEN/USDT:USDT: 0.191394
2025-11-26 05:01:58 | INFO     |    第6名: BEAT/USDT:USDT: 0.183721
2025-11-26 05:01:58 | INFO     |    第7名: AEVO/USDT:USDT: 0.177501
2025-11-26 05:01:58 | INFO     |    第8名: SKY/USDT:USDT: 0.175508
2025-11-26 05:01:58 | INFO     |    第9名: UNI/USDT:USDT: 0.172690
2025-11-26 05:01:58 | INFO     |    第10名: FIS/USDT:USDT: 0.172411
2025-11-26 05:01:58 | INFO     |    第11名: MYX/USDT:USDT: 0.170588
2025-11-26 05:01:58 | INFO     |    第12名: BCH/USDT:USDT: 0.161148
2025-11-26 05:01:58 | INFO     |    第13名: SYRUP/USDT:USDT: 0.157752
2025-11-26 05:01:58 | INFO     |    第14名: GRT/USDT:USDT: 0.156886
2025-11-26 05:01:58 | INFO     |    第15名: NTRN/USDT:USDT: 0.151398
2025-11-26 05:01:58 | INFO     |    第16名: BAS/USDT:USDT: 0.149357
2025-11-26 05:01:58 | INFO     |    第17名: COMMON/USDT:USDT: 0.144663
2025-11-26 05:01:58 | INFO     |    第18名: PIPPIN/USDT:USDT: 0.141070
2025-11-26 05:01:58 | INFO     |    第19名: RIVER/USDT:USDT: 0.140128
2025-11-26 05:01:58 | INFO     |    第20名: IOTX/USDT:USDT: 0.139756
2025-11-26 05:01:58 | INFO     | [BOTTOM 20] 因子值排名后20的交易对:
2025-11-26 05:01:58 | INFO     |    第514名: CUDIS/USDT:USDT: -0.017902
2025-11-26 05:01:58 | INFO     |    第515名: SOLV/USDT:USDT: -0.018382
2025-11-26 05:01:58 | INFO     |    第516名: GRIFFAIN/USDT:USDT: -0.018447
2025-11-26 05:01:58 | INFO     |    第517名: TLM/USDT:USDT: -0.018817
2025-11-26 05:01:58 | INFO     |    第518名: DEXE/USDT:USDT: -0.019978
2025-11-26 05:01:58 | INFO     |    第519名: RDNT/USDT:USDT: -0.020393
2025-11-26 05:01:58 | INFO     |    第520名: MET/USDT:USDT: -0.021155
2025-11-26 05:01:58 | INFO     |    第521名: 币安人生/USDT:USDT: -0.021380
2025-11-26 05:01:58 | INFO     |    第522名: SKATE/USDT:USDT: -0.022665
2025-11-26 05:01:58 | INFO     |    第523名: GLM/USDT:USDT: -0.024162
2025-11-26 05:01:58 | INFO     |    第524名: NAORIS/USDT:USDT: -0.026261
2025-11-26 05:01:58 | INFO     |    第525名: VANRY/USDT:USDT: -0.026828
2025-11-26 05:01:58 | INFO     |    第526名: Q/USDT:USDT: -0.028996
2025-11-26 05:01:58 | INFO     |    第527名: F/USDT:USDT: -0.030915
2025-11-26 05:01:58 | INFO     |    第528名: API3/USDT:USDT: -0.031774
2025-11-26 05:01:58 | INFO     |    第529名: HOME/USDT:USDT: -0.035034
2025-11-26 05:01:58 | INFO     |    第530名: KAITO/USDT:USDT: -0.036950
2025-11-26 05:01:58 | INFO     |    第531名: FARTCOIN/USDT:USDT: -0.038798
2025-11-26 05:01:58 | INFO     |    第532名: SPK/USDT:USDT: -0.046493
2025-11-26 05:01:58 | INFO     |    第533名: RVV/USDT:USDT: -0.111496
2025-11-26 05:01:58 | INFO     | [LONG SYMBOLS] 做多标的详情:
2025-11-26 05:01:58 | INFO     |    DEGO/USDT:USDT: 0.198976
2025-11-26 05:01:58 | INFO     |    YALA/USDT:USDT: 0.196808
2025-11-26 05:01:58 | INFO     | [SHORT SYMBOLS] 做空标的详情:
2025-11-26 05:01:58 | INFO     |    FARTCOIN/USDT:USDT: -0.038798
2025-11-26 05:01:58 | INFO     |    KAITO/USDT:USDT: -0.036950
2025-11-26 05:01:58 | INFO     | [SELECTION] 选择交易标的:
2025-11-26 05:01:58 | INFO     |    做多: ['DEGO/USDT:USDT', 'YALA/USDT:USDT']
2025-11-26 05:01:58 | INFO     |    做空: ['FARTCOIN/USDT:USDT', 'KAITO/USDT:USDT']
2025-11-26 05:01:58 | INFO     | [DINGDING] 通知已发送: Cycle 12/16 交易标的选择完成:
做多 (2个):
  DEGO/USDT:USDT: 0.198976
  YALA/USDT:USDT: 0.196808
做空 (2个):
  FARTCOIN/USDT:USDT: -0.038798
  KAITO/USDT:USDT: -0.036950

因子统计:
  总计: 534 个标的
  范围: -0.111496 ~ 0.205798
2025-11-26 05:01:58 | INFO     | [STEP 5] 获取当前合约保证金...
2025-11-26 05:01:58 | INFO     | [BALANCE] 当前保证金余额: 43.56 USDT
2025-11-26 05:01:59 | INFO     | [DINGDING] 通知已发送:  账户余额报告
 时间: 2025-11-26 05:01:58
 USDT余额: 43.56
2025-11-26 05:01:59 | INFO     | [BALANCE] 余额通知已发送: 43.56 USDT
2025-11-26 05:01:59 | INFO     | [BALANCE] Cycle 12/16 使用当前可用余额 43.56 USDT 执行开仓
2025-11-26 05:01:59 | INFO     | [STEP 6] 执行开仓交易...
2025-11-26 05:01:59 | INFO     | [BALANCE] 总余额: 43.56 USDT
2025-11-26 05:01:59 | INFO     | [INFO] 总仓位数: 4
2025-11-26 05:01:59 | INFO     | [VALUE] 单仓价值: 32.02 USDT
2025-11-26 05:01:59 | INFO     | [MARGIN] 设置保证金模式为 ISOLATED...
2025-11-26 05:01:59 | INFO     | [MARGIN] DEGO/USDT:USDT 已经是 ISOLATED 模式
2025-11-26 05:01:59 | INFO     | [MARGIN] YALA/USDT:USDT 已经是 ISOLATED 模式
2025-11-26 05:01:59 | INFO     | [MARGIN] FARTCOIN/USDT:USDT 已经是 ISOLATED 模式
2025-11-26 05:01:59 | INFO     | [MARGIN] KAITO/USDT:USDT (KAITOUSDT) 保证金模式设置为 ISOLATED ✓
2025-11-26 05:01:59 | INFO     | [MARGIN] 保证金模式设置完成: 4/4 成功
2025-11-26 05:01:59 | INFO     | [LEVERAGE] 设置杠杆为 3x...
2025-11-26 05:01:59 | INFO     | [LIVE LONG] 开多头仓位: 2 个
2025-11-26 05:01:59 | INFO     | [LIVE BUY] 做多 DEGO/USDT:USDT: 53.2 @ 0.6013
2025-11-26 05:01:59 | INFO     | [LIVE MARKET] 创建市价单 DEGO/USDT:USDT: buy 53.2
2025-11-26 05:01:59 | INFO     | [LIVE SUCCESS] DEGO/USDT:USDT 市价单创建成功 ID:1017614429 成交:53.2
2025-11-26 05:01:59 | INFO     | [PROTECT] DEGO/USDT:USDT 止盈单创建成功 ID:1017614436 触发价:0.7216
2025-11-26 05:01:59 | INFO     | [PROTECT] DEGO/USDT:USDT 止损单创建成功 ID:1017614438 触发价:0.481
2025-11-26 05:01:59 | INFO     | [LIVE BUY] 做多 YALA/USDT:USDT: 903.7 @ 0.03543
2025-11-26 05:01:59 | INFO     | [LIVE MARKET] 创建市价单 YALA/USDT:USDT: buy 903.7
2025-11-26 05:01:59 | INFO     | [LIVE SUCCESS] YALA/USDT:USDT 市价单创建成功 ID:233743553 成交:903.0
2025-11-26 05:01:59 | INFO     | [PROTECT] YALA/USDT:USDT 止盈单创建成功 ID:233743555 触发价:0.04252
2025-11-26 05:01:59 | INFO     | [PROTECT] YALA/USDT:USDT 止损单创建成功 ID:233743556 触发价:0.02834
2025-11-26 05:01:59 | INFO     | [LIVE OK] 多头开仓: 2/2 成功
2025-11-26 05:01:59 | INFO     | [LIVE SHORT] 开空头仓位: 2 个
2025-11-26 05:01:59 | INFO     | [LIVE SELL] 做空 FARTCOIN/USDT:USDT: 109.6 @ 0.2922
2025-11-26 05:01:59 | INFO     | [LIVE MARKET] 创建市价单 FARTCOIN/USDT:USDT: sell 109.6
2025-11-26 05:01:59 | INFO     | [LIVE SUCCESS] FARTCOIN/USDT:USDT 市价单创建成功 ID:9577042867 成交:109.6
2025-11-26 05:01:59 | INFO     | [PROTECT] FARTCOIN/USDT:USDT 止盈单创建成功 ID:9577042877 触发价:0.2338
2025-11-26 05:01:59 | INFO     | [PROTECT] FARTCOIN/USDT:USDT 止损单创建成功 ID:9577042908 触发价:0.3506
2025-11-26 05:02:00 | INFO     | [LIVE SELL] 做空 KAITO/USDT:USDT: 44.2 @ 0.7244
2025-11-26 05:02:00 | INFO     | [LIVE MARKET] 创建市价单 KAITO/USDT:USDT: sell 44.2
2025-11-26 05:02:00 | INFO     | [LIVE SUCCESS] KAITO/USDT:USDT 市价单创建成功 ID:3858799012 成交:44.2
2025-11-26 05:02:00 | INFO     | [PROTECT] KAITO/USDT:USDT 止盈单创建成功 ID:3858799017 触发价:0.5795
2025-11-26 05:02:00 | INFO     | [PROTECT] KAITO/USDT:USDT 止损单创建成功 ID:3858799018 触发价:0.8693
2025-11-26 05:02:00 | INFO     | [LIVE OK] 空头开仓: 2/2 成功
2025-11-26 05:02:00 | INFO     | [POSITIONS] 新仓位已添加到字典: {'DEGO/USDT:USDT': {'side': 'long', 'quantity': 53.2, 'open_price': 0.6013, 'position_side': 'LONG', 'take_profit_order_id': '1017614436', 'take_profit_price': 0.7216, 'stop_loss_order_id': '1017614438', 'stop_loss_price': 0.481}, 'YALA/USDT:USDT': {'side': 'long', 'quantity': 903.7, 'open_price': 0.03543, 'position_side': 'LONG', 'take_profit_order_id': '233743555', 'take_profit_price': 0.04252, 'stop_loss_order_id': '233743556', 'stop_loss_price': 0.02834}, 'FARTCOIN/USDT:USDT': {'side': 'short', 'quantity': 109.6, 'open_price': 0.2922, 'position_side': 'SHORT', 'take_profit_order_id': '9577042877', 'take_profit_price': 0.2338, 'stop_loss_order_id': '9577042908', 'stop_loss_price': 0.3506}, 'KAITO/USDT:USDT': {'side': 'short', 'quantity': 44.2, 'open_price': 0.7244, 'position_side': 'SHORT', 'take_profit_order_id': '3858799017', 'take_profit_price': 0.5795, 'stop_loss_order_id': '3858799018', 'stop_loss_price': 0.8693}}
2025-11-26 05:02:00 | INFO     | [POSITIONS] 当前仓位字典: {'DEGO/USDT:USDT': {'side': 'long', 'quantity': 53.2, 'open_price': 0.6013, 'position_side': 'LONG', 'take_profit_order_id': '1017614436', 'take_profit_price': 0.7216, 'stop_loss_order_id': '1017614438', 'stop_loss_price': 0.481}, 'YALA/USDT:USDT': {'side': 'long', 'quantity': 903.7, 'open_price': 0.03543, 'position_side': 'LONG', 'take_profit_order_id': '233743555', 'take_profit_price': 0.04252, 'stop_loss_order_id': '233743556', 'stop_loss_price': 0.02834}, 'FARTCOIN/USDT:USDT': {'side': 'short', 'quantity': 109.6, 'open_price': 0.2922, 'position_side': 'SHORT', 'take_profit_order_id': '9577042877', 'take_profit_price': 0.2338, 'stop_loss_order_id': '9577042908', 'stop_loss_price': 0.3506}, 'KAITO/USDT:USDT': {'side': 'short', 'quantity': 44.2, 'open_price': 0.7244, 'position_side': 'SHORT', 'take_profit_order_id': '3858799017', 'take_profit_price': 0.5795, 'stop_loss_order_id': '3858799018', 'stop_loss_price': 0.8693}}
2025-11-26 05:02:00 | INFO     | [STEP 7] 开仓交易完成
2025-11-26 05:02:00 | INFO     | [INFO] 跳过详细仓位验证，交易周期完成
2025-11-26 05:02:00 | INFO     | [STEP 8] 记录当前交易对价格和因子信息...
2025-11-26 05:02:00 | INFO     | [API] 成功获取 534 个交易对价格
2025-11-26 05:02:00 | INFO     | [RECORD] 记录了 534 个交易对的价格和因子信息
2025-11-26 05:02:00 | INFO     | [OK] 交易周期执行成功
2025-11-26 05:02:00 | INFO     | [TIME] 周期耗时: 101.0秒
2025-11-26 05:02:00 | INFO     | [16H] Cycle 13/16 下次执行时间: 2025-11-26 06:00:00
2025-11-26 05:02:00 | INFO     | [WAIT] 等待 3480 秒 (1.0 小时)
2025-11-26 05:13:20 | INFO     | [WAIT] Cycle 13/16 剩余等待时间: 46.7 分钟
2025-11-26 05:24:40 | INFO     | [WAIT] Cycle 13/16 剩余等待时间: 35.3 分钟
2025-11-26 05:35:59 | INFO     | [WAIT] Cycle 13/16 剩余等待时间: 24.0 分钟
2025-11-26 05:47:19 | INFO     | [WAIT] Cycle 13/16 剩余等待时间: 12.7 分钟
2025-11-26 05:58:38 | INFO     | [WAIT] Cycle 13/16 剩余等待时间: 1.4 分钟
2025-11-26 05:59:46 | INFO     | [WAIT] Cycle 13/16 最后等待: 13 秒
2025-11-26 06:00:19 | INFO     | 
==================================================
2025-11-26 06:00:19 | INFO     | [CYCLE] 第 46 轮交易周期 (Cycle 13/16)
2025-11-26 06:00:19 | INFO     | [TIME] 开始时间: 2025-11-26 06:00:19
2025-11-26 06:00:19 | INFO     | ==================================================
2025-11-26 06:00:38 | INFO     | [STEP 1] Cycle 13/16 平仓字典中存储的仓位...
2025-11-26 06:00:38 | INFO     | [POSITIONS] 当前持有仓位: {'SKYAI/USDT:USDT': {'side': 'long', 'quantity': 792.5, 'open_price': 0.02149, 'position_side': 'LONG', 'take_profit_order_id': '367431406', 'take_profit_price': 0.02579, 'stop_loss_order_id': '367431407', 'stop_loss_price': 0.01719}, 'NXPC/USDT:USDT': {'side': 'long', 'quantity': 38.8, 'open_price': 0.4381, 'position_side': 'LONG', 'take_profit_order_id': '1598065204', 'take_profit_price': 0.5257, 'stop_loss_order_id': '1598065205', 'stop_loss_price': 0.3505}, 'SPK/USDT:USDT': {'side': 'short', 'quantity': 542.0, 'open_price': 0.03142, 'position_side': 'SHORT', 'take_profit_order_id': '1565788808', 'take_profit_price': 0.02514, 'stop_loss_order_id': '1565788809', 'stop_loss_price': 0.0377}, 'NIL/USDT:USDT': {'side': 'short', 'quantity': 174.5, 'open_price': 0.0976, 'position_side': 'SHORT', 'take_profit_order_id': '670061140', 'take_profit_price': 0.0781, 'stop_loss_order_id': '670061143', 'stop_loss_price': 0.1171}}
2025-11-26 06:00:38 | INFO     | [LIVE CLOSE] 开始平仓指定仓位: 4 个
2025-11-26 06:00:38 | INFO     | [PROTECT] SKYAI/USDT:USDT 已取消止盈单 367431406
2025-11-26 06:00:38 | INFO     | [PROTECT] SKYAI/USDT:USDT 已取消止损单 367431407
2025-11-26 06:00:39 | INFO     | [LIVE CLOSE] 平仓 SKYAI/USDT:USDT: sell 792.5 (原long仓位)
2025-11-26 06:00:39 | INFO     | [LIVE PROFIT] SKYAI/USDT:USDT 开仓价格: 0.02149000, 当前价格: 0.02161000
2025-11-26 06:00:39 | INFO     | [LIVE PROFIT] SKYAI/USDT:USDT 预期收益: 0.56% (约 0.09510000 USDT)
2025-11-26 06:00:39 | INFO     | [LIVE MARKET] 创建市价单 SKYAI/USDT:USDT: sell 792.5
2025-11-26 06:00:39 | INFO     | [LIVE SUCCESS] SKYAI/USDT:USDT 市价单创建成功 ID:367680191 成交:792.0
2025-11-26 06:00:39 | INFO     | [LIVE SUCCESS] 平仓订单创建成功 SKYAI/USDT:USDT: 367680191
2025-11-26 06:00:39 | INFO     | [DINGDING] 通知已发送: 🔔 [实盘] 平仓通知
📊 交易对: SKYAI/USDT:USDT
📈 方向: 做多
🔢 数量: 792.50000000
💵 开仓价: 0.02149000
💵 平仓价: 0.02161000
💰 收益: 0.56% (0.09510000 USDT)
2025-11-26 06:00:39 | INFO     | [PROTECT] NXPC/USDT:USDT 已取消止盈单 1598065204
2025-11-26 06:00:39 | INFO     | [PROTECT] NXPC/USDT:USDT 已取消止损单 1598065205
2025-11-26 06:00:39 | INFO     | [LIVE CLOSE] 平仓 NXPC/USDT:USDT: sell 38.8 (原long仓位)
2025-11-26 06:00:39 | INFO     | [LIVE PROFIT] NXPC/USDT:USDT 开仓价格: 0.43810000, 当前价格: 0.43240000
2025-11-26 06:00:39 | INFO     | [LIVE PROFIT] NXPC/USDT:USDT 预期收益: -1.30% (约 -0.22116000 USDT)
2025-11-26 06:00:39 | INFO     | [LIVE MARKET] 创建市价单 NXPC/USDT:USDT: sell 38.8
2025-11-26 06:00:39 | INFO     | [LIVE SUCCESS] NXPC/USDT:USDT 市价单创建成功 ID:1599073395 成交:38.0
2025-11-26 06:00:39 | INFO     | [LIVE SUCCESS] 平仓订单创建成功 NXPC/USDT:USDT: 1599073395
2025-11-26 06:00:40 | INFO     | [DINGDING] 通知已发送: 🔔 [实盘] 平仓通知
📊 交易对: NXPC/USDT:USDT
📈 方向: 做多
🔢 数量: 38.80000000
💵 开仓价: 0.43810000
💵 平仓价: 0.43240000
📉 收益: -1.30% (-0.22116000 USDT)
2025-11-26 06:00:40 | INFO     | [PROTECT] SPK/USDT:USDT 已取消止盈单 1565788808
2025-11-26 06:00:40 | INFO     | [PROTECT] SPK/USDT:USDT 已取消止损单 1565788809
2025-11-26 06:00:40 | INFO     | [LIVE CLOSE] 平仓 SPK/USDT:USDT: buy 542.0 (原short仓位)
2025-11-26 06:00:40 | INFO     | [LIVE PROFIT] SPK/USDT:USDT 开仓价格: 0.03142000, 当前价格: 0.03183000
2025-11-26 06:00:40 | INFO     | [LIVE PROFIT] SPK/USDT:USDT 预期收益: -1.30% (约 -0.22222000 USDT)
2025-11-26 06:00:40 | INFO     | [LIVE MARKET] 创建市价单 SPK/USDT:USDT: buy 542.0
2025-11-26 06:00:40 | INFO     | [LIVE SUCCESS] SPK/USDT:USDT 市价单创建成功 ID:1567045376 成交:542.0
2025-11-26 06:00:40 | INFO     | [LIVE SUCCESS] 平仓订单创建成功 SPK/USDT:USDT: 1567045376
2025-11-26 06:00:40 | INFO     | [DINGDING] 通知已发送: 🔔 [实盘] 平仓通知
📊 交易对: SPK/USDT:USDT
📈 方向: 做空
🔢 数量: 542.00000000
💵 开仓价: 0.03142000
💵 平仓价: 0.03183000
📉 收益: -1.30% (-0.22222000 USDT)
2025-11-26 06:00:40 | INFO     | [PROTECT] NIL/USDT:USDT 已取消止盈单 670061140
2025-11-26 06:00:40 | INFO     | [PROTECT] NIL/USDT:USDT 已取消止损单 670061143
2025-11-26 06:00:40 | INFO     | [LIVE CLOSE] 平仓 NIL/USDT:USDT: buy 174.5 (原short仓位)
2025-11-26 06:00:40 | INFO     | [LIVE PROFIT] NIL/USDT:USDT 开仓价格: 0.09760000, 当前价格: 0.09490000
2025-11-26 06:00:40 | INFO     | [LIVE PROFIT] NIL/USDT:USDT 预期收益: 2.77% (约 0.47115000 USDT)
2025-11-26 06:00:40 | INFO     | [LIVE MARKET] 创建市价单 NIL/USDT:USDT: buy 174.5
2025-11-26 06:00:40 | INFO     | [LIVE SUCCESS] NIL/USDT:USDT 市价单创建成功 ID:671559168 成交:174.5
2025-11-26 06:00:40 | INFO     | [LIVE SUCCESS] 平仓订单创建成功 NIL/USDT:USDT: 671559168
2025-11-26 06:00:41 | INFO     | [DINGDING] 通知已发送: 🔔 [实盘] 平仓通知
📊 交易对: NIL/USDT:USDT
📈 方向: 做空
🔢 数量: 174.50000000
💵 开仓价: 0.09760000
💵 平仓价: 0.09490000
💰 收益: 2.77% (0.47115000 USDT)
2025-11-26 06:00:41 | INFO     | [LIVE WAIT] 等待 4 个平仓订单执行...
2025-11-26 06:00:43 | INFO     | [LIVE OK] 平仓操作完成，成功: 4/4
2025-11-26 06:00:43 | INFO     | [INFO] Cycle 13/16 仓位字典已清空
2025-11-26 06:00:43 | INFO     | [STEP 2] 跳过验证步骤...
2025-11-26 06:00:43 | INFO     | [STEP 3] 提取OHLC数据并计算因子...
2025-11-26 06:00:43 | INFO     | [OK] 获取活跃交易对完成，耗时: 0.001秒
2025-11-26 06:01:56 | INFO     | [FACTORS] 计算得到 534 个有效因子
2025-11-26 06:01:56 | INFO     | [STEP 4] 根据因子值选择交易标的...
2025-11-26 06:01:56 | INFO     | [FILTER] 忽略 1 个交易对: ['BTC/USDT:USDT']
2025-11-26 06:01:56 | INFO     | [FILTER] BEAT/USDT:USDT 已在其它周期出现 4 次，达到上限 4，跳过
2025-11-26 06:01:56 | INFO     | [FILTER] RVV/USDT:USDT 已在其它周期出现 4 次，达到上限 4，跳过
2025-11-26 06:01:56 | INFO     | [FILTER] TLM/USDT:USDT 已在其它周期出现 4 次，达到上限 4，跳过
2025-11-26 06:01:56 | INFO     | [STATS] 因子统计:
2025-11-26 06:01:56 | INFO     |    总计: 533 个标的
2025-11-26 06:01:56 | INFO     |    因子值范围: -0.115579 ~ 0.283081
2025-11-26 06:01:56 | INFO     |    选择做多: 2 个
2025-11-26 06:01:56 | INFO     |    选择做空: 2 个
2025-11-26 06:01:56 | INFO     | [TOP 20] 因子值排名前20的交易对:
2025-11-26 06:01:56 | INFO     |    第1名: BEAT/USDT:USDT: 0.283081
2025-11-26 06:01:56 | INFO     |    第2名: SYRUP/USDT:USDT: 0.233325
2025-11-26 06:01:56 | INFO     |    第3名: LIGHT/USDT:USDT: 0.176627
2025-11-26 06:01:56 | INFO     |    第4名: RECALL/USDT:USDT: 0.174393
2025-11-26 06:01:56 | INFO     |    第5名: DEGO/USDT:USDT: 0.171220
2025-11-26 06:01:56 | INFO     |    第6名: SKYAI/USDT:USDT: 0.166571
2025-11-26 06:01:56 | INFO     |    第7名: BROCCOLIF3B/USDT:USDT: 0.165886
2025-11-26 06:01:56 | INFO     |    第8名: YALA/USDT:USDT: 0.155578
2025-11-26 06:01:56 | INFO     |    第9名: MEME/USDT:USDT: 0.155508
2025-11-26 06:01:56 | INFO     |    第10名: RIVER/USDT:USDT: 0.152651
2025-11-26 06:01:56 | INFO     |    第11名: GRT/USDT:USDT: 0.151566
2025-11-26 06:01:56 | INFO     |    第12名: NTRN/USDT:USDT: 0.151296
2025-11-26 06:01:56 | INFO     |    第13名: AEVO/USDT:USDT: 0.150271
2025-11-26 06:01:56 | INFO     |    第14名: XAN/USDT:USDT: 0.147134
2025-11-26 06:01:56 | INFO     |    第15名: HYPE/USDT:USDT: 0.147085
2025-11-26 06:01:56 | INFO     |    第16名: UNI/USDT:USDT: 0.146799
2025-11-26 06:01:56 | INFO     |    第17名: STO/USDT:USDT: 0.146168
2025-11-26 06:01:56 | INFO     |    第18名: AIXBT/USDT:USDT: 0.140956
2025-11-26 06:01:56 | INFO     |    第19名: BAS/USDT:USDT: 0.139511
2025-11-26 06:01:56 | INFO     |    第20名: BLUR/USDT:USDT: 0.138432
2025-11-26 06:01:56 | INFO     | [BOTTOM 20] 因子值排名后20的交易对:
2025-11-26 06:01:56 | INFO     |    第514名: PAXG/USDT:USDT: -0.016492
2025-11-26 06:01:56 | INFO     |    第515名: NAORIS/USDT:USDT: -0.017314
2025-11-26 06:01:56 | INFO     |    第516名: SPK/USDT:USDT: -0.017837
2025-11-26 06:01:56 | INFO     |    第517名: ASR/USDT:USDT: -0.017955
2025-11-26 06:01:56 | INFO     |    第518名: COS/USDT:USDT: -0.018858
2025-11-26 06:01:56 | INFO     |    第519名: D/USDT:USDT: -0.019407
2025-11-26 06:01:56 | INFO     |    第520名: JOE/USDT:USDT: -0.019648
2025-11-26 06:01:56 | INFO     |    第521名: VANRY/USDT:USDT: -0.019682
2025-11-26 06:01:56 | INFO     |    第522名: VFY/USDT:USDT: -0.020247
2025-11-26 06:01:56 | INFO     |    第523名: BEL/USDT:USDT: -0.020312
2025-11-26 06:01:56 | INFO     |    第524名: F/USDT:USDT: -0.020764
2025-11-26 06:01:56 | INFO     |    第525名: SKATE/USDT:USDT: -0.021203
2025-11-26 06:01:56 | INFO     |    第526名: HOME/USDT:USDT: -0.024292
2025-11-26 06:01:56 | INFO     |    第527名: ZKC/USDT:USDT: -0.027247
2025-11-26 06:01:56 | INFO     |    第528名: SCR/USDT:USDT: -0.027441
2025-11-26 06:01:56 | INFO     |    第529名: KAITO/USDT:USDT: -0.028559
2025-11-26 06:01:56 | INFO     |    第530名: FARTCOIN/USDT:USDT: -0.030898
2025-11-26 06:01:56 | INFO     |    第531名: ZRX/USDT:USDT: -0.053068
2025-11-26 06:01:56 | INFO     |    第532名: TLM/USDT:USDT: -0.053785
2025-11-26 06:01:56 | INFO     |    第533名: RVV/USDT:USDT: -0.115579
2025-11-26 06:01:56 | INFO     | [LONG SYMBOLS] 做多标的详情:
2025-11-26 06:01:56 | INFO     |    SYRUP/USDT:USDT: 0.233325
2025-11-26 06:01:56 | INFO     |    LIGHT/USDT:USDT: 0.176627
2025-11-26 06:01:56 | INFO     | [SHORT SYMBOLS] 做空标的详情:
2025-11-26 06:01:56 | INFO     |    ZRX/USDT:USDT: -0.053068
2025-11-26 06:01:56 | INFO     |    FARTCOIN/USDT:USDT: -0.030898
2025-11-26 06:01:56 | INFO     | [SELECTION] 选择交易标的:
2025-11-26 06:01:56 | INFO     |    做多: ['SYRUP/USDT:USDT', 'LIGHT/USDT:USDT']
2025-11-26 06:01:56 | INFO     |    做空: ['ZRX/USDT:USDT', 'FARTCOIN/USDT:USDT']
2025-11-26 06:01:56 | INFO     | [DINGDING] 通知已发送: Cycle 13/16 交易标的选择完成:
做多 (2个):
  SYRUP/USDT:USDT: 0.233325
  LIGHT/USDT:USDT: 0.176627
做空 (2个):
  ZRX/USDT:USDT: -0.053068
  FARTCOIN/USDT:USDT: -0.030898

因子统计:
  总计: 534 个标的
  范围: -0.115579 ~ 0.283081
2025-11-26 06:01:56 | INFO     | [STEP 5] 获取当前合约保证金...
2025-11-26 06:01:56 | INFO     | [BALANCE] 当前保证金余额: 23.13 USDT
2025-11-26 06:01:57 | INFO     | [DINGDING] 通知已发送:  账户余额报告
 时间: 2025-11-26 06:01:56
 USDT余额: 23.13
2025-11-26 06:01:57 | INFO     | [BALANCE] 余额通知已发送: 23.13 USDT
2025-11-26 06:01:57 | INFO     | [BALANCE] Cycle 13/16 使用当前可用余额 23.13 USDT 执行开仓
2025-11-26 06:01:57 | INFO     | [STEP 6] 执行开仓交易...
2025-11-26 06:01:57 | INFO     | [BALANCE] 总余额: 23.13 USDT
2025-11-26 06:01:57 | INFO     | [INFO] 总仓位数: 4
2025-11-26 06:01:57 | INFO     | [VALUE] 单仓价值: 17.00 USDT
2025-11-26 06:01:57 | INFO     | [MARGIN] 设置保证金模式为 ISOLATED...
2025-11-26 06:01:57 | INFO     | [MARGIN] SYRUP/USDT:USDT 已经是 ISOLATED 模式
2025-11-26 06:01:57 | INFO     | [MARGIN] LIGHT/USDT:USDT 已经是 ISOLATED 模式
2025-11-26 06:01:57 | INFO     | [MARGIN] ZRX/USDT:USDT (ZRXUSDT) 保证金模式设置为 ISOLATED ✓
2025-11-26 06:01:57 | INFO     | [MARGIN] FARTCOIN/USDT:USDT 已经是 ISOLATED 模式
2025-11-26 06:01:57 | INFO     | [MARGIN] 保证金模式设置完成: 4/4 成功
2025-11-26 06:01:57 | INFO     | [LEVERAGE] 设置杠杆为 3x...
2025-11-26 06:01:57 | INFO     | [LIVE LONG] 开多头仓位: 2 个
2025-11-26 06:01:57 | INFO     | [LIVE BUY] 做多 SYRUP/USDT:USDT: 57.2 @ 0.29679
2025-11-26 06:01:57 | INFO     | [LIVE MARKET] 创建市价单 SYRUP/USDT:USDT: buy 57.2
2025-11-26 06:01:57 | INFO     | [LIVE SUCCESS] SYRUP/USDT:USDT 市价单创建成功 ID:1836460971 成交:57.0
2025-11-26 06:01:57 | INFO     | [PROTECT] SYRUP/USDT:USDT 止盈单创建成功 ID:1836460973 触发价:0.35615
2025-11-26 06:01:57 | INFO     | [PROTECT] SYRUP/USDT:USDT 止损单创建成功 ID:1836460974 触发价:0.23743
2025-11-26 06:01:57 | INFO     | [LIVE BUY] 做多 LIGHT/USDT:USDT: 16.2 @ 1.0451
2025-11-26 06:01:57 | INFO     | [LIVE MARKET] 创建市价单 LIGHT/USDT:USDT: buy 16.2
2025-11-26 06:01:57 | INFO     | [LIVE SUCCESS] LIGHT/USDT:USDT 市价单创建成功 ID:612924635 成交:16.0
2025-11-26 06:01:57 | INFO     | [PROTECT] LIGHT/USDT:USDT 止盈单创建成功 ID:612924645 触发价:1.2541
2025-11-26 06:01:57 | INFO     | [PROTECT] LIGHT/USDT:USDT 止损单创建成功 ID:612924650 触发价:0.8361
2025-11-26 06:01:58 | INFO     | [LIVE OK] 多头开仓: 2/2 成功
2025-11-26 06:01:58 | INFO     | [LIVE SHORT] 开空头仓位: 2 个
2025-11-26 06:01:58 | INFO     | [LIVE SELL] 做空 ZRX/USDT:USDT: 107.7 @ 0.1578
2025-11-26 06:01:58 | INFO     | [LIVE MARKET] 创建市价单 ZRX/USDT:USDT: sell 107.7
2025-11-26 06:01:58 | INFO     | [LIVE SUCCESS] ZRX/USDT:USDT 市价单创建成功 ID:9421531960 成交:107.7
2025-11-26 06:01:58 | INFO     | [PROTECT] ZRX/USDT:USDT 止盈单创建成功 ID:9421531961 触发价:0.1262
2025-11-26 06:01:58 | INFO     | [PROTECT] ZRX/USDT:USDT 止损单创建成功 ID:9421531963 触发价:0.1894
2025-11-26 06:01:58 | INFO     | [LIVE SELL] 做空 FARTCOIN/USDT:USDT: 57.4 @ 0.2961
2025-11-26 06:01:58 | INFO     | [LIVE MARKET] 创建市价单 FARTCOIN/USDT:USDT: sell 57.4
2025-11-26 06:01:58 | INFO     | [LIVE SUCCESS] FARTCOIN/USDT:USDT 市价单创建成功 ID:9577716961 成交:57.4
2025-11-26 06:01:58 | INFO     | [PROTECT] FARTCOIN/USDT:USDT 止盈单创建成功 ID:9577716965 触发价:0.2369
2025-11-26 06:01:58 | INFO     | [PROTECT] FARTCOIN/USDT:USDT 止损单创建成功 ID:9577716990 触发价:0.3553
2025-11-26 06:01:58 | INFO     | [LIVE OK] 空头开仓: 2/2 成功
2025-11-26 06:01:58 | INFO     | [POSITIONS] 新仓位已添加到字典: {'SYRUP/USDT:USDT': {'side': 'long', 'quantity': 57.2, 'open_price': 0.29679, 'position_side': 'LONG', 'take_profit_order_id': '1836460973', 'take_profit_price': 0.35615, 'stop_loss_order_id': '1836460974', 'stop_loss_price': 0.23743}, 'LIGHT/USDT:USDT': {'side': 'long', 'quantity': 16.2, 'open_price': 1.0451, 'position_side': 'LONG', 'take_profit_order_id': '612924645', 'take_profit_price': 1.2541, 'stop_loss_order_id': '612924650', 'stop_loss_price': 0.8361}, 'ZRX/USDT:USDT': {'side': 'short', 'quantity': 107.7, 'open_price': 0.1578, 'position_side': 'SHORT', 'take_profit_order_id': '9421531961', 'take_profit_price': 0.1262, 'stop_loss_order_id': '9421531963', 'stop_loss_price': 0.1894}, 'FARTCOIN/USDT:USDT': {'side': 'short', 'quantity': 57.4, 'open_price': 0.2961, 'position_side': 'SHORT', 'take_profit_order_id': '9577716965', 'take_profit_price': 0.2369, 'stop_loss_order_id': '9577716990', 'stop_loss_price': 0.3553}}
2025-11-26 06:01:58 | INFO     | [POSITIONS] 当前仓位字典: {'SYRUP/USDT:USDT': {'side': 'long', 'quantity': 57.2, 'open_price': 0.29679, 'position_side': 'LONG', 'take_profit_order_id': '1836460973', 'take_profit_price': 0.35615, 'stop_loss_order_id': '1836460974', 'stop_loss_price': 0.23743}, 'LIGHT/USDT:USDT': {'side': 'long', 'quantity': 16.2, 'open_price': 1.0451, 'position_side': 'LONG', 'take_profit_order_id': '612924645', 'take_profit_price': 1.2541, 'stop_loss_order_id': '612924650', 'stop_loss_price': 0.8361}, 'ZRX/USDT:USDT': {'side': 'short', 'quantity': 107.7, 'open_price': 0.1578, 'position_side': 'SHORT', 'take_profit_order_id': '9421531961', 'take_profit_price': 0.1262, 'stop_loss_order_id': '9421531963', 'stop_loss_price': 0.1894}, 'FARTCOIN/USDT:USDT': {'side': 'short', 'quantity': 57.4, 'open_price': 0.2961, 'position_side': 'SHORT', 'take_profit_order_id': '9577716965', 'take_profit_price': 0.2369, 'stop_loss_order_id': '9577716990', 'stop_loss_price': 0.3553}}
2025-11-26 06:01:58 | INFO     | [STEP 7] 开仓交易完成
2025-11-26 06:01:58 | INFO     | [INFO] 跳过详细仓位验证，交易周期完成
2025-11-26 06:01:58 | INFO     | [STEP 8] 记录当前交易对价格和因子信息...
2025-11-26 06:01:58 | INFO     | [API] 成功获取 534 个交易对价格
2025-11-26 06:01:58 | INFO     | [RECORD] 记录了 534 个交易对的价格和因子信息
2025-11-26 06:01:58 | INFO     | [OK] 交易周期执行成功
2025-11-26 06:01:58 | INFO     | [TIME] 周期耗时: 99.0秒
2025-11-26 06:01:58 | INFO     | [16H] Cycle 14/16 下次执行时间: 2025-11-26 07:00:00
2025-11-26 06:01:58 | INFO     | [WAIT] 等待 3481 秒 (1.0 小时)
