2025-12-22 08:39:28 [INFO] [SYSTEM] 初始化组件...
2025-12-22 08:39:29 [INFO] [OK] API连接成功 - LIVE
2025-12-22 08:39:29 [INFO] [BALANCE] USDT总余额: 76.24
2025-12-22 08:39:29 [INFO] [INFO] 找到 535 个活跃USDT永续合约
2025-12-22 08:39:29 [INFO] [OK] 交易执行器初始化成功
2025-12-22 08:39:30 [INFO] [OK] API连接测试成功，耗时: 1.077秒
2025-12-22 08:39:30 [INFO] [OK] 优化数据处理器初始化成功
2025-12-22 08:39:30 [INFO] [BALANCE] 当前 USDT 余额: 76.24
2025-12-22 08:39:30 [WARNING] [DINGDING] 钉钉模块不可用，跳过通知
2025-12-22 08:39:30 [INFO] [BALANCE] 余额通知已发送: 76.24 USDT
2025-12-22 08:39:30 [INFO] [SYSTEM] 激活交易对数量: 535
2025-12-22 08:39:30 [INFO] [SYSTEM] find_in_out 策略启动
2025-12-22 08:40:00 [INFO] [MONITOR] 当前无持仓需要监控
2025-12-22 08:40:02 [INFO] [LIVE SHORT] 开空头仓位: 397 个
2025-12-22 08:40:02 [INFO] [LIVE SELL] 做空 0G/USDT:USDT: 60.5 @ 0.8271
2025-12-22 08:40:02 [INFO] [LIVE MARKET] 创建市价单 0G/USDT:USDT: sell 60.5
2025-12-22 08:40:02 [INFO] [LIVE SUCCESS] 0G/USDT:USDT 市价单创建成功 ID:1367382544 成交:60.0
2025-12-22 08:40:02 [INFO] [PROTECT] 0G/USDT:USDT 止盈单创建成功 ID:4000000099872144 触发价:0.8106
2025-12-22 08:40:02 [INFO] [PROTECT] 0G/USDT:USDT 止损单创建成功 ID:4000000099872155 触发价:0.8685
2025-12-22 08:40:03 [INFO] [LIVE SELL] 做空 1000000BOB/USDT:USDT: 2999.4 @ 0.01667
2025-12-22 08:40:03 [INFO] [LIVE MARKET] 创建市价单 1000000BOB/USDT:USDT: sell 2999.4
2025-12-22 08:40:03 [ERROR] [LIVE ERROR] 1000000BOB/USDT:USDT 订单创建失败: binance {"code":-2027,"msg":"Exceeded the maximum allowable position at current leverage."}
2025-12-22 08:40:03 [ERROR] [LIVE ERROR] 1000000BOB/USDT:USDT 市价单创建异常: binance {"code":-2027,"msg":"Exceeded the maximum allowable position at current leverage."}
2025-12-22 08:40:03 [WARNING] [DINGDING] 钉钉模块不可用，跳过通知
2025-12-22 08:40:03 [INFO] [LIVE SELL] 做空 1000000MOG/USDT:USDT: 228.6 @ 0.2187
2025-12-22 08:40:03 [INFO] [LIVE MARKET] 创建市价单 1000000MOG/USDT:USDT: sell 228.6
2025-12-22 08:40:03 [INFO] [LIVE SUCCESS] 1000000MOG/USDT:USDT 市价单创建成功 ID:1591229829 成交:228.6
2025-12-22 08:40:03 [INFO] [PROTECT] 1000000MOG/USDT:USDT 止盈单创建成功 ID:4000000099872185 触发价:0.2143
2025-12-22 08:40:03 [INFO] [PROTECT] 1000000MOG/USDT:USDT 止损单创建成功 ID:4000000099872199 触发价:0.2296
2025-12-22 08:40:03 [INFO] [LIVE SELL] 做空 1000BONK/USDT:USDT: 6080.5 @ 0.008223
2025-12-22 08:40:03 [INFO] [LIVE MARKET] 创建市价单 1000BONK/USDT:USDT: sell 6080.5
2025-12-22 08:40:03 [INFO] [LIVE SUCCESS] 1000BONK/USDT:USDT 市价单创建成功 ID:14329736223 成交:6080.0
2025-12-22 08:40:03 [INFO] [PROTECT] 1000BONK/USDT:USDT 止盈单创建成功 ID:4000000099872228 触发价:0.008059
2025-12-22 08:40:03 [INFO] [PROTECT] 1000BONK/USDT:USDT 止损单创建成功 ID:4000000099872237 触发价:0.008634
2025-12-22 08:40:03 [INFO] [LIVE SELL] 做空 1000FLOKI/USDT:USDT: 1223.7 @ 0.04086
2025-12-22 08:40:03 [INFO] [LIVE MARKET] 创建市价单 1000FLOKI/USDT:USDT: sell 1223.7
2025-12-22 08:40:03 [INFO] [LIVE SUCCESS] 1000FLOKI/USDT:USDT 市价单创建成功 ID:9548587869 成交:1223.0
2025-12-22 08:40:03 [INFO] [PROTECT] 1000FLOKI/USDT:USDT 止盈单创建成功 ID:4000000099872260 触发价:0.04004
2025-12-22 08:40:03 [INFO] [PROTECT] 1000FLOKI/USDT:USDT 止损单创建成功 ID:4000000099872266 触发价:0.0429
2025-12-22 08:40:04 [INFO] [LIVE SELL] 做空 1000LUNC/USDT:USDT: 1235.2 @ 0.04048
2025-12-22 08:40:04 [INFO] [LIVE MARKET] 创建市价单 1000LUNC/USDT:USDT: sell 1235.2
2025-12-22 08:40:04 [ERROR] [LIVE ERROR] 1000LUNC/USDT:USDT 订单创建失败: binance {"code":-2019,"msg":"Margin is insufficient."}
2025-12-22 08:40:04 [ERROR] [LIVE ERROR] 1000LUNC/USDT:USDT 市价单创建异常: binance {"code":-2019,"msg":"Margin is insufficient."}
2025-12-22 08:40:04 [WARNING] [DINGDING] 钉钉模块不可用，跳过通知
2025-12-22 08:40:04 [INFO] [LIVE SELL] 做空 1000PEPE/USDT:USDT: 12428.8 @ 0.0040229
2025-12-22 08:40:04 [INFO] [LIVE MARKET] 创建市价单 1000PEPE/USDT:USDT: sell 12428.8
2025-12-22 08:40:04 [INFO] [LIVE SUCCESS] 1000PEPE/USDT:USDT 市价单创建成功 ID:54422017330 成交:12428.0
2025-12-22 08:40:04 [INFO] [PROTECT] 1000PEPE/USDT:USDT 止盈单创建成功 ID:4000000099872319 触发价:0.0039424
2025-12-22 08:40:04 [INFO] [PROTECT] 1000PEPE/USDT:USDT 止损单创建成功 ID:4000000099872331 触发价:0.004224
2025-12-22 08:40:04 [INFO] [LIVE SELL] 做空 1000RATS/USDT:USDT: 1250.3 @ 0.03999
2025-12-22 08:40:04 [INFO] [LIVE MARKET] 创建市价单 1000RATS/USDT:USDT: sell 1250.3
2025-12-22 08:40:04 [ERROR] [LIVE ERROR] 1000RATS/USDT:USDT 订单创建失败: binance {"code":-2019,"msg":"Margin is insufficient."}
2025-12-22 08:40:04 [ERROR] [LIVE ERROR] 1000RATS/USDT:USDT 市价单创建异常: binance {"code":-2019,"msg":"Margin is insufficient."}
2025-12-22 08:40:04 [WARNING] [DINGDING] 钉钉模块不可用，跳过通知
2025-12-22 08:40:04 [INFO] [LIVE SELL] 做空 1000SHIB/USDT:USDT: 6859.7 @ 0.007289
2025-12-22 08:40:04 [INFO] [LIVE MARKET] 创建市价单 1000SHIB/USDT:USDT: sell 6859.7
2025-12-22 08:40:04 [ERROR] [LIVE ERROR] 1000SHIB/USDT:USDT 订单创建失败: binance {"code":-2019,"msg":"Margin is insufficient."}
2025-12-22 08:40:04 [ERROR] [LIVE ERROR] 1000SHIB/USDT:USDT 市价单创建异常: binance {"code":-2019,"msg":"Margin is insufficient."}
2025-12-22 08:40:04 [WARNING] [DINGDING] 钉钉模块不可用，跳过通知
2025-12-22 08:40:04 [INFO] [LIVE SELL] 做空 1000XEC/USDT:USDT: 4784.7 @ 0.01045
2025-12-22 08:40:04 [INFO] [LIVE MARKET] 创建市价单 1000XEC/USDT:USDT: sell 4784.7
2025-12-22 08:40:04 [ERROR] [LIVE ERROR] 1000XEC/USDT:USDT 订单创建失败: binance {"code":-2019,"msg":"Margin is insufficient."}
2025-12-22 08:40:04 [ERROR] [LIVE ERROR] 1000XEC/USDT:USDT 市价单创建异常: binance {"code":-2019,"msg":"Margin is insufficient."}
2025-12-22 08:40:04 [WARNING] [DINGDING] 钉钉模块不可用，跳过通知
2025-12-22 08:40:04 [INFO] [LIVE SELL] 做空 1INCH/USDT:USDT: 324.0 @ 0.1543
2025-12-22 08:40:04 [INFO] [LIVE MARKET] 创建市价单 1INCH/USDT:USDT: sell 324.0
2025-12-22 08:40:04 [ERROR] [LIVE ERROR] 1INCH/USDT:USDT 订单创建失败: binance {"code":-2019,"msg":"Margin is insufficient."}
2025-12-22 08:40:04 [ERROR] [LIVE ERROR] 1INCH/USDT:USDT 市价单创建异常: binance {"code":-2019,"msg":"Margin is insufficient."}
2025-12-22 08:40:04 [WARNING] [DINGDING] 钉钉模块不可用，跳过通知
2025-12-22 08:40:04 [INFO] [LIVE SELL] 做空 1MBABYDOGE/USDT:USDT: 83696.0 @ 0.0005974
2025-12-22 08:40:04 [INFO] [LIVE MARKET] 创建市价单 1MBABYDOGE/USDT:USDT: sell 83696.0
2025-12-22 08:40:04 [ERROR] [LIVE ERROR] 1MBABYDOGE/USDT:USDT 订单创建失败: binance {"code":-2019,"msg":"Margin is insufficient."}
2025-12-22 08:40:04 [ERROR] [LIVE ERROR] 1MBABYDOGE/USDT:USDT 市价单创建异常: binance {"code":-2019,"msg":"Margin is insufficient."}
2025-12-22 08:40:04 [WARNING] [DINGDING] 钉钉模块不可用，跳过通知
2025-12-22 08:40:04 [INFO] [LIVE SELL] 做空 2Z/USDT:USDT: 456.8 @ 0.10946
2025-12-22 08:40:04 [INFO] [LIVE MARKET] 创建市价单 2Z/USDT:USDT: sell 456.8
2025-12-22 08:40:04 [ERROR] [LIVE ERROR] 2Z/USDT:USDT 订单创建失败: binance {"code":-2019,"msg":"Margin is insufficient."}
2025-12-22 08:40:04 [ERROR] [LIVE ERROR] 2Z/USDT:USDT 市价单创建异常: binance {"code":-2019,"msg":"Margin is insufficient."}
2025-12-22 08:40:04 [WARNING] [DINGDING] 钉钉模块不可用，跳过通知
2025-12-22 08:40:05 [INFO] [LIVE SELL] 做空 4/USDT:USDT: 2522.7 @ 0.01982
2025-12-22 08:40:05 [INFO] [LIVE MARKET] 创建市价单 4/USDT:USDT: sell 2522.7
2025-12-22 08:40:05 [ERROR] [LIVE ERROR] 4/USDT:USDT 订单创建失败: binance {"code":-2019,"msg":"Margin is insufficient."}
2025-12-22 08:40:05 [ERROR] [LIVE ERROR] 4/USDT:USDT 市价单创建异常: binance {"code":-2019,"msg":"Margin is insufficient."}
2025-12-22 08:40:05 [WARNING] [DINGDING] 钉钉模块不可用，跳过通知
2025-12-22 08:40:05 [INFO] [LIVE SELL] 做空 A/USDT:USDT: 305.8 @ 0.1635
2025-12-22 08:40:05 [INFO] [LIVE MARKET] 创建市价单 A/USDT:USDT: sell 305.8
2025-12-22 08:40:05 [ERROR] [LIVE ERROR] A/USDT:USDT 订单创建失败: binance {"code":-2019,"msg":"Margin is insufficient."}
2025-12-22 08:40:05 [ERROR] [LIVE ERROR] A/USDT:USDT 市价单创建异常: binance {"code":-2019,"msg":"Margin is insufficient."}
2025-12-22 08:40:05 [WARNING] [DINGDING] 钉钉模块不可用，跳过通知
2025-12-22 08:40:05 [INFO] [LIVE SELL] 做空 A2Z/USDT:USDT: 37594.0 @ 0.00133
2025-12-22 08:40:05 [INFO] [LIVE MARKET] 创建市价单 A2Z/USDT:USDT: sell 37594.0
2025-12-22 08:40:05 [ERROR] [LIVE ERROR] A2Z/USDT:USDT 订单创建失败: binance {"code":-2019,"msg":"Margin is insufficient."}
2025-12-22 08:40:05 [ERROR] [LIVE ERROR] A2Z/USDT:USDT 市价单创建异常: binance {"code":-2019,"msg":"Margin is insufficient."}
2025-12-22 08:40:05 [WARNING] [DINGDING] 钉钉模块不可用，跳过通知
2025-12-22 08:40:05 [INFO] [LIVE SELL] 做空 AAVE/USDT:USDT: 0.3 @ 161.52
2025-12-22 08:40:05 [INFO] [LIVE MARKET] 创建市价单 AAVE/USDT:USDT: sell 0.3
2025-12-22 08:40:05 [ERROR] [LIVE ERROR] AAVE/USDT:USDT 订单创建失败: binance {"code":-2019,"msg":"Margin is insufficient."}
2025-12-22 08:40:05 [ERROR] [LIVE ERROR] AAVE/USDT:USDT 市价单创建异常: binance {"code":-2019,"msg":"Margin is insufficient."}
2025-12-22 08:40:05 [WARNING] [DINGDING] 钉钉模块不可用，跳过通知
2025-12-22 08:40:05 [INFO] [LIVE SELL] 做空 ACE/USDT:USDT: 192.68 @ 0.2595
2025-12-22 08:40:05 [INFO] [LIVE MARKET] 创建市价单 ACE/USDT:USDT: sell 192.68
2025-12-22 08:40:05 [ERROR] [LIVE ERROR] ACE/USDT:USDT 订单创建失败: binance {"code":-2019,"msg":"Margin is insufficient."}
2025-12-22 08:40:05 [ERROR] [LIVE ERROR] ACE/USDT:USDT 市价单创建异常: binance {"code":-2019,"msg":"Margin is insufficient."}
2025-12-22 08:40:05 [WARNING] [DINGDING] 钉钉模块不可用，跳过通知
2025-12-22 08:40:05 [INFO] [LIVE SELL] 做空 ACH/USDT:USDT: 6406.1 @ 0.007805
2025-12-22 08:40:05 [INFO] [LIVE MARKET] 创建市价单 ACH/USDT:USDT: sell 6406.1
2025-12-22 08:40:05 [ERROR] [LIVE ERROR] ACH/USDT:USDT 订单创建失败: binance {"code":-2019,"msg":"Margin is insufficient."}
2025-12-22 08:40:05 [ERROR] [LIVE ERROR] ACH/USDT:USDT 市价单创建异常: binance {"code":-2019,"msg":"Margin is insufficient."}
2025-12-22 08:40:05 [WARNING] [DINGDING] 钉钉模块不可用，跳过通知
2025-12-22 08:40:05 [INFO] [LIVE SELL] 做空 ACT/USDT:USDT: 1536.6 @ 0.03254
2025-12-22 08:40:05 [INFO] [LIVE MARKET] 创建市价单 ACT/USDT:USDT: sell 1536.6
2025-12-22 08:40:05 [ERROR] [LIVE ERROR] ACT/USDT:USDT 订单创建失败: binance {"code":-2019,"msg":"Margin is insufficient."}
2025-12-22 08:40:05 [ERROR] [LIVE ERROR] ACT/USDT:USDT 市价单创建异常: binance {"code":-2019,"msg":"Margin is insufficient."}
2025-12-22 08:40:05 [WARNING] [DINGDING] 钉钉模块不可用，跳过通知
2025-12-22 08:40:05 [INFO] [LIVE SELL] 做空 ACX/USDT:USDT: 1005.8 @ 0.04971
2025-12-22 08:40:05 [INFO] [LIVE MARKET] 创建市价单 ACX/USDT:USDT: sell 1005.8
2025-12-22 08:40:05 [ERROR] [LIVE ERROR] ACX/USDT:USDT 订单创建失败: binance {"code":-2019,"msg":"Margin is insufficient."}
2025-12-22 08:40:05 [ERROR] [LIVE ERROR] ACX/USDT:USDT 市价单创建异常: binance {"code":-2019,"msg":"Margin is insufficient."}
2025-12-22 08:40:05 [WARNING] [DINGDING] 钉钉模块不可用，跳过通知
2025-12-22 08:40:05 [INFO] [LIVE SELL] 做空 ADA/USDT:USDT: 135.3 @ 0.3695
2025-12-22 08:40:05 [INFO] [LIVE MARKET] 创建市价单 ADA/USDT:USDT: sell 135.3
2025-12-22 08:40:05 [ERROR] [LIVE ERROR] ADA/USDT:USDT 订单创建失败: binance {"code":-2019,"msg":"Margin is insufficient."}
2025-12-22 08:40:05 [ERROR] [LIVE ERROR] ADA/USDT:USDT 市价单创建异常: binance {"code":-2019,"msg":"Margin is insufficient."}
2025-12-22 08:40:05 [WARNING] [DINGDING] 钉钉模块不可用，跳过通知
2025-12-22 08:40:06 [INFO] [LIVE SELL] 做空 AERGO/USDT:USDT: 765.5 @ 0.06532
2025-12-22 08:40:06 [INFO] [LIVE MARKET] 创建市价单 AERGO/USDT:USDT: sell 765.5
2025-12-22 08:40:06 [ERROR] [LIVE ERROR] AERGO/USDT:USDT 订单创建失败: binance {"code":-2019,"msg":"Margin is insufficient."}
2025-12-22 08:40:06 [ERROR] [LIVE ERROR] AERGO/USDT:USDT 市价单创建异常: binance {"code":-2019,"msg":"Margin is insufficient."}
2025-12-22 08:40:06 [WARNING] [DINGDING] 钉钉模块不可用，跳过通知
2025-12-22 08:40:06 [INFO] [LIVE SELL] 做空 AERO/USDT:USDT: 98.8 @ 0.5061
2025-12-22 08:40:06 [INFO] [LIVE MARKET] 创建市价单 AERO/USDT:USDT: sell 98.8
2025-12-22 08:40:06 [ERROR] [LIVE ERROR] AERO/USDT:USDT 订单创建失败: binance {"code":-2019,"msg":"Margin is insufficient."}
2025-12-22 08:40:06 [ERROR] [LIVE ERROR] AERO/USDT:USDT 市价单创建异常: binance {"code":-2019,"msg":"Margin is insufficient."}
2025-12-22 08:40:06 [WARNING] [DINGDING] 钉钉模块不可用，跳过通知
2025-12-22 08:40:06 [INFO] [LIVE SELL] 做空 AEVO/USDT:USDT: 1371.7 @ 0.03645
2025-12-22 08:40:06 [INFO] [LIVE MARKET] 创建市价单 AEVO/USDT:USDT: sell 1371.7
2025-12-22 08:40:06 [ERROR] [LIVE ERROR] AEVO/USDT:USDT 订单创建失败: binance {"code":-2019,"msg":"Margin is insufficient."}
2025-12-22 08:40:06 [ERROR] [LIVE ERROR] AEVO/USDT:USDT 市价单创建异常: binance {"code":-2019,"msg":"Margin is insufficient."}
2025-12-22 08:40:06 [WARNING] [DINGDING] 钉钉模块不可用，跳过通知
2025-12-22 08:40:06 [INFO] [LIVE SELL] 做空 AGLD/USDT:USDT: 194.9 @ 0.2565
2025-12-22 08:40:06 [INFO] [LIVE MARKET] 创建市价单 AGLD/USDT:USDT: sell 194.9
2025-12-22 08:40:06 [ERROR] [LIVE ERROR] AGLD/USDT:USDT 订单创建失败: binance {"code":-2019,"msg":"Margin is insufficient."}
2025-12-22 08:40:06 [ERROR] [LIVE ERROR] AGLD/USDT:USDT 市价单创建异常: binance {"code":-2019,"msg":"Margin is insufficient."}
2025-12-22 08:40:06 [WARNING] [DINGDING] 钉钉模块不可用，跳过通知
2025-12-22 08:40:06 [INFO] [LIVE SELL] 做空 AI/USDT:USDT: 1317.2 @ 0.03796
2025-12-22 08:40:06 [INFO] [LIVE MARKET] 创建市价单 AI/USDT:USDT: sell 1317.2
2025-12-22 08:40:06 [ERROR] [LIVE ERROR] AI/USDT:USDT 订单创建失败: binance {"code":-2019,"msg":"Margin is insufficient."}
2025-12-22 08:40:06 [ERROR] [LIVE ERROR] AI/USDT:USDT 市价单创建异常: binance {"code":-2019,"msg":"Margin is insufficient."}
2025-12-22 08:40:06 [WARNING] [DINGDING] 钉钉模块不可用，跳过通知
2025-12-22 08:40:06 [INFO] [LIVE SELL] 做空 AIN/USDT:USDT: 980.8 @ 0.05098
2025-12-22 08:40:06 [INFO] [LIVE MARKET] 创建市价单 AIN/USDT:USDT: sell 980.8
2025-12-22 08:40:06 [ERROR] [LIVE ERROR] AIN/USDT:USDT 订单创建失败: binance {"code":-2019,"msg":"Margin is insufficient."}
2025-12-22 08:40:06 [ERROR] [LIVE ERROR] AIN/USDT:USDT 市价单创建异常: binance {"code":-2019,"msg":"Margin is insufficient."}
2025-12-22 08:40:06 [WARNING] [DINGDING] 钉钉模块不可用，跳过通知
2025-12-22 08:40:06 [INFO] [LIVE SELL] 做空 AIOT/USDT:USDT: 450.5 @ 0.111
2025-12-22 08:40:06 [INFO] [LIVE MARKET] 创建市价单 AIOT/USDT:USDT: sell 450.5
2025-12-22 08:40:06 [ERROR] [LIVE ERROR] AIOT/USDT:USDT 订单创建失败: binance {"code":-2019,"msg":"Margin is insufficient."}
2025-12-22 08:40:06 [ERROR] [LIVE ERROR] AIOT/USDT:USDT 市价单创建异常: binance {"code":-2019,"msg":"Margin is insufficient."}
2025-12-22 08:40:06 [WARNING] [DINGDING] 钉钉模块不可用，跳过通知
2025-12-22 08:40:06 [INFO] [LIVE SELL] 做空 AIXBT/USDT:USDT: 1700.1 @ 0.02941
2025-12-22 08:40:06 [INFO] [LIVE MARKET] 创建市价单 AIXBT/USDT:USDT: sell 1700.1
2025-12-22 08:40:06 [ERROR] [LIVE ERROR] AIXBT/USDT:USDT 订单创建失败: binance {"code":-2019,"msg":"Margin is insufficient."}
2025-12-22 08:40:06 [ERROR] [LIVE ERROR] AIXBT/USDT:USDT 市价单创建异常: binance {"code":-2019,"msg":"Margin is insufficient."}
2025-12-22 08:40:06 [WARNING] [DINGDING] 钉钉模块不可用，跳过通知
2025-12-22 08:40:06 [INFO] [LIVE SELL] 做空 AKT/USDT:USDT: 133.1 @ 0.3757
2025-12-22 08:40:06 [INFO] [LIVE MARKET] 创建市价单 AKT/USDT:USDT: sell 133.1
2025-12-22 08:40:06 [ERROR] [LIVE ERROR] AKT/USDT:USDT 订单创建失败: binance {"code":-2019,"msg":"Margin is insufficient."}
2025-12-22 08:40:06 [ERROR] [LIVE ERROR] AKT/USDT:USDT 市价单创建异常: binance {"code":-2019,"msg":"Margin is insufficient."}
2025-12-22 08:40:06 [WARNING] [DINGDING] 钉钉模块不可用，跳过通知
2025-12-22 08:40:07 [INFO] [LIVE SELL] 做空 ALCH/USDT:USDT: 276.3 @ 0.18096
2025-12-22 08:40:07 [INFO] [LIVE MARKET] 创建市价单 ALCH/USDT:USDT: sell 276.3
2025-12-22 08:40:07 [ERROR] [LIVE ERROR] ALCH/USDT:USDT 订单创建失败: binance {"code":-2019,"msg":"Margin is insufficient."}
2025-12-22 08:40:07 [ERROR] [LIVE ERROR] ALCH/USDT:USDT 市价单创建异常: binance {"code":-2019,"msg":"Margin is insufficient."}
2025-12-22 08:40:07 [WARNING] [DINGDING] 钉钉模块不可用，跳过通知
2025-12-22 08:40:07 [INFO] [LIVE SELL] 做空 ALGO/USDT:USDT: 446.4 @ 0.112
2025-12-22 08:40:07 [INFO] [LIVE MARKET] 创建市价单 ALGO/USDT:USDT: sell 446.4
2025-12-22 08:40:07 [ERROR] [LIVE ERROR] ALGO/USDT:USDT 订单创建失败: binance {"code":-2019,"msg":"Margin is insufficient."}
2025-12-22 08:40:07 [ERROR] [LIVE ERROR] ALGO/USDT:USDT 市价单创建异常: binance {"code":-2019,"msg":"Margin is insufficient."}
2025-12-22 08:40:07 [WARNING] [DINGDING] 钉钉模块不可用，跳过通知
2025-12-22 08:40:07 [INFO] [LIVE SELL] 做空 ALICE/USDT:USDT: 279.3 @ 0.179
2025-12-22 08:40:07 [INFO] [LIVE MARKET] 创建市价单 ALICE/USDT:USDT: sell 279.3
2025-12-22 08:40:07 [ERROR] [LIVE ERROR] ALICE/USDT:USDT 订单创建失败: binance {"code":-2019,"msg":"Margin is insufficient."}
2025-12-22 08:40:07 [ERROR] [LIVE ERROR] ALICE/USDT:USDT 市价单创建异常: binance {"code":-2019,"msg":"Margin is insufficient."}
2025-12-22 08:40:07 [WARNING] [DINGDING] 钉钉模块不可用，跳过通知
2025-12-22 08:40:07 [INFO] [LIVE SELL] 做空 ALL/USDT:USDT: 84.5 @ 0.5917
2025-12-22 08:40:07 [INFO] [LIVE MARKET] 创建市价单 ALL/USDT:USDT: sell 84.5
2025-12-22 08:40:07 [ERROR] [LIVE ERROR] ALL/USDT:USDT 订单创建失败: binance {"code":-2019,"msg":"Margin is insufficient."}
2025-12-22 08:40:07 [ERROR] [LIVE ERROR] ALL/USDT:USDT 市价单创建异常: binance {"code":-2019,"msg":"Margin is insufficient."}
2025-12-22 08:40:07 [WARNING] [DINGDING] 钉钉模块不可用，跳过通知
2025-12-22 08:40:07 [INFO] [LIVE SELL] 做空 ALLO/USDT:USDT: 447.6 @ 0.1117
2025-12-22 08:40:07 [INFO] [LIVE MARKET] 创建市价单 ALLO/USDT:USDT: sell 447.6
2025-12-22 08:40:07 [ERROR] [LIVE ERROR] ALLO/USDT:USDT 订单创建失败: binance {"code":-2019,"msg":"Margin is insufficient."}
2025-12-22 08:40:07 [ERROR] [LIVE ERROR] ALLO/USDT:USDT 市价单创建异常: binance {"code":-2019,"msg":"Margin is insufficient."}
2025-12-22 08:40:07 [WARNING] [DINGDING] 钉钉模块不可用，跳过通知
2025-12-22 08:40:07 [INFO] [LIVE SELL] 做空 ALT/USDT:USDT: 4306.6 @ 0.01161
2025-12-22 08:40:07 [INFO] [LIVE MARKET] 创建市价单 ALT/USDT:USDT: sell 4306.6
2025-12-22 08:40:07 [ERROR] [LIVE ERROR] ALT/USDT:USDT 订单创建失败: binance {"code":-2019,"msg":"Margin is insufficient."}
2025-12-22 08:40:07 [ERROR] [LIVE ERROR] ALT/USDT:USDT 市价单创建异常: binance {"code":-2019,"msg":"Margin is insufficient."}
2025-12-22 08:40:07 [WARNING] [DINGDING] 钉钉模块不可用，跳过通知
2025-12-22 08:40:07 [INFO] [LIVE SELL] 做空 APE/USDT:USDT: 246.9 @ 0.2025
2025-12-22 08:40:07 [INFO] [LIVE MARKET] 创建市价单 APE/USDT:USDT: sell 246.9
2025-12-22 08:40:07 [ERROR] [LIVE ERROR] APE/USDT:USDT 订单创建失败: binance {"code":-2019,"msg":"Margin is insufficient."}
2025-12-22 08:40:07 [ERROR] [LIVE ERROR] APE/USDT:USDT 市价单创建异常: binance {"code":-2019,"msg":"Margin is insufficient."}
2025-12-22 08:40:07 [WARNING] [DINGDING] 钉钉模块不可用，跳过通知
2025-12-22 08:40:07 [INFO] [LIVE SELL] 做空 API3/USDT:USDT: 118.7 @ 0.4214
2025-12-22 08:40:07 [INFO] [LIVE MARKET] 创建市价单 API3/USDT:USDT: sell 118.7
2025-12-22 08:40:07 [ERROR] [LIVE ERROR] API3/USDT:USDT 订单创建失败: binance {"code":-2019,"msg":"Margin is insufficient."}
2025-12-22 08:40:07 [ERROR] [LIVE ERROR] API3/USDT:USDT 市价单创建异常: binance {"code":-2019,"msg":"Margin is insufficient."}
2025-12-22 08:40:07 [WARNING] [DINGDING] 钉钉模块不可用，跳过通知
2025-12-22 08:40:07 [INFO] [LIVE SELL] 做空 APR/USDT:USDT: 380.2 @ 0.1315
2025-12-22 08:40:07 [INFO] [LIVE MARKET] 创建市价单 APR/USDT:USDT: sell 380.2
2025-12-22 08:40:07 [ERROR] [LIVE ERROR] APR/USDT:USDT 订单创建失败: binance {"code":-2019,"msg":"Margin is insufficient."}
2025-12-22 08:40:07 [ERROR] [LIVE ERROR] APR/USDT:USDT 市价单创建异常: binance {"code":-2019,"msg":"Margin is insufficient."}
2025-12-22 08:40:07 [WARNING] [DINGDING] 钉钉模块不可用，跳过通知
2025-12-22 08:40:08 [INFO] [LIVE SELL] 做空 APT/USDT:USDT: 30.7 @ 1.6292
2025-12-22 08:40:08 [INFO] [LIVE MARKET] 创建市价单 APT/USDT:USDT: sell 30.7
2025-12-22 08:40:08 [ERROR] [LIVE ERROR] APT/USDT:USDT 订单创建失败: binance {"code":-2019,"msg":"Margin is insufficient."}
2025-12-22 08:40:08 [ERROR] [LIVE ERROR] APT/USDT:USDT 市价单创建异常: binance {"code":-2019,"msg":"Margin is insufficient."}
2025-12-22 08:40:08 [WARNING] [DINGDING] 钉钉模块不可用，跳过通知
2025-12-22 08:40:08 [INFO] [LIVE SELL] 做空 AR/USDT:USDT: 14.5 @ 3.444
2025-12-22 08:40:08 [INFO] [LIVE MARKET] 创建市价单 AR/USDT:USDT: sell 14.5
2025-12-22 08:40:08 [ERROR] [LIVE ERROR] AR/USDT:USDT 订单创建失败: binance {"code":-2019,"msg":"Margin is insufficient."}
2025-12-22 08:40:08 [ERROR] [LIVE ERROR] AR/USDT:USDT 市价单创建异常: binance {"code":-2019,"msg":"Margin is insufficient."}
2025-12-22 08:40:08 [WARNING] [DINGDING] 钉钉模块不可用，跳过通知
2025-12-22 08:40:08 [INFO] [LIVE SELL] 做空 ARB/USDT:USDT: 261.2 @ 0.1914
2025-12-22 08:40:08 [INFO] [LIVE MARKET] 创建市价单 ARB/USDT:USDT: sell 261.2
2025-12-22 08:40:08 [ERROR] [LIVE ERROR] ARB/USDT:USDT 订单创建失败: binance {"code":-2019,"msg":"Margin is insufficient."}
2025-12-22 08:40:08 [ERROR] [LIVE ERROR] ARB/USDT:USDT 市价单创建异常: binance {"code":-2019,"msg":"Margin is insufficient."}
2025-12-22 08:40:08 [WARNING] [DINGDING] 钉钉模块不可用，跳过通知
2025-12-22 08:40:08 [INFO] [LIVE SELL] 做空 ARC/USDT:USDT: 1198.2 @ 0.04173
2025-12-22 08:40:08 [INFO] [LIVE MARKET] 创建市价单 ARC/USDT:USDT: sell 1198.2
2025-12-22 08:40:08 [ERROR] [LIVE ERROR] ARC/USDT:USDT 订单创建失败: binance {"code":-2019,"msg":"Margin is insufficient."}
2025-12-22 08:40:08 [ERROR] [LIVE ERROR] ARC/USDT:USDT 市价单创建异常: binance {"code":-2019,"msg":"Margin is insufficient."}
2025-12-22 08:40:08 [WARNING] [DINGDING] 钉钉模块不可用，跳过通知
2025-12-22 08:40:08 [INFO] [LIVE SELL] 做空 ARIA/USDT:USDT: 729.4 @ 0.06855
2025-12-22 08:40:08 [INFO] [LIVE MARKET] 创建市价单 ARIA/USDT:USDT: sell 729.4
2025-12-22 08:40:08 [ERROR] [LIVE ERROR] ARIA/USDT:USDT 订单创建失败: binance {"code":-2019,"msg":"Margin is insufficient."}
2025-12-22 08:40:08 [ERROR] [LIVE ERROR] ARIA/USDT:USDT 市价单创建异常: binance {"code":-2019,"msg":"Margin is insufficient."}
2025-12-22 08:40:08 [WARNING] [DINGDING] 钉钉模块不可用，跳过通知
2025-12-22 08:40:08 [INFO] [LIVE SELL] 做空 ARK/USDT:USDT: 194.7 @ 0.2568
2025-12-22 08:40:08 [INFO] [LIVE MARKET] 创建市价单 ARK/USDT:USDT: sell 194.7
2025-12-22 08:40:08 [ERROR] [LIVE ERROR] ARK/USDT:USDT 订单创建失败: binance {"code":-2019,"msg":"Margin is insufficient."}
2025-12-22 08:40:08 [ERROR] [LIVE ERROR] ARK/USDT:USDT 市价单创建异常: binance {"code":-2019,"msg":"Margin is insufficient."}
2025-12-22 08:40:08 [WARNING] [DINGDING] 钉钉模块不可用，跳过通知
2025-12-22 08:40:08 [INFO] [LIVE SELL] 做空 ARKM/USDT:USDT: 257.5 @ 0.1942
2025-12-22 08:40:08 [INFO] [LIVE MARKET] 创建市价单 ARKM/USDT:USDT: sell 257.5
2025-12-22 08:40:08 [ERROR] [LIVE ERROR] ARKM/USDT:USDT 订单创建失败: binance {"code":-2019,"msg":"Margin is insufficient."}
2025-12-22 08:40:08 [ERROR] [LIVE ERROR] ARKM/USDT:USDT 市价单创建异常: binance {"code":-2019,"msg":"Margin is insufficient."}
2025-12-22 08:40:08 [WARNING] [DINGDING] 钉钉模块不可用，跳过通知
2025-12-22 08:40:08 [INFO] [LIVE SELL] 做空 ARPA/USDT:USDT: 4045.3 @ 0.01236
2025-12-22 08:40:08 [INFO] [LIVE MARKET] 创建市价单 ARPA/USDT:USDT: sell 4045.3
2025-12-22 08:40:08 [ERROR] [LIVE ERROR] ARPA/USDT:USDT 订单创建失败: binance {"code":-2019,"msg":"Margin is insufficient."}
2025-12-22 08:40:08 [ERROR] [LIVE ERROR] ARPA/USDT:USDT 市价单创建异常: binance {"code":-2019,"msg":"Margin is insufficient."}
2025-12-22 08:40:08 [WARNING] [DINGDING] 钉钉模块不可用，跳过通知
2025-12-22 08:40:08 [INFO] [LIVE SELL] 做空 ASR/USDT:USDT: 26.4 @ 1.896
2025-12-22 08:40:08 [INFO] [LIVE MARKET] 创建市价单 ASR/USDT:USDT: sell 26.4
2025-12-22 08:40:08 [ERROR] [LIVE ERROR] ASR/USDT:USDT 订单创建失败: binance {"code":-2019,"msg":"Margin is insufficient."}
2025-12-22 08:40:08 [ERROR] [LIVE ERROR] ASR/USDT:USDT 市价单创建异常: binance {"code":-2019,"msg":"Margin is insufficient."}
2025-12-22 08:40:08 [WARNING] [DINGDING] 钉钉模块不可用，跳过通知
2025-12-22 08:40:09 [INFO] [LIVE SELL] 做空 ASTR/USDT:USDT: 4914.0 @ 0.010175
2025-12-22 08:40:09 [INFO] [LIVE MARKET] 创建市价单 ASTR/USDT:USDT: sell 4914.0
2025-12-22 08:40:09 [ERROR] [LIVE ERROR] ASTR/USDT:USDT 订单创建失败: binance {"code":-2019,"msg":"Margin is insufficient."}
2025-12-22 08:40:09 [ERROR] [LIVE ERROR] ASTR/USDT:USDT 市价单创建异常: binance {"code":-2019,"msg":"Margin is insufficient."}
2025-12-22 08:40:09 [WARNING] [DINGDING] 钉钉模块不可用，跳过通知
2025-12-22 08:40:09 [INFO] [LIVE SELL] 做空 ATH/USDT:USDT: 5246.6 @ 0.00953
2025-12-22 08:40:09 [INFO] [LIVE MARKET] 创建市价单 ATH/USDT:USDT: sell 5246.6
2025-12-22 08:40:09 [ERROR] [LIVE ERROR] ATH/USDT:USDT 订单创建失败: binance {"code":-2019,"msg":"Margin is insufficient."}
2025-12-22 08:40:09 [ERROR] [LIVE ERROR] ATH/USDT:USDT 市价单创建异常: binance {"code":-2019,"msg":"Margin is insufficient."}
2025-12-22 08:40:09 [WARNING] [DINGDING] 钉钉模块不可用，跳过通知
2025-12-22 08:40:09 [INFO] [LIVE SELL] 做空 ATOM/USDT:USDT: 25.55 @ 1.957
2025-12-22 08:40:09 [INFO] [LIVE MARKET] 创建市价单 ATOM/USDT:USDT: sell 25.55
2025-12-22 08:40:09 [ERROR] [LIVE ERROR] ATOM/USDT:USDT 订单创建失败: binance {"code":-2019,"msg":"Margin is insufficient."}
2025-12-22 08:40:09 [ERROR] [LIVE ERROR] ATOM/USDT:USDT 市价单创建异常: binance {"code":-2019,"msg":"Margin is insufficient."}
2025-12-22 08:40:09 [WARNING] [DINGDING] 钉钉模块不可用，跳过通知
2025-12-22 08:40:09 [INFO] [LIVE SELL] 做空 AUCTION/USDT:USDT: 10.19 @ 4.909
2025-12-22 08:40:09 [INFO] [LIVE MARKET] 创建市价单 AUCTION/USDT:USDT: sell 10.19
2025-12-22 08:40:09 [ERROR] [LIVE ERROR] AUCTION/USDT:USDT 订单创建失败: binance {"code":-2019,"msg":"Margin is insufficient."}
2025-12-22 08:40:09 [ERROR] [LIVE ERROR] AUCTION/USDT:USDT 市价单创建异常: binance {"code":-2019,"msg":"Margin is insufficient."}
2025-12-22 08:40:09 [WARNING] [DINGDING] 钉钉模块不可用，跳过通知
2025-12-22 08:40:09 [INFO] [LIVE SELL] 做空 AVA/USDT:USDT: 182.0 @ 0.2747
2025-12-22 08:40:09 [INFO] [LIVE MARKET] 创建市价单 AVA/USDT:USDT: sell 182.0
2025-12-22 08:40:09 [ERROR] [LIVE ERROR] AVA/USDT:USDT 订单创建失败: binance {"code":-2019,"msg":"Margin is insufficient."}
2025-12-22 08:40:09 [ERROR] [LIVE ERROR] AVA/USDT:USDT 市价单创建异常: binance {"code":-2019,"msg":"Margin is insufficient."}
2025-12-22 08:40:09 [WARNING] [DINGDING] 钉钉模块不可用，跳过通知
2025-12-22 08:40:09 [INFO] [LIVE SELL] 做空 AVAX/USDT:USDT: 4.1 @ 12.279
2025-12-22 08:40:09 [INFO] [LIVE MARKET] 创建市价单 AVAX/USDT:USDT: sell 4.1
2025-12-22 08:40:09 [ERROR] [LIVE ERROR] AVAX/USDT:USDT 订单创建失败: binance {"code":-2019,"msg":"Margin is insufficient."}
2025-12-22 08:40:09 [ERROR] [LIVE ERROR] AVAX/USDT:USDT 市价单创建异常: binance {"code":-2019,"msg":"Margin is insufficient."}
2025-12-22 08:40:09 [WARNING] [DINGDING] 钉钉模块不可用，跳过通知
2025-12-22 08:40:09 [INFO] [LIVE SELL] 做空 AVNT/USDT:USDT: 184.0 @ 0.2717
2025-12-22 08:40:09 [INFO] [LIVE MARKET] 创建市价单 AVNT/USDT:USDT: sell 184.0
2025-12-22 08:40:09 [ERROR] [LIVE ERROR] AVNT/USDT:USDT 订单创建失败: binance {"code":-2019,"msg":"Margin is insufficient."}
2025-12-22 08:40:09 [ERROR] [LIVE ERROR] AVNT/USDT:USDT 市价单创建异常: binance {"code":-2019,"msg":"Margin is insufficient."}
2025-12-22 08:40:09 [WARNING] [DINGDING] 钉钉模块不可用，跳过通知
2025-12-22 08:40:09 [INFO] [LIVE SELL] 做空 AWE/USDT:USDT: 896.7 @ 0.05576
2025-12-22 08:40:09 [INFO] [LIVE MARKET] 创建市价单 AWE/USDT:USDT: sell 896.7
2025-12-22 08:40:09 [ERROR] [LIVE ERROR] AWE/USDT:USDT 订单创建失败: binance {"code":-2019,"msg":"Margin is insufficient."}
2025-12-22 08:40:09 [ERROR] [LIVE ERROR] AWE/USDT:USDT 市价单创建异常: binance {"code":-2019,"msg":"Margin is insufficient."}
2025-12-22 08:40:09 [WARNING] [DINGDING] 钉钉模块不可用，跳过通知
2025-12-22 08:40:09 [INFO] [LIVE SELL] 做空 AXL/USDT:USDT: 605.3 @ 0.0826
2025-12-22 08:40:09 [INFO] [LIVE MARKET] 创建市价单 AXL/USDT:USDT: sell 605.3
2025-12-22 08:40:09 [ERROR] [LIVE ERROR] AXL/USDT:USDT 订单创建失败: binance {"code":-2019,"msg":"Margin is insufficient."}
2025-12-22 08:40:09 [ERROR] [LIVE ERROR] AXL/USDT:USDT 市价单创建异常: binance {"code":-2019,"msg":"Margin is insufficient."}
2025-12-22 08:40:09 [WARNING] [DINGDING] 钉钉模块不可用，跳过通知
2025-12-22 08:40:09 [INFO] [EXIT] 用户中断
2025-12-22 09:23:08 [INFO] [SYSTEM] 初始化组件...
2025-12-22 09:23:10 [INFO] [OK] API连接成功 - LIVE
2025-12-22 09:23:10 [INFO] [BALANCE] USDT总余额: 75.62
2025-12-22 09:23:10 [INFO] [INFO] 找到 535 个活跃USDT永续合约
2025-12-22 09:23:10 [INFO] [OK] 交易执行器初始化成功
2025-12-22 09:23:11 [INFO] [OK] API连接测试成功，耗时: 1.070秒
2025-12-22 09:23:11 [INFO] [OK] 优化数据处理器初始化成功
2025-12-22 09:23:11 [INFO] [BALANCE] 当前 USDT 余额: 75.62
2025-12-22 09:23:11 [WARNING] [DINGDING] 钉钉模块不可用，跳过通知
2025-12-22 09:23:11 [INFO] [BALANCE] 余额通知已发送: 75.62 USDT
2025-12-22 09:23:11 [INFO] [SYSTEM] 激活交易对数量: 535
2025-12-22 09:23:11 [INFO] [SYSTEM] find_in_out 策略启动
2025-12-22 09:24:00 [INFO] [MONITOR] 当前无持仓需要监控
2025-12-22 09:24:00 [INFO] [SCAN] 非15分钟节点，跳过开仓扫描
2025-12-22 09:24:00 [INFO] [WAIT] 等待 60.0 秒进入下一轮
2025-12-22 09:24:15 [INFO] [EXIT] 用户中断
2025-12-22 09:38:39 [INFO] [SYSTEM] 初始化组件...
2025-12-22 09:38:40 [INFO] [OK] API连接成功 - LIVE
2025-12-22 09:38:40 [INFO] [BALANCE] USDT总余额: 75.62
2025-12-22 09:38:40 [INFO] [INFO] 找到 535 个活跃USDT永续合约
2025-12-22 09:38:40 [INFO] [OK] 交易执行器初始化成功
2025-12-22 09:38:41 [INFO] [OK] API连接测试成功，耗时: 1.077秒
2025-12-22 09:38:41 [INFO] [OK] 优化数据处理器初始化成功
2025-12-22 09:38:41 [INFO] [BALANCE] 当前 USDT 余额: 75.62
2025-12-22 09:38:41 [WARNING] [DINGDING] 钉钉模块不可用，跳过通知
2025-12-22 09:38:41 [INFO] [BALANCE] 余额通知已发送: 75.62 USDT
2025-12-22 09:38:41 [INFO] [SYSTEM] 激活交易对数量: 535
2025-12-22 09:38:41 [INFO] [SYSTEM] find_in_out 策略启动
2025-12-22 09:39:00 [INFO] [MONITOR] 当前无持仓需要监控
2025-12-22 09:39:00 [ERROR] [ERROR] 主循环异常: 'list' object has no attribute 'tail'
2025-12-22 09:39:00 [INFO] [WAIT] 等待 60.0 秒进入下一轮
2025-12-22 09:39:07 [INFO] [EXIT] 用户中断
2025-12-22 09:39:33 [INFO] [SYSTEM] 初始化组件...
2025-12-22 09:39:34 [INFO] [OK] API连接成功 - LIVE
2025-12-22 09:39:34 [INFO] [BALANCE] USDT总余额: 75.62
2025-12-22 09:39:34 [INFO] [INFO] 找到 535 个活跃USDT永续合约
2025-12-22 09:39:34 [INFO] [OK] 交易执行器初始化成功
2025-12-22 09:39:35 [INFO] [OK] API连接测试成功，耗时: 1.099秒
2025-12-22 09:39:35 [INFO] [OK] 优化数据处理器初始化成功
2025-12-22 09:39:35 [INFO] [BALANCE] 当前 USDT 余额: 75.62
2025-12-22 09:39:35 [WARNING] [DINGDING] 钉钉模块不可用，跳过通知
2025-12-22 09:39:35 [INFO] [BALANCE] 余额通知已发送: 75.62 USDT
2025-12-22 09:39:35 [INFO] [SYSTEM] 激活交易对数量: 535
2025-12-22 09:39:35 [INFO] [SYSTEM] find_in_out 策略启动
2025-12-22 09:39:40 [INFO] [EXIT] 用户中断
2025-12-22 09:42:13 [INFO] [SYSTEM] 初始化组件...
2025-12-22 09:42:14 [INFO] [OK] API连接成功 - LIVE
2025-12-22 09:42:14 [INFO] [BALANCE] USDT总余额: 75.62
2025-12-22 09:42:14 [INFO] [INFO] 找到 535 个活跃USDT永续合约
2025-12-22 09:42:14 [INFO] [OK] 交易执行器初始化成功
2025-12-22 09:42:15 [INFO] [OK] API连接测试成功，耗时: 1.078秒
2025-12-22 09:42:15 [INFO] [OK] 优化数据处理器初始化成功
2025-12-22 09:42:15 [INFO] [BALANCE] 当前 USDT 余额: 75.62
2025-12-22 09:42:15 [INFO] [DINGDING] 通知已发送:  账户余额报告
 时间: 2025-12-22 09:42:15
 USDT余额: 75.62
2025-12-22 09:42:15 [INFO] [BALANCE] 余额通知已发送: 75.62 USDT
2025-12-22 09:42:15 [INFO] [SYSTEM] 激活交易对数量: 535
2025-12-22 09:42:15 [INFO] [SYSTEM] find_in_out 策略启动
2025-12-22 09:43:00 [INFO] [MONITOR] 当前无持仓需要监控
2025-12-22 09:43:02 [INFO] [EXIT] 用户中断
2025-12-22 09:43:50 [INFO] [SYSTEM] 初始化组件...
2025-12-22 09:43:51 [INFO] [OK] API连接成功 - LIVE
2025-12-22 09:43:51 [INFO] [BALANCE] USDT总余额: 75.62
2025-12-22 09:43:51 [INFO] [INFO] 找到 535 个活跃USDT永续合约
2025-12-22 09:43:51 [INFO] [OK] 交易执行器初始化成功
2025-12-22 09:43:52 [INFO] [OK] API连接测试成功，耗时: 1.074秒
2025-12-22 09:43:52 [INFO] [OK] 优化数据处理器初始化成功
2025-12-22 09:43:52 [INFO] [BALANCE] 当前 USDT 余额: 75.62
2025-12-22 09:43:53 [INFO] [DINGDING] 通知已发送:  账户余额报告
 时间: 2025-12-22 09:43:52
 USDT余额: 75.62
2025-12-22 09:43:53 [INFO] [BALANCE] 余额通知已发送: 75.62 USDT
2025-12-22 09:43:53 [INFO] [SYSTEM] 激活交易对数量: 535
2025-12-22 09:43:53 [INFO] [SYSTEM] find_in_out 策略启动
2025-12-22 09:44:00 [INFO] [MONITOR] 当前无持仓需要监控
2025-12-22 09:44:03 [INFO] [EXIT] 用户中断
2025-12-22 09:45:53 [INFO] [SYSTEM] 初始化组件...
2025-12-22 09:45:54 [INFO] [OK] API连接成功 - LIVE
2025-12-22 09:45:54 [INFO] [BALANCE] USDT总余额: 75.62
2025-12-22 09:45:54 [INFO] [INFO] 找到 535 个活跃USDT永续合约
2025-12-22 09:45:54 [INFO] [OK] 交易执行器初始化成功
2025-12-22 09:45:55 [INFO] [OK] API连接测试成功，耗时: 1.049秒
2025-12-22 09:45:55 [INFO] [OK] 优化数据处理器初始化成功
2025-12-22 09:45:55 [INFO] [BALANCE] 当前 USDT 余额: 75.62
2025-12-22 09:45:56 [INFO] [DINGDING] 通知已发送:  账户余额报告
 时间: 2025-12-22 09:45:55
 USDT余额: 75.62
2025-12-22 09:45:56 [INFO] [BALANCE] 余额通知已发送: 75.62 USDT
2025-12-22 09:45:56 [INFO] [SYSTEM] 激活交易对数量: 535
2025-12-22 09:45:56 [INFO] [SYSTEM] find_in_out 策略启动
2025-12-22 09:46:00 [INFO] [MONITOR] 当前无持仓需要监控
2025-12-22 09:46:03 [INFO] [EXIT] 用户中断
2025-12-22 09:47:04 [INFO] [SYSTEM] 初始化组件...
2025-12-22 09:47:05 [INFO] [OK] API连接成功 - LIVE
2025-12-22 09:47:05 [INFO] [BALANCE] USDT总余额: 75.62
2025-12-22 09:47:05 [INFO] [INFO] 找到 535 个活跃USDT永续合约
2025-12-22 09:47:05 [INFO] [OK] 交易执行器初始化成功
2025-12-22 09:47:06 [INFO] [OK] API连接测试成功，耗时: 1.060秒
2025-12-22 09:47:06 [INFO] [OK] 优化数据处理器初始化成功
2025-12-22 09:47:06 [INFO] [BALANCE] 当前 USDT 余额: 75.62
2025-12-22 09:47:07 [INFO] [DINGDING] 通知已发送:  账户余额报告
 时间: 2025-12-22 09:47:06
 USDT余额: 75.62
2025-12-22 09:47:07 [INFO] [BALANCE] 余额通知已发送: 75.62 USDT
2025-12-22 09:47:07 [INFO] [SYSTEM] 激活交易对数量: 535
2025-12-22 09:47:07 [INFO] [SYSTEM] find_in_out 策略启动
2025-12-22 09:48:00 [INFO] [MONITOR] 当前无持仓需要监控
2025-12-22 09:48:04 [INFO] [LIVE SHORT] 开空头仓位: 1 个
2025-12-22 09:48:04 [INFO] [LIVE SELL] 做空 POLYX/USDT:USDT: 843.2 @ 0.0593
2025-12-22 09:48:04 [INFO] [LIVE MARKET] 创建市价单 POLYX/USDT:USDT: sell 843.2
2025-12-22 09:48:04 [INFO] [LIVE SUCCESS] POLYX/USDT:USDT 市价单创建成功 ID:3513804208 成交:843.0
2025-12-22 09:48:04 [INFO] [PROTECT] POLYX/USDT:USDT 止盈单创建成功 ID:4000000100247879 触发价:0.05811
2025-12-22 09:48:04 [INFO] [PROTECT] POLYX/USDT:USDT 止损单创建成功 ID:4000000100247882 触发价:0.06227
2025-12-22 09:48:04 [INFO] [LIVE OK] 空头开仓: 1/1 成功
2025-12-22 09:48:05 [INFO] [WAIT] 等待 54.7 秒进入下一轮
2025-12-22 09:48:14 [INFO] [EXIT] 用户中断
2025-12-22 10:35:53 [INFO] [SYSTEM] 初始化组件...
2025-12-22 10:35:54 [INFO] [OK] API连接成功 - LIVE
2025-12-22 10:35:54 [INFO] [BALANCE] USDT总余额: 20.60
2025-12-22 10:35:54 [INFO] [INFO] 找到 535 个活跃USDT永续合约
2025-12-22 10:35:54 [INFO] [OK] 交易执行器初始化成功
2025-12-22 10:35:55 [INFO] [OK] API连接测试成功，耗时: 1.088秒
2025-12-22 10:35:55 [INFO] [OK] 优化数据处理器初始化成功
2025-12-22 10:35:55 [INFO] [BALANCE] 当前 USDT 余额: 20.60
2025-12-22 10:35:56 [INFO] [DINGDING] 通知已发送:  账户余额报告
 时间: 2025-12-22 10:35:55
 USDT余额: 20.60
2025-12-22 10:35:56 [INFO] [BALANCE] 余额通知已发送: 20.60 USDT
2025-12-22 10:35:56 [INFO] [SYSTEM] 激活交易对数量: 535
2025-12-22 10:35:56 [INFO] [SYSTEM] find_in_out 策略启动
2025-12-22 10:36:00 [INFO] [MONITOR] 当前无持仓需要监控
2025-12-22 10:36:03 [INFO] [SCAN] 本轮无满足条件的标的
2025-12-22 10:36:03 [INFO] [WAIT] 等待 56.2 秒进入下一轮
2025-12-22 10:36:19 [INFO] [EXIT] 用户中断
2025-12-22 10:46:49 [INFO] [SYSTEM] 初始化组件...
2025-12-22 10:46:50 [INFO] [OK] API连接成功 - LIVE
2025-12-22 10:46:50 [INFO] [BALANCE] USDT总余额: 20.60
2025-12-22 10:46:50 [INFO] [INFO] 找到 535 个活跃USDT永续合约
2025-12-22 10:46:50 [INFO] [OK] 交易执行器初始化成功
2025-12-22 10:46:51 [INFO] [OK] API连接测试成功，耗时: 1.092秒
2025-12-22 10:46:51 [INFO] [OK] 优化数据处理器初始化成功
2025-12-22 10:46:51 [INFO] [BALANCE] 当前 USDT 余额: 20.60
2025-12-22 10:46:52 [INFO] [DINGDING] 通知已发送:  账户余额报告
 时间: 2025-12-22 10:46:51
 USDT余额: 20.60
2025-12-22 10:46:52 [INFO] [BALANCE] 余额通知已发送: 20.60 USDT
2025-12-22 10:46:52 [INFO] [SYSTEM] 激活交易对数量: 535
2025-12-22 10:46:52 [INFO] [SYSTEM] find_in_out 策略启动
2025-12-22 10:47:00 [INFO] [MONITOR] 当前无持仓需要监控
2025-12-22 10:47:03 [INFO] [SCAN] 本轮无满足条件的标的
2025-12-22 10:47:03 [INFO] [WAIT] 等待 56.3 秒进入下一轮
2025-12-22 10:47:07 [INFO] [EXIT] 用户中断
2025-12-22 11:03:38 [INFO] [SYSTEM] 初始化组件...
2025-12-22 11:03:39 [INFO] [OK] API连接成功 - LIVE
2025-12-22 11:03:39 [INFO] [BALANCE] USDT总余额: 20.60
2025-12-22 11:03:39 [INFO] [INFO] 找到 535 个活跃USDT永续合约
2025-12-22 11:03:39 [INFO] [OK] 交易执行器初始化成功
2025-12-22 11:03:41 [INFO] [OK] API连接测试成功，耗时: 1.074秒
2025-12-22 11:03:41 [INFO] [OK] 优化数据处理器初始化成功
2025-12-22 11:03:41 [INFO] [BALANCE] 当前 USDT 余额: 20.60
2025-12-22 11:03:42 [INFO] [DINGDING] 通知已发送:  账户余额报告
 时间: 2025-12-22 11:03:41
 USDT余额: 20.60
2025-12-22 11:03:42 [INFO] [BALANCE] 余额通知已发送: 20.60 USDT
2025-12-22 11:03:42 [INFO] [SYSTEM] 激活交易对数量: 535
2025-12-22 11:03:42 [INFO] [SYSTEM] find_in_out 策略启动
2025-12-22 11:04:00 [INFO] [MONITOR] 当前无持仓需要监控
2025-12-22 11:04:03 [INFO] [SCAN] 本轮无满足条件的标的
2025-12-22 11:04:03 [INFO] [WAIT] 等待 56.4 秒进入下一轮
2025-12-22 11:05:00 [INFO] [MONITOR] 当前无持仓需要监控
2025-12-22 11:05:04 [INFO] [SCAN] 本轮无满足条件的标的
2025-12-22 11:05:04 [INFO] [WAIT] 等待 55.5 秒进入下一轮
2025-12-22 11:05:12 [INFO] [EXIT] 用户中断
2025-12-22 12:26:09 [INFO] [SYSTEM] 初始化组件...
2025-12-22 12:26:10 [INFO] [OK] API连接成功 - LIVE
2025-12-22 12:26:10 [INFO] [BALANCE] USDT总余额: 20.60
2025-12-22 12:26:10 [INFO] [INFO] 找到 535 个活跃USDT永续合约
2025-12-22 12:26:10 [INFO] [OK] 交易执行器初始化成功
2025-12-22 12:26:11 [INFO] [OK] API连接测试成功，耗时: 1.077秒
2025-12-22 12:26:11 [INFO] [OK] 优化数据处理器初始化成功
2025-12-22 12:26:11 [INFO] [BALANCE] 当前 USDT 余额: 20.60
2025-12-22 12:26:12 [INFO] [DINGDING] 通知已发送:  账户余额报告
 时间: 2025-12-22 12:26:11
 USDT余额: 20.60
2025-12-22 12:26:12 [INFO] [BALANCE] 余额通知已发送: 20.60 USDT
2025-12-22 12:26:12 [INFO] [SYSTEM] 激活交易对数量: 535
2025-12-22 12:26:12 [INFO] [SYSTEM] find_in_out 策略启动
2025-12-22 12:27:00 [INFO] [MONITOR] 当前无持仓需要监控
2025-12-22 12:27:03 [INFO] [LIVE SHORT] 开空头仓位: 1 个
2025-12-22 12:27:03 [INFO] [LIVE SELL] 做空 SQD/USDT:USDT: 1155.5 @ 0.04327
2025-12-22 12:27:03 [INFO] [LIVE MARKET] 创建市价单 SQD/USDT:USDT: sell 1155.5
2025-12-22 12:27:03 [ERROR] [LIVE ERROR] SQD/USDT:USDT 订单创建失败: binance {"code":-2019,"msg":"Margin is insufficient."}
2025-12-22 12:27:03 [ERROR] [LIVE ERROR] SQD/USDT:USDT 市价单创建异常: binance {"code":-2019,"msg":"Margin is insufficient."}
2025-12-22 12:27:04 [INFO] [DINGDING] 通知已发送: [LIVE] 空头订单失败！SQD/USDT:USDT 数量: 1155.5 @ 0.04327
2025-12-22 12:27:04 [INFO] [LIVE OK] 空头开仓: 0/1 成功
2025-12-22 12:27:04 [WARNING] [OPEN] 本轮开空全部失败
2025-12-22 12:27:04 [INFO] [WAIT] 等待 55.9 秒进入下一轮
2025-12-22 12:27:20 [INFO] [EXIT] 用户中断
2025-12-22 12:27:57 [INFO] [SYSTEM] 初始化组件...
2025-12-22 12:27:58 [INFO] [OK] API连接成功 - LIVE
2025-12-22 12:27:58 [INFO] [BALANCE] USDT总余额: 20.60
2025-12-22 12:27:58 [INFO] [INFO] 找到 535 个活跃USDT永续合约
2025-12-22 12:27:58 [INFO] [OK] 交易执行器初始化成功
2025-12-22 12:27:59 [INFO] [OK] API连接测试成功，耗时: 1.073秒
2025-12-22 12:27:59 [INFO] [OK] 优化数据处理器初始化成功
2025-12-22 12:27:59 [INFO] [BALANCE] 当前 USDT 余额: 20.60
2025-12-22 12:27:59 [INFO] [DINGDING] 通知已发送:  账户余额报告
 时间: 2025-12-22 12:27:59
 USDT余额: 20.60
2025-12-22 12:27:59 [INFO] [BALANCE] 余额通知已发送: 20.60 USDT
2025-12-22 12:27:59 [INFO] [SYSTEM] 激活交易对数量: 535
2025-12-22 12:27:59 [INFO] [SYSTEM] find_in_out 策略启动
2025-12-22 12:28:00 [INFO] [MONITOR] 当前无持仓需要监控
2025-12-22 12:28:03 [INFO] [LIVE SHORT] 开空头仓位: 1 个
2025-12-22 12:28:03 [INFO] [LIVE SELL] 做空 SQD/USDT:USDT: 1154.2 @ 0.04332
2025-12-22 12:28:03 [INFO] [LIVE MARKET] 创建市价单 SQD/USDT:USDT: sell 1154.2
2025-12-22 12:28:03 [ERROR] [LIVE ERROR] SQD/USDT:USDT 订单创建失败: binance {"code":-2019,"msg":"Margin is insufficient."}
2025-12-22 12:28:03 [ERROR] [LIVE ERROR] SQD/USDT:USDT 市价单创建异常: binance {"code":-2019,"msg":"Margin is insufficient."}
2025-12-22 12:28:04 [INFO] [DINGDING] 通知已发送: [LIVE] 空头订单失败！SQD/USDT:USDT 数量: 1154.2 @ 0.04332
2025-12-22 12:28:04 [INFO] [LIVE OK] 空头开仓: 0/1 成功
2025-12-22 12:28:04 [WARNING] [OPEN] 本轮开空全部失败
2025-12-22 12:28:04 [INFO] [WAIT] 等待 55.6 秒进入下一轮
2025-12-22 12:28:11 [INFO] [EXIT] 用户中断
2025-12-22 12:28:54 [INFO] [SYSTEM] 初始化组件...
2025-12-22 12:28:55 [INFO] [OK] API连接成功 - LIVE
2025-12-22 12:28:55 [INFO] [BALANCE] USDT总余额: 20.60
2025-12-22 12:28:55 [INFO] [INFO] 找到 535 个活跃USDT永续合约
2025-12-22 12:28:55 [INFO] [OK] 交易执行器初始化成功
2025-12-22 12:28:57 [INFO] [OK] API连接测试成功，耗时: 1.082秒
2025-12-22 12:28:57 [INFO] [OK] 优化数据处理器初始化成功
2025-12-22 12:28:57 [INFO] [BALANCE] 当前 USDT 余额: 20.60
2025-12-22 12:28:57 [INFO] [DINGDING] 通知已发送:  账户余额报告
 时间: 2025-12-22 12:28:57
 USDT余额: 20.60
2025-12-22 12:28:57 [INFO] [BALANCE] 余额通知已发送: 20.60 USDT
2025-12-22 12:28:57 [INFO] [SYSTEM] 激活交易对数量: 535
2025-12-22 12:28:57 [INFO] [SYSTEM] find_in_out 策略启动
2025-12-22 12:29:00 [INFO] [MONITOR] 当前无持仓需要监控
2025-12-22 12:29:03 [INFO] [LIVE SHORT] 开空头仓位: 1 个
2025-12-22 12:29:03 [INFO] [LIVE SELL] 做空 SQD/USDT:USDT: 115.1 @ 0.04343
2025-12-22 12:29:03 [INFO] [LIVE MARKET] 创建市价单 SQD/USDT:USDT: sell 115.1
2025-12-22 12:29:03 [ERROR] [LIVE ERROR] SQD/USDT:USDT 订单金额太小 (-4164): 请增加订单金额
2025-12-22 12:29:03 [ERROR] [LIVE ERROR] SQD/USDT:USDT 市价单创建异常: binance {"code":-4164,"msg":"Order's notional must be no smaller than 5 (unless you choose reduce only)."}
2025-12-22 12:29:04 [INFO] [DINGDING] 通知已发送: [LIVE] 空头订单失败！SQD/USDT:USDT 数量: 115.1 @ 0.04343
2025-12-22 12:29:04 [INFO] [LIVE OK] 空头开仓: 0/1 成功
2025-12-22 12:29:04 [WARNING] [OPEN] 本轮开空全部失败
2025-12-22 12:29:04 [INFO] [WAIT] 等待 55.7 秒进入下一轮
2025-12-22 12:29:12 [INFO] [EXIT] 用户中断
2025-12-22 12:29:24 [INFO] [SYSTEM] 初始化组件...
2025-12-22 12:29:25 [INFO] [OK] API连接成功 - LIVE
2025-12-22 12:29:25 [INFO] [BALANCE] USDT总余额: 20.60
2025-12-22 12:29:25 [INFO] [INFO] 找到 535 个活跃USDT永续合约
2025-12-22 12:29:25 [INFO] [OK] 交易执行器初始化成功
2025-12-22 12:29:26 [INFO] [OK] API连接测试成功，耗时: 1.086秒
2025-12-22 12:29:26 [INFO] [OK] 优化数据处理器初始化成功
2025-12-22 12:29:26 [INFO] [BALANCE] 当前 USDT 余额: 20.60
2025-12-22 12:29:26 [INFO] [DINGDING] 通知已发送:  账户余额报告
 时间: 2025-12-22 12:29:26
 USDT余额: 20.60
2025-12-22 12:29:26 [INFO] [BALANCE] 余额通知已发送: 20.60 USDT
2025-12-22 12:29:26 [INFO] [SYSTEM] 激活交易对数量: 535
2025-12-22 12:29:26 [INFO] [SYSTEM] find_in_out 策略启动
2025-12-22 12:30:00 [INFO] [MONITOR] 当前无持仓需要监控
2025-12-22 12:30:04 [INFO] [LIVE SHORT] 开空头仓位: 1 个
2025-12-22 12:30:04 [INFO] [LIVE SELL] 做空 SQD/USDT:USDT: 230.1 @ 0.04346
2025-12-22 12:30:04 [INFO] [LIVE MARKET] 创建市价单 SQD/USDT:USDT: sell 230.1
2025-12-22 12:30:04 [INFO] [LIVE SUCCESS] SQD/USDT:USDT 市价单创建成功 ID:774372942 成交:230.0
2025-12-22 12:30:04 [INFO] [LIVE OK] 空头开仓: 1/1 成功
2025-12-22 12:30:05 [INFO] [WAIT] 等待 54.8 秒进入下一轮
2025-12-22 12:30:34 [INFO] [EXIT] 用户中断
2025-12-22 12:33:45 [INFO] [SYSTEM] 初始化组件...
2025-12-22 12:33:46 [INFO] [OK] API连接成功 - LIVE
2025-12-22 12:33:46 [INFO] [BALANCE] USDT总余额: 20.60
2025-12-22 12:33:46 [INFO] [INFO] 找到 535 个活跃USDT永续合约
2025-12-22 12:33:46 [INFO] [OK] 交易执行器初始化成功
2025-12-22 12:33:47 [INFO] [OK] API连接测试成功，耗时: 1.085秒
2025-12-22 12:33:47 [INFO] [OK] 优化数据处理器初始化成功
2025-12-22 12:33:47 [INFO] [BALANCE] 当前 USDT 余额: 20.60
2025-12-22 12:33:49 [INFO] [DINGDING] 通知已发送:  账户余额报告
 时间: 2025-12-22 12:33:47
 USDT余额: 20.60
2025-12-22 12:33:49 [INFO] [BALANCE] 余额通知已发送: 20.60 USDT
2025-12-22 12:33:49 [INFO] [SYSTEM] 激活交易对数量: 535
2025-12-22 12:33:49 [INFO] [SYSTEM] find_in_out 策略启动
2025-12-22 12:34:00 [INFO] [MONITOR] 当前无持仓需要监控
2025-12-22 12:34:04 [INFO] [LIVE SHORT] 开空头仓位: 1 个
2025-12-22 12:34:04 [INFO] [LIVE SELL] 做空 SQD/USDT:USDT: 231.3 @ 0.04324
2025-12-22 12:34:04 [INFO] [LIVE MARKET] 创建市价单 SQD/USDT:USDT: sell 231.3
2025-12-22 12:34:04 [INFO] [LIVE SUCCESS] SQD/USDT:USDT 市价单创建成功 ID:774379792 成交:231.0
2025-12-22 12:34:04 [INFO] [LIVE OK] 空头开仓: 1/1 成功
2025-12-22 12:34:04 [INFO] [WAIT] 等待 55.4 秒进入下一轮
2025-12-22 12:34:19 [INFO] [EXIT] 用户中断
2025-12-22 14:08:25 [INFO] [SYSTEM] 初始化组件...
2025-12-22 14:08:26 [INFO] [OK] API连接成功 - LIVE
2025-12-22 14:08:26 [INFO] [BALANCE] USDT总余额: 20.82
2025-12-22 14:08:26 [INFO] [INFO] 找到 535 个活跃USDT永续合约
2025-12-22 14:08:26 [INFO] [OK] 交易执行器初始化成功
2025-12-22 14:08:28 [INFO] [OK] API连接测试成功，耗时: 1.127秒
2025-12-22 14:08:28 [INFO] [OK] 优化数据处理器初始化成功
2025-12-22 14:08:28 [INFO] [BALANCE] 当前 USDT 余额: 20.82
2025-12-22 14:08:29 [INFO] [DINGDING] 通知已发送:  账户余额报告
 时间: 2025-12-22 14:08:28
 USDT余额: 20.82
2025-12-22 14:08:29 [INFO] [BALANCE] 余额通知已发送: 20.82 USDT
2025-12-22 14:08:29 [INFO] [SYSTEM] 激活交易对数量: 535
2025-12-22 14:08:29 [INFO] [SYSTEM] find_in_out 策略启动
2025-12-22 14:09:00 [INFO] [MONITOR] 当前无持仓需要监控
2025-12-22 14:09:03 [INFO] [SCAN] 本轮无满足条件的标的
2025-12-22 14:09:03 [INFO] [WAIT] 等待 56.0 秒进入下一轮
2025-12-22 14:10:00 [INFO] [MONITOR] 当前无持仓需要监控
2025-12-22 14:10:00 [INFO] [SCAN] 非15分钟节点，跳过开仓扫描
2025-12-22 14:10:00 [INFO] [WAIT] 等待 59.9 秒进入下一轮
2025-12-22 14:10:09 [INFO] [EXIT] 用户中断
2025-12-22 14:14:29 [INFO] [SYSTEM] 初始化组件...
2025-12-22 14:14:30 [INFO] [OK] API连接成功 - LIVE
2025-12-22 14:14:30 [INFO] [BALANCE] USDT总余额: 20.82
2025-12-22 14:14:30 [INFO] [INFO] 找到 535 个活跃USDT永续合约
2025-12-22 14:14:30 [INFO] [OK] 交易执行器初始化成功
2025-12-22 14:14:31 [INFO] [OK] API连接测试成功，耗时: 1.072秒
2025-12-22 14:14:31 [INFO] [OK] 优化数据处理器初始化成功
2025-12-22 14:14:31 [INFO] [BALANCE] 当前 USDT 余额: 20.82
2025-12-22 14:14:31 [INFO] [DINGDING] 通知已发送:  账户余额报告
 时间: 2025-12-22 14:14:31
 USDT余额: 20.82
2025-12-22 14:14:31 [INFO] [BALANCE] 余额通知已发送: 20.82 USDT
2025-12-22 14:14:31 [INFO] [SYSTEM] 激活交易对数量: 535
2025-12-22 14:14:31 [INFO] [SYSTEM] find_in_out 策略启动
2025-12-22 14:15:00 [INFO] [MONITOR] 当前无持仓需要监控
2025-12-22 14:15:04 [INFO] [LIVE SHORT] 开空头仓位: 1 个
2025-12-22 14:15:04 [INFO] [LIVE SELL] 做空 NIL/USDT:USDT: 133.8 @ 0.07476
2025-12-22 14:15:04 [INFO] [LIVE MARKET] 创建市价单 NIL/USDT:USDT: sell 133.8
2025-12-22 14:15:04 [INFO] [LIVE SUCCESS] NIL/USDT:USDT 市价单创建成功 ID:714301023 成交:133.8
2025-12-22 14:15:04 [INFO] [LIVE OK] 空头开仓: 1/1 成功
2025-12-22 14:15:04 [INFO] [PROTECT] NIL/USDT:USDT 更新止盈 0.07326
2025-12-22 14:15:04 [INFO] [PROTECT] NIL/USDT:USDT 更新止损 0.0785
2025-12-22 14:15:05 [INFO] [WAIT] 等待 54.8 秒进入下一轮
2025-12-22 14:16:00 [INFO] [PROTECT] NIL/USDT:USDT 对侧触发，已取消止盈单 4000000101873187
2025-12-22 14:16:00 [INFO] [PROTECT] NIL/USDT:USDT 对侧触发，已取消止损单 4000000101873195
2025-12-22 14:16:00 [INFO] [PROTECT] NIL/USDT:USDT 更新止盈 0.07326
2025-12-22 14:16:00 [INFO] [PROTECT] NIL/USDT:USDT 更新止损 0.07849
2025-12-22 14:16:00 [INFO] [MONITOR] 持仓#1 symbol=NIL/USDT:USDT qty=133.8 tp=0.07326 sl=0.07849 entry_time=2025-12-22 14:15:04 min_price=0.07474
2025-12-22 14:16:00 [INFO] [SCAN] 非15分钟节点，跳过开仓扫描
2025-12-22 14:16:00 [INFO] [WAIT] 等待 59.8 秒进入下一轮
2025-12-22 14:17:00 [INFO] [PROTECT] NIL/USDT:USDT 对侧触发，已取消止盈单 4000000101878917
2025-12-22 14:17:00 [INFO] [PROTECT] NIL/USDT:USDT 对侧触发，已取消止损单 4000000101878920
2025-12-22 14:17:00 [INFO] [PROTECT] NIL/USDT:USDT 更新止盈 0.07326
2025-12-22 14:17:00 [INFO] [PROTECT] NIL/USDT:USDT 更新止损 0.07848
2025-12-22 14:17:00 [INFO] [MONITOR] 持仓#1 symbol=NIL/USDT:USDT qty=133.8 tp=0.07326 sl=0.07848 entry_time=2025-12-22 14:15:04 min_price=0.0747
2025-12-22 14:17:00 [INFO] [SCAN] 非15分钟节点，跳过开仓扫描
2025-12-22 14:17:00 [INFO] [WAIT] 等待 59.8 秒进入下一轮
2025-12-22 14:18:00 [INFO] [PROTECT] NIL/USDT:USDT 对侧触发，已取消止盈单 4000000101885180
2025-12-22 14:18:00 [INFO] [PROTECT] NIL/USDT:USDT 对侧触发，已取消止损单 4000000101885181
2025-12-22 14:18:00 [INFO] [PROTECT] NIL/USDT:USDT 更新止盈 0.0726
2025-12-22 14:18:00 [INFO] [PROTECT] NIL/USDT:USDT 更新止损 0.07847
2025-12-22 14:18:00 [INFO] [MONITOR] 持仓#1 symbol=NIL/USDT:USDT qty=133.8 tp=0.0726 sl=0.07847 entry_time=2025-12-22 14:15:04 min_price=0.07381
2025-12-22 14:18:00 [INFO] [SCAN] 非15分钟节点，跳过开仓扫描
2025-12-22 14:18:00 [INFO] [WAIT] 等待 59.8 秒进入下一轮
2025-12-22 14:19:00 [INFO] [PROTECT] NIL/USDT:USDT 对侧触发，已取消止盈单 4000000101892216
2025-12-22 14:19:00 [INFO] [PROTECT] NIL/USDT:USDT 对侧触发，已取消止损单 4000000101892218
2025-12-22 14:19:00 [INFO] [PROTECT] NIL/USDT:USDT 更新止盈 0.07245
2025-12-22 14:19:00 [INFO] [PROTECT] NIL/USDT:USDT 更新止损 0.07846
2025-12-22 14:19:00 [INFO] [MONITOR] 持仓#1 symbol=NIL/USDT:USDT qty=133.8 tp=0.07245 sl=0.07846 entry_time=2025-12-22 14:15:04 min_price=0.07366
2025-12-22 14:19:00 [INFO] [SCAN] 非15分钟节点，跳过开仓扫描
2025-12-22 14:19:00 [INFO] [WAIT] 等待 59.8 秒进入下一轮
2025-12-22 14:20:00 [INFO] [PROTECT] NIL/USDT:USDT 对侧触发，已取消止盈单 4000000101899057
2025-12-22 14:20:00 [INFO] [PROTECT] NIL/USDT:USDT 对侧触发，已取消止损单 4000000101899064
2025-12-22 14:20:00 [INFO] [PROTECT] NIL/USDT:USDT 更新止盈 0.07245
2025-12-22 14:20:00 [INFO] [PROTECT] NIL/USDT:USDT 更新止损 0.07845
2025-12-22 14:20:00 [INFO] [MONITOR] 持仓#1 symbol=NIL/USDT:USDT qty=133.8 tp=0.07245 sl=0.07845 entry_time=2025-12-22 14:15:04 min_price=0.07366
2025-12-22 14:20:00 [INFO] [SCAN] 非15分钟节点，跳过开仓扫描
2025-12-22 14:20:00 [INFO] [WAIT] 等待 59.8 秒进入下一轮
2025-12-22 14:21:00 [INFO] [PROTECT] NIL/USDT:USDT 对侧触发，已取消止盈单 4000000101905050
2025-12-22 14:21:00 [INFO] [PROTECT] NIL/USDT:USDT 对侧触发，已取消止损单 4000000101905053
2025-12-22 14:21:00 [INFO] [PROTECT] NIL/USDT:USDT 更新止盈 0.07245
2025-12-22 14:21:00 [INFO] [PROTECT] NIL/USDT:USDT 更新止损 0.07844
2025-12-22 14:21:00 [INFO] [MONITOR] 持仓#1 symbol=NIL/USDT:USDT qty=133.8 tp=0.07245 sl=0.07844 entry_time=2025-12-22 14:15:04 min_price=0.07366
2025-12-22 14:21:00 [INFO] [SCAN] 非15分钟节点，跳过开仓扫描
2025-12-22 14:21:00 [INFO] [WAIT] 等待 59.7 秒进入下一轮
2025-12-22 14:22:00 [INFO] [PROTECT] NIL/USDT:USDT 对侧触发，已取消止盈单 4000000101911400
2025-12-22 14:22:00 [INFO] [PROTECT] NIL/USDT:USDT 对侧触发，已取消止损单 4000000101911406
2025-12-22 14:22:00 [INFO] [PROTECT] NIL/USDT:USDT 更新止盈 0.07245
2025-12-22 14:22:00 [INFO] [PROTECT] NIL/USDT:USDT 更新止损 0.07843
2025-12-22 14:22:00 [INFO] [MONITOR] 持仓#1 symbol=NIL/USDT:USDT qty=133.8 tp=0.07245 sl=0.07843 entry_time=2025-12-22 14:15:04 min_price=0.07366
2025-12-22 14:22:00 [INFO] [SCAN] 非15分钟节点，跳过开仓扫描
2025-12-22 14:22:00 [INFO] [WAIT] 等待 59.8 秒进入下一轮
2025-12-22 14:23:00 [INFO] [PROTECT] NIL/USDT:USDT 对侧触发，已取消止盈单 4000000101917149
2025-12-22 14:23:00 [INFO] [PROTECT] NIL/USDT:USDT 对侧触发，已取消止损单 4000000101917154
2025-12-22 14:23:00 [INFO] [PROTECT] NIL/USDT:USDT 更新止盈 0.07245
2025-12-22 14:23:00 [INFO] [PROTECT] NIL/USDT:USDT 更新止损 0.07842
2025-12-22 14:23:00 [INFO] [MONITOR] 持仓#1 symbol=NIL/USDT:USDT qty=133.8 tp=0.07245 sl=0.07842 entry_time=2025-12-22 14:15:04 min_price=0.07366
2025-12-22 14:23:00 [INFO] [SCAN] 非15分钟节点，跳过开仓扫描
2025-12-22 14:23:00 [INFO] [WAIT] 等待 59.8 秒进入下一轮
2025-12-22 14:24:00 [INFO] [PROTECT] NIL/USDT:USDT 对侧触发，已取消止盈单 4000000101922980
2025-12-22 14:24:00 [INFO] [PROTECT] NIL/USDT:USDT 对侧触发，已取消止损单 4000000101922984
2025-12-22 14:24:00 [INFO] [PROTECT] NIL/USDT:USDT 更新止盈 0.07245
2025-12-22 14:24:00 [INFO] [PROTECT] NIL/USDT:USDT 更新止损 0.07841
2025-12-22 14:24:00 [INFO] [MONITOR] 持仓#1 symbol=NIL/USDT:USDT qty=133.8 tp=0.07245 sl=0.07841 entry_time=2025-12-22 14:15:04 min_price=0.07366
2025-12-22 14:24:00 [INFO] [SCAN] 非15分钟节点，跳过开仓扫描
2025-12-22 14:24:00 [INFO] [WAIT] 等待 59.8 秒进入下一轮
2025-12-22 14:25:00 [INFO] [PROTECT] NIL/USDT:USDT 对侧触发，已取消止盈单 4000000101928576
2025-12-22 14:25:00 [INFO] [PROTECT] NIL/USDT:USDT 对侧触发，已取消止损单 4000000101928577
2025-12-22 14:25:00 [INFO] [PROTECT] NIL/USDT:USDT 更新止盈 0.07245
2025-12-22 14:25:00 [INFO] [PROTECT] NIL/USDT:USDT 更新止损 0.0784
2025-12-22 14:25:00 [INFO] [MONITOR] 持仓#1 symbol=NIL/USDT:USDT qty=133.8 tp=0.07245 sl=0.0784 entry_time=2025-12-22 14:15:04 min_price=0.07366
2025-12-22 14:25:00 [INFO] [SCAN] 非15分钟节点，跳过开仓扫描
2025-12-22 14:25:00 [INFO] [WAIT] 等待 59.7 秒进入下一轮
2025-12-22 14:26:00 [INFO] [PROTECT] NIL/USDT:USDT 对侧触发，已取消止盈单 4000000101935073
2025-12-22 14:26:00 [INFO] [PROTECT] NIL/USDT:USDT 对侧触发，已取消止损单 4000000101935080
2025-12-22 14:26:00 [INFO] [PROTECT] NIL/USDT:USDT 更新止盈 0.07245
2025-12-22 14:26:00 [INFO] [PROTECT] NIL/USDT:USDT 更新止损 0.07839
2025-12-22 14:26:00 [INFO] [MONITOR] 持仓#1 symbol=NIL/USDT:USDT qty=133.8 tp=0.07245 sl=0.07839 entry_time=2025-12-22 14:15:04 min_price=0.07366
2025-12-22 14:26:00 [INFO] [SCAN] 非15分钟节点，跳过开仓扫描
2025-12-22 14:26:00 [INFO] [WAIT] 等待 59.8 秒进入下一轮
2025-12-22 14:27:00 [INFO] [PROTECT] NIL/USDT:USDT 对侧触发，已取消止盈单 4000000101941294
2025-12-22 14:27:00 [INFO] [PROTECT] NIL/USDT:USDT 对侧触发，已取消止损单 4000000101941295
2025-12-22 14:27:00 [INFO] [PROTECT] NIL/USDT:USDT 更新止盈 0.07235
2025-12-22 14:27:00 [INFO] [PROTECT] NIL/USDT:USDT 更新止损 0.07838
2025-12-22 14:27:00 [INFO] [MONITOR] 持仓#1 symbol=NIL/USDT:USDT qty=133.8 tp=0.07235 sl=0.07838 entry_time=2025-12-22 14:15:04 min_price=0.07366
2025-12-22 14:27:00 [INFO] [SCAN] 非15分钟节点，跳过开仓扫描
2025-12-22 14:27:00 [INFO] [WAIT] 等待 59.8 秒进入下一轮
2025-12-22 14:28:00 [INFO] [PROTECT] NIL/USDT:USDT 对侧触发，已取消止盈单 4000000101947088
2025-12-22 14:28:00 [INFO] [PROTECT] NIL/USDT:USDT 对侧触发，已取消止损单 4000000101947091
2025-12-22 14:28:00 [INFO] [PROTECT] NIL/USDT:USDT 更新止盈 0.07235
2025-12-22 14:28:00 [INFO] [PROTECT] NIL/USDT:USDT 更新止损 0.07837
2025-12-22 14:28:00 [INFO] [MONITOR] 持仓#1 symbol=NIL/USDT:USDT qty=133.8 tp=0.07235 sl=0.07837 entry_time=2025-12-22 14:15:04 min_price=0.07366
2025-12-22 14:28:00 [INFO] [SCAN] 非15分钟节点，跳过开仓扫描
2025-12-22 14:28:00 [INFO] [WAIT] 等待 59.8 秒进入下一轮
2025-12-22 14:29:00 [INFO] [PROTECT] NIL/USDT:USDT 对侧触发，已取消止盈单 4000000101952938
2025-12-22 14:29:00 [INFO] [PROTECT] NIL/USDT:USDT 对侧触发，已取消止损单 4000000101952947
2025-12-22 14:29:00 [INFO] [PROTECT] NIL/USDT:USDT 更新止盈 0.07235
2025-12-22 14:29:00 [INFO] [PROTECT] NIL/USDT:USDT 更新止损 0.07836
2025-12-22 14:29:00 [INFO] [MONITOR] 持仓#1 symbol=NIL/USDT:USDT qty=133.8 tp=0.07235 sl=0.07836 entry_time=2025-12-22 14:15:04 min_price=0.07366
2025-12-22 14:29:00 [INFO] [SCAN] 非15分钟节点，跳过开仓扫描
2025-12-22 14:29:00 [INFO] [WAIT] 等待 59.8 秒进入下一轮
2025-12-22 14:30:00 [INFO] [PROTECT] NIL/USDT:USDT 对侧触发，已取消止盈单 4000000101958629
2025-12-22 14:30:00 [INFO] [PROTECT] NIL/USDT:USDT 对侧触发，已取消止损单 4000000101958630
2025-12-22 14:30:00 [INFO] [PROTECT] NIL/USDT:USDT 更新止盈 0.07235
2025-12-22 14:30:00 [INFO] [PROTECT] NIL/USDT:USDT 更新止损 0.07835
2025-12-22 14:30:00 [INFO] [MONITOR] 持仓#1 symbol=NIL/USDT:USDT qty=133.8 tp=0.07235 sl=0.07835 entry_time=2025-12-22 14:15:04 min_price=0.07366
2025-12-22 14:30:00 [INFO] [SCAN] 非15分钟节点，跳过开仓扫描
2025-12-22 14:30:00 [INFO] [WAIT] 等待 59.8 秒进入下一轮
2025-12-22 14:31:00 [INFO] [PROTECT] NIL/USDT:USDT 对侧触发，已取消止盈单 4000000101964627
2025-12-22 14:31:00 [INFO] [PROTECT] NIL/USDT:USDT 对侧触发，已取消止损单 4000000101964628
2025-12-22 14:31:00 [INFO] [PROTECT] NIL/USDT:USDT 更新止盈 0.07221
2025-12-22 14:31:00 [INFO] [PROTECT] NIL/USDT:USDT 更新止损 0.07834
2025-12-22 14:31:00 [INFO] [MONITOR] 持仓#1 symbol=NIL/USDT:USDT qty=133.8 tp=0.07221 sl=0.07834 entry_time=2025-12-22 14:15:04 min_price=0.07366
2025-12-22 14:31:00 [INFO] [SCAN] 非15分钟节点，跳过开仓扫描
2025-12-22 14:31:00 [INFO] [WAIT] 等待 59.7 秒进入下一轮
2025-12-22 14:32:00 [INFO] [PROTECT] NIL/USDT:USDT 对侧触发，已取消止盈单 4000000101974615
2025-12-22 14:32:00 [INFO] [PROTECT] NIL/USDT:USDT 对侧触发，已取消止损单 4000000101974622
2025-12-22 14:32:00 [INFO] [PROTECT] NIL/USDT:USDT 更新止盈 0.07221
2025-12-22 14:32:00 [INFO] [PROTECT] NIL/USDT:USDT 更新止损 0.07833
2025-12-22 14:32:00 [INFO] [MONITOR] 持仓#1 symbol=NIL/USDT:USDT qty=133.8 tp=0.07221 sl=0.07833 entry_time=2025-12-22 14:15:04 min_price=0.07366
2025-12-22 14:32:00 [INFO] [SCAN] 非15分钟节点，跳过开仓扫描
2025-12-22 14:32:00 [INFO] [WAIT] 等待 59.8 秒进入下一轮
2025-12-22 14:33:00 [INFO] [PROTECT] NIL/USDT:USDT 对侧触发，已取消止盈单 4000000101984420
2025-12-22 14:33:00 [INFO] [PROTECT] NIL/USDT:USDT 对侧触发，已取消止损单 4000000101984421
2025-12-22 14:33:00 [INFO] [PROTECT] NIL/USDT:USDT 更新止盈 0.07221
2025-12-22 14:33:00 [INFO] [PROTECT] NIL/USDT:USDT 更新止损 0.07832
2025-12-22 14:33:00 [INFO] [MONITOR] 持仓#1 symbol=NIL/USDT:USDT qty=133.8 tp=0.07221 sl=0.07832 entry_time=2025-12-22 14:15:04 min_price=0.07356
2025-12-22 14:33:00 [INFO] [SCAN] 非15分钟节点，跳过开仓扫描
2025-12-22 14:33:00 [INFO] [WAIT] 等待 59.8 秒进入下一轮
2025-12-22 14:34:00 [INFO] [PROTECT] NIL/USDT:USDT 对侧触发，已取消止盈单 4000000101995173
2025-12-22 14:34:00 [INFO] [PROTECT] NIL/USDT:USDT 对侧触发，已取消止损单 4000000101995175
2025-12-22 14:34:00 [INFO] [PROTECT] NIL/USDT:USDT 更新止盈 0.07221
2025-12-22 14:34:00 [INFO] [PROTECT] NIL/USDT:USDT 更新止损 0.07831
2025-12-22 14:34:00 [INFO] [MONITOR] 持仓#1 symbol=NIL/USDT:USDT qty=133.8 tp=0.07221 sl=0.07831 entry_time=2025-12-22 14:15:04 min_price=0.07356
2025-12-22 14:34:00 [INFO] [SCAN] 非15分钟节点，跳过开仓扫描
2025-12-22 14:34:00 [INFO] [WAIT] 等待 59.7 秒进入下一轮
2025-12-22 14:35:00 [INFO] [PROTECT] NIL/USDT:USDT 对侧触发，已取消止盈单 4000000102006541
2025-12-22 14:35:00 [INFO] [PROTECT] NIL/USDT:USDT 对侧触发，已取消止损单 4000000102006543
2025-12-22 14:35:00 [INFO] [PROTECT] NIL/USDT:USDT 更新止盈 0.07221
2025-12-22 14:35:00 [INFO] [PROTECT] NIL/USDT:USDT 更新止损 0.0783
2025-12-22 14:35:00 [INFO] [MONITOR] 持仓#1 symbol=NIL/USDT:USDT qty=133.8 tp=0.07221 sl=0.0783 entry_time=2025-12-22 14:15:04 min_price=0.07356
2025-12-22 14:35:00 [INFO] [SCAN] 非15分钟节点，跳过开仓扫描
2025-12-22 14:35:00 [INFO] [WAIT] 等待 59.8 秒进入下一轮
2025-12-22 14:36:00 [INFO] [PROTECT] NIL/USDT:USDT 对侧触发，已取消止盈单 4000000102018774
2025-12-22 14:36:00 [INFO] [PROTECT] NIL/USDT:USDT 对侧触发，已取消止损单 4000000102018780
2025-12-22 14:36:00 [INFO] [PROTECT] NIL/USDT:USDT 更新止盈 0.07221
2025-12-22 14:36:00 [INFO] [PROTECT] NIL/USDT:USDT 更新止损 0.07829
2025-12-22 14:36:00 [INFO] [MONITOR] 持仓#1 symbol=NIL/USDT:USDT qty=133.8 tp=0.07221 sl=0.07829 entry_time=2025-12-22 14:15:04 min_price=0.07356
2025-12-22 14:36:00 [INFO] [SCAN] 非15分钟节点，跳过开仓扫描
2025-12-22 14:36:00 [INFO] [WAIT] 等待 59.7 秒进入下一轮
2025-12-22 14:37:00 [INFO] [PROTECT] NIL/USDT:USDT 对侧触发，已取消止盈单 4000000102029341
2025-12-22 14:37:00 [INFO] [PROTECT] NIL/USDT:USDT 对侧触发，已取消止损单 4000000102029345
2025-12-22 14:37:00 [INFO] [PROTECT] NIL/USDT:USDT 更新止盈 0.07204
2025-12-22 14:37:00 [INFO] [PROTECT] NIL/USDT:USDT 更新止损 0.07828
2025-12-22 14:37:00 [INFO] [MONITOR] 持仓#1 symbol=NIL/USDT:USDT qty=133.8 tp=0.07204 sl=0.07828 entry_time=2025-12-22 14:15:04 min_price=0.07342
2025-12-22 14:37:00 [INFO] [SCAN] 非15分钟节点，跳过开仓扫描
2025-12-22 14:37:00 [INFO] [WAIT] 等待 59.8 秒进入下一轮
2025-12-22 14:38:00 [INFO] [PROTECT] NIL/USDT:USDT 对侧触发，已取消止盈单 4000000102039814
2025-12-22 14:38:00 [INFO] [PROTECT] NIL/USDT:USDT 对侧触发，已取消止损单 4000000102039819
2025-12-22 14:38:00 [INFO] [PROTECT] NIL/USDT:USDT 更新止盈 0.07204
2025-12-22 14:38:00 [INFO] [PROTECT] NIL/USDT:USDT 更新止损 0.07827
2025-12-22 14:38:00 [INFO] [MONITOR] 持仓#1 symbol=NIL/USDT:USDT qty=133.8 tp=0.07204 sl=0.07827 entry_time=2025-12-22 14:15:04 min_price=0.0734
2025-12-22 14:38:00 [INFO] [SCAN] 非15分钟节点，跳过开仓扫描
2025-12-22 14:38:00 [INFO] [WAIT] 等待 59.7 秒进入下一轮
2025-12-22 14:39:00 [INFO] [PROTECT] NIL/USDT:USDT 对侧触发，已取消止盈单 4000000102049258
2025-12-22 14:39:00 [INFO] [PROTECT] NIL/USDT:USDT 对侧触发，已取消止损单 4000000102049261
2025-12-22 14:39:00 [INFO] [PROTECT] NIL/USDT:USDT 更新止盈 0.07204
2025-12-22 14:39:00 [INFO] [PROTECT] NIL/USDT:USDT 更新止损 0.07826
2025-12-22 14:39:00 [INFO] [MONITOR] 持仓#1 symbol=NIL/USDT:USDT qty=133.8 tp=0.07204 sl=0.07826 entry_time=2025-12-22 14:15:04 min_price=0.0734
2025-12-22 14:39:00 [INFO] [SCAN] 非15分钟节点，跳过开仓扫描
2025-12-22 14:39:00 [INFO] [WAIT] 等待 59.8 秒进入下一轮
2025-12-22 14:40:34 [WARNING] [PROTECT WARNING] NIL/USDT:USDT Algo订单列表接口返回错误 (page 481): {'code': -1003, 'msg': 'Too many requests; current limit of IP(18.179.57.187) is 2400 requests per minute. Please use the websocket for live updates to avoid polling the API.'}
2025-12-22 14:40:34 [WARNING] [KLINE WARNING] 获取 NIL/USDT:USDT 1m K线失败: binance 429 Too Many Requests {"code":-1003,"msg":"Too many requests; current limit of IP(18.179.57.187) is 2400 requests per minute. Please use the websocket for live updates to avoid polling the API."}
2025-12-22 14:40:34 [INFO] [MONITOR] 持仓#1 symbol=NIL/USDT:USDT qty=133.8 tp=0.07204 sl=0.07826 entry_time=2025-12-22 14:15:04 min_price=0.0734
2025-12-22 14:40:34 [INFO] [SCAN] 非15分钟节点，跳过开仓扫描
2025-12-22 14:40:34 [INFO] [WAIT] 等待 25.2 秒进入下一轮
2025-12-22 14:41:34 [WARNING] [PROTECT WARNING] NIL/USDT:USDT Algo订单列表接口返回错误 (page 481): {'code': -1003, 'msg': 'Too many requests; current limit of IP(18.179.57.187) is 2400 requests per minute. Please use the websocket for live updates to avoid polling the API.'}
2025-12-22 14:41:34 [WARNING] [KLINE WARNING] 获取 NIL/USDT:USDT 1m K线失败: binance 429 Too Many Requests {"code":-1003,"msg":"Too many requests; current limit of IP(18.179.57.187) is 2400 requests per minute. Please use the websocket for live updates to avoid polling the API."}
2025-12-22 14:41:34 [INFO] [MONITOR] 持仓#1 symbol=NIL/USDT:USDT qty=133.8 tp=0.07204 sl=0.07826 entry_time=2025-12-22 14:15:04 min_price=0.0734
2025-12-22 14:41:34 [INFO] [SCAN] 非15分钟节点，跳过开仓扫描
2025-12-22 14:41:34 [INFO] [WAIT] 等待 25.3 秒进入下一轮
2025-12-22 14:42:34 [WARNING] [PROTECT WARNING] NIL/USDT:USDT Algo订单列表接口返回错误 (page 481): {'code': -1003, 'msg': 'Too many requests; current limit of IP(18.179.57.187) is 2400 requests per minute. Please use the websocket for live updates to avoid polling the API.'}
2025-12-22 14:42:34 [WARNING] [KLINE WARNING] 获取 NIL/USDT:USDT 1m K线失败: binance 429 Too Many Requests {"code":-1003,"msg":"Too many requests; current limit of IP(18.179.57.187) is 2400 requests per minute. Please use the websocket for live updates to avoid polling the API."}
2025-12-22 14:42:34 [INFO] [MONITOR] 持仓#1 symbol=NIL/USDT:USDT qty=133.8 tp=0.07204 sl=0.07826 entry_time=2025-12-22 14:15:04 min_price=0.0734
2025-12-22 14:42:34 [INFO] [SCAN] 非15分钟节点，跳过开仓扫描
2025-12-22 14:42:34 [INFO] [WAIT] 等待 25.3 秒进入下一轮
2025-12-22 14:43:34 [WARNING] [PROTECT WARNING] NIL/USDT:USDT Algo订单列表接口返回错误 (page 481): {'code': -1003, 'msg': 'Too many requests; current limit of IP(18.179.57.187) is 2400 requests per minute. Please use the websocket for live updates to avoid polling the API.'}
2025-12-22 14:43:34 [WARNING] [KLINE WARNING] 获取 NIL/USDT:USDT 1m K线失败: binance 429 Too Many Requests {"code":-1003,"msg":"Too many requests; current limit of IP(18.179.57.187) is 2400 requests per minute. Please use the websocket for live updates to avoid polling the API."}
2025-12-22 14:43:34 [INFO] [MONITOR] 持仓#1 symbol=NIL/USDT:USDT qty=133.8 tp=0.07204 sl=0.07826 entry_time=2025-12-22 14:15:04 min_price=0.0734
2025-12-22 14:43:34 [INFO] [SCAN] 非15分钟节点，跳过开仓扫描
2025-12-22 14:43:34 [INFO] [WAIT] 等待 25.3 秒进入下一轮
2025-12-22 14:44:34 [WARNING] [PROTECT WARNING] NIL/USDT:USDT Algo订单列表接口返回错误 (page 481): {'code': -1003, 'msg': 'Too many requests; current limit of IP(18.179.57.187) is 2400 requests per minute. Please use the websocket for live updates to avoid polling the API.'}
2025-12-22 14:44:34 [WARNING] [KLINE WARNING] 获取 NIL/USDT:USDT 1m K线失败: binance 429 Too Many Requests {"code":-1003,"msg":"Too many requests; current limit of IP(18.179.57.187) is 2400 requests per minute. Please use the websocket for live updates to avoid polling the API."}
2025-12-22 14:44:34 [INFO] [MONITOR] 持仓#1 symbol=NIL/USDT:USDT qty=133.8 tp=0.07204 sl=0.07826 entry_time=2025-12-22 14:15:04 min_price=0.0734
2025-12-22 14:44:34 [INFO] [SCAN] 非15分钟节点，跳过开仓扫描
2025-12-22 14:44:34 [INFO] [WAIT] 等待 25.4 秒进入下一轮
2025-12-22 14:45:34 [WARNING] [PROTECT WARNING] NIL/USDT:USDT Algo订单列表接口返回错误 (page 481): {'code': -1003, 'msg': 'Too many requests; current limit of IP(18.179.57.187) is 2400 requests per minute. Please use the websocket for live updates to avoid polling the API.'}
2025-12-22 14:45:34 [WARNING] [KLINE WARNING] 获取 NIL/USDT:USDT 1m K线失败: binance 429 Too Many Requests {"code":-1003,"msg":"Too many requests; current limit of IP(18.179.57.187) is 2400 requests per minute. Please use the websocket for live updates to avoid polling the API."}
2025-12-22 14:45:34 [INFO] [MONITOR] 持仓#1 symbol=NIL/USDT:USDT qty=133.8 tp=0.07204 sl=0.07826 entry_time=2025-12-22 14:15:04 min_price=0.0734
2025-12-22 14:45:34 [INFO] [SCAN] 非15分钟节点，跳过开仓扫描
2025-12-22 14:45:34 [INFO] [WAIT] 等待 25.2 秒进入下一轮
2025-12-22 14:46:15 [INFO] [EXIT] 用户中断
2025-12-22 14:48:05 [INFO] [SYSTEM] 初始化组件...
2025-12-22 14:48:06 [INFO] [OK] API连接成功 - LIVE
2025-12-22 14:48:06 [INFO] [BALANCE] USDT总余额: 20.86
2025-12-22 14:48:06 [INFO] [INFO] 找到 535 个活跃USDT永续合约
2025-12-22 14:48:06 [INFO] [OK] 交易执行器初始化成功
2025-12-22 14:48:07 [INFO] [OK] API连接测试成功，耗时: 1.079秒
2025-12-22 14:48:07 [INFO] [OK] 优化数据处理器初始化成功
2025-12-22 14:48:07 [INFO] [BALANCE] 当前 USDT 余额: 20.86
2025-12-22 14:48:08 [INFO] [DINGDING] 通知已发送:  账户余额报告
 时间: 2025-12-22 14:48:07
 USDT余额: 20.86
2025-12-22 14:48:08 [INFO] [BALANCE] 余额通知已发送: 20.86 USDT
2025-12-22 14:48:08 [INFO] [SYSTEM] 激活交易对数量: 535
2025-12-22 14:48:08 [INFO] [SYSTEM] find_in_out 策略启动
2025-12-22 14:48:10 [INFO] [EXIT] 用户中断
2025-12-22 15:56:49 [INFO] [SYSTEM] 初始化组件...
2025-12-22 15:56:51 [INFO] [OK] API连接成功 - LIVE
2025-12-22 15:56:51 [INFO] [BALANCE] USDT总余额: 20.86
2025-12-22 15:56:51 [INFO] [INFO] 找到 535 个活跃USDT永续合约
2025-12-22 15:56:51 [INFO] [OK] 交易执行器初始化成功
2025-12-22 15:56:52 [INFO] [OK] API连接测试成功，耗时: 1.089秒
2025-12-22 15:56:52 [INFO] [OK] 优化数据处理器初始化成功
2025-12-22 15:56:52 [INFO] [BALANCE] 当前 USDT 余额: 20.86
2025-12-22 15:56:53 [INFO] [DINGDING] 通知已发送:  账户余额报告
 时间: 2025-12-22 15:56:52
 USDT余额: 20.86
2025-12-22 15:56:53 [INFO] [BALANCE] 余额通知已发送: 20.86 USDT
2025-12-22 15:56:53 [INFO] [SYSTEM] 激活交易对数量: 535
2025-12-22 15:56:53 [INFO] [SYSTEM] find_in_out 策略启动
2025-12-22 15:57:00 [INFO] [MONITOR] 当前无持仓需要监控
2025-12-22 15:57:03 [INFO] [SCAN] 本轮无满足条件的标的
2025-12-22 15:57:03 [INFO] [WAIT] 等待 56.1 秒进入下一轮
2025-12-22 15:57:08 [INFO] [EXIT] 用户中断
2025-12-22 15:57:32 [INFO] [SYSTEM] 初始化组件...
2025-12-22 15:57:33 [INFO] [OK] API连接成功 - LIVE
2025-12-22 15:57:33 [INFO] [BALANCE] USDT总余额: 20.86
2025-12-22 15:57:33 [INFO] [INFO] 找到 535 个活跃USDT永续合约
2025-12-22 15:57:33 [INFO] [OK] 交易执行器初始化成功
2025-12-22 15:57:34 [INFO] [OK] API连接测试成功，耗时: 1.071秒
2025-12-22 15:57:34 [INFO] [OK] 优化数据处理器初始化成功
2025-12-22 15:57:34 [INFO] [BALANCE] 当前 USDT 余额: 20.86
2025-12-22 15:57:35 [INFO] [DINGDING] 通知已发送:  账户余额报告
 时间: 2025-12-22 15:57:34
 USDT余额: 20.86
2025-12-22 15:57:35 [INFO] [BALANCE] 余额通知已发送: 20.86 USDT
2025-12-22 15:57:35 [INFO] [SYSTEM] 激活交易对数量: 535
2025-12-22 15:57:35 [INFO] [SYSTEM] find_in_out 策略启动
2025-12-22 15:58:00 [INFO] [MONITOR] 当前无持仓需要监控
2025-12-22 15:58:04 [INFO] [LIVE SHORT] 开空头仓位: 2 个
2025-12-22 15:58:04 [INFO] [LIVE SELL] 做空 PLUME/USDT:USDT: 562.4 @ 0.01778
2025-12-22 15:58:04 [INFO] [LIVE MARKET] 创建市价单 PLUME/USDT:USDT: sell 562.4
2025-12-22 15:58:04 [INFO] [LIVE SUCCESS] PLUME/USDT:USDT 市价单创建成功 ID:804500210 成交:562.0
2025-12-22 15:58:04 [INFO] [LIVE SELL] 做空 PNUT/USDT:USDT: 136.4 @ 0.0733
2025-12-22 15:58:04 [INFO] [LIVE MARKET] 创建市价单 PNUT/USDT:USDT: sell 136.4
2025-12-22 15:58:04 [INFO] [LIVE SUCCESS] PNUT/USDT:USDT 市价单创建成功 ID:9768770077 成交:136.0
2025-12-22 15:58:04 [INFO] [LIVE OK] 空头开仓: 2/2 成功
2025-12-22 15:58:04 [INFO] [PROTECT] PLUME/USDT:USDT 更新止盈 0.01742
2025-12-22 15:58:04 [INFO] [PROTECT] PLUME/USDT:USDT 更新止损 0.01867
2025-12-22 15:58:04 [INFO] [PROTECT] PNUT/USDT:USDT 更新止盈 0.07183
2025-12-22 15:58:04 [INFO] [PROTECT] PNUT/USDT:USDT 更新止损 0.07697
2025-12-22 15:58:05 [INFO] [WAIT] 等待 54.7 秒进入下一轮
2025-12-22 15:59:00 [INFO] [PROTECT] PLUME/USDT:USDT 对侧触发，已取消止盈单 4000000102928070
2025-12-22 15:59:00 [INFO] [PROTECT] PLUME/USDT:USDT 对侧触发，已取消止损单 4000000102928074
2025-12-22 15:59:00 [INFO] [PROTECT] PLUME/USDT:USDT 更新止盈 0.01742
2025-12-22 15:59:00 [INFO] [PROTECT] PLUME/USDT:USDT 更新止损 0.01867
2025-12-22 15:59:00 [INFO] [PROTECT] PNUT/USDT:USDT 对侧触发，已取消止盈单 4000000102928163
2025-12-22 15:59:00 [INFO] [PROTECT] PNUT/USDT:USDT 对侧触发，已取消止损单 4000000102928166
2025-12-22 15:59:00 [INFO] [PROTECT] PNUT/USDT:USDT 更新止盈 0.07183
2025-12-22 15:59:00 [INFO] [PROTECT] PNUT/USDT:USDT 更新止损 0.07696
2025-12-22 15:59:00 [INFO] [MONITOR] 持仓#1 symbol=PLUME/USDT:USDT qty=562.4 tp=0.01742 sl=0.01867 entry_time=2025-12-22 15:58:04 min_price=0.01778
2025-12-22 15:59:00 [INFO] [MONITOR] 持仓#2 symbol=PNUT/USDT:USDT qty=136.4 tp=0.07183 sl=0.07696 entry_time=2025-12-22 15:58:04 min_price=0.07295
2025-12-22 15:59:00 [INFO] [SCAN] 非15分钟节点，跳过开仓扫描
2025-12-22 15:59:00 [INFO] [WAIT] 等待 59.4 秒进入下一轮
2025-12-22 15:59:45 [INFO] [EXIT] 用户中断
2025-12-22 16:10:51 [INFO] [SYSTEM] 初始化组件...
2025-12-22 16:10:52 [INFO] [OK] API连接成功 - LIVE
2025-12-22 16:10:52 [INFO] [BALANCE] USDT总余额: 20.86
2025-12-22 16:10:52 [INFO] [INFO] 找到 535 个活跃USDT永续合约
2025-12-22 16:10:52 [INFO] [OK] 交易执行器初始化成功
2025-12-22 16:10:53 [INFO] [OK] API连接测试成功，耗时: 1.099秒
2025-12-22 16:10:53 [INFO] [OK] 优化数据处理器初始化成功
2025-12-22 16:10:53 [INFO] [BALANCE] 当前 USDT 余额: 20.86
2025-12-22 16:10:54 [INFO] [DINGDING] 通知已发送:  账户余额报告
 时间: 2025-12-22 16:10:53
 USDT余额: 20.86
2025-12-22 16:10:54 [INFO] [BALANCE] 余额通知已发送: 20.86 USDT
2025-12-22 16:10:54 [INFO] [SYSTEM] 激活交易对数量: 535
2025-12-22 16:10:54 [INFO] [SYSTEM] find_in_out 策略启动
2025-12-22 16:11:00 [INFO] [MONITOR] 当前无持仓需要监控
2025-12-22 16:11:00 [INFO] [SCAN] 非15分钟节点，跳过开仓扫描
2025-12-22 16:11:00 [INFO] [WAIT] 等待 60.0 秒进入下一轮
2025-12-22 16:11:30 [INFO] [EXIT] 用户中断
2025-12-22 16:12:13 [INFO] [SYSTEM] 初始化组件...
2025-12-22 16:12:14 [INFO] [OK] API连接成功 - LIVE
2025-12-22 16:12:14 [INFO] [BALANCE] USDT总余额: 20.86
2025-12-22 16:12:14 [INFO] [INFO] 找到 535 个活跃USDT永续合约
2025-12-22 16:12:14 [INFO] [OK] 交易执行器初始化成功
2025-12-22 16:12:15 [INFO] [OK] API连接测试成功，耗时: 1.075秒
2025-12-22 16:12:15 [INFO] [OK] 优化数据处理器初始化成功
2025-12-22 16:12:15 [INFO] [BALANCE] 当前 USDT 余额: 20.86
2025-12-22 16:12:16 [INFO] [DINGDING] 通知已发送:  账户余额报告
 时间: 2025-12-22 16:12:15
 USDT余额: 20.86
2025-12-22 16:12:16 [INFO] [BALANCE] 余额通知已发送: 20.86 USDT
2025-12-22 16:12:16 [INFO] [SYSTEM] 激活交易对数量: 535
2025-12-22 16:12:16 [INFO] [SYSTEM] find_in_out 策略启动
2025-12-22 16:13:00 [INFO] [MONITOR] 当前无持仓需要监控
2025-12-22 16:13:04 [INFO] [LEVERAGE] 设置杠杆为 3x...
2025-12-22 16:13:04 [INFO] [LIVE SHORT] 开空头仓位: 3 个
2025-12-22 16:13:04 [INFO] [LIVE SELL] 做空 ANIME/USDT:USDT: 1036.8 @ 0.009645
2025-12-22 16:13:04 [INFO] [LIVE MARKET] 创建市价单 ANIME/USDT:USDT: sell 1036.8
2025-12-22 16:13:04 [INFO] [LIVE SUCCESS] ANIME/USDT:USDT 市价单创建成功 ID:2066102255 成交:1036.0
2025-12-22 16:13:04 [INFO] [LIVE SELL] 做空 PUMPBTC/USDT:USDT: 381.2 @ 0.02623
2025-12-22 16:13:04 [INFO] [LIVE MARKET] 创建市价单 PUMPBTC/USDT:USDT: sell 381.2
2025-12-22 16:13:04 [INFO] [LIVE SUCCESS] PUMPBTC/USDT:USDT 市价单创建成功 ID:588174162 成交:381.0
2025-12-22 16:13:04 [INFO] [LIVE SELL] 做空 ZKJ/USDT:USDT: 259.9 @ 0.03848
2025-12-22 16:13:04 [INFO] [LIVE MARKET] 创建市价单 ZKJ/USDT:USDT: sell 259.9
2025-12-22 16:13:04 [INFO] [LIVE SUCCESS] ZKJ/USDT:USDT 市价单创建成功 ID:532835162 成交:259.9
2025-12-22 16:13:05 [INFO] [LIVE OK] 空头开仓: 3/3 成功
2025-12-22 16:13:05 [INFO] [PROTECT] ANIME/USDT:USDT 更新止盈 0.009452
2025-12-22 16:13:05 [INFO] [PROTECT] ANIME/USDT:USDT 更新止损 0.010127
2025-12-22 16:13:05 [INFO] [PROTECT] PUMPBTC/USDT:USDT 更新止盈 0.02571
2025-12-22 16:13:05 [INFO] [PROTECT] PUMPBTC/USDT:USDT 更新止损 0.02754
2025-12-22 16:13:06 [INFO] [PROTECT] ZKJ/USDT:USDT 更新止盈 0.03771
2025-12-22 16:13:06 [INFO] [PROTECT] ZKJ/USDT:USDT 更新止损 0.0404
2025-12-22 16:13:06 [INFO] [WAIT] 等待 53.5 秒进入下一轮
2025-12-22 16:14:00 [INFO] [PROTECT] ANIME/USDT:USDT 对侧触发，已取消止盈单 4000000103084961
2025-12-22 16:14:00 [INFO] [PROTECT] ANIME/USDT:USDT 对侧触发，已取消止损单 4000000103084964
2025-12-22 16:14:00 [INFO] [PROTECT] ANIME/USDT:USDT 更新止盈 0.009452
2025-12-22 16:14:00 [INFO] [PROTECT] ANIME/USDT:USDT 更新止损 0.010126
2025-12-22 16:14:00 [INFO] [PROTECT] PUMPBTC/USDT:USDT 对侧触发，已取消止盈单 4000000103085041
2025-12-22 16:14:00 [INFO] [PROTECT] PUMPBTC/USDT:USDT 对侧触发，已取消止损单 4000000103085045
2025-12-22 16:14:00 [INFO] [PROTECT] PUMPBTC/USDT:USDT 更新止盈 0.0257
2025-12-22 16:14:00 [INFO] [PROTECT] PUMPBTC/USDT:USDT 更新止损 0.02754
2025-12-22 16:14:00 [INFO] [PROTECT] ZKJ/USDT:USDT 对侧触发，已取消止盈单 4000000103085091
2025-12-22 16:14:00 [INFO] [PROTECT] ZKJ/USDT:USDT 对侧触发，已取消止损单 4000000103085094
2025-12-22 16:14:00 [INFO] [PROTECT] ZKJ/USDT:USDT 更新止盈 0.03771
2025-12-22 16:14:00 [INFO] [PROTECT] ZKJ/USDT:USDT 更新止损 0.0404
2025-12-22 16:14:00 [INFO] [MONITOR] 持仓#1 symbol=ANIME/USDT:USDT qty=1036.8 tp=0.009452 sl=0.010126 entry_time=2025-12-22 16:13:05 min_price=0.009597
2025-12-22 16:14:00 [INFO] [MONITOR] 持仓#2 symbol=PUMPBTC/USDT:USDT qty=381.2 tp=0.0257 sl=0.02754 entry_time=2025-12-22 16:13:05 min_price=0.02622
2025-12-22 16:14:00 [INFO] [MONITOR] 持仓#3 symbol=ZKJ/USDT:USDT qty=259.9 tp=0.03771 sl=0.0404 entry_time=2025-12-22 16:13:06 min_price=0.03847
2025-12-22 16:14:00 [INFO] [SCAN] 非15分钟节点，跳过开仓扫描
2025-12-22 16:14:00 [INFO] [WAIT] 等待 59.1 秒进入下一轮
2025-12-22 16:15:00 [INFO] [PROTECT] ANIME/USDT:USDT 对侧触发，已取消止盈单 4000000103092900
2025-12-22 16:15:00 [INFO] [PROTECT] ANIME/USDT:USDT 对侧触发，已取消止损单 4000000103092901
2025-12-22 16:15:00 [INFO] [PROTECT] ANIME/USDT:USDT 更新止盈 0.009452
2025-12-22 16:15:00 [INFO] [PROTECT] ANIME/USDT:USDT 更新止损 0.010125
2025-12-22 16:15:00 [INFO] [PROTECT] PUMPBTC/USDT:USDT 对侧触发，已取消止盈单 4000000103092940
2025-12-22 16:15:00 [INFO] [PROTECT] PUMPBTC/USDT:USDT 对侧触发，已取消止损单 4000000103092944
2025-12-22 16:15:00 [INFO] [PROTECT] PUMPBTC/USDT:USDT 更新止盈 0.02555
2025-12-22 16:15:00 [INFO] [PROTECT] PUMPBTC/USDT:USDT 更新止损 0.02754
2025-12-22 16:15:01 [INFO] [PROTECT] ZKJ/USDT:USDT 对侧触发，已取消止盈单 4000000103092973
2025-12-22 16:15:01 [INFO] [PROTECT] ZKJ/USDT:USDT 对侧触发，已取消止损单 4000000103092974
2025-12-22 16:15:01 [INFO] [PROTECT] ZKJ/USDT:USDT 更新止盈 0.03771
2025-12-22 16:15:01 [INFO] [PROTECT] ZKJ/USDT:USDT 更新止损 0.0404
2025-12-22 16:15:01 [INFO] [MONITOR] 持仓#1 symbol=ANIME/USDT:USDT qty=1036.8 tp=0.009452 sl=0.010125 entry_time=2025-12-22 16:13:05 min_price=0.009597
2025-12-22 16:15:01 [INFO] [MONITOR] 持仓#2 symbol=PUMPBTC/USDT:USDT qty=381.2 tp=0.02555 sl=0.02754 entry_time=2025-12-22 16:13:05 min_price=0.02592
2025-12-22 16:15:01 [INFO] [MONITOR] 持仓#3 symbol=ZKJ/USDT:USDT qty=259.9 tp=0.03771 sl=0.0404 entry_time=2025-12-22 16:13:06 min_price=0.03843
2025-12-22 16:15:01 [INFO] [SCAN] 非15分钟节点，跳过开仓扫描
2025-12-22 16:15:01 [INFO] [WAIT] 等待 58.8 秒进入下一轮
2025-12-22 16:16:00 [INFO] [PROTECT] ANIME/USDT:USDT 对侧触发，已取消止盈单 4000000103102031
2025-12-22 16:16:00 [INFO] [PROTECT] ANIME/USDT:USDT 对侧触发，已取消止损单 4000000103102052
2025-12-22 16:16:00 [INFO] [PROTECT] ANIME/USDT:USDT 更新止盈 0.009452
2025-12-22 16:16:00 [INFO] [PROTECT] ANIME/USDT:USDT 更新止损 0.010124
2025-12-22 16:16:00 [INFO] [PROTECT] PUMPBTC/USDT:USDT 对侧触发，已取消止盈单 4000000103102176
2025-12-22 16:16:00 [INFO] [PROTECT] PUMPBTC/USDT:USDT 对侧触发，已取消止损单 4000000103102183
2025-12-22 16:16:00 [INFO] [PROTECT] PUMPBTC/USDT:USDT 更新止盈 0.02539
2025-12-22 16:16:00 [INFO] [PROTECT] PUMPBTC/USDT:USDT 更新止损 0.02754
2025-12-22 16:16:00 [INFO] [PROTECT] ZKJ/USDT:USDT 对侧触发，已取消止盈单 4000000103102277
2025-12-22 16:16:00 [INFO] [PROTECT] ZKJ/USDT:USDT 对侧触发，已取消止损单 4000000103102280
2025-12-22 16:16:00 [INFO] [PROTECT] ZKJ/USDT:USDT 更新止盈 0.03768
2025-12-22 16:16:00 [INFO] [PROTECT] ZKJ/USDT:USDT 更新止损 0.0404
2025-12-22 16:16:00 [INFO] [MONITOR] 持仓#1 symbol=ANIME/USDT:USDT qty=1036.8 tp=0.009452 sl=0.010124 entry_time=2025-12-22 16:13:05 min_price=0.009597
2025-12-22 16:16:00 [INFO] [MONITOR] 持仓#2 symbol=PUMPBTC/USDT:USDT qty=381.2 tp=0.02539 sl=0.02754 entry_time=2025-12-22 16:13:05 min_price=0.02591
2025-12-22 16:16:00 [INFO] [MONITOR] 持仓#3 symbol=ZKJ/USDT:USDT qty=259.9 tp=0.03768 sl=0.0404 entry_time=2025-12-22 16:13:06 min_price=0.03843
2025-12-22 16:16:00 [INFO] [SCAN] 非15分钟节点，跳过开仓扫描
2025-12-22 16:16:00 [INFO] [WAIT] 等待 59.1 秒进入下一轮
2025-12-22 16:17:00 [INFO] [PROTECT] ANIME/USDT:USDT 对侧触发，已取消止盈单 4000000103112795
2025-12-22 16:17:00 [INFO] [PROTECT] ANIME/USDT:USDT 对侧触发，已取消止损单 4000000103112803
2025-12-22 16:17:00 [INFO] [PROTECT] ANIME/USDT:USDT 更新止盈 0.009452
2025-12-22 16:17:00 [INFO] [PROTECT] ANIME/USDT:USDT 更新止损 0.010123
2025-12-22 16:17:00 [INFO] [PROTECT] PUMPBTC/USDT:USDT 对侧触发，已取消止盈单 4000000103112838
2025-12-22 16:17:00 [INFO] [PROTECT] PUMPBTC/USDT:USDT 对侧触发，已取消止损单 4000000103112845
2025-12-22 16:17:00 [INFO] [PROTECT] PUMPBTC/USDT:USDT 更新止盈 0.02539
2025-12-22 16:17:00 [INFO] [PROTECT] PUMPBTC/USDT:USDT 更新止损 0.02754
2025-12-22 16:17:00 [INFO] [PROTECT] ZKJ/USDT:USDT 对侧触发，已取消止盈单 4000000103112868
2025-12-22 16:17:00 [INFO] [PROTECT] ZKJ/USDT:USDT 对侧触发，已取消止损单 4000000103112870
2025-12-22 16:17:00 [INFO] [PROTECT] ZKJ/USDT:USDT 更新止盈 0.03768
2025-12-22 16:17:00 [INFO] [PROTECT] ZKJ/USDT:USDT 更新止损 0.0404
2025-12-22 16:17:00 [INFO] [MONITOR] 持仓#1 symbol=ANIME/USDT:USDT qty=1036.8 tp=0.009452 sl=0.010123 entry_time=2025-12-22 16:13:05 min_price=0.009597
2025-12-22 16:17:00 [INFO] [MONITOR] 持仓#2 symbol=PUMPBTC/USDT:USDT qty=381.2 tp=0.02539 sl=0.02754 entry_time=2025-12-22 16:13:05 min_price=0.02591
2025-12-22 16:17:00 [INFO] [MONITOR] 持仓#3 symbol=ZKJ/USDT:USDT qty=259.9 tp=0.03768 sl=0.0404 entry_time=2025-12-22 16:13:06 min_price=0.03843
2025-12-22 16:17:00 [INFO] [SCAN] 非15分钟节点，跳过开仓扫描
2025-12-22 16:17:00 [INFO] [WAIT] 等待 59.1 秒进入下一轮
2025-12-22 16:17:04 [INFO] [EXIT] 用户中断
2025-12-22 16:17:26 [INFO] [SYSTEM] 初始化组件...
2025-12-22 16:17:27 [INFO] [OK] API连接成功 - LIVE
2025-12-22 16:17:27 [INFO] [BALANCE] USDT总余额: 20.94
2025-12-22 16:17:27 [INFO] [INFO] 找到 535 个活跃USDT永续合约
2025-12-22 16:17:27 [INFO] [OK] 交易执行器初始化成功
2025-12-22 16:17:28 [INFO] [OK] API连接测试成功，耗时: 1.096秒
2025-12-22 16:17:28 [INFO] [OK] 优化数据处理器初始化成功
2025-12-22 16:17:28 [INFO] [BALANCE] 当前 USDT 余额: 20.94
2025-12-22 16:17:29 [INFO] [DINGDING] 通知已发送:  账户余额报告
 时间: 2025-12-22 16:17:28
 USDT余额: 20.94
2025-12-22 16:17:29 [INFO] [BALANCE] 余额通知已发送: 20.94 USDT
2025-12-22 16:17:29 [INFO] [SYSTEM] 激活交易对数量: 535
2025-12-22 16:17:29 [INFO] [SYSTEM] find_in_out 策略启动
2025-12-22 16:18:00 [INFO] [MONITOR] 当前无持仓需要监控
2025-12-22 16:18:00 [INFO] [SCAN] 非15分钟节点，跳过开仓扫描
2025-12-22 16:18:00 [INFO] [WAIT] 等待 60.0 秒进入下一轮
2025-12-22 16:18:04 [INFO] [EXIT] 用户中断
2025-12-22 16:18:29 [INFO] [SYSTEM] 初始化组件...
2025-12-22 16:18:30 [INFO] [OK] API连接成功 - LIVE
2025-12-22 16:18:30 [INFO] [BALANCE] USDT总余额: 20.94
2025-12-22 16:18:30 [INFO] [INFO] 找到 535 个活跃USDT永续合约
2025-12-22 16:18:30 [INFO] [OK] 交易执行器初始化成功
2025-12-22 16:18:31 [INFO] [OK] API连接测试成功，耗时: 1.094秒
2025-12-22 16:18:31 [INFO] [OK] 优化数据处理器初始化成功
2025-12-22 16:18:31 [INFO] [BALANCE] 当前 USDT 余额: 20.94
2025-12-22 16:18:31 [INFO] [DINGDING] 通知已发送:  账户余额报告
 时间: 2025-12-22 16:18:31
 USDT余额: 20.94
2025-12-22 16:18:31 [INFO] [BALANCE] 余额通知已发送: 20.94 USDT
2025-12-22 16:18:31 [INFO] [SYSTEM] 激活交易对数量: 535
2025-12-22 16:18:31 [INFO] [SYSTEM] find_in_out 策略启动
2025-12-22 16:19:00 [INFO] [MONITOR] 当前无持仓需要监控
2025-12-22 16:19:03 [INFO] [LEVERAGE] 设置杠杆为 3x...
2025-12-22 16:19:03 [INFO] [LIVE SHORT] 开空头仓位: 2 个
2025-12-22 16:19:03 [INFO] [LIVE SELL] 做空 NAORIS/USDT:USDT: 279.8 @ 0.03574
2025-12-22 16:19:03 [INFO] [LIVE MARKET] 创建市价单 NAORIS/USDT:USDT: sell 279.8
2025-12-22 16:19:03 [INFO] [LIVE SUCCESS] NAORIS/USDT:USDT 市价单创建成功 ID:535072327 成交:279.0
2025-12-22 16:19:04 [INFO] [LIVE SELL] 做空 XAN/USDT:USDT: 593.5 @ 0.01685
2025-12-22 16:19:04 [INFO] [LIVE MARKET] 创建市价单 XAN/USDT:USDT: sell 593.5
2025-12-22 16:19:04 [INFO] [LIVE SUCCESS] XAN/USDT:USDT 市价单创建成功 ID:430856520 成交:593.0
2025-12-22 16:19:04 [INFO] [LIVE OK] 空头开仓: 2/2 成功
2025-12-22 16:19:04 [INFO] [PROTECT] NAORIS/USDT:USDT 更新止盈 0.03503
2025-12-22 16:19:04 [INFO] [PROTECT] NAORIS/USDT:USDT 更新止损 0.03753
2025-12-22 16:19:04 [INFO] [PROTECT] XAN/USDT:USDT 更新止盈 0.01651
2025-12-22 16:19:04 [INFO] [PROTECT] XAN/USDT:USDT 更新止损 0.01769
2025-12-22 16:19:05 [INFO] [WAIT] 等待 54.8 秒进入下一轮
2025-12-22 16:20:00 [INFO] [PROTECT] NAORIS/USDT:USDT 对侧触发，已取消止盈单 4000000103142710
2025-12-22 16:20:00 [INFO] [PROTECT] NAORIS/USDT:USDT 对侧触发，已取消止损单 4000000103142716
2025-12-22 16:20:00 [INFO] [PROTECT] NAORIS/USDT:USDT 更新止盈 0.03503
2025-12-22 16:20:00 [INFO] [PROTECT] NAORIS/USDT:USDT 更新止损 0.03753
2025-12-22 16:20:00 [INFO] [PROTECT] XAN/USDT:USDT 对侧触发，已取消止盈单 4000000103142825
2025-12-22 16:20:00 [INFO] [PROTECT] XAN/USDT:USDT 对侧触发，已取消止损单 4000000103142826
2025-12-22 16:20:00 [INFO] [PROTECT] XAN/USDT:USDT 更新止盈 0.01651
2025-12-22 16:20:00 [INFO] [PROTECT] XAN/USDT:USDT 更新止损 0.01769
2025-12-22 16:20:00 [INFO] [MONITOR] 持仓#1 symbol=NAORIS/USDT:USDT qty=279.8 tp=0.03503 sl=0.03753 entry_time=2025-12-22 16:19:04 min_price=0.03574
2025-12-22 16:20:00 [INFO] [MONITOR] 持仓#2 symbol=XAN/USDT:USDT qty=593.5 tp=0.01651 sl=0.01769 entry_time=2025-12-22 16:19:04 min_price=0.01685
2025-12-22 16:20:00 [INFO] [SCAN] 非15分钟节点，跳过开仓扫描
2025-12-22 16:20:00 [INFO] [WAIT] 等待 59.3 秒进入下一轮
2025-12-22 16:21:00 [INFO] [PROTECT] NAORIS/USDT:USDT 对侧触发，已取消止盈单 4000000103151520
2025-12-22 16:21:00 [INFO] [PROTECT] NAORIS/USDT:USDT 对侧触发，已取消止损单 4000000103151525
2025-12-22 16:21:00 [INFO] [PROTECT] NAORIS/USDT:USDT 更新止盈 0.035
2025-12-22 16:21:00 [INFO] [PROTECT] NAORIS/USDT:USDT 更新止损 0.03753
2025-12-22 16:21:00 [INFO] [PROTECT] XAN/USDT:USDT 对侧触发，已取消止盈单 4000000103151558
2025-12-22 16:21:00 [INFO] [PROTECT] XAN/USDT:USDT 对侧触发，已取消止损单 4000000103151563
2025-12-22 16:21:00 [INFO] [PROTECT] XAN/USDT:USDT 更新止盈 0.01651
2025-12-22 16:21:00 [INFO] [PROTECT] XAN/USDT:USDT 更新止损 0.01769
2025-12-22 16:21:00 [INFO] [MONITOR] 持仓#1 symbol=NAORIS/USDT:USDT qty=279.8 tp=0.035 sl=0.03753 entry_time=2025-12-22 16:19:04 min_price=0.03565
2025-12-22 16:21:00 [INFO] [MONITOR] 持仓#2 symbol=XAN/USDT:USDT qty=593.5 tp=0.01651 sl=0.01769 entry_time=2025-12-22 16:19:04 min_price=0.01683
2025-12-22 16:21:00 [INFO] [SCAN] 非15分钟节点，跳过开仓扫描
2025-12-22 16:21:00 [INFO] [WAIT] 等待 59.4 秒进入下一轮
2025-12-22 16:22:00 [INFO] [PROTECT] NAORIS/USDT:USDT 对侧触发，已取消止盈单 4000000103160990
2025-12-22 16:22:00 [INFO] [PROTECT] NAORIS/USDT:USDT 对侧触发，已取消止损单 4000000103160993
2025-12-22 16:22:00 [INFO] [PROTECT] NAORIS/USDT:USDT 更新止盈 0.035
2025-12-22 16:22:00 [INFO] [PROTECT] NAORIS/USDT:USDT 更新止损 0.03753
2025-12-22 16:22:00 [INFO] [PROTECT] XAN/USDT:USDT 对侧触发，已取消止盈单 4000000103161100
2025-12-22 16:22:00 [INFO] [PROTECT] XAN/USDT:USDT 对侧触发，已取消止损单 4000000103161109
2025-12-22 16:22:00 [INFO] [PROTECT] XAN/USDT:USDT 更新止盈 0.01651
2025-12-22 16:22:00 [INFO] [PROTECT] XAN/USDT:USDT 更新止损 0.01769
2025-12-22 16:22:00 [INFO] [MONITOR] 持仓#1 symbol=NAORIS/USDT:USDT qty=279.8 tp=0.035 sl=0.03753 entry_time=2025-12-22 16:19:04 min_price=0.03565
2025-12-22 16:22:00 [INFO] [MONITOR] 持仓#2 symbol=XAN/USDT:USDT qty=593.5 tp=0.01651 sl=0.01769 entry_time=2025-12-22 16:19:04 min_price=0.01683
2025-12-22 16:22:00 [INFO] [SCAN] 非15分钟节点，跳过开仓扫描
2025-12-22 16:22:00 [INFO] [WAIT] 等待 59.4 秒进入下一轮
2025-12-22 16:22:22 [INFO] [EXIT] 用户中断
2025-12-22 16:23:24 [INFO] [SYSTEM] 初始化组件...
2025-12-22 16:23:25 [INFO] [OK] API连接成功 - LIVE
2025-12-22 16:23:25 [INFO] [BALANCE] USDT总余额: 21.05
2025-12-22 16:23:25 [INFO] [INFO] 找到 535 个活跃USDT永续合约
2025-12-22 16:23:25 [INFO] [OK] 交易执行器初始化成功
2025-12-22 16:23:26 [INFO] [OK] API连接测试成功，耗时: 1.098秒
2025-12-22 16:23:26 [INFO] [OK] 优化数据处理器初始化成功
2025-12-22 16:23:26 [INFO] [BALANCE] 当前 USDT 余额: 21.05
2025-12-22 16:23:28 [INFO] [DINGDING] 通知已发送:  账户余额报告
 时间: 2025-12-22 16:23:26
 USDT余额: 21.05
2025-12-22 16:23:28 [INFO] [BALANCE] 余额通知已发送: 21.05 USDT
2025-12-22 16:23:28 [INFO] [SYSTEM] 激活交易对数量: 535
2025-12-22 16:23:28 [INFO] [SYSTEM] find_in_out 策略启动
2025-12-22 16:24:00 [INFO] [MONITOR] 当前无持仓需要监控
2025-12-22 16:24:03 [INFO] [LEVERAGE] 设置杠杆为 3x...
2025-12-22 16:24:04 [INFO] [LIVE SHORT] 开空头仓位: 2 个
2025-12-22 16:24:04 [INFO] [LIVE SELL] 做空 NAORIS/USDT:USDT: 281.8 @ 0.03549
2025-12-22 16:24:04 [INFO] [LIVE MARKET] 创建市价单 NAORIS/USDT:USDT: sell 281.8
2025-12-22 16:24:04 [INFO] [LIVE SUCCESS] NAORIS/USDT:USDT 市价单创建成功 ID:535074894 成交:281.0
2025-12-22 16:24:04 [INFO] [LIVE SELL] 做空 XAN/USDT:USDT: 598.1 @ 0.01672
2025-12-22 16:24:04 [INFO] [LIVE MARKET] 创建市价单 XAN/USDT:USDT: sell 598.1
2025-12-22 16:24:04 [INFO] [LIVE SUCCESS] XAN/USDT:USDT 市价单创建成功 ID:430892502 成交:598.0
2025-12-22 16:24:04 [INFO] [LIVE OK] 空头开仓: 2/2 成功
2025-12-22 16:24:04 [INFO] [PROTECT] NAORIS/USDT:USDT 更新止盈 0.03478
2025-12-22 16:24:04 [INFO] [PROTECT] NAORIS/USDT:USDT 更新止损 0.03726
2025-12-22 16:24:04 [INFO] [PROTECT] XAN/USDT:USDT 更新止盈 0.01639
2025-12-22 16:24:04 [INFO] [PROTECT] XAN/USDT:USDT 更新止损 0.01756
2025-12-22 16:24:05 [INFO] [WAIT] 等待 54.8 秒进入下一轮
2025-12-22 16:25:00 [INFO] [PROTECT] NAORIS/USDT:USDT 对侧触发，已取消止盈单 4000000103188993
2025-12-22 16:25:00 [INFO] [PROTECT] NAORIS/USDT:USDT 对侧触发，已取消止损单 4000000103189012
2025-12-22 16:25:00 [INFO] [PROTECT] NAORIS/USDT:USDT 更新止盈 0.03478
2025-12-22 16:25:00 [INFO] [PROTECT] NAORIS/USDT:USDT 更新止损 0.03726
2025-12-22 16:25:00 [INFO] [PROTECT] XAN/USDT:USDT 对侧触发，已取消止盈单 4000000103189076
2025-12-22 16:25:00 [INFO] [PROTECT] XAN/USDT:USDT 对侧触发，已取消止损单 4000000103189077
2025-12-22 16:25:00 [INFO] [PROTECT] XAN/USDT:USDT 更新止盈 0.01631
2025-12-22 16:25:00 [INFO] [PROTECT] XAN/USDT:USDT 更新止损 0.01756
2025-12-22 16:25:00 [INFO] [MONITOR] 持仓#1 symbol=NAORIS/USDT:USDT qty=281.8 tp=0.03478 sl=0.03726 entry_time=2025-12-22 16:24:04 min_price=0.03528
2025-12-22 16:25:00 [INFO] [MONITOR] 持仓#2 symbol=XAN/USDT:USDT qty=598.1 tp=0.01631 sl=0.01756 entry_time=2025-12-22 16:24:04 min_price=0.01662
2025-12-22 16:25:00 [INFO] [SCAN] 非15分钟节点，跳过开仓扫描
2025-12-22 16:25:00 [INFO] [WAIT] 等待 59.4 秒进入下一轮
2025-12-22 16:26:00 [INFO] [PROTECT] NAORIS/USDT:USDT 对侧触发，已取消止盈单 4000000103196682
2025-12-22 16:26:00 [INFO] [PROTECT] NAORIS/USDT:USDT 对侧触发，已取消止损单 4000000103196694
2025-12-22 16:26:00 [INFO] [PROTECT] NAORIS/USDT:USDT 更新止盈 0.03478
2025-12-22 16:26:00 [INFO] [PROTECT] NAORIS/USDT:USDT 更新止损 0.03726
2025-12-22 16:26:00 [INFO] [PROTECT] XAN/USDT:USDT 对侧触发，已取消止盈单 4000000103196721
2025-12-22 16:26:00 [INFO] [PROTECT] XAN/USDT:USDT 对侧触发，已取消止损单 4000000103196726
2025-12-22 16:26:00 [INFO] [PROTECT] XAN/USDT:USDT 更新止盈 0.01631
2025-12-22 16:26:00 [INFO] [PROTECT] XAN/USDT:USDT 更新止损 0.01756
2025-12-22 16:26:00 [INFO] [MONITOR] 持仓#1 symbol=NAORIS/USDT:USDT qty=281.8 tp=0.03478 sl=0.03726 entry_time=2025-12-22 16:24:04 min_price=0.03528
2025-12-22 16:26:00 [INFO] [MONITOR] 持仓#2 symbol=XAN/USDT:USDT qty=598.1 tp=0.01631 sl=0.01756 entry_time=2025-12-22 16:24:04 min_price=0.01654
2025-12-22 16:26:00 [INFO] [SCAN] 非15分钟节点，跳过开仓扫描
2025-12-22 16:26:00 [INFO] [WAIT] 等待 59.4 秒进入下一轮
2025-12-22 16:26:37 [INFO] [EXIT] 用户中断
2025-12-22 16:35:46 [INFO] [SYSTEM] 初始化组件...
2025-12-22 16:35:47 [INFO] [OK] API连接成功 - LIVE
2025-12-22 16:35:47 [INFO] [BALANCE] USDT总余额: 20.95
2025-12-22 16:35:47 [INFO] [INFO] 找到 535 个活跃USDT永续合约
2025-12-22 16:35:47 [INFO] [OK] 交易执行器初始化成功
2025-12-22 16:35:48 [INFO] [EXIT] 用户中断
2025-12-22 16:36:06 [INFO] [SYSTEM] 初始化组件...
2025-12-22 16:36:07 [INFO] [OK] API连接成功 - LIVE
2025-12-22 16:36:07 [INFO] [BALANCE] USDT总余额: 20.95
2025-12-22 16:36:07 [INFO] [INFO] 找到 535 个活跃USDT永续合约
2025-12-22 16:36:07 [INFO] [OK] 交易执行器初始化成功
2025-12-22 16:36:08 [INFO] [OK] API连接测试成功，耗时: 1.094秒
2025-12-22 16:36:08 [INFO] [OK] 优化数据处理器初始化成功
2025-12-22 16:36:08 [INFO] [BALANCE] 当前 USDT 余额: 20.95
2025-12-22 16:36:09 [INFO] [DINGDING] 通知已发送:  账户余额报告
 时间: 2025-12-22 16:36:08
 USDT余额: 20.95
2025-12-22 16:36:09 [INFO] [BALANCE] 余额通知已发送: 20.95 USDT
2025-12-22 16:36:09 [INFO] [SYSTEM] 激活交易对数量: 535
2025-12-22 16:36:09 [INFO] [SYSTEM] find_in_out 策略启动
2025-12-22 16:37:00 [INFO] [MONITOR] 当前无持仓需要监控
2025-12-22 16:37:03 [INFO] [LEVERAGE] 设置杠杆为 3x...
2025-12-22 16:37:03 [INFO] [LIVE SHORT] 开空头仓位: 2 个
2025-12-22 16:37:03 [INFO] [LIVE SELL] 做空 OL/USDT:USDT: 611.6 @ 0.01635
2025-12-22 16:37:03 [INFO] [LIVE MARKET] 创建市价单 OL/USDT:USDT: sell 611.6
2025-12-22 16:37:03 [INFO] [LIVE SUCCESS] OL/USDT:USDT 市价单创建成功 ID:258597233 成交:611.0
2025-12-22 16:37:03 [INFO] [LIVE SELL] 做空 TAC/USDT:USDT: 2304.1 @ 0.00434
2025-12-22 16:37:03 [INFO] [LIVE MARKET] 创建市价单 TAC/USDT:USDT: sell 2304.1
2025-12-22 16:37:03 [INFO] [LIVE SUCCESS] TAC/USDT:USDT 市价单创建成功 ID:226215346 成交:2304.0
2025-12-22 16:37:03 [INFO] [LIVE OK] 空头开仓: 2/2 成功
2025-12-22 16:37:03 [INFO] [PROTECT] OL/USDT:USDT 更新止盈 0.01602
2025-12-22 16:37:03 [INFO] [PROTECT] OL/USDT:USDT 更新止损 0.01717
2025-12-22 16:37:04 [INFO] [PROTECT] TAC/USDT:USDT 更新止盈 0.004253
2025-12-22 16:37:04 [INFO] [PROTECT] TAC/USDT:USDT 更新止损 0.004557
2025-12-22 16:37:04 [INFO] [WAIT] 等待 55.1 秒进入下一轮
2025-12-22 16:38:00 [INFO] [PROTECT] OL/USDT:USDT 对侧触发，已取消止盈单 4000000103313237
2025-12-22 16:38:00 [INFO] [PROTECT] OL/USDT:USDT 对侧触发，已取消止损单 4000000103313243
2025-12-22 16:38:00 [INFO] [PROTECT] OL/USDT:USDT 更新止盈 0.01602
2025-12-22 16:38:00 [INFO] [PROTECT] OL/USDT:USDT 更新止损 0.01717
2025-12-22 16:38:00 [INFO] [PROTECT] TAC/USDT:USDT 对侧触发，已取消止盈单 4000000103313329
2025-12-22 16:38:00 [INFO] [PROTECT] TAC/USDT:USDT 对侧触发，已取消止损单 4000000103313332
2025-12-22 16:38:00 [INFO] [PROTECT] TAC/USDT:USDT 更新止盈 0.00425
2025-12-22 16:38:00 [INFO] [PROTECT] TAC/USDT:USDT 更新止损 0.004557
2025-12-22 16:38:00 [INFO] [MONITOR] 持仓#1 symbol=OL/USDT:USDT qty=611.6 tp=0.01602 sl=0.01717 entry_time=2025-12-22 16:37:03 min_price=0.01612
2025-12-22 16:38:00 [INFO] [MONITOR] 持仓#2 symbol=TAC/USDT:USDT qty=2304.1 tp=0.00425 sl=0.004557 entry_time=2025-12-22 16:37:04 min_price=0.00433
2025-12-22 16:38:00 [INFO] [SCAN] 非15分钟节点，跳过开仓扫描
2025-12-22 16:38:00 [INFO] [WAIT] 等待 59.4 秒进入下一轮
2025-12-22 16:39:00 [INFO] [MONITOR] OL/USDT:USDT 保护单已触发，准备清理对侧并移除监控 (entry: 2025-12-22 16:37:03)
2025-12-22 16:39:01 [INFO] [MONITOR] TAC/USDT:USDT 保护单已触发，准备清理对侧并移除监控 (entry: 2025-12-22 16:37:04)
2025-12-22 16:39:01 [INFO] [MONITOR] 当前无持仓记录
2025-12-22 16:39:01 [INFO] [SCAN] 非15分钟节点，跳过开仓扫描
2025-12-22 16:39:01 [INFO] [WAIT] 等待 58.1 秒进入下一轮
2025-12-22 16:39:04 [INFO] [EXIT] 用户中断
2025-12-22 16:41:21 [INFO] [SYSTEM] 初始化组件...
2025-12-22 16:41:22 [INFO] [OK] API连接成功 - LIVE
2025-12-22 16:41:22 [INFO] [BALANCE] USDT总余额: 20.86
2025-12-22 16:41:22 [INFO] [INFO] 找到 535 个活跃USDT永续合约
2025-12-22 16:41:22 [INFO] [OK] 交易执行器初始化成功
2025-12-22 16:41:23 [INFO] [OK] API连接测试成功，耗时: 1.065秒
2025-12-22 16:41:23 [INFO] [OK] 优化数据处理器初始化成功
2025-12-22 16:41:23 [INFO] [BALANCE] 当前 USDT 余额: 20.86
2025-12-22 16:41:24 [INFO] [DINGDING] 通知已发送:  账户余额报告
 时间: 2025-12-22 16:41:23
 USDT余额: 20.86
2025-12-22 16:41:24 [INFO] [BALANCE] 余额通知已发送: 20.86 USDT
2025-12-22 16:41:24 [INFO] [SYSTEM] 激活交易对数量: 535
2025-12-22 16:41:24 [INFO] [SYSTEM] find_in_out 策略启动
2025-12-22 16:42:00 [INFO] [MONITOR] 当前无持仓需要监控
2025-12-22 16:42:03 [INFO] [LEVERAGE] 设置杠杆为 3x...
2025-12-22 16:42:03 [INFO] [LIVE SHORT] 开空头仓位: 2 个
2025-12-22 16:42:03 [INFO] [LIVE SELL] 做空 OL/USDT:USDT: 606.4 @ 0.01649
2025-12-22 16:42:03 [INFO] [LIVE MARKET] 创建市价单 OL/USDT:USDT: sell 606.4
2025-12-22 16:42:03 [INFO] [LIVE SUCCESS] OL/USDT:USDT 市价单创建成功 ID:258602914 成交:606.0
2025-12-22 16:42:04 [INFO] [LIVE SELL] 做空 TAC/USDT:USDT: 2305.7 @ 0.004337
2025-12-22 16:42:04 [INFO] [LIVE MARKET] 创建市价单 TAC/USDT:USDT: sell 2305.7
2025-12-22 16:42:04 [INFO] [LIVE SUCCESS] TAC/USDT:USDT 市价单创建成功 ID:226222920 成交:2305.0
2025-12-22 16:42:04 [INFO] [LIVE OK] 空头开仓: 2/2 成功
2025-12-22 16:42:04 [INFO] [PROTECT] OL/USDT:USDT 更新止盈 0.01616
2025-12-22 16:42:04 [INFO] [PROTECT] OL/USDT:USDT 更新止损 0.01731
2025-12-22 16:42:04 [INFO] [PROTECT] TAC/USDT:USDT 更新止盈 0.00425
2025-12-22 16:42:04 [INFO] [PROTECT] TAC/USDT:USDT 更新止损 0.004554
2025-12-22 16:42:05 [INFO] [WAIT] 等待 54.9 秒进入下一轮
2025-12-22 16:43:00 [INFO] [PROTECT] OL/USDT:USDT 对侧触发，已取消止盈单 4000000103359789
2025-12-22 16:43:00 [INFO] [PROTECT] OL/USDT:USDT 对侧触发，已取消止损单 4000000103359799
2025-12-22 16:43:00 [INFO] [PROTECT] OL/USDT:USDT 更新止盈 0.01616
2025-12-22 16:43:00 [INFO] [PROTECT] OL/USDT:USDT 更新止损 0.01731
2025-12-22 16:43:00 [INFO] [PROTECT] TAC/USDT:USDT 对侧触发，已取消止盈单 4000000103359905
2025-12-22 16:43:00 [INFO] [PROTECT] TAC/USDT:USDT 对侧触发，已取消止损单 4000000103359911
2025-12-22 16:43:00 [INFO] [PROTECT] TAC/USDT:USDT 更新止盈 0.00425
2025-12-22 16:43:00 [INFO] [PROTECT] TAC/USDT:USDT 更新止损 0.004554
2025-12-22 16:43:00 [INFO] [MONITOR] 持仓#1 symbol=OL/USDT:USDT qty=606.4 tp=0.01616 sl=0.01731 entry_time=2025-12-22 16:42:04 min_price=0.01649
2025-12-22 16:43:00 [INFO] [MONITOR] 持仓#2 symbol=TAC/USDT:USDT qty=2305.7 tp=0.00425 sl=0.004554 entry_time=2025-12-22 16:42:04 min_price=0.004322
2025-12-22 16:43:00 [INFO] [SCAN] 非15分钟节点，跳过开仓扫描
2025-12-22 16:43:00 [INFO] [WAIT] 等待 59.4 秒进入下一轮
2025-12-22 16:43:25 [INFO] [EXIT] 用户中断
2025-12-22 16:46:29 [INFO] [SYSTEM] 初始化组件...
2025-12-22 16:46:30 [INFO] [OK] API连接成功 - LIVE
2025-12-22 16:46:30 [INFO] [BALANCE] USDT总余额: 20.80
2025-12-22 16:46:30 [INFO] [INFO] 找到 535 个活跃USDT永续合约
2025-12-22 16:46:30 [INFO] [OK] 交易执行器初始化成功
2025-12-22 16:46:31 [INFO] [OK] API连接测试成功，耗时: 1.058秒
2025-12-22 16:46:31 [INFO] [OK] 优化数据处理器初始化成功
2025-12-22 16:46:31 [INFO] [BALANCE] 当前 USDT 余额: 20.80
2025-12-22 16:46:32 [INFO] [DINGDING] 通知已发送:  账户余额报告
 时间: 2025-12-22 16:46:31
 USDT余额: 20.80
2025-12-22 16:46:32 [INFO] [BALANCE] 余额通知已发送: 20.80 USDT
2025-12-22 16:46:32 [INFO] [SYSTEM] 激活交易对数量: 535
2025-12-22 16:46:32 [INFO] [SYSTEM] find_in_out 策略启动
2025-12-22 16:47:00 [INFO] [MONITOR] 当前无持仓需要监控
2025-12-22 16:47:03 [INFO] [SCAN] 本轮无满足条件的标的
2025-12-22 16:47:03 [INFO] [WAIT] 等待 56.4 秒进入下一轮
2025-12-22 16:47:08 [INFO] [EXIT] 用户中断
2025-12-22 16:48:19 [INFO] [SYSTEM] 初始化组件...
2025-12-22 16:48:20 [INFO] [OK] API连接成功 - LIVE
2025-12-22 16:48:20 [INFO] [BALANCE] USDT总余额: 20.80
2025-12-22 16:48:20 [INFO] [INFO] 找到 535 个活跃USDT永续合约
2025-12-22 16:48:20 [INFO] [OK] 交易执行器初始化成功
2025-12-22 16:48:21 [INFO] [OK] API连接测试成功，耗时: 1.064秒
2025-12-22 16:48:21 [INFO] [OK] 优化数据处理器初始化成功
2025-12-22 16:48:21 [INFO] [BALANCE] 当前 USDT 余额: 20.80
2025-12-22 16:48:21 [INFO] [DINGDING] 通知已发送:  账户余额报告
 时间: 2025-12-22 16:48:21
 USDT余额: 20.80
2025-12-22 16:48:21 [INFO] [BALANCE] 余额通知已发送: 20.80 USDT
2025-12-22 16:48:21 [INFO] [SYSTEM] 激活交易对数量: 535
2025-12-22 16:48:21 [INFO] [SYSTEM] find_in_out 策略启动
2025-12-22 16:49:00 [INFO] [MONITOR] 当前无持仓需要监控
2025-12-22 16:49:03 [INFO] [LEVERAGE] 设置杠杆为 3x...
2025-12-22 16:49:03 [INFO] [LIVE SHORT] 开空头仓位: 3 个
2025-12-22 16:49:03 [INFO] [LIVE SELL] 做空 ACE/USDT:USDT: 37.45 @ 0.267
2025-12-22 16:49:03 [INFO] [LIVE MARKET] 创建市价单 ACE/USDT:USDT: sell 37.45
2025-12-22 16:49:03 [INFO] [LIVE SUCCESS] ACE/USDT:USDT 市价单创建成功 ID:4345827933 成交:37.45
2025-12-22 16:49:04 [INFO] [LIVE SELL] 做空 MUBARAK/USDT:USDT: 607.9 @ 0.01645
2025-12-22 16:49:04 [INFO] [LIVE MARKET] 创建市价单 MUBARAK/USDT:USDT: sell 607.9
2025-12-22 16:49:04 [INFO] [LIVE SUCCESS] MUBARAK/USDT:USDT 市价单创建成功 ID:1788915440 成交:607.0
2025-12-22 16:49:04 [INFO] [LIVE SELL] 做空 TRUST/USDT:USDT: 88.0 @ 0.1137
2025-12-22 16:49:04 [INFO] [LIVE MARKET] 创建市价单 TRUST/USDT:USDT: sell 88.0
2025-12-22 16:49:04 [INFO] [LIVE SUCCESS] TRUST/USDT:USDT 市价单创建成功 ID:273876050 成交:88.0
2025-12-22 16:49:04 [INFO] [LIVE OK] 空头开仓: 3/3 成功
2025-12-22 16:49:04 [INFO] [PROTECT] ACE/USDT:USDT 更新止盈 0.2617
2025-12-22 16:49:04 [INFO] [PROTECT] ACE/USDT:USDT 更新止损 0.2804
2025-12-22 16:49:05 [INFO] [PROTECT] MUBARAK/USDT:USDT 更新止盈 0.01612
2025-12-22 16:49:05 [INFO] [PROTECT] MUBARAK/USDT:USDT 更新止损 0.01727
2025-12-22 16:49:05 [INFO] [PROTECT] TRUST/USDT:USDT 更新止盈 0.1114
2025-12-22 16:49:05 [INFO] [PROTECT] TRUST/USDT:USDT 更新止损 0.1194
2025-12-22 16:49:06 [INFO] [WAIT] 等待 53.7 秒进入下一轮
2025-12-22 16:49:38 [INFO] [EXIT] 用户中断
2025-12-22 19:09:48 [INFO] [SYSTEM] 初始化组件...
2025-12-22 19:09:49 [INFO] [OK] API连接成功 - LIVE
2025-12-22 19:09:49 [INFO] [BALANCE] USDT总余额: 20.77
2025-12-22 19:09:49 [INFO] [INFO] 找到 535 个活跃USDT永续合约
2025-12-22 19:09:49 [INFO] [OK] 交易执行器初始化成功
2025-12-22 19:09:50 [INFO] [OK] API连接测试成功，耗时: 1.066秒
2025-12-22 19:09:50 [INFO] [OK] 优化数据处理器初始化成功
2025-12-22 19:09:50 [INFO] [BALANCE] 当前 USDT 余额: 20.77
2025-12-22 19:09:51 [INFO] [DINGDING] 通知已发送:  账户余额报告
 时间: 2025-12-22 19:09:50
 USDT余额: 20.77
2025-12-22 19:09:51 [INFO] [BALANCE] 余额通知已发送: 20.77 USDT
2025-12-22 19:09:51 [INFO] [SYSTEM] 激活交易对数量: 535
2025-12-22 19:09:51 [INFO] [SYSTEM] find_in_out 策略启动
2025-12-22 19:09:51 [INFO] [BALANCE] 当前总资产: 20.77
2025-12-22 19:09:52 [INFO] [CONFIG] 单仓保证金设置为: 3 USDT
2025-12-22 19:10:00 [INFO] [MONITOR] 当前无持仓需要监控
2025-12-22 19:10:04 [INFO] [SCAN] 本轮无满足条件的标的
2025-12-22 19:10:04 [INFO] [WAIT] 等待 55.4 秒进入下一轮
2025-12-22 19:10:08 [INFO] [EXIT] 用户中断
2025-12-22 19:12:05 [INFO] [SYSTEM] 初始化组件...
2025-12-22 19:12:06 [INFO] [OK] API连接成功 - LIVE
2025-12-22 19:12:06 [INFO] [BALANCE] USDT总余额: 20.77
2025-12-22 19:12:06 [INFO] [INFO] 找到 535 个活跃USDT永续合约
2025-12-22 19:12:06 [INFO] [OK] 交易执行器初始化成功
2025-12-22 19:12:07 [INFO] [OK] API连接测试成功，耗时: 1.088秒
2025-12-22 19:12:07 [INFO] [OK] 优化数据处理器初始化成功
2025-12-22 19:12:07 [INFO] [BALANCE] 当前 USDT 余额: 20.77
2025-12-22 19:12:07 [INFO] [SYSTEM] 激活交易对数量: 535
2025-12-22 19:12:07 [INFO] [SYSTEM] find_in_out 策略启动
2025-12-22 19:12:07 [INFO] [BALANCE] 当前总资产: 20.77
2025-12-22 19:12:09 [INFO] [CONFIG] 单仓保证金设置为: 3 USDT
2025-12-22 19:13:00 [INFO] [MONITOR] 当前无持仓需要监控
2025-12-22 19:13:04 [INFO] [LEVERAGE] 设置杠杆为 5x...
2025-12-22 19:13:04 [INFO] [LIVE SHORT] 开空头仓位: 3 个
2025-12-22 19:13:04 [INFO] [LIVE SELL] 做空 1000RATS/USDT:USDT: 372.3 @ 0.04029
2025-12-22 19:13:04 [INFO] [LIVE MARKET] 创建市价单 1000RATS/USDT:USDT: sell 372.3
2025-12-22 19:13:04 [INFO] [LIVE SUCCESS] 1000RATS/USDT:USDT 市价单创建成功 ID:4752172271 成交:372.0
2025-12-22 19:13:04 [INFO] [LIVE SELL] 做空 MAVIA/USDT:USDT: 303.0 @ 0.04951
2025-12-22 19:13:04 [INFO] [LIVE MARKET] 创建市价单 MAVIA/USDT:USDT: sell 303.0
2025-12-22 19:13:04 [INFO] [LIVE SUCCESS] MAVIA/USDT:USDT 市价单创建成功 ID:454112899 成交:303.0
2025-12-22 19:13:04 [INFO] [LIVE SELL] 做空 TUT/USDT:USDT: 1169.1 @ 0.01283
2025-12-22 19:13:04 [INFO] [LIVE MARKET] 创建市价单 TUT/USDT:USDT: sell 1169.1
2025-12-22 19:13:04 [INFO] [LIVE SUCCESS] TUT/USDT:USDT 市价单创建成功 ID:979536439 成交:1169.0
2025-12-22 19:13:04 [INFO] [LIVE OK] 空头开仓: 3/3 成功
2025-12-22 19:13:04 [INFO] [PROTECT] 1000RATS/USDT:USDT 更新止盈 0.03948
2025-12-22 19:13:04 [INFO] [PROTECT] 1000RATS/USDT:USDT 更新止损 0.0423
2025-12-22 19:13:05 [INFO] [PROTECT] MAVIA/USDT:USDT 更新止盈 0.04852
2025-12-22 19:13:05 [INFO] [PROTECT] MAVIA/USDT:USDT 更新止损 0.05199
2025-12-22 19:13:05 [INFO] [PROTECT] TUT/USDT:USDT 更新止盈 0.01257
2025-12-22 19:13:05 [INFO] [PROTECT] TUT/USDT:USDT 更新止损 0.01347
2025-12-22 19:13:06 [INFO] [WAIT] 等待 54.0 秒进入下一轮
2025-12-22 19:14:00 [INFO] [PROTECT] 1000RATS/USDT:USDT 对侧触发，已取消止盈单 4000000104692058
2025-12-22 19:14:00 [INFO] [PROTECT] 1000RATS/USDT:USDT 对侧触发，已取消止损单 4000000104692068
2025-12-22 19:14:00 [INFO] [PROTECT] 1000RATS/USDT:USDT 更新止盈 0.03948
2025-12-22 19:14:00 [INFO] [PROTECT] 1000RATS/USDT:USDT 更新止损 0.0423
2025-12-22 19:14:00 [INFO] [PROTECT] MAVIA/USDT:USDT 对侧触发，已取消止盈单 4000000104692125
2025-12-22 19:14:00 [INFO] [PROTECT] MAVIA/USDT:USDT 对侧触发，已取消止损单 4000000104692133
2025-12-22 19:14:00 [INFO] [PROTECT] MAVIA/USDT:USDT 更新止盈 0.04851
2025-12-22 19:14:00 [INFO] [PROTECT] MAVIA/USDT:USDT 更新止损 0.05198
2025-12-22 19:14:00 [INFO] [PROTECT] TUT/USDT:USDT 对侧触发，已取消止盈单 4000000104692218
2025-12-22 19:14:00 [INFO] [PROTECT] TUT/USDT:USDT 对侧触发，已取消止损单 4000000104692224
2025-12-22 19:14:00 [INFO] [PROTECT] TUT/USDT:USDT 更新止盈 0.01257
2025-12-22 19:14:00 [INFO] [PROTECT] TUT/USDT:USDT 更新止损 0.01347
2025-12-22 19:14:00 [INFO] [MONITOR] 持仓#1 symbol=1000RATS/USDT:USDT qty=372.3 tp=0.03948 sl=0.0423 entry_time=2025-12-22 19:13:04 min_price=0.04025
2025-12-22 19:14:00 [INFO] [MONITOR] 持仓#2 symbol=MAVIA/USDT:USDT qty=303.0 tp=0.04851 sl=0.05198 entry_time=2025-12-22 19:13:05 min_price=0.04944
2025-12-22 19:14:00 [INFO] [MONITOR] 持仓#3 symbol=TUT/USDT:USDT qty=1169.1 tp=0.01257 sl=0.01347 entry_time=2025-12-22 19:13:05 min_price=0.01281
2025-12-22 19:14:00 [INFO] [SCAN] 非15分钟节点，跳过开仓扫描
2025-12-22 19:14:00 [INFO] [WAIT] 等待 59.1 秒进入下一轮
2025-12-22 19:15:00 [INFO] [PROTECT] 1000RATS/USDT:USDT 对侧触发，已取消止盈单 4000000104701201
2025-12-22 19:15:00 [INFO] [PROTECT] 1000RATS/USDT:USDT 对侧触发，已取消止损单 4000000104701207
2025-12-22 19:15:00 [INFO] [PROTECT] 1000RATS/USDT:USDT 更新止盈 0.03948
2025-12-22 19:15:00 [INFO] [PROTECT] 1000RATS/USDT:USDT 更新止损 0.0423
2025-12-22 19:15:00 [INFO] [PROTECT] MAVIA/USDT:USDT 对侧触发，已取消止盈单 4000000104701243
2025-12-22 19:15:00 [INFO] [PROTECT] MAVIA/USDT:USDT 对侧触发，已取消止损单 4000000104701249
2025-12-22 19:15:00 [INFO] [PROTECT] MAVIA/USDT:USDT 更新止盈 0.04845
2025-12-22 19:15:00 [INFO] [PROTECT] MAVIA/USDT:USDT 更新止损 0.05197
2025-12-22 19:15:00 [INFO] [PROTECT] TUT/USDT:USDT 对侧触发，已取消止盈单 4000000104701273
2025-12-22 19:15:00 [INFO] [PROTECT] TUT/USDT:USDT 对侧触发，已取消止损单 4000000104701277
2025-12-22 19:15:01 [INFO] [PROTECT] TUT/USDT:USDT 更新止盈 0.01255
2025-12-22 19:15:01 [INFO] [PROTECT] TUT/USDT:USDT 更新止损 0.01347
2025-12-22 19:15:01 [INFO] [MONITOR] 持仓#1 symbol=1000RATS/USDT:USDT qty=372.3 tp=0.03948 sl=0.0423 entry_time=2025-12-22 19:13:04 min_price=0.04025
2025-12-22 19:15:01 [INFO] [MONITOR] 持仓#2 symbol=MAVIA/USDT:USDT qty=303.0 tp=0.04845 sl=0.05197 entry_time=2025-12-22 19:13:05 min_price=0.04938
2025-12-22 19:15:01 [INFO] [MONITOR] 持仓#3 symbol=TUT/USDT:USDT qty=1169.1 tp=0.01255 sl=0.01347 entry_time=2025-12-22 19:13:05 min_price=0.0128
2025-12-22 19:15:01 [INFO] [SCAN] 非15分钟节点，跳过开仓扫描
2025-12-22 19:15:01 [INFO] [WAIT] 等待 58.9 秒进入下一轮
2025-12-22 19:15:32 [INFO] [EXIT] 用户中断
2025-12-22 19:33:00 [INFO] [SYSTEM] 初始化组件...
2025-12-22 19:33:01 [INFO] [OK] API连接成功 - LIVE
2025-12-22 19:33:01 [INFO] [BALANCE] USDT总余额: 20.80
2025-12-22 19:33:01 [INFO] [INFO] 找到 535 个活跃USDT永续合约
2025-12-22 19:33:01 [INFO] [OK] 交易执行器初始化成功
2025-12-22 19:33:02 [INFO] [OK] API连接测试成功，耗时: 1.076秒
2025-12-22 19:33:02 [INFO] [OK] 优化数据处理器初始化成功
2025-12-22 19:33:02 [INFO] [BALANCE] 当前 USDT 余额: 20.80
2025-12-22 19:33:02 [INFO] [SYSTEM] 激活交易对数量: 535
2025-12-22 19:33:02 [INFO] [SYSTEM] find_in_out 策略启动
2025-12-22 19:33:03 [INFO] [BALANCE] 当前总资产: 20.80
2025-12-22 19:33:04 [INFO] [CONFIG] 单仓保证金设置为: 3 USDT
2025-12-22 19:34:00 [INFO] [MONITOR] 当前无持仓需要监控
2025-12-22 19:34:00 [INFO] [SCAN] 非15分钟节点，跳过开仓扫描
2025-12-22 19:34:00 [INFO] [WAIT] 等待 60.0 秒进入下一轮
2025-12-22 19:35:00 [INFO] [MONITOR] 当前无持仓需要监控
2025-12-22 19:35:00 [INFO] [SCAN] 非15分钟节点，跳过开仓扫描
2025-12-22 19:35:00 [INFO] [WAIT] 等待 59.9 秒进入下一轮
2025-12-22 19:36:00 [INFO] [MONITOR] 当前无持仓需要监控
2025-12-22 19:36:00 [INFO] [SCAN] 非15分钟节点，跳过开仓扫描
2025-12-22 19:36:00 [INFO] [WAIT] 等待 60.0 秒进入下一轮
2025-12-22 19:37:00 [INFO] [MONITOR] 当前无持仓需要监控
2025-12-22 19:37:00 [INFO] [SCAN] 非15分钟节点，跳过开仓扫描
2025-12-22 19:37:00 [INFO] [WAIT] 等待 59.9 秒进入下一轮
2025-12-22 19:38:00 [INFO] [MONITOR] 当前无持仓需要监控
2025-12-22 19:38:00 [INFO] [SCAN] 非15分钟节点，跳过开仓扫描
2025-12-22 19:38:00 [INFO] [WAIT] 等待 60.0 秒进入下一轮
2025-12-22 19:39:00 [INFO] [MONITOR] 当前无持仓需要监控
2025-12-22 19:39:00 [INFO] [SCAN] 非15分钟节点，跳过开仓扫描
2025-12-22 19:39:00 [INFO] [WAIT] 等待 60.0 秒进入下一轮
2025-12-22 19:40:00 [INFO] [MONITOR] 当前无持仓需要监控
2025-12-22 19:40:00 [INFO] [SCAN] 非15分钟节点，跳过开仓扫描
2025-12-22 19:40:00 [INFO] [WAIT] 等待 60.0 秒进入下一轮
2025-12-22 19:41:00 [INFO] [MONITOR] 当前无持仓需要监控
2025-12-22 19:41:00 [INFO] [SCAN] 非15分钟节点，跳过开仓扫描
2025-12-22 19:41:00 [INFO] [WAIT] 等待 59.9 秒进入下一轮
2025-12-22 19:42:00 [INFO] [MONITOR] 当前无持仓需要监控
2025-12-22 19:42:00 [INFO] [SCAN] 非15分钟节点，跳过开仓扫描
2025-12-22 19:42:00 [INFO] [WAIT] 等待 60.0 秒进入下一轮
2025-12-22 19:43:00 [INFO] [MONITOR] 当前无持仓需要监控
2025-12-22 19:43:00 [INFO] [SCAN] 非15分钟节点，跳过开仓扫描
2025-12-22 19:43:00 [INFO] [WAIT] 等待 59.9 秒进入下一轮
2025-12-22 19:44:00 [INFO] [MONITOR] 当前无持仓需要监控
2025-12-22 19:44:00 [INFO] [SCAN] 非15分钟节点，跳过开仓扫描
2025-12-22 19:44:00 [INFO] [WAIT] 等待 60.0 秒进入下一轮
2025-12-22 19:45:00 [INFO] [MONITOR] 当前无持仓需要监控
2025-12-22 19:45:00 [WARNING] [SCAN] 无可扫描交易对（active 与 profitable_symbols.txt 交集为空）
2025-12-22 19:45:00 [INFO] [WAIT] 等待 60.0 秒进入下一轮
2025-12-22 19:46:00 [INFO] [MONITOR] 当前无持仓需要监控
2025-12-22 19:46:00 [INFO] [SCAN] 非15分钟节点，跳过开仓扫描
2025-12-22 19:46:00 [INFO] [WAIT] 等待 60.0 秒进入下一轮
2025-12-22 19:46:38 [INFO] [EXIT] 用户中断
2025-12-22 19:49:00 [INFO] [SYSTEM] 初始化组件...
2025-12-22 19:49:02 [INFO] [OK] API连接成功 - LIVE
2025-12-22 19:49:02 [INFO] [BALANCE] USDT总余额: 20.80
2025-12-22 19:49:02 [INFO] [INFO] 找到 535 个活跃USDT永续合约
2025-12-22 19:49:02 [INFO] [OK] 交易执行器初始化成功
2025-12-22 19:49:03 [INFO] [OK] API连接测试成功，耗时: 1.088秒
2025-12-22 19:49:03 [INFO] [OK] 优化数据处理器初始化成功
2025-12-22 19:49:03 [INFO] [BALANCE] 当前 USDT 余额: 20.80
2025-12-22 19:49:03 [INFO] [SYSTEM] 激活交易对数量: 535
2025-12-22 19:49:03 [INFO] [SYSTEM] find_in_out 策略启动
2025-12-22 19:49:03 [INFO] [BALANCE] 当前总资产: 20.80
2025-12-22 19:49:04 [INFO] [CONFIG] 单仓保证金设置为: 3 USDT
2025-12-22 19:49:05 [INFO] [EXIT] 用户中断
2025-12-22 19:49:14 [INFO] [SYSTEM] 初始化组件...
2025-12-22 19:49:15 [INFO] [OK] API连接成功 - LIVE
2025-12-22 19:49:15 [INFO] [BALANCE] USDT总余额: 20.80
2025-12-22 19:49:15 [INFO] [INFO] 找到 535 个活跃USDT永续合约
2025-12-22 19:49:15 [INFO] [OK] 交易执行器初始化成功
2025-12-22 19:49:16 [INFO] [OK] API连接测试成功，耗时: 1.086秒
2025-12-22 19:49:16 [INFO] [OK] 优化数据处理器初始化成功
2025-12-22 19:49:16 [INFO] [BALANCE] 当前 USDT 余额: 20.80
2025-12-22 19:49:16 [INFO] [SYSTEM] 激活交易对数量: 535
2025-12-22 19:49:16 [INFO] [SYSTEM] find_in_out 策略启动
2025-12-22 19:49:17 [INFO] [BALANCE] 当前总资产: 20.80
2025-12-22 19:49:17 [INFO] [CONFIG] 单仓保证金设置为: 3 USDT
2025-12-22 19:50:00 [INFO] [MONITOR] 当前无持仓需要监控
2025-12-22 19:50:00 [WARNING] [SCAN] 无可扫描交易对（active 与 profitable_symbols.txt 交集为空）
2025-12-22 19:50:00 [INFO] [WAIT] 等待 60.0 秒进入下一轮
2025-12-22 19:50:04 [INFO] [EXIT] 用户中断
2025-12-22 19:53:26 [INFO] [SYSTEM] 初始化组件...
2025-12-22 19:53:27 [INFO] [OK] API连接成功 - LIVE
2025-12-22 19:53:27 [INFO] [BALANCE] USDT总余额: 20.80
2025-12-22 19:53:27 [INFO] [INFO] 找到 535 个活跃USDT永续合约
2025-12-22 19:53:27 [INFO] [OK] 交易执行器初始化成功
2025-12-22 19:53:28 [INFO] [OK] API连接测试成功，耗时: 1.084秒
2025-12-22 19:53:28 [INFO] [OK] 优化数据处理器初始化成功
2025-12-22 19:53:28 [INFO] [BALANCE] 当前 USDT 余额: 20.80
2025-12-22 19:53:28 [INFO] [SYSTEM] 激活交易对数量: 535
2025-12-22 19:53:28 [INFO] [SYSTEM] find_in_out 策略启动
2025-12-22 19:53:29 [INFO] [BALANCE] 当前总资产: 20.80
2025-12-22 19:53:30 [INFO] [CONFIG] 单仓保证金设置为: 3 USDT
2025-12-22 19:54:00 [INFO] [MONITOR] 当前无持仓需要监控
2025-12-22 19:54:00 [INFO] [SCAN] 本轮扫描交易对数量: 178
2025-12-22 19:54:01 [INFO] [SCAN] 本轮无满足条件的标的
2025-12-22 19:54:01 [INFO] [WAIT] 等待 58.6 秒进入下一轮
2025-12-22 19:55:00 [INFO] [MONITOR] 当前无持仓需要监控
2025-12-22 19:55:00 [INFO] [SCAN] 非15分钟节点，跳过开仓扫描
2025-12-22 19:55:00 [INFO] [WAIT] 等待 60.0 秒进入下一轮
2025-12-22 19:55:10 [INFO] [EXIT] 用户中断
2025-12-22 19:55:26 [INFO] [SYSTEM] 初始化组件...
2025-12-22 19:55:28 [INFO] [OK] API连接成功 - LIVE
2025-12-22 19:55:28 [INFO] [BALANCE] USDT总余额: 20.80
2025-12-22 19:55:28 [INFO] [INFO] 找到 535 个活跃USDT永续合约
2025-12-22 19:55:28 [INFO] [OK] 交易执行器初始化成功
2025-12-22 19:55:29 [INFO] [OK] API连接测试成功，耗时: 1.075秒
2025-12-22 19:55:29 [INFO] [OK] 优化数据处理器初始化成功
2025-12-22 19:55:29 [INFO] [BALANCE] 当前 USDT 余额: 20.80
2025-12-22 19:55:29 [INFO] [SYSTEM] 激活交易对数量: 535
2025-12-22 19:55:29 [INFO] [SYSTEM] find_in_out 策略启动
2025-12-22 19:55:29 [INFO] [BALANCE] 当前总资产: 20.80
2025-12-22 19:55:30 [INFO] [CONFIG] 单仓保证金设置为: 3 USDT
2025-12-22 19:56:00 [INFO] [MONITOR] 当前无持仓需要监控
2025-12-22 19:56:00 [INFO] [SCAN] 非15分钟节点，跳过开仓扫描
2025-12-22 19:56:00 [INFO] [WAIT] 等待 60.0 秒进入下一轮
2025-12-22 19:57:00 [INFO] [MONITOR] 当前无持仓需要监控
2025-12-22 19:57:00 [INFO] [SCAN] 非15分钟节点，跳过开仓扫描
2025-12-22 19:57:00 [INFO] [WAIT] 等待 59.9 秒进入下一轮
2025-12-22 19:58:00 [INFO] [MONITOR] 当前无持仓需要监控
2025-12-22 19:58:00 [INFO] [SCAN] 非15分钟节点，跳过开仓扫描
2025-12-22 19:58:00 [INFO] [WAIT] 等待 60.0 秒进入下一轮
2025-12-22 19:59:00 [INFO] [MONITOR] 当前无持仓需要监控
2025-12-22 19:59:00 [INFO] [SCAN] 非15分钟节点，跳过开仓扫描
2025-12-22 19:59:00 [INFO] [WAIT] 等待 59.9 秒进入下一轮
2025-12-22 20:00:00 [INFO] [MONITOR] 当前无持仓需要监控
2025-12-22 20:00:00 [INFO] [SCAN] 本轮扫描交易对数量: 178
2025-12-22 20:00:01 [INFO] [SCAN] 本轮无满足条件的标的
2025-12-22 20:00:01 [INFO] [WAIT] 等待 58.2 秒进入下一轮
2025-12-22 20:01:00 [INFO] [MONITOR] 当前无持仓需要监控
2025-12-22 20:01:00 [INFO] [SCAN] 非15分钟节点，跳过开仓扫描
2025-12-22 20:01:00 [INFO] [WAIT] 等待 60.0 秒进入下一轮
2025-12-22 20:02:00 [INFO] [MONITOR] 当前无持仓需要监控
2025-12-22 20:02:00 [INFO] [SCAN] 非15分钟节点，跳过开仓扫描
2025-12-22 20:02:00 [INFO] [WAIT] 等待 60.0 秒进入下一轮
2025-12-22 20:03:00 [INFO] [MONITOR] 当前无持仓需要监控
2025-12-22 20:03:00 [INFO] [SCAN] 非15分钟节点，跳过开仓扫描
2025-12-22 20:03:00 [INFO] [WAIT] 等待 60.0 秒进入下一轮
2025-12-22 20:04:00 [INFO] [MONITOR] 当前无持仓需要监控
2025-12-22 20:04:00 [INFO] [SCAN] 非15分钟节点，跳过开仓扫描
2025-12-22 20:04:00 [INFO] [WAIT] 等待 60.0 秒进入下一轮
2025-12-22 20:05:00 [INFO] [MONITOR] 当前无持仓需要监控
2025-12-22 20:05:00 [INFO] [SCAN] 非15分钟节点，跳过开仓扫描
2025-12-22 20:05:00 [INFO] [WAIT] 等待 59.9 秒进入下一轮
2025-12-22 20:06:00 [INFO] [MONITOR] 当前无持仓需要监控
2025-12-22 20:06:00 [INFO] [SCAN] 非15分钟节点，跳过开仓扫描
2025-12-22 20:06:00 [INFO] [WAIT] 等待 60.0 秒进入下一轮
2025-12-22 20:07:00 [INFO] [MONITOR] 当前无持仓需要监控
2025-12-22 20:07:00 [INFO] [SCAN] 非15分钟节点，跳过开仓扫描
2025-12-22 20:07:00 [INFO] [WAIT] 等待 59.9 秒进入下一轮
2025-12-22 20:08:00 [INFO] [MONITOR] 当前无持仓需要监控
2025-12-22 20:08:00 [INFO] [SCAN] 非15分钟节点，跳过开仓扫描
2025-12-22 20:08:00 [INFO] [WAIT] 等待 60.0 秒进入下一轮
2025-12-22 20:09:00 [INFO] [MONITOR] 当前无持仓需要监控
2025-12-22 20:09:00 [INFO] [SCAN] 非15分钟节点，跳过开仓扫描
2025-12-22 20:09:00 [INFO] [WAIT] 等待 60.0 秒进入下一轮
2025-12-22 20:10:00 [INFO] [MONITOR] 当前无持仓需要监控
2025-12-22 20:10:00 [INFO] [SCAN] 非15分钟节点，跳过开仓扫描
2025-12-22 20:10:00 [INFO] [WAIT] 等待 59.9 秒进入下一轮
2025-12-22 20:11:00 [INFO] [MONITOR] 当前无持仓需要监控
2025-12-22 20:11:00 [INFO] [SCAN] 非15分钟节点，跳过开仓扫描
2025-12-22 20:11:00 [INFO] [WAIT] 等待 59.9 秒进入下一轮
2025-12-22 20:12:00 [INFO] [MONITOR] 当前无持仓需要监控
2025-12-22 20:12:00 [INFO] [SCAN] 非15分钟节点，跳过开仓扫描
2025-12-22 20:12:00 [INFO] [WAIT] 等待 60.0 秒进入下一轮
2025-12-22 20:13:00 [INFO] [MONITOR] 当前无持仓需要监控
2025-12-22 20:13:00 [INFO] [SCAN] 非15分钟节点，跳过开仓扫描
2025-12-22 20:13:00 [INFO] [WAIT] 等待 59.9 秒进入下一轮
2025-12-22 20:14:00 [INFO] [MONITOR] 当前无持仓需要监控
2025-12-22 20:14:00 [INFO] [SCAN] 非15分钟节点，跳过开仓扫描
2025-12-22 20:14:00 [INFO] [WAIT] 等待 59.9 秒进入下一轮
2025-12-22 20:15:00 [INFO] [MONITOR] 当前无持仓需要监控
2025-12-22 20:15:00 [INFO] [SCAN] 本轮扫描交易对数量: 217
2025-12-22 20:15:01 [INFO] [LEVERAGE] 设置杠杆为 6x...
2025-12-22 20:15:01 [INFO] [LIVE SHORT] 开空头仓位: 1 个
2025-12-22 20:15:01 [INFO] [LIVE SELL] 做空 BSV/USDT:USDT: 1.0 @ 18.87
2025-12-22 20:15:01 [INFO] [LIVE MARKET] 创建市价单 BSV/USDT:USDT: sell 1.0
2025-12-22 20:15:01 [INFO] [LIVE SUCCESS] BSV/USDT:USDT 市价单创建成功 ID:1888844743 成交:1.0
2025-12-22 20:15:01 [INFO] [LIVE OK] 空头开仓: 1/1 成功
2025-12-22 20:15:01 [INFO] [PROTECT] BSV/USDT:USDT 更新止盈 18.49
2025-12-22 20:15:01 [INFO] [PROTECT] BSV/USDT:USDT 更新止损 20.19
2025-12-22 20:15:02 [INFO] [WAIT] 等待 57.3 秒进入下一轮
2025-12-22 20:16:00 [INFO] [PROTECT] BSV/USDT:USDT 对侧触发，已取消止盈单 4000000105295600
2025-12-22 20:16:00 [INFO] [PROTECT] BSV/USDT:USDT 对侧触发，已取消止损单 4000000105295605
2025-12-22 20:16:00 [INFO] [PROTECT] BSV/USDT:USDT 更新止盈 18.49
2025-12-22 20:16:00 [INFO] [PROTECT] BSV/USDT:USDT 更新止损 20.19
2025-12-22 20:16:00 [INFO] [MONITOR] 持仓#1 symbol=BSV/USDT:USDT qty=1.0 tp=18.49 sl=20.19 entry_time=2025-12-22 20:15:01 min_price=18.84
2025-12-22 20:16:00 [INFO] [SCAN] 非15分钟节点，跳过开仓扫描
2025-12-22 20:16:00 [INFO] [WAIT] 等待 59.7 秒进入下一轮
2025-12-22 20:17:00 [INFO] [PROTECT] BSV/USDT:USDT 对侧触发，已取消止盈单 4000000105303902
2025-12-22 20:17:00 [INFO] [PROTECT] BSV/USDT:USDT 对侧触发，已取消止损单 4000000105303906
2025-12-22 20:17:00 [INFO] [PROTECT] BSV/USDT:USDT 更新止盈 18.49
2025-12-22 20:17:00 [INFO] [PROTECT] BSV/USDT:USDT 更新止损 20.19
2025-12-22 20:17:00 [INFO] [MONITOR] 持仓#1 symbol=BSV/USDT:USDT qty=1.0 tp=18.49 sl=20.19 entry_time=2025-12-22 20:15:01 min_price=18.84
2025-12-22 20:17:00 [INFO] [SCAN] 非15分钟节点，跳过开仓扫描
2025-12-22 20:17:00 [INFO] [WAIT] 等待 59.7 秒进入下一轮
2025-12-22 20:18:00 [INFO] [PROTECT] BSV/USDT:USDT 对侧触发，已取消止盈单 4000000105315503
2025-12-22 20:18:00 [INFO] [PROTECT] BSV/USDT:USDT 对侧触发，已取消止损单 4000000105315528
2025-12-22 20:18:00 [INFO] [PROTECT] BSV/USDT:USDT 更新止盈 18.49
2025-12-22 20:18:00 [INFO] [PROTECT] BSV/USDT:USDT 更新止损 20.19
2025-12-22 20:18:00 [INFO] [MONITOR] 持仓#1 symbol=BSV/USDT:USDT qty=1.0 tp=18.49 sl=20.19 entry_time=2025-12-22 20:15:01 min_price=18.84
2025-12-22 20:18:00 [INFO] [SCAN] 非15分钟节点，跳过开仓扫描
2025-12-22 20:18:00 [INFO] [WAIT] 等待 59.7 秒进入下一轮
2025-12-22 20:19:00 [INFO] [PROTECT] BSV/USDT:USDT 对侧触发，已取消止盈单 4000000105328496
2025-12-22 20:19:00 [INFO] [PROTECT] BSV/USDT:USDT 对侧触发，已取消止损单 4000000105328501
2025-12-22 20:19:00 [INFO] [PROTECT] BSV/USDT:USDT 更新止盈 18.49
2025-12-22 20:19:00 [INFO] [PROTECT] BSV/USDT:USDT 更新止损 20.19
2025-12-22 20:19:00 [INFO] [MONITOR] 持仓#1 symbol=BSV/USDT:USDT qty=1.0 tp=18.49 sl=20.19 entry_time=2025-12-22 20:15:01 min_price=18.84
2025-12-22 20:19:00 [INFO] [SCAN] 非15分钟节点，跳过开仓扫描
2025-12-22 20:19:00 [INFO] [WAIT] 等待 59.6 秒进入下一轮
2025-12-22 20:20:00 [INFO] [PROTECT] BSV/USDT:USDT 对侧触发，已取消止盈单 4000000105340060
2025-12-22 20:20:00 [INFO] [PROTECT] BSV/USDT:USDT 对侧触发，已取消止损单 4000000105340070
2025-12-22 20:20:00 [INFO] [PROTECT] BSV/USDT:USDT 更新止盈 18.49
2025-12-22 20:20:00 [INFO] [PROTECT] BSV/USDT:USDT 更新止损 20.19
2025-12-22 20:20:00 [INFO] [MONITOR] 持仓#1 symbol=BSV/USDT:USDT qty=1.0 tp=18.49 sl=20.19 entry_time=2025-12-22 20:15:01 min_price=18.84
2025-12-22 20:20:00 [INFO] [SCAN] 非15分钟节点，跳过开仓扫描
2025-12-22 20:20:00 [INFO] [WAIT] 等待 59.7 秒进入下一轮
2025-12-22 20:21:00 [INFO] [PROTECT] BSV/USDT:USDT 对侧触发，已取消止盈单 4000000105350774
2025-12-22 20:21:00 [INFO] [PROTECT] BSV/USDT:USDT 对侧触发，已取消止损单 4000000105350783
2025-12-22 20:21:00 [INFO] [PROTECT] BSV/USDT:USDT 更新止盈 18.49
2025-12-22 20:21:00 [INFO] [PROTECT] BSV/USDT:USDT 更新止损 20.19
2025-12-22 20:21:00 [INFO] [MONITOR] 持仓#1 symbol=BSV/USDT:USDT qty=1.0 tp=18.49 sl=20.19 entry_time=2025-12-22 20:15:01 min_price=18.84
2025-12-22 20:21:00 [INFO] [SCAN] 非15分钟节点，跳过开仓扫描
2025-12-22 20:21:00 [INFO] [WAIT] 等待 59.6 秒进入下一轮
2025-12-22 20:22:00 [INFO] [PROTECT] BSV/USDT:USDT 对侧触发，已取消止盈单 4000000105359130
2025-12-22 20:22:00 [INFO] [PROTECT] BSV/USDT:USDT 对侧触发，已取消止损单 4000000105359132
2025-12-22 20:22:00 [INFO] [PROTECT] BSV/USDT:USDT 更新止盈 18.49
2025-12-22 20:22:00 [INFO] [PROTECT] BSV/USDT:USDT 更新止损 20.19
2025-12-22 20:22:00 [INFO] [MONITOR] 持仓#1 symbol=BSV/USDT:USDT qty=1.0 tp=18.49 sl=20.19 entry_time=2025-12-22 20:15:01 min_price=18.84
2025-12-22 20:22:00 [INFO] [SCAN] 非15分钟节点，跳过开仓扫描
2025-12-22 20:22:00 [INFO] [WAIT] 等待 59.7 秒进入下一轮
2025-12-22 20:23:00 [INFO] [PROTECT] BSV/USDT:USDT 对侧触发，已取消止盈单 4000000105369243
2025-12-22 20:23:00 [INFO] [PROTECT] BSV/USDT:USDT 对侧触发，已取消止损单 4000000105369249
2025-12-22 20:23:00 [INFO] [PROTECT] BSV/USDT:USDT 更新止盈 18.49
2025-12-22 20:23:00 [INFO] [PROTECT] BSV/USDT:USDT 更新止损 20.19
2025-12-22 20:23:00 [INFO] [MONITOR] 持仓#1 symbol=BSV/USDT:USDT qty=1.0 tp=18.49 sl=20.19 entry_time=2025-12-22 20:15:01 min_price=18.84
2025-12-22 20:23:00 [INFO] [SCAN] 非15分钟节点，跳过开仓扫描
2025-12-22 20:23:00 [INFO] [WAIT] 等待 59.6 秒进入下一轮
2025-12-22 20:24:00 [INFO] [PROTECT] BSV/USDT:USDT 对侧触发，已取消止盈单 4000000105379517
2025-12-22 20:24:00 [INFO] [PROTECT] BSV/USDT:USDT 对侧触发，已取消止损单 4000000105379522
2025-12-22 20:24:00 [INFO] [PROTECT] BSV/USDT:USDT 更新止盈 18.49
2025-12-22 20:24:00 [INFO] [PROTECT] BSV/USDT:USDT 更新止损 20.19
2025-12-22 20:24:00 [INFO] [MONITOR] 持仓#1 symbol=BSV/USDT:USDT qty=1.0 tp=18.49 sl=20.19 entry_time=2025-12-22 20:15:01 min_price=18.84
2025-12-22 20:24:00 [INFO] [SCAN] 非15分钟节点，跳过开仓扫描
2025-12-22 20:24:00 [INFO] [WAIT] 等待 59.7 秒进入下一轮
2025-12-22 20:25:00 [INFO] [PROTECT] BSV/USDT:USDT 对侧触发，已取消止盈单 4000000105389055
2025-12-22 20:25:00 [INFO] [PROTECT] BSV/USDT:USDT 对侧触发，已取消止损单 4000000105389064
2025-12-22 20:25:00 [INFO] [PROTECT] BSV/USDT:USDT 更新止盈 18.49
2025-12-22 20:25:00 [INFO] [PROTECT] BSV/USDT:USDT 更新止损 20.19
2025-12-22 20:25:00 [INFO] [MONITOR] 持仓#1 symbol=BSV/USDT:USDT qty=1.0 tp=18.49 sl=20.19 entry_time=2025-12-22 20:15:01 min_price=18.84
2025-12-22 20:25:00 [INFO] [SCAN] 非15分钟节点，跳过开仓扫描
2025-12-22 20:25:00 [INFO] [WAIT] 等待 59.5 秒进入下一轮
2025-12-22 20:26:00 [INFO] [PROTECT] BSV/USDT:USDT 对侧触发，已取消止盈单 4000000105398390
2025-12-22 20:26:00 [INFO] [PROTECT] BSV/USDT:USDT 对侧触发，已取消止损单 4000000105398423
2025-12-22 20:26:00 [INFO] [PROTECT] BSV/USDT:USDT 更新止盈 18.49
2025-12-22 20:26:00 [INFO] [PROTECT] BSV/USDT:USDT 更新止损 20.19
2025-12-22 20:26:00 [INFO] [MONITOR] 持仓#1 symbol=BSV/USDT:USDT qty=1.0 tp=18.49 sl=20.19 entry_time=2025-12-22 20:15:01 min_price=18.84
2025-12-22 20:26:00 [INFO] [SCAN] 非15分钟节点，跳过开仓扫描
2025-12-22 20:26:00 [INFO] [WAIT] 等待 59.7 秒进入下一轮
2025-12-22 20:27:00 [INFO] [PROTECT] BSV/USDT:USDT 对侧触发，已取消止盈单 4000000105408226
2025-12-22 20:27:00 [INFO] [PROTECT] BSV/USDT:USDT 对侧触发，已取消止损单 4000000105408228
2025-12-22 20:27:00 [INFO] [PROTECT] BSV/USDT:USDT 更新止盈 18.49
2025-12-22 20:27:00 [INFO] [PROTECT] BSV/USDT:USDT 更新止损 20.19
2025-12-22 20:27:00 [INFO] [MONITOR] 持仓#1 symbol=BSV/USDT:USDT qty=1.0 tp=18.49 sl=20.19 entry_time=2025-12-22 20:15:01 min_price=18.84
2025-12-22 20:27:00 [INFO] [SCAN] 非15分钟节点，跳过开仓扫描
2025-12-22 20:27:00 [INFO] [WAIT] 等待 59.6 秒进入下一轮
2025-12-22 20:28:00 [INFO] [PROTECT] BSV/USDT:USDT 对侧触发，已取消止盈单 4000000105417173
2025-12-22 20:28:00 [INFO] [PROTECT] BSV/USDT:USDT 对侧触发，已取消止损单 4000000105417176
2025-12-22 20:28:00 [INFO] [PROTECT] BSV/USDT:USDT 更新止盈 18.49
2025-12-22 20:28:00 [INFO] [PROTECT] BSV/USDT:USDT 更新止损 20.19
2025-12-22 20:28:00 [INFO] [MONITOR] 持仓#1 symbol=BSV/USDT:USDT qty=1.0 tp=18.49 sl=20.19 entry_time=2025-12-22 20:15:01 min_price=18.84
2025-12-22 20:28:00 [INFO] [SCAN] 非15分钟节点，跳过开仓扫描
2025-12-22 20:28:00 [INFO] [WAIT] 等待 59.7 秒进入下一轮
2025-12-22 20:29:00 [INFO] [PROTECT] BSV/USDT:USDT 对侧触发，已取消止盈单 4000000105425485
2025-12-22 20:29:00 [INFO] [PROTECT] BSV/USDT:USDT 对侧触发，已取消止损单 4000000105425493
2025-12-22 20:29:00 [INFO] [PROTECT] BSV/USDT:USDT 更新止盈 18.49
2025-12-22 20:29:00 [INFO] [PROTECT] BSV/USDT:USDT 更新止损 20.19
2025-12-22 20:29:00 [INFO] [MONITOR] 持仓#1 symbol=BSV/USDT:USDT qty=1.0 tp=18.49 sl=20.19 entry_time=2025-12-22 20:15:01 min_price=18.84
2025-12-22 20:29:00 [INFO] [SCAN] 非15分钟节点，跳过开仓扫描
2025-12-22 20:29:00 [INFO] [WAIT] 等待 59.6 秒进入下一轮
2025-12-22 20:30:00 [INFO] [PROTECT] BSV/USDT:USDT 对侧触发，已取消止盈单 4000000105432648
2025-12-22 20:30:00 [INFO] [PROTECT] BSV/USDT:USDT 对侧触发，已取消止损单 4000000105432651
2025-12-22 20:30:00 [INFO] [PROTECT] BSV/USDT:USDT 更新止盈 18.49
2025-12-22 20:30:00 [INFO] [PROTECT] BSV/USDT:USDT 更新止损 20.19
2025-12-22 20:30:00 [INFO] [MONITOR] 持仓#1 symbol=BSV/USDT:USDT qty=1.0 tp=18.49 sl=20.19 entry_time=2025-12-22 20:15:01 min_price=18.84
2025-12-22 20:30:00 [INFO] [SCAN] 本轮扫描交易对数量: 217
2025-12-22 20:30:01 [INFO] [LEVERAGE] 设置杠杆为 6x...
2025-12-22 20:30:02 [INFO] [LIVE SHORT] 开空头仓位: 1 个
2025-12-22 20:30:02 [INFO] [LIVE SELL] 做空 BSV/USDT:USDT: 0.9 @ 19.08
2025-12-22 20:30:02 [INFO] [LIVE MARKET] 创建市价单 BSV/USDT:USDT: sell 0.9
2025-12-22 20:30:02 [INFO] [LIVE SUCCESS] BSV/USDT:USDT 市价单创建成功 ID:1888886563 成交:0.9
2025-12-22 20:30:02 [INFO] [LIVE OK] 空头开仓: 1/1 成功
2025-12-22 20:30:02 [INFO] [PROTECT] BSV/USDT:USDT 更新止盈 18.7
2025-12-22 20:30:02 [INFO] [PROTECT] BSV/USDT:USDT 更新止损 20.42
2025-12-22 20:30:02 [INFO] [WAIT] 等待 57.3 秒进入下一轮
2025-12-22 20:31:00 [INFO] [PROTECT] BSV/USDT:USDT 对侧触发，已取消止盈单 4000000105441468
2025-12-22 20:31:00 [INFO] [PROTECT] BSV/USDT:USDT 对侧触发，已取消止损单 4000000105441481
2025-12-22 20:31:00 [INFO] [PROTECT] BSV/USDT:USDT 更新止盈 18.49
2025-12-22 20:31:00 [INFO] [PROTECT] BSV/USDT:USDT 更新止损 20.19
2025-12-22 20:31:00 [INFO] [PROTECT] BSV/USDT:USDT 对侧触发，已取消止盈单 4000000105441932
2025-12-22 20:31:00 [INFO] [PROTECT] BSV/USDT:USDT 对侧触发，已取消止损单 4000000105441934
2025-12-22 20:31:00 [INFO] [PROTECT] BSV/USDT:USDT 更新止盈 18.7
2025-12-22 20:31:00 [INFO] [PROTECT] BSV/USDT:USDT 更新止损 20.42
2025-12-22 20:31:00 [INFO] [MONITOR] 持仓#1 symbol=BSV/USDT:USDT qty=1.0 tp=18.49 sl=20.19 entry_time=2025-12-22 20:15:01 min_price=18.84
2025-12-22 20:31:00 [INFO] [MONITOR] 持仓#2 symbol=BSV/USDT:USDT qty=0.9 tp=18.7 sl=20.42 entry_time=2025-12-22 20:30:02 min_price=19.05
2025-12-22 20:31:00 [INFO] [SCAN] 非15分钟节点，跳过开仓扫描
2025-12-22 20:31:00 [INFO] [WAIT] 等待 59.4 秒进入下一轮
2025-12-22 20:32:00 [INFO] [PROTECT] BSV/USDT:USDT 对侧触发，已取消止盈单 4000000105450616
2025-12-22 20:32:00 [INFO] [PROTECT] BSV/USDT:USDT 对侧触发，已取消止损单 4000000105450618
2025-12-22 20:32:00 [INFO] [PROTECT] BSV/USDT:USDT 更新止盈 18.49
2025-12-22 20:32:00 [INFO] [PROTECT] BSV/USDT:USDT 更新止损 20.19
2025-12-22 20:32:00 [INFO] [PROTECT] BSV/USDT:USDT 对侧触发，已取消止盈单 4000000105450671
2025-12-22 20:32:00 [INFO] [PROTECT] BSV/USDT:USDT 对侧触发，已取消止损单 4000000105450672
2025-12-22 20:32:00 [INFO] [PROTECT] BSV/USDT:USDT 更新止盈 18.7
2025-12-22 20:32:00 [INFO] [PROTECT] BSV/USDT:USDT 更新止损 20.42
2025-12-22 20:32:00 [INFO] [MONITOR] 持仓#1 symbol=BSV/USDT:USDT qty=1.0 tp=18.49 sl=20.19 entry_time=2025-12-22 20:15:01 min_price=18.84
2025-12-22 20:32:00 [INFO] [MONITOR] 持仓#2 symbol=BSV/USDT:USDT qty=0.9 tp=18.7 sl=20.42 entry_time=2025-12-22 20:30:02 min_price=19.05
2025-12-22 20:32:00 [INFO] [SCAN] 非15分钟节点，跳过开仓扫描
2025-12-22 20:32:00 [INFO] [WAIT] 等待 59.4 秒进入下一轮
2025-12-22 20:33:00 [INFO] [PROTECT] BSV/USDT:USDT 对侧触发，已取消止盈单 4000000105460456
2025-12-22 20:33:00 [INFO] [PROTECT] BSV/USDT:USDT 对侧触发，已取消止损单 4000000105460461
2025-12-22 20:33:00 [INFO] [PROTECT] BSV/USDT:USDT 更新止盈 18.49
2025-12-22 20:33:00 [INFO] [PROTECT] BSV/USDT:USDT 更新止损 20.19
2025-12-22 20:33:00 [INFO] [PROTECT] BSV/USDT:USDT 对侧触发，已取消止盈单 4000000105460519
2025-12-22 20:33:00 [INFO] [PROTECT] BSV/USDT:USDT 对侧触发，已取消止损单 4000000105460522
2025-12-22 20:33:00 [INFO] [PROTECT] BSV/USDT:USDT 更新止盈 18.7
2025-12-22 20:33:00 [INFO] [PROTECT] BSV/USDT:USDT 更新止损 20.42
2025-12-22 20:33:00 [INFO] [MONITOR] 持仓#1 symbol=BSV/USDT:USDT qty=1.0 tp=18.49 sl=20.19 entry_time=2025-12-22 20:15:01 min_price=18.84
2025-12-22 20:33:00 [INFO] [MONITOR] 持仓#2 symbol=BSV/USDT:USDT qty=0.9 tp=18.7 sl=20.42 entry_time=2025-12-22 20:30:02 min_price=19.05
2025-12-22 20:33:00 [INFO] [SCAN] 非15分钟节点，跳过开仓扫描
2025-12-22 20:33:00 [INFO] [WAIT] 等待 59.4 秒进入下一轮
2025-12-22 20:34:00 [INFO] [PROTECT] BSV/USDT:USDT 对侧触发，已取消止盈单 4000000105470702
2025-12-22 20:34:00 [INFO] [PROTECT] BSV/USDT:USDT 对侧触发，已取消止损单 4000000105470706
2025-12-22 20:34:00 [INFO] [PROTECT] BSV/USDT:USDT 更新止盈 18.49
2025-12-22 20:34:00 [INFO] [PROTECT] BSV/USDT:USDT 更新止损 20.19
2025-12-22 20:34:00 [INFO] [PROTECT] BSV/USDT:USDT 对侧触发，已取消止盈单 4000000105470747
2025-12-22 20:34:00 [INFO] [PROTECT] BSV/USDT:USDT 对侧触发，已取消止损单 4000000105470753
2025-12-22 20:34:00 [INFO] [PROTECT] BSV/USDT:USDT 更新止盈 18.63
2025-12-22 20:34:00 [INFO] [PROTECT] BSV/USDT:USDT 更新止损 20.42
2025-12-22 20:34:00 [INFO] [MONITOR] 持仓#1 symbol=BSV/USDT:USDT qty=1.0 tp=18.49 sl=20.19 entry_time=2025-12-22 20:15:01 min_price=18.84
2025-12-22 20:34:00 [INFO] [MONITOR] 持仓#2 symbol=BSV/USDT:USDT qty=0.9 tp=18.63 sl=20.42 entry_time=2025-12-22 20:30:02 min_price=18.99
2025-12-22 20:34:00 [INFO] [SCAN] 非15分钟节点，跳过开仓扫描
2025-12-22 20:34:00 [INFO] [WAIT] 等待 59.5 秒进入下一轮
2025-12-22 20:35:35 [WARNING] [PROTECT WARNING] BSV/USDT:USDT Algo订单列表接口返回错误 (page 481): {'code': -1003, 'msg': 'Too many requests; current limit of IP(18.179.57.187) is 2400 requests per minute. Please use the websocket for live updates to avoid polling the API.'}
2025-12-22 20:35:35 [WARNING] [KLINE WARNING] 获取 BSV/USDT:USDT 1m K线失败: binance 429 Too Many Requests {"code":-1003,"msg":"Too many requests; current limit of IP(18.179.57.187) is 2400 requests per minute. Please use the websocket for live updates to avoid polling the API."}
2025-12-22 20:35:35 [ERROR] [ERROR] 主循环异常: 'NoneType' object is not subscriptable
2025-12-22 20:35:35 [INFO] [WAIT] 等待 24.7 秒进入下一轮
2025-12-22 20:36:34 [WARNING] [PROTECT WARNING] BSV/USDT:USDT Algo订单列表接口返回错误 (page 481): {'code': -1003, 'msg': 'Too many requests; current limit of IP(18.179.57.187) is 2400 requests per minute. Please use the websocket for live updates to avoid polling the API.'}
2025-12-22 20:36:34 [WARNING] [KLINE WARNING] 获取 BSV/USDT:USDT 1m K线失败: binance 429 Too Many Requests {"code":-1003,"msg":"Too many requests; current limit of IP(18.179.57.187) is 2400 requests per minute. Please use the websocket for live updates to avoid polling the API."}
2025-12-22 20:36:34 [ERROR] [ERROR] 主循环异常: 'NoneType' object is not subscriptable
2025-12-22 20:36:34 [INFO] [WAIT] 等待 25.3 秒进入下一轮
2025-12-22 20:37:34 [WARNING] [PROTECT WARNING] BSV/USDT:USDT Algo订单列表接口返回错误 (page 481): {'code': -1003, 'msg': 'Too many requests; current limit of IP(18.179.57.187) is 2400 requests per minute. Please use the websocket for live updates to avoid polling the API.'}
2025-12-22 20:37:34 [WARNING] [KLINE WARNING] 获取 BSV/USDT:USDT 1m K线失败: binance 429 Too Many Requests {"code":-1003,"msg":"Too many requests; current limit of IP(18.179.57.187) is 2400 requests per minute. Please use the websocket for live updates to avoid polling the API."}
2025-12-22 20:37:34 [ERROR] [ERROR] 主循环异常: 'NoneType' object is not subscriptable
2025-12-22 20:37:34 [INFO] [WAIT] 等待 25.2 秒进入下一轮
2025-12-22 20:37:44 [INFO] [EXIT] 用户中断
2025-12-22 20:59:55 [INFO] [SYSTEM] 初始化组件...
2025-12-22 20:59:56 [INFO] [OK] API连接成功 - LIVE
2025-12-22 20:59:56 [INFO] [BALANCE] USDT总余额: 20.65
2025-12-22 20:59:56 [INFO] [INFO] 找到 535 个活跃USDT永续合约
2025-12-22 20:59:56 [INFO] [OK] 交易执行器初始化成功
2025-12-22 20:59:57 [INFO] [OK] API连接测试成功，耗时: 1.108秒
2025-12-22 20:59:57 [INFO] [OK] 优化数据处理器初始化成功
2025-12-22 20:59:57 [INFO] [BALANCE] 当前 USDT 余额: 20.65
2025-12-22 20:59:57 [INFO] [SYSTEM] 激活交易对数量: 535
2025-12-22 20:59:57 [INFO] [SYSTEM] find_in_out 策略启动
2025-12-22 20:59:58 [INFO] [BALANCE] 当前总资产: 20.65
2025-12-22 20:59:59 [INFO] [CONFIG] 单仓保证金设置为: 3 USDT
2025-12-22 21:00:00 [INFO] [MONITOR] 当前无持仓需要监控
2025-12-22 21:00:00 [INFO] [SCAN] 本轮扫描交易对数量: 217
2025-12-22 21:00:01 [INFO] [SCAN] 本轮无满足条件的标的
2025-12-22 21:00:01 [INFO] [WAIT] 等待 58.2 秒进入下一轮
2025-12-22 21:00:12 [INFO] [EXIT] 用户中断
2025-12-22 21:00:19 [INFO] [SYSTEM] 初始化组件...
2025-12-22 21:00:20 [INFO] [OK] API连接成功 - LIVE
2025-12-22 21:00:20 [INFO] [BALANCE] USDT总余额: 20.65
2025-12-22 21:00:20 [INFO] [INFO] 找到 535 个活跃USDT永续合约
2025-12-22 21:00:20 [INFO] [OK] 交易执行器初始化成功
2025-12-22 21:00:21 [INFO] [OK] API连接测试成功，耗时: 1.084秒
2025-12-22 21:00:21 [INFO] [OK] 优化数据处理器初始化成功
2025-12-22 21:00:21 [INFO] [BALANCE] 当前 USDT 余额: 20.65
2025-12-22 21:00:21 [INFO] [SYSTEM] 激活交易对数量: 535
2025-12-22 21:00:21 [INFO] [SYSTEM] find_in_out 策略启动
2025-12-22 21:00:21 [INFO] [BALANCE] 当前总资产: 20.65
2025-12-22 21:00:22 [INFO] [CONFIG] 单仓保证金设置为: 3 USDT
2025-12-22 21:01:00 [INFO] [MONITOR] 当前无持仓需要监控
2025-12-22 21:01:00 [INFO] [SCAN] 本轮扫描交易对数量: 217
2025-12-22 21:01:01 [INFO] [LEVERAGE] 设置杠杆为 6x...
2025-12-22 21:01:01 [INFO] [LIVE SHORT] 开空头仓位: 2 个
2025-12-22 21:01:01 [INFO] [LIVE SELL] 做空 STEEM/USDT:USDT: 283.9 @ 0.0634
2025-12-22 21:01:01 [INFO] [LIVE MARKET] 创建市价单 STEEM/USDT:USDT: sell 283.9
2025-12-22 21:01:01 [INFO] [LIVE SUCCESS] STEEM/USDT:USDT 市价单创建成功 ID:2066744324 成交:283.0
2025-12-22 21:01:01 [INFO] [LIVE SELL] 做空 HIVE/USDT:USDT: 181.9 @ 0.09896
2025-12-22 21:01:01 [INFO] [LIVE MARKET] 创建市价单 HIVE/USDT:USDT: sell 181.9
2025-12-22 21:01:01 [INFO] [LIVE SUCCESS] HIVE/USDT:USDT 市价单创建成功 ID:1386603956 成交:181.0
2025-12-22 21:01:01 [INFO] [LIVE OK] 空头开仓: 2/2 成功
2025-12-22 21:01:01 [INFO] [PROTECT] STEEM/USDT:USDT 更新止盈 0.06213
2025-12-22 21:01:01 [INFO] [PROTECT] STEEM/USDT:USDT 更新止损 0.06784
2025-12-22 21:01:02 [INFO] [PROTECT] HIVE/USDT:USDT 更新止盈 0.09698
2025-12-22 21:01:02 [INFO] [PROTECT] HIVE/USDT:USDT 更新止损 0.10589
2025-12-22 21:01:02 [INFO] [WAIT] 等待 57.1 秒进入下一轮
2025-12-22 21:02:00 [INFO] [CANCEL] STEEM/USDT:USDT 已取消止盈单 4000000105726733
2025-12-22 21:02:00 [INFO] [CANCEL] STEEM/USDT:USDT 已取消止损单 4000000105726737
2025-12-22 21:02:00 [INFO] [PROTECT] STEEM/USDT:USDT 更新止盈 0.06213
2025-12-22 21:02:00 [INFO] [PROTECT] STEEM/USDT:USDT 更新止损 0.06783
2025-12-22 21:02:00 [INFO] [CANCEL] HIVE/USDT:USDT 已取消止盈单 4000000105726797
2025-12-22 21:02:00 [INFO] [CANCEL] HIVE/USDT:USDT 已取消止损单 4000000105726804
2025-12-22 21:02:00 [INFO] [PROTECT] HIVE/USDT:USDT 更新止盈 0.09691
2025-12-22 21:02:00 [INFO] [PROTECT] HIVE/USDT:USDT 更新止损 0.10588
2025-12-22 21:02:00 [INFO] [MONITOR] 持仓#1 symbol=STEEM/USDT:USDT qty=283.9 tp=0.06213 sl=0.06783 entry_time=2025-12-22 21:01:01 min_price=0.06326
2025-12-22 21:02:00 [INFO] [MONITOR] 持仓#2 symbol=HIVE/USDT:USDT qty=181.9 tp=0.09691 sl=0.10588 entry_time=2025-12-22 21:01:02 min_price=0.09866
2025-12-22 21:02:00 [INFO] [SCAN] 非15分钟节点，跳过开仓扫描
2025-12-22 21:02:00 [INFO] [WAIT] 等待 59.5 秒进入下一轮
2025-12-22 21:02:12 [INFO] [EXIT] 用户中断
2025-12-22 21:02:24 [INFO] [SYSTEM] 初始化组件...
2025-12-22 21:02:25 [INFO] [OK] API连接成功 - LIVE
2025-12-22 21:02:25 [INFO] [BALANCE] USDT总余额: 20.93
2025-12-22 21:02:25 [INFO] [INFO] 找到 535 个活跃USDT永续合约
2025-12-22 21:02:25 [INFO] [OK] 交易执行器初始化成功
2025-12-22 21:02:26 [INFO] [OK] API连接测试成功，耗时: 1.072秒
2025-12-22 21:02:26 [INFO] [OK] 优化数据处理器初始化成功
2025-12-22 21:02:26 [INFO] [BALANCE] 当前 USDT 余额: 17.96
2025-12-22 21:02:26 [INFO] [SYSTEM] 激活交易对数量: 535
2025-12-22 21:02:26 [INFO] [SYSTEM] find_in_out 策略启动
2025-12-22 21:02:27 [INFO] [BALANCE] 当前总资产: 20.93
2025-12-22 21:02:28 [INFO] [CONFIG] 单仓保证金设置为: 3 USDT
2025-12-22 21:03:00 [INFO] [MONITOR] 当前无持仓需要监控
2025-12-22 21:03:00 [INFO] [SCAN] 非15分钟节点，跳过开仓扫描
2025-12-22 21:03:00 [INFO] [WAIT] 等待 60.0 秒进入下一轮
2025-12-22 21:04:00 [INFO] [MONITOR] 当前无持仓需要监控
2025-12-22 21:04:00 [INFO] [SCAN] 非15分钟节点，跳过开仓扫描
2025-12-22 21:04:00 [INFO] [WAIT] 等待 59.9 秒进入下一轮
2025-12-22 21:05:00 [INFO] [MONITOR] 当前无持仓需要监控
2025-12-22 21:05:00 [INFO] [SCAN] 非15分钟节点，跳过开仓扫描
2025-12-22 21:05:00 [INFO] [WAIT] 等待 59.9 秒进入下一轮
2025-12-22 21:06:00 [INFO] [MONITOR] 当前无持仓需要监控
2025-12-22 21:06:00 [INFO] [SCAN] 非15分钟节点，跳过开仓扫描
2025-12-22 21:06:00 [INFO] [WAIT] 等待 59.9 秒进入下一轮
2025-12-22 21:07:00 [INFO] [MONITOR] 当前无持仓需要监控
2025-12-22 21:07:00 [INFO] [SCAN] 非15分钟节点，跳过开仓扫描
2025-12-22 21:07:00 [INFO] [WAIT] 等待 60.0 秒进入下一轮
2025-12-22 21:08:00 [INFO] [MONITOR] 当前无持仓需要监控
2025-12-22 21:08:00 [INFO] [SCAN] 非15分钟节点，跳过开仓扫描
2025-12-22 21:08:00 [INFO] [WAIT] 等待 59.9 秒进入下一轮
2025-12-22 21:09:00 [INFO] [MONITOR] 当前无持仓需要监控
2025-12-22 21:09:00 [INFO] [SCAN] 非15分钟节点，跳过开仓扫描
2025-12-22 21:09:00 [INFO] [WAIT] 等待 59.9 秒进入下一轮
2025-12-22 21:10:00 [INFO] [MONITOR] 当前无持仓需要监控
2025-12-22 21:10:00 [INFO] [SCAN] 非15分钟节点，跳过开仓扫描
2025-12-22 21:10:00 [INFO] [WAIT] 等待 60.0 秒进入下一轮
2025-12-22 21:11:00 [INFO] [MONITOR] 当前无持仓需要监控
2025-12-22 21:11:00 [INFO] [SCAN] 非15分钟节点，跳过开仓扫描
2025-12-22 21:11:00 [INFO] [WAIT] 等待 59.9 秒进入下一轮
2025-12-22 21:12:00 [INFO] [MONITOR] 当前无持仓需要监控
2025-12-22 21:12:00 [INFO] [SCAN] 非15分钟节点，跳过开仓扫描
2025-12-22 21:12:00 [INFO] [WAIT] 等待 59.9 秒进入下一轮
2025-12-22 21:13:00 [INFO] [MONITOR] 当前无持仓需要监控
2025-12-22 21:13:00 [INFO] [SCAN] 非15分钟节点，跳过开仓扫描
2025-12-22 21:13:00 [INFO] [WAIT] 等待 59.9 秒进入下一轮
2025-12-22 21:14:00 [INFO] [MONITOR] 当前无持仓需要监控
2025-12-22 21:14:00 [INFO] [SCAN] 非15分钟节点，跳过开仓扫描
2025-12-22 21:14:00 [INFO] [WAIT] 等待 59.9 秒进入下一轮
2025-12-22 21:15:00 [INFO] [MONITOR] 当前无持仓需要监控
2025-12-22 21:15:00 [INFO] [SCAN] 本轮扫描交易对数量: 217
2025-12-22 21:15:02 [INFO] [SCAN] 本轮无满足条件的标的
2025-12-22 21:15:02 [INFO] [WAIT] 等待 57.5 秒进入下一轮
2025-12-22 21:16:00 [INFO] [MONITOR] 当前无持仓需要监控
2025-12-22 21:16:00 [INFO] [SCAN] 非15分钟节点，跳过开仓扫描
2025-12-22 21:16:00 [INFO] [WAIT] 等待 59.9 秒进入下一轮
2025-12-22 21:17:00 [INFO] [MONITOR] 当前无持仓需要监控
2025-12-22 21:17:00 [INFO] [SCAN] 非15分钟节点，跳过开仓扫描
2025-12-22 21:17:00 [INFO] [WAIT] 等待 59.9 秒进入下一轮
2025-12-22 21:18:00 [INFO] [MONITOR] 当前无持仓需要监控
2025-12-22 21:18:00 [INFO] [SCAN] 非15分钟节点，跳过开仓扫描
2025-12-22 21:18:00 [INFO] [WAIT] 等待 60.0 秒进入下一轮
2025-12-22 21:19:00 [INFO] [MONITOR] 当前无持仓需要监控
2025-12-22 21:19:00 [INFO] [SCAN] 非15分钟节点，跳过开仓扫描
2025-12-22 21:19:00 [INFO] [WAIT] 等待 60.0 秒进入下一轮
2025-12-22 21:20:00 [INFO] [MONITOR] 当前无持仓需要监控
2025-12-22 21:20:00 [INFO] [SCAN] 非15分钟节点，跳过开仓扫描
2025-12-22 21:20:00 [INFO] [WAIT] 等待 60.0 秒进入下一轮
2025-12-22 21:21:00 [INFO] [MONITOR] 当前无持仓需要监控
2025-12-22 21:21:00 [INFO] [SCAN] 非15分钟节点，跳过开仓扫描
2025-12-22 21:21:00 [INFO] [WAIT] 等待 60.0 秒进入下一轮
2025-12-22 21:22:00 [INFO] [MONITOR] 当前无持仓需要监控
2025-12-22 21:22:00 [INFO] [SCAN] 非15分钟节点，跳过开仓扫描
2025-12-22 21:22:00 [INFO] [WAIT] 等待 60.0 秒进入下一轮
2025-12-22 21:23:00 [INFO] [MONITOR] 当前无持仓需要监控
2025-12-22 21:23:00 [INFO] [SCAN] 非15分钟节点，跳过开仓扫描
2025-12-22 21:23:00 [INFO] [WAIT] 等待 60.0 秒进入下一轮
2025-12-22 21:24:00 [INFO] [MONITOR] 当前无持仓需要监控
2025-12-22 21:24:00 [INFO] [SCAN] 非15分钟节点，跳过开仓扫描
2025-12-22 21:24:00 [INFO] [WAIT] 等待 60.0 秒进入下一轮
2025-12-22 21:25:00 [INFO] [MONITOR] 当前无持仓需要监控
2025-12-22 21:25:00 [INFO] [SCAN] 非15分钟节点，跳过开仓扫描
2025-12-22 21:25:00 [INFO] [WAIT] 等待 59.9 秒进入下一轮
2025-12-22 21:26:00 [INFO] [MONITOR] 当前无持仓需要监控
2025-12-22 21:26:00 [INFO] [SCAN] 非15分钟节点，跳过开仓扫描
2025-12-22 21:26:00 [INFO] [WAIT] 等待 59.9 秒进入下一轮
2025-12-22 21:27:00 [INFO] [MONITOR] 当前无持仓需要监控
2025-12-22 21:27:00 [INFO] [SCAN] 非15分钟节点，跳过开仓扫描
2025-12-22 21:27:00 [INFO] [WAIT] 等待 59.9 秒进入下一轮
2025-12-22 21:28:00 [INFO] [MONITOR] 当前无持仓需要监控
2025-12-22 21:28:00 [INFO] [SCAN] 非15分钟节点，跳过开仓扫描
2025-12-22 21:28:00 [INFO] [WAIT] 等待 59.9 秒进入下一轮
2025-12-22 21:29:00 [INFO] [MONITOR] 当前无持仓需要监控
2025-12-22 21:29:00 [INFO] [SCAN] 非15分钟节点，跳过开仓扫描
2025-12-22 21:29:00 [INFO] [WAIT] 等待 60.0 秒进入下一轮
2025-12-22 21:30:00 [INFO] [MONITOR] 当前无持仓需要监控
2025-12-22 21:30:00 [INFO] [SCAN] 本轮扫描交易对数量: 217
2025-12-22 21:30:01 [INFO] [SCAN] 本轮无满足条件的标的
2025-12-22 21:30:01 [INFO] [WAIT] 等待 58.4 秒进入下一轮
2025-12-22 21:31:00 [INFO] [MONITOR] 当前无持仓需要监控
2025-12-22 21:31:00 [INFO] [SCAN] 非15分钟节点，跳过开仓扫描
2025-12-22 21:31:00 [INFO] [WAIT] 等待 60.0 秒进入下一轮
2025-12-22 21:32:00 [INFO] [MONITOR] 当前无持仓需要监控
2025-12-22 21:32:00 [INFO] [SCAN] 非15分钟节点，跳过开仓扫描
2025-12-22 21:32:00 [INFO] [WAIT] 等待 59.9 秒进入下一轮
2025-12-22 21:33:00 [INFO] [MONITOR] 当前无持仓需要监控
2025-12-22 21:33:00 [INFO] [SCAN] 非15分钟节点，跳过开仓扫描
2025-12-22 21:33:00 [INFO] [WAIT] 等待 60.0 秒进入下一轮
2025-12-22 21:34:00 [INFO] [MONITOR] 当前无持仓需要监控
2025-12-22 21:34:00 [INFO] [SCAN] 非15分钟节点，跳过开仓扫描
2025-12-22 21:34:00 [INFO] [WAIT] 等待 59.9 秒进入下一轮
2025-12-22 21:35:00 [INFO] [MONITOR] 当前无持仓需要监控
2025-12-22 21:35:00 [INFO] [SCAN] 非15分钟节点，跳过开仓扫描
2025-12-22 21:35:00 [INFO] [WAIT] 等待 60.0 秒进入下一轮
2025-12-22 21:36:00 [INFO] [MONITOR] 当前无持仓需要监控
2025-12-22 21:36:00 [INFO] [SCAN] 非15分钟节点，跳过开仓扫描
2025-12-22 21:36:00 [INFO] [WAIT] 等待 59.9 秒进入下一轮
2025-12-22 21:37:00 [INFO] [MONITOR] 当前无持仓需要监控
2025-12-22 21:37:00 [INFO] [SCAN] 非15分钟节点，跳过开仓扫描
2025-12-22 21:37:00 [INFO] [WAIT] 等待 60.0 秒进入下一轮
2025-12-22 21:38:00 [INFO] [MONITOR] 当前无持仓需要监控
2025-12-22 21:38:00 [INFO] [SCAN] 非15分钟节点，跳过开仓扫描
2025-12-22 21:38:00 [INFO] [WAIT] 等待 59.9 秒进入下一轮
2025-12-22 21:39:00 [INFO] [MONITOR] 当前无持仓需要监控
2025-12-22 21:39:00 [INFO] [SCAN] 非15分钟节点，跳过开仓扫描
2025-12-22 21:39:00 [INFO] [WAIT] 等待 60.0 秒进入下一轮
2025-12-22 21:40:00 [INFO] [MONITOR] 当前无持仓需要监控
2025-12-22 21:40:00 [INFO] [SCAN] 非15分钟节点，跳过开仓扫描
2025-12-22 21:40:00 [INFO] [WAIT] 等待 60.0 秒进入下一轮
2025-12-22 21:41:00 [INFO] [MONITOR] 当前无持仓需要监控
2025-12-22 21:41:00 [INFO] [SCAN] 非15分钟节点，跳过开仓扫描
2025-12-22 21:41:00 [INFO] [WAIT] 等待 59.9 秒进入下一轮
2025-12-22 21:42:00 [INFO] [MONITOR] 当前无持仓需要监控
2025-12-22 21:42:00 [INFO] [SCAN] 非15分钟节点，跳过开仓扫描
2025-12-22 21:42:00 [INFO] [WAIT] 等待 60.0 秒进入下一轮
2025-12-22 21:43:00 [INFO] [MONITOR] 当前无持仓需要监控
2025-12-22 21:43:00 [INFO] [SCAN] 非15分钟节点，跳过开仓扫描
2025-12-22 21:43:00 [INFO] [WAIT] 等待 59.9 秒进入下一轮
2025-12-22 21:44:00 [INFO] [MONITOR] 当前无持仓需要监控
2025-12-22 21:44:00 [INFO] [SCAN] 非15分钟节点，跳过开仓扫描
2025-12-22 21:44:00 [INFO] [WAIT] 等待 60.0 秒进入下一轮
2025-12-22 21:45:00 [INFO] [MONITOR] 当前无持仓需要监控
2025-12-22 21:45:00 [INFO] [SCAN] 本轮扫描交易对数量: 217
2025-12-22 21:45:01 [INFO] [SCAN] 本轮无满足条件的标的
2025-12-22 21:45:01 [INFO] [WAIT] 等待 58.3 秒进入下一轮
2025-12-22 21:46:00 [INFO] [MONITOR] 当前无持仓需要监控
2025-12-22 21:46:00 [INFO] [SCAN] 非15分钟节点，跳过开仓扫描
2025-12-22 21:46:00 [INFO] [WAIT] 等待 60.0 秒进入下一轮
2025-12-22 21:47:00 [INFO] [MONITOR] 当前无持仓需要监控
2025-12-22 21:47:00 [INFO] [SCAN] 非15分钟节点，跳过开仓扫描
2025-12-22 21:47:00 [INFO] [WAIT] 等待 59.9 秒进入下一轮
2025-12-22 21:48:00 [INFO] [MONITOR] 当前无持仓需要监控
2025-12-22 21:48:00 [INFO] [SCAN] 非15分钟节点，跳过开仓扫描
2025-12-22 21:48:00 [INFO] [WAIT] 等待 60.0 秒进入下一轮
2025-12-22 21:49:00 [INFO] [MONITOR] 当前无持仓需要监控
2025-12-22 21:49:00 [INFO] [SCAN] 非15分钟节点，跳过开仓扫描
2025-12-22 21:49:00 [INFO] [WAIT] 等待 59.9 秒进入下一轮
2025-12-22 21:50:00 [INFO] [MONITOR] 当前无持仓需要监控
2025-12-22 21:50:00 [INFO] [SCAN] 非15分钟节点，跳过开仓扫描
2025-12-22 21:50:00 [INFO] [WAIT] 等待 60.0 秒进入下一轮
2025-12-22 21:51:00 [INFO] [MONITOR] 当前无持仓需要监控
2025-12-22 21:51:00 [INFO] [SCAN] 非15分钟节点，跳过开仓扫描
2025-12-22 21:51:00 [INFO] [WAIT] 等待 59.9 秒进入下一轮
2025-12-22 21:52:00 [INFO] [MONITOR] 当前无持仓需要监控
2025-12-22 21:52:00 [INFO] [SCAN] 非15分钟节点，跳过开仓扫描
2025-12-22 21:52:00 [INFO] [WAIT] 等待 60.0 秒进入下一轮
2025-12-22 21:53:00 [INFO] [MONITOR] 当前无持仓需要监控
2025-12-22 21:53:00 [INFO] [SCAN] 非15分钟节点，跳过开仓扫描
2025-12-22 21:53:00 [INFO] [WAIT] 等待 59.9 秒进入下一轮
2025-12-22 21:54:00 [INFO] [MONITOR] 当前无持仓需要监控
2025-12-22 21:54:00 [INFO] [SCAN] 非15分钟节点，跳过开仓扫描
2025-12-22 21:54:00 [INFO] [WAIT] 等待 59.9 秒进入下一轮
2025-12-22 21:55:00 [INFO] [MONITOR] 当前无持仓需要监控
2025-12-22 21:55:00 [INFO] [SCAN] 非15分钟节点，跳过开仓扫描
2025-12-22 21:55:00 [INFO] [WAIT] 等待 60.0 秒进入下一轮
2025-12-22 21:56:00 [INFO] [MONITOR] 当前无持仓需要监控
2025-12-22 21:56:00 [INFO] [SCAN] 非15分钟节点，跳过开仓扫描
2025-12-22 21:56:00 [INFO] [WAIT] 等待 60.0 秒进入下一轮
2025-12-22 21:57:00 [INFO] [MONITOR] 当前无持仓需要监控
2025-12-22 21:57:00 [INFO] [SCAN] 非15分钟节点，跳过开仓扫描
2025-12-22 21:57:00 [INFO] [WAIT] 等待 59.9 秒进入下一轮
2025-12-22 21:58:00 [INFO] [MONITOR] 当前无持仓需要监控
2025-12-22 21:58:00 [INFO] [SCAN] 非15分钟节点，跳过开仓扫描
2025-12-22 21:58:00 [INFO] [WAIT] 等待 60.0 秒进入下一轮
2025-12-22 21:59:00 [INFO] [MONITOR] 当前无持仓需要监控
2025-12-22 21:59:00 [INFO] [SCAN] 非15分钟节点，跳过开仓扫描
2025-12-22 21:59:00 [INFO] [WAIT] 等待 59.9 秒进入下一轮
2025-12-22 22:00:00 [INFO] [MONITOR] 当前无持仓需要监控
2025-12-22 22:00:00 [INFO] [SCAN] 本轮扫描交易对数量: 217
2025-12-22 22:00:03 [INFO] [SCAN] 本轮无满足条件的标的
2025-12-22 22:00:03 [INFO] [WAIT] 等待 56.4 秒进入下一轮
2025-12-22 22:01:00 [INFO] [MONITOR] 当前无持仓需要监控
2025-12-22 22:01:00 [INFO] [SCAN] 非15分钟节点，跳过开仓扫描
2025-12-22 22:01:00 [INFO] [WAIT] 等待 60.0 秒进入下一轮
2025-12-22 22:02:00 [INFO] [MONITOR] 当前无持仓需要监控
2025-12-22 22:02:00 [INFO] [SCAN] 非15分钟节点，跳过开仓扫描
2025-12-22 22:02:00 [INFO] [WAIT] 等待 59.9 秒进入下一轮
2025-12-22 22:03:00 [INFO] [MONITOR] 当前无持仓需要监控
2025-12-22 22:03:00 [INFO] [SCAN] 非15分钟节点，跳过开仓扫描
2025-12-22 22:03:00 [INFO] [WAIT] 等待 60.0 秒进入下一轮
2025-12-22 22:04:00 [INFO] [MONITOR] 当前无持仓需要监控
2025-12-22 22:04:00 [INFO] [SCAN] 非15分钟节点，跳过开仓扫描
2025-12-22 22:04:00 [INFO] [WAIT] 等待 60.0 秒进入下一轮
2025-12-22 22:05:00 [INFO] [MONITOR] 当前无持仓需要监控
2025-12-22 22:05:00 [INFO] [SCAN] 非15分钟节点，跳过开仓扫描
2025-12-22 22:05:00 [INFO] [WAIT] 等待 59.9 秒进入下一轮
2025-12-22 22:06:00 [INFO] [MONITOR] 当前无持仓需要监控
2025-12-22 22:06:00 [INFO] [SCAN] 非15分钟节点，跳过开仓扫描
2025-12-22 22:06:00 [INFO] [WAIT] 等待 60.0 秒进入下一轮
2025-12-22 22:07:00 [INFO] [MONITOR] 当前无持仓需要监控
2025-12-22 22:07:00 [INFO] [SCAN] 非15分钟节点，跳过开仓扫描
2025-12-22 22:07:00 [INFO] [WAIT] 等待 59.9 秒进入下一轮
2025-12-22 22:08:00 [INFO] [MONITOR] 当前无持仓需要监控
2025-12-22 22:08:00 [INFO] [SCAN] 非15分钟节点，跳过开仓扫描
2025-12-22 22:08:00 [INFO] [WAIT] 等待 59.9 秒进入下一轮
2025-12-22 22:09:00 [INFO] [MONITOR] 当前无持仓需要监控
2025-12-22 22:09:00 [INFO] [SCAN] 非15分钟节点，跳过开仓扫描
2025-12-22 22:09:00 [INFO] [WAIT] 等待 59.9 秒进入下一轮
2025-12-22 22:10:00 [INFO] [MONITOR] 当前无持仓需要监控
2025-12-22 22:10:00 [INFO] [SCAN] 非15分钟节点，跳过开仓扫描
2025-12-22 22:10:00 [INFO] [WAIT] 等待 59.9 秒进入下一轮
2025-12-22 22:11:00 [INFO] [MONITOR] 当前无持仓需要监控
2025-12-22 22:11:00 [INFO] [SCAN] 非15分钟节点，跳过开仓扫描
2025-12-22 22:11:00 [INFO] [WAIT] 等待 59.9 秒进入下一轮
2025-12-22 22:12:00 [INFO] [MONITOR] 当前无持仓需要监控
2025-12-22 22:12:00 [INFO] [SCAN] 非15分钟节点，跳过开仓扫描
2025-12-22 22:12:00 [INFO] [WAIT] 等待 60.0 秒进入下一轮
2025-12-22 22:13:00 [INFO] [MONITOR] 当前无持仓需要监控
2025-12-22 22:13:00 [INFO] [SCAN] 非15分钟节点，跳过开仓扫描
2025-12-22 22:13:00 [INFO] [WAIT] 等待 59.9 秒进入下一轮
2025-12-22 22:14:00 [INFO] [MONITOR] 当前无持仓需要监控
2025-12-22 22:14:00 [INFO] [SCAN] 非15分钟节点，跳过开仓扫描
2025-12-22 22:14:00 [INFO] [WAIT] 等待 60.0 秒进入下一轮
2025-12-22 22:15:00 [INFO] [MONITOR] 当前无持仓需要监控
2025-12-22 22:15:00 [INFO] [SCAN] 本轮扫描交易对数量: 217
2025-12-22 22:15:02 [INFO] [SCAN] 本轮无满足条件的标的
2025-12-22 22:15:02 [INFO] [WAIT] 等待 57.9 秒进入下一轮
2025-12-22 22:16:00 [INFO] [MONITOR] 当前无持仓需要监控
2025-12-22 22:16:00 [INFO] [SCAN] 非15分钟节点，跳过开仓扫描
2025-12-22 22:16:00 [INFO] [WAIT] 等待 59.9 秒进入下一轮
2025-12-22 22:17:00 [INFO] [MONITOR] 当前无持仓需要监控
2025-12-22 22:17:00 [INFO] [SCAN] 非15分钟节点，跳过开仓扫描
2025-12-22 22:17:00 [INFO] [WAIT] 等待 59.9 秒进入下一轮
2025-12-22 22:18:00 [INFO] [MONITOR] 当前无持仓需要监控
2025-12-22 22:18:00 [INFO] [SCAN] 非15分钟节点，跳过开仓扫描
2025-12-22 22:18:00 [INFO] [WAIT] 等待 59.9 秒进入下一轮
2025-12-22 22:19:00 [INFO] [MONITOR] 当前无持仓需要监控
2025-12-22 22:19:00 [INFO] [SCAN] 非15分钟节点，跳过开仓扫描
2025-12-22 22:19:00 [INFO] [WAIT] 等待 59.9 秒进入下一轮
2025-12-22 22:20:00 [INFO] [MONITOR] 当前无持仓需要监控
2025-12-22 22:20:00 [INFO] [SCAN] 非15分钟节点，跳过开仓扫描
2025-12-22 22:20:00 [INFO] [WAIT] 等待 59.9 秒进入下一轮
2025-12-22 22:21:00 [INFO] [MONITOR] 当前无持仓需要监控
2025-12-22 22:21:00 [INFO] [SCAN] 非15分钟节点，跳过开仓扫描
2025-12-22 22:21:00 [INFO] [WAIT] 等待 60.0 秒进入下一轮
2025-12-22 22:22:00 [INFO] [MONITOR] 当前无持仓需要监控
2025-12-22 22:22:00 [INFO] [SCAN] 非15分钟节点，跳过开仓扫描
2025-12-22 22:22:00 [INFO] [WAIT] 等待 60.0 秒进入下一轮
2025-12-22 22:23:00 [INFO] [MONITOR] 当前无持仓需要监控
2025-12-22 22:23:00 [INFO] [SCAN] 非15分钟节点，跳过开仓扫描
2025-12-22 22:23:00 [INFO] [WAIT] 等待 60.0 秒进入下一轮
2025-12-22 22:24:00 [INFO] [MONITOR] 当前无持仓需要监控
2025-12-22 22:24:00 [INFO] [SCAN] 非15分钟节点，跳过开仓扫描
2025-12-22 22:24:00 [INFO] [WAIT] 等待 59.9 秒进入下一轮
2025-12-22 22:25:00 [INFO] [MONITOR] 当前无持仓需要监控
2025-12-22 22:25:00 [INFO] [SCAN] 非15分钟节点，跳过开仓扫描
2025-12-22 22:25:00 [INFO] [WAIT] 等待 60.0 秒进入下一轮
2025-12-22 22:26:00 [INFO] [MONITOR] 当前无持仓需要监控
2025-12-22 22:26:00 [INFO] [SCAN] 非15分钟节点，跳过开仓扫描
2025-12-22 22:26:00 [INFO] [WAIT] 等待 60.0 秒进入下一轮
2025-12-22 22:27:00 [INFO] [MONITOR] 当前无持仓需要监控
2025-12-22 22:27:00 [INFO] [SCAN] 非15分钟节点，跳过开仓扫描
2025-12-22 22:27:00 [INFO] [WAIT] 等待 60.0 秒进入下一轮
2025-12-22 22:28:00 [INFO] [MONITOR] 当前无持仓需要监控
2025-12-22 22:28:00 [INFO] [SCAN] 非15分钟节点，跳过开仓扫描
2025-12-22 22:28:00 [INFO] [WAIT] 等待 59.9 秒进入下一轮
2025-12-22 22:29:00 [INFO] [MONITOR] 当前无持仓需要监控
2025-12-22 22:29:00 [INFO] [SCAN] 非15分钟节点，跳过开仓扫描
2025-12-22 22:29:00 [INFO] [WAIT] 等待 60.0 秒进入下一轮
2025-12-22 22:30:00 [INFO] [MONITOR] 当前无持仓需要监控
2025-12-22 22:30:00 [INFO] [SCAN] 本轮扫描交易对数量: 217
2025-12-22 22:30:02 [INFO] [SCAN] 本轮无满足条件的标的
2025-12-22 22:30:02 [INFO] [WAIT] 等待 58.0 秒进入下一轮
2025-12-22 22:31:00 [INFO] [MONITOR] 当前无持仓需要监控
2025-12-22 22:31:00 [INFO] [SCAN] 非15分钟节点，跳过开仓扫描
2025-12-22 22:31:00 [INFO] [WAIT] 等待 59.9 秒进入下一轮
2025-12-22 22:32:00 [INFO] [MONITOR] 当前无持仓需要监控
2025-12-22 22:32:00 [INFO] [SCAN] 非15分钟节点，跳过开仓扫描
2025-12-22 22:32:00 [INFO] [WAIT] 等待 59.9 秒进入下一轮
2025-12-22 22:33:00 [INFO] [MONITOR] 当前无持仓需要监控
2025-12-22 22:33:00 [INFO] [SCAN] 非15分钟节点，跳过开仓扫描
2025-12-22 22:33:00 [INFO] [WAIT] 等待 59.9 秒进入下一轮
2025-12-22 22:34:00 [INFO] [MONITOR] 当前无持仓需要监控
2025-12-22 22:34:00 [INFO] [SCAN] 非15分钟节点，跳过开仓扫描
2025-12-22 22:34:00 [INFO] [WAIT] 等待 59.9 秒进入下一轮
2025-12-22 22:35:00 [INFO] [MONITOR] 当前无持仓需要监控
2025-12-22 22:35:00 [INFO] [SCAN] 非15分钟节点，跳过开仓扫描
2025-12-22 22:35:00 [INFO] [WAIT] 等待 59.9 秒进入下一轮
2025-12-22 22:36:00 [INFO] [MONITOR] 当前无持仓需要监控
2025-12-22 22:36:00 [INFO] [SCAN] 非15分钟节点，跳过开仓扫描
2025-12-22 22:36:00 [INFO] [WAIT] 等待 59.9 秒进入下一轮
2025-12-22 22:37:00 [INFO] [MONITOR] 当前无持仓需要监控
2025-12-22 22:37:00 [INFO] [SCAN] 非15分钟节点，跳过开仓扫描
2025-12-22 22:37:00 [INFO] [WAIT] 等待 59.9 秒进入下一轮
2025-12-22 22:38:00 [INFO] [MONITOR] 当前无持仓需要监控
2025-12-22 22:38:00 [INFO] [SCAN] 非15分钟节点，跳过开仓扫描
2025-12-22 22:38:00 [INFO] [WAIT] 等待 60.0 秒进入下一轮
2025-12-22 22:39:00 [INFO] [MONITOR] 当前无持仓需要监控
2025-12-22 22:39:00 [INFO] [SCAN] 非15分钟节点，跳过开仓扫描
2025-12-22 22:39:00 [INFO] [WAIT] 等待 59.9 秒进入下一轮
2025-12-22 22:40:00 [INFO] [MONITOR] 当前无持仓需要监控
2025-12-22 22:40:00 [INFO] [SCAN] 非15分钟节点，跳过开仓扫描
2025-12-22 22:40:00 [INFO] [WAIT] 等待 60.0 秒进入下一轮
2025-12-22 22:41:00 [INFO] [MONITOR] 当前无持仓需要监控
2025-12-22 22:41:00 [INFO] [SCAN] 非15分钟节点，跳过开仓扫描
2025-12-22 22:41:00 [INFO] [WAIT] 等待 59.9 秒进入下一轮
2025-12-22 22:42:00 [INFO] [MONITOR] 当前无持仓需要监控
2025-12-22 22:42:00 [INFO] [SCAN] 非15分钟节点，跳过开仓扫描
2025-12-22 22:42:00 [INFO] [WAIT] 等待 60.0 秒进入下一轮
2025-12-22 22:43:00 [INFO] [MONITOR] 当前无持仓需要监控
2025-12-22 22:43:00 [INFO] [SCAN] 非15分钟节点，跳过开仓扫描
2025-12-22 22:43:00 [INFO] [WAIT] 等待 60.0 秒进入下一轮
2025-12-22 22:44:00 [INFO] [MONITOR] 当前无持仓需要监控
2025-12-22 22:44:00 [INFO] [SCAN] 非15分钟节点，跳过开仓扫描
2025-12-22 22:44:00 [INFO] [WAIT] 等待 59.9 秒进入下一轮
2025-12-22 22:45:00 [INFO] [MONITOR] 当前无持仓需要监控
2025-12-22 22:45:00 [INFO] [SCAN] 本轮扫描交易对数量: 217
2025-12-22 22:45:01 [INFO] [SCAN] 本轮无满足条件的标的
2025-12-22 22:45:01 [INFO] [WAIT] 等待 58.3 秒进入下一轮
2025-12-22 22:46:00 [INFO] [MONITOR] 当前无持仓需要监控
2025-12-22 22:46:00 [INFO] [SCAN] 非15分钟节点，跳过开仓扫描
2025-12-22 22:46:00 [INFO] [WAIT] 等待 60.0 秒进入下一轮
2025-12-22 22:47:00 [INFO] [MONITOR] 当前无持仓需要监控
2025-12-22 22:47:00 [INFO] [SCAN] 非15分钟节点，跳过开仓扫描
2025-12-22 22:47:00 [INFO] [WAIT] 等待 59.9 秒进入下一轮
2025-12-22 22:48:00 [INFO] [MONITOR] 当前无持仓需要监控
2025-12-22 22:48:00 [INFO] [SCAN] 非15分钟节点，跳过开仓扫描
2025-12-22 22:48:00 [INFO] [WAIT] 等待 59.9 秒进入下一轮
2025-12-22 22:49:00 [INFO] [MONITOR] 当前无持仓需要监控
2025-12-22 22:49:00 [INFO] [SCAN] 非15分钟节点，跳过开仓扫描
2025-12-22 22:49:00 [INFO] [WAIT] 等待 59.9 秒进入下一轮
2025-12-22 22:50:00 [INFO] [MONITOR] 当前无持仓需要监控
2025-12-22 22:50:00 [INFO] [SCAN] 非15分钟节点，跳过开仓扫描
2025-12-22 22:50:00 [INFO] [WAIT] 等待 59.9 秒进入下一轮
2025-12-22 22:51:00 [INFO] [MONITOR] 当前无持仓需要监控
2025-12-22 22:51:00 [INFO] [SCAN] 非15分钟节点，跳过开仓扫描
2025-12-22 22:51:00 [INFO] [WAIT] 等待 60.0 秒进入下一轮
2025-12-22 22:52:00 [INFO] [MONITOR] 当前无持仓需要监控
2025-12-22 22:52:00 [INFO] [SCAN] 非15分钟节点，跳过开仓扫描
2025-12-22 22:52:00 [INFO] [WAIT] 等待 59.9 秒进入下一轮
2025-12-22 22:53:00 [INFO] [MONITOR] 当前无持仓需要监控
2025-12-22 22:53:00 [INFO] [SCAN] 非15分钟节点，跳过开仓扫描
2025-12-22 22:53:00 [INFO] [WAIT] 等待 60.0 秒进入下一轮
2025-12-22 22:54:00 [INFO] [MONITOR] 当前无持仓需要监控
2025-12-22 22:54:00 [INFO] [SCAN] 非15分钟节点，跳过开仓扫描
2025-12-22 22:54:00 [INFO] [WAIT] 等待 59.9 秒进入下一轮
2025-12-22 22:55:00 [INFO] [MONITOR] 当前无持仓需要监控
2025-12-22 22:55:00 [INFO] [SCAN] 非15分钟节点，跳过开仓扫描
2025-12-22 22:55:00 [INFO] [WAIT] 等待 59.9 秒进入下一轮
2025-12-22 22:56:00 [INFO] [MONITOR] 当前无持仓需要监控
2025-12-22 22:56:00 [INFO] [SCAN] 非15分钟节点，跳过开仓扫描
2025-12-22 22:56:00 [INFO] [WAIT] 等待 60.0 秒进入下一轮
2025-12-22 22:57:00 [INFO] [MONITOR] 当前无持仓需要监控
2025-12-22 22:57:00 [INFO] [SCAN] 非15分钟节点，跳过开仓扫描
2025-12-22 22:57:00 [INFO] [WAIT] 等待 59.9 秒进入下一轮
2025-12-22 22:58:00 [INFO] [MONITOR] 当前无持仓需要监控
2025-12-22 22:58:00 [INFO] [SCAN] 非15分钟节点，跳过开仓扫描
2025-12-22 22:58:00 [INFO] [WAIT] 等待 59.9 秒进入下一轮
2025-12-22 22:59:00 [INFO] [MONITOR] 当前无持仓需要监控
2025-12-22 22:59:00 [INFO] [SCAN] 非15分钟节点，跳过开仓扫描
2025-12-22 22:59:00 [INFO] [WAIT] 等待 59.9 秒进入下一轮
2025-12-22 23:00:00 [INFO] [MONITOR] 当前无持仓需要监控
2025-12-22 23:00:00 [INFO] [SCAN] 本轮扫描交易对数量: 217
2025-12-22 23:00:02 [INFO] [SCAN] 本轮无满足条件的标的
2025-12-22 23:00:02 [INFO] [WAIT] 等待 57.0 秒进入下一轮
2025-12-22 23:01:00 [INFO] [MONITOR] 当前无持仓需要监控
2025-12-22 23:01:00 [INFO] [SCAN] 非15分钟节点，跳过开仓扫描
2025-12-22 23:01:00 [INFO] [WAIT] 等待 59.9 秒进入下一轮
2025-12-22 23:02:00 [INFO] [MONITOR] 当前无持仓需要监控
2025-12-22 23:02:00 [INFO] [SCAN] 非15分钟节点，跳过开仓扫描
2025-12-22 23:02:00 [INFO] [WAIT] 等待 60.0 秒进入下一轮
2025-12-22 23:03:00 [INFO] [MONITOR] 当前无持仓需要监控
2025-12-22 23:03:00 [INFO] [SCAN] 非15分钟节点，跳过开仓扫描
2025-12-22 23:03:00 [INFO] [WAIT] 等待 60.0 秒进入下一轮
2025-12-22 23:04:00 [INFO] [MONITOR] 当前无持仓需要监控
2025-12-22 23:04:00 [INFO] [SCAN] 非15分钟节点，跳过开仓扫描
2025-12-22 23:04:00 [INFO] [WAIT] 等待 60.0 秒进入下一轮
2025-12-22 23:05:00 [INFO] [MONITOR] 当前无持仓需要监控
2025-12-22 23:05:00 [INFO] [SCAN] 非15分钟节点，跳过开仓扫描
2025-12-22 23:05:00 [INFO] [WAIT] 等待 59.9 秒进入下一轮
2025-12-22 23:06:00 [INFO] [MONITOR] 当前无持仓需要监控
2025-12-22 23:06:00 [INFO] [SCAN] 非15分钟节点，跳过开仓扫描
2025-12-22 23:06:00 [INFO] [WAIT] 等待 60.0 秒进入下一轮
2025-12-22 23:07:00 [INFO] [MONITOR] 当前无持仓需要监控
2025-12-22 23:07:00 [INFO] [SCAN] 非15分钟节点，跳过开仓扫描
2025-12-22 23:07:00 [INFO] [WAIT] 等待 59.9 秒进入下一轮
2025-12-22 23:08:00 [INFO] [MONITOR] 当前无持仓需要监控
2025-12-22 23:08:00 [INFO] [SCAN] 非15分钟节点，跳过开仓扫描
2025-12-22 23:08:00 [INFO] [WAIT] 等待 60.0 秒进入下一轮
2025-12-22 23:09:00 [INFO] [MONITOR] 当前无持仓需要监控
2025-12-22 23:09:00 [INFO] [SCAN] 非15分钟节点，跳过开仓扫描
2025-12-22 23:09:00 [INFO] [WAIT] 等待 59.9 秒进入下一轮
2025-12-22 23:10:00 [INFO] [MONITOR] 当前无持仓需要监控
2025-12-22 23:10:00 [INFO] [SCAN] 非15分钟节点，跳过开仓扫描
2025-12-22 23:10:00 [INFO] [WAIT] 等待 60.0 秒进入下一轮
2025-12-22 23:11:00 [INFO] [MONITOR] 当前无持仓需要监控
2025-12-22 23:11:00 [INFO] [SCAN] 非15分钟节点，跳过开仓扫描
2025-12-22 23:11:00 [INFO] [WAIT] 等待 59.9 秒进入下一轮
2025-12-22 23:12:00 [INFO] [MONITOR] 当前无持仓需要监控
2025-12-22 23:12:00 [INFO] [SCAN] 非15分钟节点，跳过开仓扫描
2025-12-22 23:12:00 [INFO] [WAIT] 等待 60.0 秒进入下一轮
2025-12-22 23:13:00 [INFO] [MONITOR] 当前无持仓需要监控
2025-12-22 23:13:00 [INFO] [SCAN] 非15分钟节点，跳过开仓扫描
2025-12-22 23:13:00 [INFO] [WAIT] 等待 59.9 秒进入下一轮
2025-12-22 23:14:00 [INFO] [MONITOR] 当前无持仓需要监控
2025-12-22 23:14:00 [INFO] [SCAN] 非15分钟节点，跳过开仓扫描
2025-12-22 23:14:00 [INFO] [WAIT] 等待 59.9 秒进入下一轮
2025-12-22 23:15:00 [INFO] [MONITOR] 当前无持仓需要监控
2025-12-22 23:15:00 [INFO] [SCAN] 本轮扫描交易对数量: 217
2025-12-22 23:15:02 [INFO] [SCAN] 本轮无满足条件的标的
2025-12-22 23:15:02 [INFO] [WAIT] 等待 57.1 秒进入下一轮
2025-12-22 23:16:00 [INFO] [MONITOR] 当前无持仓需要监控
2025-12-22 23:16:00 [INFO] [SCAN] 非15分钟节点，跳过开仓扫描
2025-12-22 23:16:00 [INFO] [WAIT] 等待 59.9 秒进入下一轮
2025-12-22 23:17:00 [INFO] [MONITOR] 当前无持仓需要监控
2025-12-22 23:17:00 [INFO] [SCAN] 非15分钟节点，跳过开仓扫描
2025-12-22 23:17:00 [INFO] [WAIT] 等待 60.0 秒进入下一轮
2025-12-22 23:18:00 [INFO] [MONITOR] 当前无持仓需要监控
2025-12-22 23:18:00 [INFO] [SCAN] 非15分钟节点，跳过开仓扫描
2025-12-22 23:18:00 [INFO] [WAIT] 等待 60.0 秒进入下一轮
2025-12-22 23:19:00 [INFO] [MONITOR] 当前无持仓需要监控
2025-12-22 23:19:00 [INFO] [SCAN] 非15分钟节点，跳过开仓扫描
2025-12-22 23:19:00 [INFO] [WAIT] 等待 59.9 秒进入下一轮
2025-12-22 23:20:00 [INFO] [MONITOR] 当前无持仓需要监控
2025-12-22 23:20:00 [INFO] [SCAN] 非15分钟节点，跳过开仓扫描
2025-12-22 23:20:00 [INFO] [WAIT] 等待 59.9 秒进入下一轮
2025-12-22 23:21:00 [INFO] [MONITOR] 当前无持仓需要监控
2025-12-22 23:21:00 [INFO] [SCAN] 非15分钟节点，跳过开仓扫描
2025-12-22 23:21:00 [INFO] [WAIT] 等待 59.9 秒进入下一轮
2025-12-22 23:22:00 [INFO] [MONITOR] 当前无持仓需要监控
2025-12-22 23:22:00 [INFO] [SCAN] 非15分钟节点，跳过开仓扫描
2025-12-22 23:22:00 [INFO] [WAIT] 等待 59.9 秒进入下一轮
2025-12-22 23:23:00 [INFO] [MONITOR] 当前无持仓需要监控
2025-12-22 23:23:00 [INFO] [SCAN] 非15分钟节点，跳过开仓扫描
2025-12-22 23:23:00 [INFO] [WAIT] 等待 59.9 秒进入下一轮
2025-12-22 23:24:00 [INFO] [MONITOR] 当前无持仓需要监控
2025-12-22 23:24:00 [INFO] [SCAN] 非15分钟节点，跳过开仓扫描
2025-12-22 23:24:00 [INFO] [WAIT] 等待 60.0 秒进入下一轮
2025-12-22 23:25:00 [INFO] [MONITOR] 当前无持仓需要监控
2025-12-22 23:25:00 [INFO] [SCAN] 非15分钟节点，跳过开仓扫描
2025-12-22 23:25:00 [INFO] [WAIT] 等待 59.9 秒进入下一轮
2025-12-22 23:26:00 [INFO] [MONITOR] 当前无持仓需要监控
2025-12-22 23:26:00 [INFO] [SCAN] 非15分钟节点，跳过开仓扫描
2025-12-22 23:26:00 [INFO] [WAIT] 等待 59.9 秒进入下一轮
2025-12-22 23:27:00 [INFO] [MONITOR] 当前无持仓需要监控
2025-12-22 23:27:00 [INFO] [SCAN] 非15分钟节点，跳过开仓扫描
2025-12-22 23:27:00 [INFO] [WAIT] 等待 60.0 秒进入下一轮
2025-12-22 23:28:00 [INFO] [MONITOR] 当前无持仓需要监控
2025-12-22 23:28:00 [INFO] [SCAN] 非15分钟节点，跳过开仓扫描
2025-12-22 23:28:00 [INFO] [WAIT] 等待 59.9 秒进入下一轮
2025-12-22 23:29:00 [INFO] [MONITOR] 当前无持仓需要监控
2025-12-22 23:29:00 [INFO] [SCAN] 非15分钟节点，跳过开仓扫描
2025-12-22 23:29:00 [INFO] [WAIT] 等待 59.9 秒进入下一轮
2025-12-22 23:30:00 [INFO] [MONITOR] 当前无持仓需要监控
2025-12-22 23:30:00 [INFO] [SCAN] 本轮扫描交易对数量: 217
2025-12-22 23:30:01 [INFO] [SCAN] 本轮无满足条件的标的
2025-12-22 23:30:01 [INFO] [WAIT] 等待 58.3 秒进入下一轮
2025-12-22 23:31:00 [INFO] [MONITOR] 当前无持仓需要监控
2025-12-22 23:31:00 [INFO] [SCAN] 非15分钟节点，跳过开仓扫描
2025-12-22 23:31:00 [INFO] [WAIT] 等待 59.9 秒进入下一轮
2025-12-22 23:32:00 [INFO] [MONITOR] 当前无持仓需要监控
2025-12-22 23:32:00 [INFO] [SCAN] 非15分钟节点，跳过开仓扫描
2025-12-22 23:32:00 [INFO] [WAIT] 等待 60.0 秒进入下一轮
2025-12-22 23:33:00 [INFO] [MONITOR] 当前无持仓需要监控
2025-12-22 23:33:00 [INFO] [SCAN] 非15分钟节点，跳过开仓扫描
2025-12-22 23:33:00 [INFO] [WAIT] 等待 59.9 秒进入下一轮
2025-12-22 23:34:00 [INFO] [MONITOR] 当前无持仓需要监控
2025-12-22 23:34:00 [INFO] [SCAN] 非15分钟节点，跳过开仓扫描
2025-12-22 23:34:00 [INFO] [WAIT] 等待 60.0 秒进入下一轮
2025-12-22 23:35:00 [INFO] [MONITOR] 当前无持仓需要监控
2025-12-22 23:35:00 [INFO] [SCAN] 非15分钟节点，跳过开仓扫描
2025-12-22 23:35:00 [INFO] [WAIT] 等待 59.9 秒进入下一轮
2025-12-22 23:36:00 [INFO] [MONITOR] 当前无持仓需要监控
2025-12-22 23:36:00 [INFO] [SCAN] 非15分钟节点，跳过开仓扫描
2025-12-22 23:36:00 [INFO] [WAIT] 等待 60.0 秒进入下一轮
2025-12-22 23:37:00 [INFO] [MONITOR] 当前无持仓需要监控
2025-12-22 23:37:00 [INFO] [SCAN] 非15分钟节点，跳过开仓扫描
2025-12-22 23:37:00 [INFO] [WAIT] 等待 59.9 秒进入下一轮
2025-12-22 23:38:00 [INFO] [MONITOR] 当前无持仓需要监控
2025-12-22 23:38:00 [INFO] [SCAN] 非15分钟节点，跳过开仓扫描
2025-12-22 23:38:00 [INFO] [WAIT] 等待 60.0 秒进入下一轮
2025-12-22 23:39:00 [INFO] [MONITOR] 当前无持仓需要监控
2025-12-22 23:39:00 [INFO] [SCAN] 非15分钟节点，跳过开仓扫描
2025-12-22 23:39:00 [INFO] [WAIT] 等待 59.9 秒进入下一轮
2025-12-22 23:40:00 [INFO] [MONITOR] 当前无持仓需要监控
2025-12-22 23:40:00 [INFO] [SCAN] 非15分钟节点，跳过开仓扫描
2025-12-22 23:40:00 [INFO] [WAIT] 等待 59.9 秒进入下一轮
2025-12-22 23:41:00 [INFO] [MONITOR] 当前无持仓需要监控
2025-12-22 23:41:00 [INFO] [SCAN] 非15分钟节点，跳过开仓扫描
2025-12-22 23:41:00 [INFO] [WAIT] 等待 59.9 秒进入下一轮
2025-12-22 23:42:00 [INFO] [MONITOR] 当前无持仓需要监控
2025-12-22 23:42:00 [INFO] [SCAN] 非15分钟节点，跳过开仓扫描
2025-12-22 23:42:00 [INFO] [WAIT] 等待 60.0 秒进入下一轮
2025-12-22 23:43:00 [INFO] [MONITOR] 当前无持仓需要监控
2025-12-22 23:43:00 [INFO] [SCAN] 非15分钟节点，跳过开仓扫描
2025-12-22 23:43:00 [INFO] [WAIT] 等待 60.0 秒进入下一轮
2025-12-22 23:44:00 [INFO] [MONITOR] 当前无持仓需要监控
2025-12-22 23:44:00 [INFO] [SCAN] 非15分钟节点，跳过开仓扫描
2025-12-22 23:44:00 [INFO] [WAIT] 等待 59.9 秒进入下一轮
2025-12-22 23:45:00 [INFO] [MONITOR] 当前无持仓需要监控
2025-12-22 23:45:00 [INFO] [SCAN] 本轮扫描交易对数量: 217
2025-12-22 23:45:02 [INFO] [SCAN] 本轮无满足条件的标的
2025-12-22 23:45:02 [INFO] [WAIT] 等待 57.7 秒进入下一轮
2025-12-22 23:46:00 [INFO] [MONITOR] 当前无持仓需要监控
2025-12-22 23:46:00 [INFO] [SCAN] 非15分钟节点，跳过开仓扫描
2025-12-22 23:46:00 [INFO] [WAIT] 等待 60.0 秒进入下一轮
2025-12-22 23:47:00 [INFO] [MONITOR] 当前无持仓需要监控
2025-12-22 23:47:00 [INFO] [SCAN] 非15分钟节点，跳过开仓扫描
2025-12-22 23:47:00 [INFO] [WAIT] 等待 60.0 秒进入下一轮
2025-12-22 23:48:00 [INFO] [MONITOR] 当前无持仓需要监控
2025-12-22 23:48:00 [INFO] [SCAN] 非15分钟节点，跳过开仓扫描
2025-12-22 23:48:00 [INFO] [WAIT] 等待 59.9 秒进入下一轮
2025-12-22 23:49:00 [INFO] [MONITOR] 当前无持仓需要监控
2025-12-22 23:49:00 [INFO] [SCAN] 非15分钟节点，跳过开仓扫描
2025-12-22 23:49:00 [INFO] [WAIT] 等待 59.9 秒进入下一轮
2025-12-22 23:50:00 [INFO] [MONITOR] 当前无持仓需要监控
2025-12-22 23:50:00 [INFO] [SCAN] 非15分钟节点，跳过开仓扫描
2025-12-22 23:50:00 [INFO] [WAIT] 等待 60.0 秒进入下一轮
2025-12-22 23:51:00 [INFO] [MONITOR] 当前无持仓需要监控
2025-12-22 23:51:00 [INFO] [SCAN] 非15分钟节点，跳过开仓扫描
2025-12-22 23:51:00 [INFO] [WAIT] 等待 59.9 秒进入下一轮
2025-12-22 23:52:00 [INFO] [MONITOR] 当前无持仓需要监控
2025-12-22 23:52:00 [INFO] [SCAN] 非15分钟节点，跳过开仓扫描
2025-12-22 23:52:00 [INFO] [WAIT] 等待 59.9 秒进入下一轮
2025-12-22 23:53:00 [INFO] [MONITOR] 当前无持仓需要监控
2025-12-22 23:53:00 [INFO] [SCAN] 非15分钟节点，跳过开仓扫描
2025-12-22 23:53:00 [INFO] [WAIT] 等待 59.9 秒进入下一轮
2025-12-22 23:54:00 [INFO] [MONITOR] 当前无持仓需要监控
2025-12-22 23:54:00 [INFO] [SCAN] 非15分钟节点，跳过开仓扫描
2025-12-22 23:54:00 [INFO] [WAIT] 等待 60.0 秒进入下一轮
2025-12-22 23:55:00 [INFO] [MONITOR] 当前无持仓需要监控
2025-12-22 23:55:00 [INFO] [SCAN] 非15分钟节点，跳过开仓扫描
2025-12-22 23:55:00 [INFO] [WAIT] 等待 59.9 秒进入下一轮
2025-12-22 23:56:00 [INFO] [MONITOR] 当前无持仓需要监控
2025-12-22 23:56:00 [INFO] [SCAN] 非15分钟节点，跳过开仓扫描
2025-12-22 23:56:00 [INFO] [WAIT] 等待 59.9 秒进入下一轮
2025-12-22 23:57:00 [INFO] [MONITOR] 当前无持仓需要监控
2025-12-22 23:57:00 [INFO] [SCAN] 非15分钟节点，跳过开仓扫描
2025-12-22 23:57:00 [INFO] [WAIT] 等待 59.9 秒进入下一轮
2025-12-22 23:58:00 [INFO] [MONITOR] 当前无持仓需要监控
2025-12-22 23:58:00 [INFO] [SCAN] 非15分钟节点，跳过开仓扫描
2025-12-22 23:58:00 [INFO] [WAIT] 等待 60.0 秒进入下一轮
2025-12-22 23:59:00 [INFO] [MONITOR] 当前无持仓需要监控
2025-12-22 23:59:00 [INFO] [SCAN] 非15分钟节点，跳过开仓扫描
2025-12-22 23:59:00 [INFO] [WAIT] 等待 59.9 秒进入下一轮
2025-12-23 00:00:00 [INFO] [MONITOR] 当前无持仓需要监控
2025-12-23 00:00:00 [INFO] [BALANCE] 当前总资产: 20.78
2025-12-23 00:00:01 [INFO] [CONFIG] 单仓保证金设置为: 3 USDT
2025-12-23 00:00:01 [INFO] [SCAN] 本轮扫描交易对数量: 217
2025-12-23 00:00:03 [INFO] [SCAN] 本轮无满足条件的标的
2025-12-23 00:00:03 [INFO] [WAIT] 等待 56.8 秒进入下一轮
2025-12-23 00:01:00 [INFO] [MONITOR] 当前无持仓需要监控
2025-12-23 00:01:00 [INFO] [SCAN] 非15分钟节点，跳过开仓扫描
2025-12-23 00:01:00 [INFO] [WAIT] 等待 59.9 秒进入下一轮
2025-12-23 00:02:00 [INFO] [MONITOR] 当前无持仓需要监控
2025-12-23 00:02:00 [INFO] [SCAN] 非15分钟节点，跳过开仓扫描
2025-12-23 00:02:00 [INFO] [WAIT] 等待 60.0 秒进入下一轮
2025-12-23 00:03:00 [INFO] [MONITOR] 当前无持仓需要监控
2025-12-23 00:03:00 [INFO] [SCAN] 非15分钟节点，跳过开仓扫描
2025-12-23 00:03:00 [INFO] [WAIT] 等待 59.9 秒进入下一轮
2025-12-23 00:04:00 [INFO] [MONITOR] 当前无持仓需要监控
2025-12-23 00:04:00 [INFO] [SCAN] 非15分钟节点，跳过开仓扫描
2025-12-23 00:04:00 [INFO] [WAIT] 等待 59.9 秒进入下一轮
2025-12-23 00:05:00 [INFO] [MONITOR] 当前无持仓需要监控
2025-12-23 00:05:00 [INFO] [SCAN] 非15分钟节点，跳过开仓扫描
2025-12-23 00:05:00 [INFO] [WAIT] 等待 59.9 秒进入下一轮
2025-12-23 00:06:00 [INFO] [MONITOR] 当前无持仓需要监控
2025-12-23 00:06:00 [INFO] [SCAN] 非15分钟节点，跳过开仓扫描
2025-12-23 00:06:00 [INFO] [WAIT] 等待 60.0 秒进入下一轮
2025-12-23 00:07:00 [INFO] [MONITOR] 当前无持仓需要监控
2025-12-23 00:07:00 [INFO] [SCAN] 非15分钟节点，跳过开仓扫描
2025-12-23 00:07:00 [INFO] [WAIT] 等待 59.9 秒进入下一轮
2025-12-23 00:08:00 [INFO] [MONITOR] 当前无持仓需要监控
2025-12-23 00:08:00 [INFO] [SCAN] 非15分钟节点，跳过开仓扫描
2025-12-23 00:08:00 [INFO] [WAIT] 等待 60.0 秒进入下一轮
2025-12-23 00:09:00 [INFO] [MONITOR] 当前无持仓需要监控
2025-12-23 00:09:00 [INFO] [SCAN] 非15分钟节点，跳过开仓扫描
2025-12-23 00:09:00 [INFO] [WAIT] 等待 60.0 秒进入下一轮
2025-12-23 00:10:00 [INFO] [MONITOR] 当前无持仓需要监控
2025-12-23 00:10:00 [INFO] [SCAN] 非15分钟节点，跳过开仓扫描
2025-12-23 00:10:00 [INFO] [WAIT] 等待 59.9 秒进入下一轮
2025-12-23 00:11:00 [INFO] [MONITOR] 当前无持仓需要监控
2025-12-23 00:11:00 [INFO] [SCAN] 非15分钟节点，跳过开仓扫描
2025-12-23 00:11:00 [INFO] [WAIT] 等待 59.9 秒进入下一轮
2025-12-23 00:12:00 [INFO] [MONITOR] 当前无持仓需要监控
2025-12-23 00:12:00 [INFO] [SCAN] 非15分钟节点，跳过开仓扫描
2025-12-23 00:12:00 [INFO] [WAIT] 等待 60.0 秒进入下一轮
2025-12-23 00:13:00 [INFO] [MONITOR] 当前无持仓需要监控
2025-12-23 00:13:00 [INFO] [SCAN] 非15分钟节点，跳过开仓扫描
2025-12-23 00:13:00 [INFO] [WAIT] 等待 60.0 秒进入下一轮
2025-12-23 00:14:00 [INFO] [MONITOR] 当前无持仓需要监控
2025-12-23 00:14:00 [INFO] [SCAN] 非15分钟节点，跳过开仓扫描
2025-12-23 00:14:00 [INFO] [WAIT] 等待 60.0 秒进入下一轮
2025-12-23 00:15:00 [INFO] [MONITOR] 当前无持仓需要监控
2025-12-23 00:15:00 [INFO] [SCAN] 本轮扫描交易对数量: 217
2025-12-23 00:15:02 [INFO] [SCAN] 本轮无满足条件的标的
2025-12-23 00:15:02 [INFO] [WAIT] 等待 57.6 秒进入下一轮
2025-12-23 00:16:00 [INFO] [MONITOR] 当前无持仓需要监控
2025-12-23 00:16:00 [INFO] [SCAN] 非15分钟节点，跳过开仓扫描
2025-12-23 00:16:00 [INFO] [WAIT] 等待 60.0 秒进入下一轮
2025-12-23 00:17:00 [INFO] [MONITOR] 当前无持仓需要监控
2025-12-23 00:17:00 [INFO] [SCAN] 非15分钟节点，跳过开仓扫描
2025-12-23 00:17:00 [INFO] [WAIT] 等待 59.9 秒进入下一轮
2025-12-23 00:18:00 [INFO] [MONITOR] 当前无持仓需要监控
2025-12-23 00:18:00 [INFO] [SCAN] 非15分钟节点，跳过开仓扫描
2025-12-23 00:18:00 [INFO] [WAIT] 等待 60.0 秒进入下一轮
2025-12-23 00:19:00 [INFO] [MONITOR] 当前无持仓需要监控
2025-12-23 00:19:00 [INFO] [SCAN] 非15分钟节点，跳过开仓扫描
2025-12-23 00:19:00 [INFO] [WAIT] 等待 59.9 秒进入下一轮
2025-12-23 00:20:00 [INFO] [MONITOR] 当前无持仓需要监控
2025-12-23 00:20:00 [INFO] [SCAN] 非15分钟节点，跳过开仓扫描
2025-12-23 00:20:00 [INFO] [WAIT] 等待 60.0 秒进入下一轮
2025-12-23 00:21:00 [INFO] [MONITOR] 当前无持仓需要监控
2025-12-23 00:21:00 [INFO] [SCAN] 非15分钟节点，跳过开仓扫描
2025-12-23 00:21:00 [INFO] [WAIT] 等待 60.0 秒进入下一轮
2025-12-23 00:22:00 [INFO] [MONITOR] 当前无持仓需要监控
2025-12-23 00:22:00 [INFO] [SCAN] 非15分钟节点，跳过开仓扫描
2025-12-23 00:22:00 [INFO] [WAIT] 等待 60.0 秒进入下一轮
2025-12-23 00:23:00 [INFO] [MONITOR] 当前无持仓需要监控
2025-12-23 00:23:00 [INFO] [SCAN] 非15分钟节点，跳过开仓扫描
2025-12-23 00:23:00 [INFO] [WAIT] 等待 59.9 秒进入下一轮
2025-12-23 00:24:00 [INFO] [MONITOR] 当前无持仓需要监控
2025-12-23 00:24:00 [INFO] [SCAN] 非15分钟节点，跳过开仓扫描
2025-12-23 00:24:00 [INFO] [WAIT] 等待 60.0 秒进入下一轮
2025-12-23 00:25:00 [INFO] [MONITOR] 当前无持仓需要监控
2025-12-23 00:25:00 [INFO] [SCAN] 非15分钟节点，跳过开仓扫描
2025-12-23 00:25:00 [INFO] [WAIT] 等待 59.9 秒进入下一轮
2025-12-23 00:26:00 [INFO] [MONITOR] 当前无持仓需要监控
2025-12-23 00:26:00 [INFO] [SCAN] 非15分钟节点，跳过开仓扫描
2025-12-23 00:26:00 [INFO] [WAIT] 等待 60.0 秒进入下一轮
2025-12-23 00:27:00 [INFO] [MONITOR] 当前无持仓需要监控
2025-12-23 00:27:00 [INFO] [SCAN] 非15分钟节点，跳过开仓扫描
2025-12-23 00:27:00 [INFO] [WAIT] 等待 60.0 秒进入下一轮
2025-12-23 00:28:00 [INFO] [MONITOR] 当前无持仓需要监控
2025-12-23 00:28:00 [INFO] [SCAN] 非15分钟节点，跳过开仓扫描
2025-12-23 00:28:00 [INFO] [WAIT] 等待 60.0 秒进入下一轮
2025-12-23 00:29:00 [INFO] [MONITOR] 当前无持仓需要监控
2025-12-23 00:29:00 [INFO] [SCAN] 非15分钟节点，跳过开仓扫描
2025-12-23 00:29:00 [INFO] [WAIT] 等待 59.9 秒进入下一轮
2025-12-23 00:30:00 [INFO] [MONITOR] 当前无持仓需要监控
2025-12-23 00:30:00 [INFO] [SCAN] 本轮扫描交易对数量: 217
2025-12-23 00:30:02 [INFO] [SCAN] 本轮无满足条件的标的
2025-12-23 00:30:02 [INFO] [WAIT] 等待 57.6 秒进入下一轮
2025-12-23 00:31:00 [INFO] [MONITOR] 当前无持仓需要监控
2025-12-23 00:31:00 [INFO] [SCAN] 非15分钟节点，跳过开仓扫描
2025-12-23 00:31:00 [INFO] [WAIT] 等待 59.9 秒进入下一轮
2025-12-23 00:32:00 [INFO] [MONITOR] 当前无持仓需要监控
2025-12-23 00:32:00 [INFO] [SCAN] 非15分钟节点，跳过开仓扫描
2025-12-23 00:32:00 [INFO] [WAIT] 等待 59.9 秒进入下一轮
2025-12-23 00:33:00 [INFO] [MONITOR] 当前无持仓需要监控
2025-12-23 00:33:00 [INFO] [SCAN] 非15分钟节点，跳过开仓扫描
2025-12-23 00:33:00 [INFO] [WAIT] 等待 60.0 秒进入下一轮
2025-12-23 00:34:00 [INFO] [MONITOR] 当前无持仓需要监控
2025-12-23 00:34:00 [INFO] [SCAN] 非15分钟节点，跳过开仓扫描
2025-12-23 00:34:00 [INFO] [WAIT] 等待 59.9 秒进入下一轮
2025-12-23 00:35:00 [INFO] [MONITOR] 当前无持仓需要监控
2025-12-23 00:35:00 [INFO] [SCAN] 非15分钟节点，跳过开仓扫描
2025-12-23 00:35:00 [INFO] [WAIT] 等待 60.0 秒进入下一轮
2025-12-23 00:36:00 [INFO] [MONITOR] 当前无持仓需要监控
2025-12-23 00:36:00 [INFO] [SCAN] 非15分钟节点，跳过开仓扫描
2025-12-23 00:36:00 [INFO] [WAIT] 等待 59.9 秒进入下一轮
2025-12-23 00:37:00 [INFO] [MONITOR] 当前无持仓需要监控
2025-12-23 00:37:00 [INFO] [SCAN] 非15分钟节点，跳过开仓扫描
2025-12-23 00:37:00 [INFO] [WAIT] 等待 60.0 秒进入下一轮
2025-12-23 00:38:00 [INFO] [MONITOR] 当前无持仓需要监控
2025-12-23 00:38:00 [INFO] [SCAN] 非15分钟节点，跳过开仓扫描
2025-12-23 00:38:00 [INFO] [WAIT] 等待 60.0 秒进入下一轮
2025-12-23 00:39:00 [INFO] [MONITOR] 当前无持仓需要监控
2025-12-23 00:39:00 [INFO] [SCAN] 非15分钟节点，跳过开仓扫描
2025-12-23 00:39:00 [INFO] [WAIT] 等待 60.0 秒进入下一轮
2025-12-23 00:40:00 [INFO] [MONITOR] 当前无持仓需要监控
2025-12-23 00:40:00 [INFO] [SCAN] 非15分钟节点，跳过开仓扫描
2025-12-23 00:40:00 [INFO] [WAIT] 等待 60.0 秒进入下一轮
2025-12-23 00:41:00 [INFO] [MONITOR] 当前无持仓需要监控
2025-12-23 00:41:00 [INFO] [SCAN] 非15分钟节点，跳过开仓扫描
2025-12-23 00:41:00 [INFO] [WAIT] 等待 60.0 秒进入下一轮
2025-12-23 00:42:00 [INFO] [MONITOR] 当前无持仓需要监控
2025-12-23 00:42:00 [INFO] [SCAN] 非15分钟节点，跳过开仓扫描
2025-12-23 00:42:00 [INFO] [WAIT] 等待 60.0 秒进入下一轮
2025-12-23 00:43:00 [INFO] [MONITOR] 当前无持仓需要监控
2025-12-23 00:43:00 [INFO] [SCAN] 非15分钟节点，跳过开仓扫描
2025-12-23 00:43:00 [INFO] [WAIT] 等待 59.9 秒进入下一轮
2025-12-23 00:44:00 [INFO] [MONITOR] 当前无持仓需要监控
2025-12-23 00:44:00 [INFO] [SCAN] 非15分钟节点，跳过开仓扫描
2025-12-23 00:44:00 [INFO] [WAIT] 等待 60.0 秒进入下一轮
2025-12-23 00:45:00 [INFO] [MONITOR] 当前无持仓需要监控
2025-12-23 00:45:00 [INFO] [SCAN] 本轮扫描交易对数量: 217
2025-12-23 00:45:02 [INFO] [SCAN] 本轮无满足条件的标的
2025-12-23 00:45:02 [INFO] [WAIT] 等待 57.8 秒进入下一轮
2025-12-23 00:46:00 [INFO] [MONITOR] 当前无持仓需要监控
2025-12-23 00:46:00 [INFO] [SCAN] 非15分钟节点，跳过开仓扫描
2025-12-23 00:46:00 [INFO] [WAIT] 等待 60.0 秒进入下一轮
2025-12-23 00:47:00 [INFO] [MONITOR] 当前无持仓需要监控
2025-12-23 00:47:00 [INFO] [SCAN] 非15分钟节点，跳过开仓扫描
2025-12-23 00:47:00 [INFO] [WAIT] 等待 59.9 秒进入下一轮
2025-12-23 00:48:00 [INFO] [MONITOR] 当前无持仓需要监控
2025-12-23 00:48:00 [INFO] [SCAN] 非15分钟节点，跳过开仓扫描
2025-12-23 00:48:00 [INFO] [WAIT] 等待 60.0 秒进入下一轮
2025-12-23 00:49:00 [INFO] [MONITOR] 当前无持仓需要监控
2025-12-23 00:49:00 [INFO] [SCAN] 非15分钟节点，跳过开仓扫描
2025-12-23 00:49:00 [INFO] [WAIT] 等待 60.0 秒进入下一轮
2025-12-23 00:50:00 [INFO] [MONITOR] 当前无持仓需要监控
2025-12-23 00:50:00 [INFO] [SCAN] 非15分钟节点，跳过开仓扫描
2025-12-23 00:50:00 [INFO] [WAIT] 等待 60.0 秒进入下一轮
2025-12-23 00:51:00 [INFO] [MONITOR] 当前无持仓需要监控
2025-12-23 00:51:00 [INFO] [SCAN] 非15分钟节点，跳过开仓扫描
2025-12-23 00:51:00 [INFO] [WAIT] 等待 60.0 秒进入下一轮
2025-12-23 00:52:00 [INFO] [MONITOR] 当前无持仓需要监控
2025-12-23 00:52:00 [INFO] [SCAN] 非15分钟节点，跳过开仓扫描
2025-12-23 00:52:00 [INFO] [WAIT] 等待 60.0 秒进入下一轮
2025-12-23 00:53:00 [INFO] [MONITOR] 当前无持仓需要监控
2025-12-23 00:53:00 [INFO] [SCAN] 非15分钟节点，跳过开仓扫描
2025-12-23 00:53:00 [INFO] [WAIT] 等待 59.9 秒进入下一轮
2025-12-23 00:54:00 [INFO] [MONITOR] 当前无持仓需要监控
2025-12-23 00:54:00 [INFO] [SCAN] 非15分钟节点，跳过开仓扫描
2025-12-23 00:54:00 [INFO] [WAIT] 等待 59.9 秒进入下一轮
2025-12-23 00:55:00 [INFO] [MONITOR] 当前无持仓需要监控
2025-12-23 00:55:00 [INFO] [SCAN] 非15分钟节点，跳过开仓扫描
2025-12-23 00:55:00 [INFO] [WAIT] 等待 59.9 秒进入下一轮
2025-12-23 00:56:00 [INFO] [MONITOR] 当前无持仓需要监控
2025-12-23 00:56:00 [INFO] [SCAN] 非15分钟节点，跳过开仓扫描
2025-12-23 00:56:00 [INFO] [WAIT] 等待 60.0 秒进入下一轮
2025-12-23 00:57:00 [INFO] [MONITOR] 当前无持仓需要监控
2025-12-23 00:57:00 [INFO] [SCAN] 非15分钟节点，跳过开仓扫描
2025-12-23 00:57:00 [INFO] [WAIT] 等待 59.9 秒进入下一轮
2025-12-23 00:58:00 [INFO] [MONITOR] 当前无持仓需要监控
2025-12-23 00:58:00 [INFO] [SCAN] 非15分钟节点，跳过开仓扫描
2025-12-23 00:58:00 [INFO] [WAIT] 等待 59.9 秒进入下一轮
2025-12-23 00:59:00 [INFO] [MONITOR] 当前无持仓需要监控
2025-12-23 00:59:00 [INFO] [SCAN] 非15分钟节点，跳过开仓扫描
2025-12-23 00:59:00 [INFO] [WAIT] 等待 59.9 秒进入下一轮
2025-12-23 01:00:00 [INFO] [MONITOR] 当前无持仓需要监控
2025-12-23 01:00:00 [INFO] [SCAN] 本轮扫描交易对数量: 217
2025-12-23 01:00:01 [INFO] [SCAN] 本轮无满足条件的标的
2025-12-23 01:00:01 [INFO] [WAIT] 等待 58.0 秒进入下一轮
2025-12-23 01:01:00 [INFO] [MONITOR] 当前无持仓需要监控
2025-12-23 01:01:00 [INFO] [SCAN] 非15分钟节点，跳过开仓扫描
2025-12-23 01:01:00 [INFO] [WAIT] 等待 60.0 秒进入下一轮
2025-12-23 01:02:00 [INFO] [MONITOR] 当前无持仓需要监控
2025-12-23 01:02:00 [INFO] [SCAN] 非15分钟节点，跳过开仓扫描
2025-12-23 01:02:00 [INFO] [WAIT] 等待 60.0 秒进入下一轮
2025-12-23 01:03:00 [INFO] [MONITOR] 当前无持仓需要监控
2025-12-23 01:03:00 [INFO] [SCAN] 非15分钟节点，跳过开仓扫描
2025-12-23 01:03:00 [INFO] [WAIT] 等待 60.0 秒进入下一轮
2025-12-23 01:04:00 [INFO] [MONITOR] 当前无持仓需要监控
2025-12-23 01:04:00 [INFO] [SCAN] 非15分钟节点，跳过开仓扫描
2025-12-23 01:04:00 [INFO] [WAIT] 等待 60.0 秒进入下一轮
2025-12-23 01:05:00 [INFO] [MONITOR] 当前无持仓需要监控
2025-12-23 01:05:00 [INFO] [SCAN] 非15分钟节点，跳过开仓扫描
2025-12-23 01:05:00 [INFO] [WAIT] 等待 60.0 秒进入下一轮
2025-12-23 01:06:00 [INFO] [MONITOR] 当前无持仓需要监控
2025-12-23 01:06:00 [INFO] [SCAN] 非15分钟节点，跳过开仓扫描
2025-12-23 01:06:00 [INFO] [WAIT] 等待 59.9 秒进入下一轮
2025-12-23 01:07:00 [INFO] [MONITOR] 当前无持仓需要监控
2025-12-23 01:07:00 [INFO] [SCAN] 非15分钟节点，跳过开仓扫描
2025-12-23 01:07:00 [INFO] [WAIT] 等待 60.0 秒进入下一轮
2025-12-23 01:08:00 [INFO] [MONITOR] 当前无持仓需要监控
2025-12-23 01:08:00 [INFO] [SCAN] 非15分钟节点，跳过开仓扫描
2025-12-23 01:08:00 [INFO] [WAIT] 等待 59.9 秒进入下一轮
2025-12-23 01:09:00 [INFO] [MONITOR] 当前无持仓需要监控
2025-12-23 01:09:00 [INFO] [SCAN] 非15分钟节点，跳过开仓扫描
2025-12-23 01:09:00 [INFO] [WAIT] 等待 59.9 秒进入下一轮
2025-12-23 01:10:00 [INFO] [MONITOR] 当前无持仓需要监控
2025-12-23 01:10:00 [INFO] [SCAN] 非15分钟节点，跳过开仓扫描
2025-12-23 01:10:00 [INFO] [WAIT] 等待 60.0 秒进入下一轮
2025-12-23 01:11:00 [INFO] [MONITOR] 当前无持仓需要监控
2025-12-23 01:11:00 [INFO] [SCAN] 非15分钟节点，跳过开仓扫描
2025-12-23 01:11:00 [INFO] [WAIT] 等待 60.0 秒进入下一轮
2025-12-23 01:12:00 [INFO] [MONITOR] 当前无持仓需要监控
2025-12-23 01:12:00 [INFO] [SCAN] 非15分钟节点，跳过开仓扫描
2025-12-23 01:12:00 [INFO] [WAIT] 等待 60.0 秒进入下一轮
2025-12-23 01:13:00 [INFO] [MONITOR] 当前无持仓需要监控
2025-12-23 01:13:00 [INFO] [SCAN] 非15分钟节点，跳过开仓扫描
2025-12-23 01:13:00 [INFO] [WAIT] 等待 60.0 秒进入下一轮
2025-12-23 01:14:00 [INFO] [MONITOR] 当前无持仓需要监控
2025-12-23 01:14:00 [INFO] [SCAN] 非15分钟节点，跳过开仓扫描
2025-12-23 01:14:00 [INFO] [WAIT] 等待 60.0 秒进入下一轮
2025-12-23 01:15:00 [INFO] [MONITOR] 当前无持仓需要监控
2025-12-23 01:15:00 [INFO] [SCAN] 本轮扫描交易对数量: 217
2025-12-23 01:15:01 [INFO] [SCAN] 本轮无满足条件的标的
2025-12-23 01:15:01 [INFO] [WAIT] 等待 58.3 秒进入下一轮
2025-12-23 01:16:00 [INFO] [MONITOR] 当前无持仓需要监控
2025-12-23 01:16:00 [INFO] [SCAN] 非15分钟节点，跳过开仓扫描
2025-12-23 01:16:00 [INFO] [WAIT] 等待 59.9 秒进入下一轮
2025-12-23 01:17:00 [INFO] [MONITOR] 当前无持仓需要监控
2025-12-23 01:17:00 [INFO] [SCAN] 非15分钟节点，跳过开仓扫描
2025-12-23 01:17:00 [INFO] [WAIT] 等待 60.0 秒进入下一轮
2025-12-23 01:18:00 [INFO] [MONITOR] 当前无持仓需要监控
2025-12-23 01:18:00 [INFO] [SCAN] 非15分钟节点，跳过开仓扫描
2025-12-23 01:18:00 [INFO] [WAIT] 等待 60.0 秒进入下一轮
2025-12-23 01:19:00 [INFO] [MONITOR] 当前无持仓需要监控
2025-12-23 01:19:00 [INFO] [SCAN] 非15分钟节点，跳过开仓扫描
2025-12-23 01:19:00 [INFO] [WAIT] 等待 60.0 秒进入下一轮
2025-12-23 01:20:00 [INFO] [MONITOR] 当前无持仓需要监控
2025-12-23 01:20:00 [INFO] [SCAN] 非15分钟节点，跳过开仓扫描
2025-12-23 01:20:00 [INFO] [WAIT] 等待 60.0 秒进入下一轮
2025-12-23 01:21:00 [INFO] [MONITOR] 当前无持仓需要监控
2025-12-23 01:21:00 [INFO] [SCAN] 非15分钟节点，跳过开仓扫描
2025-12-23 01:21:00 [INFO] [WAIT] 等待 59.9 秒进入下一轮
2025-12-23 01:22:00 [INFO] [MONITOR] 当前无持仓需要监控
2025-12-23 01:22:00 [INFO] [SCAN] 非15分钟节点，跳过开仓扫描
2025-12-23 01:22:00 [INFO] [WAIT] 等待 60.0 秒进入下一轮
2025-12-23 01:23:00 [INFO] [MONITOR] 当前无持仓需要监控
2025-12-23 01:23:00 [INFO] [SCAN] 非15分钟节点，跳过开仓扫描
2025-12-23 01:23:00 [INFO] [WAIT] 等待 60.0 秒进入下一轮
2025-12-23 01:24:00 [INFO] [MONITOR] 当前无持仓需要监控
2025-12-23 01:24:00 [INFO] [SCAN] 非15分钟节点，跳过开仓扫描
2025-12-23 01:24:00 [INFO] [WAIT] 等待 60.0 秒进入下一轮
2025-12-23 01:25:00 [INFO] [MONITOR] 当前无持仓需要监控
2025-12-23 01:25:00 [INFO] [SCAN] 非15分钟节点，跳过开仓扫描
2025-12-23 01:25:00 [INFO] [WAIT] 等待 59.9 秒进入下一轮
2025-12-23 01:26:00 [INFO] [MONITOR] 当前无持仓需要监控
2025-12-23 01:26:00 [INFO] [SCAN] 非15分钟节点，跳过开仓扫描
2025-12-23 01:26:00 [INFO] [WAIT] 等待 60.0 秒进入下一轮
2025-12-23 01:27:00 [INFO] [MONITOR] 当前无持仓需要监控
2025-12-23 01:27:00 [INFO] [SCAN] 非15分钟节点，跳过开仓扫描
2025-12-23 01:27:00 [INFO] [WAIT] 等待 59.9 秒进入下一轮
2025-12-23 01:28:00 [INFO] [MONITOR] 当前无持仓需要监控
2025-12-23 01:28:00 [INFO] [SCAN] 非15分钟节点，跳过开仓扫描
2025-12-23 01:28:00 [INFO] [WAIT] 等待 59.9 秒进入下一轮
2025-12-23 01:29:00 [INFO] [MONITOR] 当前无持仓需要监控
2025-12-23 01:29:00 [INFO] [SCAN] 非15分钟节点，跳过开仓扫描
2025-12-23 01:29:00 [INFO] [WAIT] 等待 59.9 秒进入下一轮
2025-12-23 01:30:00 [INFO] [MONITOR] 当前无持仓需要监控
2025-12-23 01:30:00 [INFO] [SCAN] 本轮扫描交易对数量: 217
2025-12-23 01:30:01 [INFO] [SCAN] 本轮无满足条件的标的
2025-12-23 01:30:01 [INFO] [WAIT] 等待 58.4 秒进入下一轮
2025-12-23 01:31:00 [INFO] [MONITOR] 当前无持仓需要监控
2025-12-23 01:31:00 [INFO] [SCAN] 非15分钟节点，跳过开仓扫描
2025-12-23 01:31:00 [INFO] [WAIT] 等待 59.9 秒进入下一轮
2025-12-23 01:32:00 [INFO] [MONITOR] 当前无持仓需要监控
2025-12-23 01:32:00 [INFO] [SCAN] 非15分钟节点，跳过开仓扫描
2025-12-23 01:32:00 [INFO] [WAIT] 等待 60.0 秒进入下一轮
2025-12-23 01:33:00 [INFO] [MONITOR] 当前无持仓需要监控
2025-12-23 01:33:00 [INFO] [SCAN] 非15分钟节点，跳过开仓扫描
2025-12-23 01:33:00 [INFO] [WAIT] 等待 59.9 秒进入下一轮
2025-12-23 01:34:00 [INFO] [MONITOR] 当前无持仓需要监控
2025-12-23 01:34:00 [INFO] [SCAN] 非15分钟节点，跳过开仓扫描
2025-12-23 01:34:00 [INFO] [WAIT] 等待 59.9 秒进入下一轮
2025-12-23 01:35:00 [INFO] [MONITOR] 当前无持仓需要监控
2025-12-23 01:35:00 [INFO] [SCAN] 非15分钟节点，跳过开仓扫描
2025-12-23 01:35:00 [INFO] [WAIT] 等待 59.9 秒进入下一轮
2025-12-23 01:36:00 [INFO] [MONITOR] 当前无持仓需要监控
2025-12-23 01:36:00 [INFO] [SCAN] 非15分钟节点，跳过开仓扫描
2025-12-23 01:36:00 [INFO] [WAIT] 等待 59.9 秒进入下一轮
2025-12-23 01:37:00 [INFO] [MONITOR] 当前无持仓需要监控
2025-12-23 01:37:00 [INFO] [SCAN] 非15分钟节点，跳过开仓扫描
2025-12-23 01:37:00 [INFO] [WAIT] 等待 59.9 秒进入下一轮
2025-12-23 01:38:00 [INFO] [MONITOR] 当前无持仓需要监控
2025-12-23 01:38:00 [INFO] [SCAN] 非15分钟节点，跳过开仓扫描
2025-12-23 01:38:00 [INFO] [WAIT] 等待 59.9 秒进入下一轮
2025-12-23 01:39:00 [INFO] [MONITOR] 当前无持仓需要监控
2025-12-23 01:39:00 [INFO] [SCAN] 非15分钟节点，跳过开仓扫描
2025-12-23 01:39:00 [INFO] [WAIT] 等待 59.9 秒进入下一轮
2025-12-23 01:40:00 [INFO] [MONITOR] 当前无持仓需要监控
2025-12-23 01:40:00 [INFO] [SCAN] 非15分钟节点，跳过开仓扫描
2025-12-23 01:40:00 [INFO] [WAIT] 等待 60.0 秒进入下一轮
2025-12-23 01:41:00 [INFO] [MONITOR] 当前无持仓需要监控
2025-12-23 01:41:00 [INFO] [SCAN] 非15分钟节点，跳过开仓扫描
2025-12-23 01:41:00 [INFO] [WAIT] 等待 60.0 秒进入下一轮
2025-12-23 01:42:00 [INFO] [MONITOR] 当前无持仓需要监控
2025-12-23 01:42:00 [INFO] [SCAN] 非15分钟节点，跳过开仓扫描
2025-12-23 01:42:00 [INFO] [WAIT] 等待 60.0 秒进入下一轮
2025-12-23 01:43:00 [INFO] [MONITOR] 当前无持仓需要监控
2025-12-23 01:43:00 [INFO] [SCAN] 非15分钟节点，跳过开仓扫描
2025-12-23 01:43:00 [INFO] [WAIT] 等待 59.9 秒进入下一轮
2025-12-23 01:44:00 [INFO] [MONITOR] 当前无持仓需要监控
2025-12-23 01:44:00 [INFO] [SCAN] 非15分钟节点，跳过开仓扫描
2025-12-23 01:44:00 [INFO] [WAIT] 等待 60.0 秒进入下一轮
2025-12-23 01:45:00 [INFO] [MONITOR] 当前无持仓需要监控
2025-12-23 01:45:00 [INFO] [SCAN] 本轮扫描交易对数量: 217
2025-12-23 01:45:01 [INFO] [SCAN] 本轮无满足条件的标的
2025-12-23 01:45:01 [INFO] [WAIT] 等待 58.0 秒进入下一轮
2025-12-23 01:46:00 [INFO] [MONITOR] 当前无持仓需要监控
2025-12-23 01:46:00 [INFO] [SCAN] 非15分钟节点，跳过开仓扫描
2025-12-23 01:46:00 [INFO] [WAIT] 等待 59.9 秒进入下一轮
2025-12-23 01:47:00 [INFO] [MONITOR] 当前无持仓需要监控
2025-12-23 01:47:00 [INFO] [SCAN] 非15分钟节点，跳过开仓扫描
2025-12-23 01:47:00 [INFO] [WAIT] 等待 59.9 秒进入下一轮
2025-12-23 01:48:00 [INFO] [MONITOR] 当前无持仓需要监控
2025-12-23 01:48:00 [INFO] [SCAN] 非15分钟节点，跳过开仓扫描
2025-12-23 01:48:00 [INFO] [WAIT] 等待 59.9 秒进入下一轮
2025-12-23 01:49:00 [INFO] [MONITOR] 当前无持仓需要监控
2025-12-23 01:49:00 [INFO] [SCAN] 非15分钟节点，跳过开仓扫描
2025-12-23 01:49:00 [INFO] [WAIT] 等待 59.9 秒进入下一轮
2025-12-23 01:50:00 [INFO] [MONITOR] 当前无持仓需要监控
2025-12-23 01:50:00 [INFO] [SCAN] 非15分钟节点，跳过开仓扫描
2025-12-23 01:50:00 [INFO] [WAIT] 等待 59.9 秒进入下一轮
2025-12-23 01:51:00 [INFO] [MONITOR] 当前无持仓需要监控
2025-12-23 01:51:00 [INFO] [SCAN] 非15分钟节点，跳过开仓扫描
2025-12-23 01:51:00 [INFO] [WAIT] 等待 59.9 秒进入下一轮
2025-12-23 01:52:00 [INFO] [MONITOR] 当前无持仓需要监控
2025-12-23 01:52:00 [INFO] [SCAN] 非15分钟节点，跳过开仓扫描
2025-12-23 01:52:00 [INFO] [WAIT] 等待 60.0 秒进入下一轮
2025-12-23 01:53:00 [INFO] [MONITOR] 当前无持仓需要监控
2025-12-23 01:53:00 [INFO] [SCAN] 非15分钟节点，跳过开仓扫描
2025-12-23 01:53:00 [INFO] [WAIT] 等待 60.0 秒进入下一轮
2025-12-23 01:54:00 [INFO] [MONITOR] 当前无持仓需要监控
2025-12-23 01:54:00 [INFO] [SCAN] 非15分钟节点，跳过开仓扫描
2025-12-23 01:54:00 [INFO] [WAIT] 等待 59.9 秒进入下一轮
2025-12-23 01:55:00 [INFO] [MONITOR] 当前无持仓需要监控
2025-12-23 01:55:00 [INFO] [SCAN] 非15分钟节点，跳过开仓扫描
2025-12-23 01:55:00 [INFO] [WAIT] 等待 59.9 秒进入下一轮
2025-12-23 01:56:00 [INFO] [MONITOR] 当前无持仓需要监控
2025-12-23 01:56:00 [INFO] [SCAN] 非15分钟节点，跳过开仓扫描
2025-12-23 01:56:00 [INFO] [WAIT] 等待 59.9 秒进入下一轮
2025-12-23 01:57:00 [INFO] [MONITOR] 当前无持仓需要监控
2025-12-23 01:57:00 [INFO] [SCAN] 非15分钟节点，跳过开仓扫描
2025-12-23 01:57:00 [INFO] [WAIT] 等待 60.0 秒进入下一轮
2025-12-23 01:58:00 [INFO] [MONITOR] 当前无持仓需要监控
2025-12-23 01:58:00 [INFO] [SCAN] 非15分钟节点，跳过开仓扫描
2025-12-23 01:58:00 [INFO] [WAIT] 等待 59.9 秒进入下一轮
2025-12-23 01:59:00 [INFO] [MONITOR] 当前无持仓需要监控
2025-12-23 01:59:00 [INFO] [SCAN] 非15分钟节点，跳过开仓扫描
2025-12-23 01:59:00 [INFO] [WAIT] 等待 59.9 秒进入下一轮
2025-12-23 02:00:00 [INFO] [MONITOR] 当前无持仓需要监控
2025-12-23 02:00:00 [INFO] [SCAN] 本轮扫描交易对数量: 217
2025-12-23 02:00:03 [INFO] [SCAN] 本轮无满足条件的标的
2025-12-23 02:00:03 [INFO] [WAIT] 等待 57.0 秒进入下一轮
2025-12-23 02:01:00 [INFO] [MONITOR] 当前无持仓需要监控
2025-12-23 02:01:00 [INFO] [SCAN] 非15分钟节点，跳过开仓扫描
2025-12-23 02:01:00 [INFO] [WAIT] 等待 59.9 秒进入下一轮
2025-12-23 02:02:00 [INFO] [MONITOR] 当前无持仓需要监控
2025-12-23 02:02:00 [INFO] [SCAN] 非15分钟节点，跳过开仓扫描
2025-12-23 02:02:00 [INFO] [WAIT] 等待 59.9 秒进入下一轮
2025-12-23 02:03:00 [INFO] [MONITOR] 当前无持仓需要监控
2025-12-23 02:03:00 [INFO] [SCAN] 非15分钟节点，跳过开仓扫描
2025-12-23 02:03:00 [INFO] [WAIT] 等待 60.0 秒进入下一轮
2025-12-23 02:04:00 [INFO] [MONITOR] 当前无持仓需要监控
2025-12-23 02:04:00 [INFO] [SCAN] 非15分钟节点，跳过开仓扫描
2025-12-23 02:04:00 [INFO] [WAIT] 等待 59.9 秒进入下一轮
2025-12-23 02:05:00 [INFO] [MONITOR] 当前无持仓需要监控
2025-12-23 02:05:00 [INFO] [SCAN] 非15分钟节点，跳过开仓扫描
2025-12-23 02:05:00 [INFO] [WAIT] 等待 59.9 秒进入下一轮
2025-12-23 02:06:00 [INFO] [MONITOR] 当前无持仓需要监控
2025-12-23 02:06:00 [INFO] [SCAN] 非15分钟节点，跳过开仓扫描
2025-12-23 02:06:00 [INFO] [WAIT] 等待 60.0 秒进入下一轮
2025-12-23 02:07:00 [INFO] [MONITOR] 当前无持仓需要监控
2025-12-23 02:07:00 [INFO] [SCAN] 非15分钟节点，跳过开仓扫描
2025-12-23 02:07:00 [INFO] [WAIT] 等待 59.9 秒进入下一轮
2025-12-23 02:08:00 [INFO] [MONITOR] 当前无持仓需要监控
2025-12-23 02:08:00 [INFO] [SCAN] 非15分钟节点，跳过开仓扫描
2025-12-23 02:08:00 [INFO] [WAIT] 等待 60.0 秒进入下一轮
2025-12-23 02:09:00 [INFO] [MONITOR] 当前无持仓需要监控
2025-12-23 02:09:00 [INFO] [SCAN] 非15分钟节点，跳过开仓扫描
2025-12-23 02:09:00 [INFO] [WAIT] 等待 59.9 秒进入下一轮
2025-12-23 02:10:00 [INFO] [MONITOR] 当前无持仓需要监控
2025-12-23 02:10:00 [INFO] [SCAN] 非15分钟节点，跳过开仓扫描
2025-12-23 02:10:00 [INFO] [WAIT] 等待 60.0 秒进入下一轮
2025-12-23 02:11:00 [INFO] [MONITOR] 当前无持仓需要监控
2025-12-23 02:11:00 [INFO] [SCAN] 非15分钟节点，跳过开仓扫描
2025-12-23 02:11:00 [INFO] [WAIT] 等待 59.9 秒进入下一轮
2025-12-23 02:12:00 [INFO] [MONITOR] 当前无持仓需要监控
2025-12-23 02:12:00 [INFO] [SCAN] 非15分钟节点，跳过开仓扫描
2025-12-23 02:12:00 [INFO] [WAIT] 等待 60.0 秒进入下一轮
2025-12-23 02:13:00 [INFO] [MONITOR] 当前无持仓需要监控
2025-12-23 02:13:00 [INFO] [SCAN] 非15分钟节点，跳过开仓扫描
2025-12-23 02:13:00 [INFO] [WAIT] 等待 60.0 秒进入下一轮
2025-12-23 02:14:00 [INFO] [MONITOR] 当前无持仓需要监控
2025-12-23 02:14:00 [INFO] [SCAN] 非15分钟节点，跳过开仓扫描
2025-12-23 02:14:00 [INFO] [WAIT] 等待 60.0 秒进入下一轮
2025-12-23 02:15:00 [INFO] [MONITOR] 当前无持仓需要监控
2025-12-23 02:15:00 [INFO] [SCAN] 本轮扫描交易对数量: 217
2025-12-23 02:15:01 [INFO] [SCAN] 本轮无满足条件的标的
2025-12-23 02:15:01 [INFO] [WAIT] 等待 58.3 秒进入下一轮
2025-12-23 02:16:00 [INFO] [MONITOR] 当前无持仓需要监控
2025-12-23 02:16:00 [INFO] [SCAN] 非15分钟节点，跳过开仓扫描
2025-12-23 02:16:00 [INFO] [WAIT] 等待 59.9 秒进入下一轮
2025-12-23 02:17:00 [INFO] [MONITOR] 当前无持仓需要监控
2025-12-23 02:17:00 [INFO] [SCAN] 非15分钟节点，跳过开仓扫描
2025-12-23 02:17:00 [INFO] [WAIT] 等待 60.0 秒进入下一轮
2025-12-23 02:18:00 [INFO] [MONITOR] 当前无持仓需要监控
2025-12-23 02:18:00 [INFO] [SCAN] 非15分钟节点，跳过开仓扫描
2025-12-23 02:18:00 [INFO] [WAIT] 等待 59.9 秒进入下一轮
2025-12-23 02:19:00 [INFO] [MONITOR] 当前无持仓需要监控
2025-12-23 02:19:00 [INFO] [SCAN] 非15分钟节点，跳过开仓扫描
2025-12-23 02:19:00 [INFO] [WAIT] 等待 59.9 秒进入下一轮
2025-12-23 02:20:00 [INFO] [MONITOR] 当前无持仓需要监控
2025-12-23 02:20:00 [INFO] [SCAN] 非15分钟节点，跳过开仓扫描
2025-12-23 02:20:00 [INFO] [WAIT] 等待 59.9 秒进入下一轮
2025-12-23 02:21:00 [INFO] [MONITOR] 当前无持仓需要监控
2025-12-23 02:21:00 [INFO] [SCAN] 非15分钟节点，跳过开仓扫描
2025-12-23 02:21:00 [INFO] [WAIT] 等待 60.0 秒进入下一轮
2025-12-23 02:22:00 [INFO] [MONITOR] 当前无持仓需要监控
2025-12-23 02:22:00 [INFO] [SCAN] 非15分钟节点，跳过开仓扫描
2025-12-23 02:22:00 [INFO] [WAIT] 等待 59.9 秒进入下一轮
2025-12-23 02:23:00 [INFO] [MONITOR] 当前无持仓需要监控
2025-12-23 02:23:00 [INFO] [SCAN] 非15分钟节点，跳过开仓扫描
2025-12-23 02:23:00 [INFO] [WAIT] 等待 59.9 秒进入下一轮
2025-12-23 02:24:00 [INFO] [MONITOR] 当前无持仓需要监控
2025-12-23 02:24:00 [INFO] [SCAN] 非15分钟节点，跳过开仓扫描
2025-12-23 02:24:00 [INFO] [WAIT] 等待 60.0 秒进入下一轮
2025-12-23 02:25:00 [INFO] [MONITOR] 当前无持仓需要监控
2025-12-23 02:25:00 [INFO] [SCAN] 非15分钟节点，跳过开仓扫描
2025-12-23 02:25:00 [INFO] [WAIT] 等待 60.0 秒进入下一轮
2025-12-23 02:26:00 [INFO] [MONITOR] 当前无持仓需要监控
2025-12-23 02:26:00 [INFO] [SCAN] 非15分钟节点，跳过开仓扫描
2025-12-23 02:26:00 [INFO] [WAIT] 等待 60.0 秒进入下一轮
2025-12-23 02:27:00 [INFO] [MONITOR] 当前无持仓需要监控
2025-12-23 02:27:00 [INFO] [SCAN] 非15分钟节点，跳过开仓扫描
2025-12-23 02:27:00 [INFO] [WAIT] 等待 60.0 秒进入下一轮
2025-12-23 02:28:00 [INFO] [MONITOR] 当前无持仓需要监控
2025-12-23 02:28:00 [INFO] [SCAN] 非15分钟节点，跳过开仓扫描
2025-12-23 02:28:00 [INFO] [WAIT] 等待 59.9 秒进入下一轮
2025-12-23 02:29:00 [INFO] [MONITOR] 当前无持仓需要监控
2025-12-23 02:29:00 [INFO] [SCAN] 非15分钟节点，跳过开仓扫描
2025-12-23 02:29:00 [INFO] [WAIT] 等待 59.9 秒进入下一轮
2025-12-23 02:30:00 [INFO] [MONITOR] 当前无持仓需要监控
2025-12-23 02:30:00 [INFO] [SCAN] 本轮扫描交易对数量: 217
2025-12-23 02:30:01 [INFO] [SCAN] 本轮无满足条件的标的
2025-12-23 02:30:01 [INFO] [WAIT] 等待 58.5 秒进入下一轮
2025-12-23 02:31:00 [INFO] [MONITOR] 当前无持仓需要监控
2025-12-23 02:31:00 [INFO] [SCAN] 非15分钟节点，跳过开仓扫描
2025-12-23 02:31:00 [INFO] [WAIT] 等待 59.9 秒进入下一轮
2025-12-23 02:32:00 [INFO] [MONITOR] 当前无持仓需要监控
2025-12-23 02:32:00 [INFO] [SCAN] 非15分钟节点，跳过开仓扫描
2025-12-23 02:32:00 [INFO] [WAIT] 等待 59.9 秒进入下一轮
2025-12-23 02:33:00 [INFO] [MONITOR] 当前无持仓需要监控
2025-12-23 02:33:00 [INFO] [SCAN] 非15分钟节点，跳过开仓扫描
2025-12-23 02:33:00 [INFO] [WAIT] 等待 60.0 秒进入下一轮
2025-12-23 02:34:00 [INFO] [MONITOR] 当前无持仓需要监控
2025-12-23 02:34:00 [INFO] [SCAN] 非15分钟节点，跳过开仓扫描
2025-12-23 02:34:00 [INFO] [WAIT] 等待 60.0 秒进入下一轮
2025-12-23 02:35:00 [INFO] [MONITOR] 当前无持仓需要监控
2025-12-23 02:35:00 [INFO] [SCAN] 非15分钟节点，跳过开仓扫描
2025-12-23 02:35:00 [INFO] [WAIT] 等待 59.9 秒进入下一轮
2025-12-23 02:36:00 [INFO] [MONITOR] 当前无持仓需要监控
2025-12-23 02:36:00 [INFO] [SCAN] 非15分钟节点，跳过开仓扫描
2025-12-23 02:36:00 [INFO] [WAIT] 等待 59.9 秒进入下一轮
2025-12-23 02:37:00 [INFO] [MONITOR] 当前无持仓需要监控
2025-12-23 02:37:00 [INFO] [SCAN] 非15分钟节点，跳过开仓扫描
2025-12-23 02:37:00 [INFO] [WAIT] 等待 60.0 秒进入下一轮
2025-12-23 02:38:00 [INFO] [MONITOR] 当前无持仓需要监控
2025-12-23 02:38:00 [INFO] [SCAN] 非15分钟节点，跳过开仓扫描
2025-12-23 02:38:00 [INFO] [WAIT] 等待 60.0 秒进入下一轮
2025-12-23 02:39:00 [INFO] [MONITOR] 当前无持仓需要监控
2025-12-23 02:39:00 [INFO] [SCAN] 非15分钟节点，跳过开仓扫描
2025-12-23 02:39:00 [INFO] [WAIT] 等待 60.0 秒进入下一轮
2025-12-23 02:40:00 [INFO] [MONITOR] 当前无持仓需要监控
2025-12-23 02:40:00 [INFO] [SCAN] 非15分钟节点，跳过开仓扫描
2025-12-23 02:40:00 [INFO] [WAIT] 等待 60.0 秒进入下一轮
2025-12-23 02:41:00 [INFO] [MONITOR] 当前无持仓需要监控
2025-12-23 02:41:00 [INFO] [SCAN] 非15分钟节点，跳过开仓扫描
2025-12-23 02:41:00 [INFO] [WAIT] 等待 60.0 秒进入下一轮
2025-12-23 02:42:00 [INFO] [MONITOR] 当前无持仓需要监控
2025-12-23 02:42:00 [INFO] [SCAN] 非15分钟节点，跳过开仓扫描
2025-12-23 02:42:00 [INFO] [WAIT] 等待 59.9 秒进入下一轮
2025-12-23 02:43:00 [INFO] [MONITOR] 当前无持仓需要监控
2025-12-23 02:43:00 [INFO] [SCAN] 非15分钟节点，跳过开仓扫描
2025-12-23 02:43:00 [INFO] [WAIT] 等待 59.9 秒进入下一轮
2025-12-23 02:44:00 [INFO] [MONITOR] 当前无持仓需要监控
2025-12-23 02:44:00 [INFO] [SCAN] 非15分钟节点，跳过开仓扫描
2025-12-23 02:44:00 [INFO] [WAIT] 等待 60.0 秒进入下一轮
2025-12-23 02:45:00 [INFO] [MONITOR] 当前无持仓需要监控
2025-12-23 02:45:00 [INFO] [SCAN] 本轮扫描交易对数量: 217
2025-12-23 02:45:01 [INFO] [SCAN] 本轮无满足条件的标的
2025-12-23 02:45:01 [INFO] [WAIT] 等待 58.5 秒进入下一轮
2025-12-23 02:46:00 [INFO] [MONITOR] 当前无持仓需要监控
2025-12-23 02:46:00 [INFO] [SCAN] 非15分钟节点，跳过开仓扫描
2025-12-23 02:46:00 [INFO] [WAIT] 等待 59.9 秒进入下一轮
2025-12-23 02:47:00 [INFO] [MONITOR] 当前无持仓需要监控
2025-12-23 02:47:00 [INFO] [SCAN] 非15分钟节点，跳过开仓扫描
2025-12-23 02:47:00 [INFO] [WAIT] 等待 60.0 秒进入下一轮
2025-12-23 02:48:00 [INFO] [MONITOR] 当前无持仓需要监控
2025-12-23 02:48:00 [INFO] [SCAN] 非15分钟节点，跳过开仓扫描
2025-12-23 02:48:00 [INFO] [WAIT] 等待 59.9 秒进入下一轮
2025-12-23 02:49:00 [INFO] [MONITOR] 当前无持仓需要监控
2025-12-23 02:49:00 [INFO] [SCAN] 非15分钟节点，跳过开仓扫描
2025-12-23 02:49:00 [INFO] [WAIT] 等待 60.0 秒进入下一轮
2025-12-23 02:50:00 [INFO] [MONITOR] 当前无持仓需要监控
2025-12-23 02:50:00 [INFO] [SCAN] 非15分钟节点，跳过开仓扫描
2025-12-23 02:50:00 [INFO] [WAIT] 等待 59.9 秒进入下一轮
2025-12-23 02:51:00 [INFO] [MONITOR] 当前无持仓需要监控
2025-12-23 02:51:00 [INFO] [SCAN] 非15分钟节点，跳过开仓扫描
2025-12-23 02:51:00 [INFO] [WAIT] 等待 60.0 秒进入下一轮
2025-12-23 02:52:00 [INFO] [MONITOR] 当前无持仓需要监控
2025-12-23 02:52:00 [INFO] [SCAN] 非15分钟节点，跳过开仓扫描
2025-12-23 02:52:00 [INFO] [WAIT] 等待 59.9 秒进入下一轮
2025-12-23 02:53:00 [INFO] [MONITOR] 当前无持仓需要监控
2025-12-23 02:53:00 [INFO] [SCAN] 非15分钟节点，跳过开仓扫描
2025-12-23 02:53:00 [INFO] [WAIT] 等待 60.0 秒进入下一轮
2025-12-23 02:54:00 [INFO] [MONITOR] 当前无持仓需要监控
2025-12-23 02:54:00 [INFO] [SCAN] 非15分钟节点，跳过开仓扫描
2025-12-23 02:54:00 [INFO] [WAIT] 等待 60.0 秒进入下一轮
2025-12-23 02:55:00 [INFO] [MONITOR] 当前无持仓需要监控
2025-12-23 02:55:00 [INFO] [SCAN] 非15分钟节点，跳过开仓扫描
2025-12-23 02:55:00 [INFO] [WAIT] 等待 60.0 秒进入下一轮
2025-12-23 02:56:00 [INFO] [MONITOR] 当前无持仓需要监控
2025-12-23 02:56:00 [INFO] [SCAN] 非15分钟节点，跳过开仓扫描
2025-12-23 02:56:00 [INFO] [WAIT] 等待 59.9 秒进入下一轮
2025-12-23 02:57:00 [INFO] [MONITOR] 当前无持仓需要监控
2025-12-23 02:57:00 [INFO] [SCAN] 非15分钟节点，跳过开仓扫描
2025-12-23 02:57:00 [INFO] [WAIT] 等待 59.9 秒进入下一轮
2025-12-23 02:58:00 [INFO] [MONITOR] 当前无持仓需要监控
2025-12-23 02:58:00 [INFO] [SCAN] 非15分钟节点，跳过开仓扫描
2025-12-23 02:58:00 [INFO] [WAIT] 等待 60.0 秒进入下一轮
2025-12-23 02:59:00 [INFO] [MONITOR] 当前无持仓需要监控
2025-12-23 02:59:00 [INFO] [SCAN] 非15分钟节点，跳过开仓扫描
2025-12-23 02:59:00 [INFO] [WAIT] 等待 59.9 秒进入下一轮
2025-12-23 03:00:00 [INFO] [MONITOR] 当前无持仓需要监控
2025-12-23 03:00:00 [INFO] [SCAN] 本轮扫描交易对数量: 217
2025-12-23 03:00:02 [INFO] [SCAN] 本轮无满足条件的标的
2025-12-23 03:00:02 [INFO] [WAIT] 等待 57.9 秒进入下一轮
2025-12-23 03:01:00 [INFO] [MONITOR] 当前无持仓需要监控
2025-12-23 03:01:00 [INFO] [SCAN] 非15分钟节点，跳过开仓扫描
2025-12-23 03:01:00 [INFO] [WAIT] 等待 59.9 秒进入下一轮
2025-12-23 03:02:00 [INFO] [MONITOR] 当前无持仓需要监控
2025-12-23 03:02:00 [INFO] [SCAN] 非15分钟节点，跳过开仓扫描
2025-12-23 03:02:00 [INFO] [WAIT] 等待 60.0 秒进入下一轮
2025-12-23 03:03:00 [INFO] [MONITOR] 当前无持仓需要监控
2025-12-23 03:03:00 [INFO] [SCAN] 非15分钟节点，跳过开仓扫描
2025-12-23 03:03:00 [INFO] [WAIT] 等待 59.9 秒进入下一轮
2025-12-23 03:04:00 [INFO] [MONITOR] 当前无持仓需要监控
2025-12-23 03:04:00 [INFO] [SCAN] 非15分钟节点，跳过开仓扫描
2025-12-23 03:04:00 [INFO] [WAIT] 等待 60.0 秒进入下一轮
2025-12-23 03:05:00 [INFO] [MONITOR] 当前无持仓需要监控
2025-12-23 03:05:00 [INFO] [SCAN] 非15分钟节点，跳过开仓扫描
2025-12-23 03:05:00 [INFO] [WAIT] 等待 59.9 秒进入下一轮
2025-12-23 03:06:00 [INFO] [MONITOR] 当前无持仓需要监控
2025-12-23 03:06:00 [INFO] [SCAN] 非15分钟节点，跳过开仓扫描
2025-12-23 03:06:00 [INFO] [WAIT] 等待 60.0 秒进入下一轮
2025-12-23 03:07:00 [INFO] [MONITOR] 当前无持仓需要监控
2025-12-23 03:07:00 [INFO] [SCAN] 非15分钟节点，跳过开仓扫描
2025-12-23 03:07:00 [INFO] [WAIT] 等待 59.9 秒进入下一轮
2025-12-23 03:08:00 [INFO] [MONITOR] 当前无持仓需要监控
2025-12-23 03:08:00 [INFO] [SCAN] 非15分钟节点，跳过开仓扫描
2025-12-23 03:08:00 [INFO] [WAIT] 等待 60.0 秒进入下一轮
2025-12-23 03:09:00 [INFO] [MONITOR] 当前无持仓需要监控
2025-12-23 03:09:00 [INFO] [SCAN] 非15分钟节点，跳过开仓扫描
2025-12-23 03:09:00 [INFO] [WAIT] 等待 60.0 秒进入下一轮
2025-12-23 03:10:00 [INFO] [MONITOR] 当前无持仓需要监控
2025-12-23 03:10:00 [INFO] [SCAN] 非15分钟节点，跳过开仓扫描
2025-12-23 03:10:00 [INFO] [WAIT] 等待 60.0 秒进入下一轮
2025-12-23 03:11:00 [INFO] [MONITOR] 当前无持仓需要监控
2025-12-23 03:11:00 [INFO] [SCAN] 非15分钟节点，跳过开仓扫描
2025-12-23 03:11:00 [INFO] [WAIT] 等待 59.9 秒进入下一轮
2025-12-23 03:12:00 [INFO] [MONITOR] 当前无持仓需要监控
2025-12-23 03:12:00 [INFO] [SCAN] 非15分钟节点，跳过开仓扫描
2025-12-23 03:12:00 [INFO] [WAIT] 等待 60.0 秒进入下一轮
2025-12-23 03:13:00 [INFO] [MONITOR] 当前无持仓需要监控
2025-12-23 03:13:00 [INFO] [SCAN] 非15分钟节点，跳过开仓扫描
2025-12-23 03:13:00 [INFO] [WAIT] 等待 60.0 秒进入下一轮
2025-12-23 03:14:00 [INFO] [MONITOR] 当前无持仓需要监控
2025-12-23 03:14:00 [INFO] [SCAN] 非15分钟节点，跳过开仓扫描
2025-12-23 03:14:00 [INFO] [WAIT] 等待 59.9 秒进入下一轮
2025-12-23 03:15:00 [INFO] [MONITOR] 当前无持仓需要监控
2025-12-23 03:15:00 [INFO] [SCAN] 本轮扫描交易对数量: 217
2025-12-23 03:15:02 [INFO] [SCAN] 本轮无满足条件的标的
2025-12-23 03:15:02 [INFO] [WAIT] 等待 57.0 秒进入下一轮
2025-12-23 03:16:00 [INFO] [MONITOR] 当前无持仓需要监控
2025-12-23 03:16:00 [INFO] [SCAN] 非15分钟节点，跳过开仓扫描
2025-12-23 03:16:00 [INFO] [WAIT] 等待 59.9 秒进入下一轮
2025-12-23 03:17:00 [INFO] [MONITOR] 当前无持仓需要监控
2025-12-23 03:17:00 [INFO] [SCAN] 非15分钟节点，跳过开仓扫描
2025-12-23 03:17:00 [INFO] [WAIT] 等待 59.9 秒进入下一轮
2025-12-23 03:18:00 [INFO] [MONITOR] 当前无持仓需要监控
2025-12-23 03:18:00 [INFO] [SCAN] 非15分钟节点，跳过开仓扫描
2025-12-23 03:18:00 [INFO] [WAIT] 等待 60.0 秒进入下一轮
2025-12-23 03:19:00 [INFO] [MONITOR] 当前无持仓需要监控
2025-12-23 03:19:00 [INFO] [SCAN] 非15分钟节点，跳过开仓扫描
2025-12-23 03:19:00 [INFO] [WAIT] 等待 60.0 秒进入下一轮
2025-12-23 03:20:00 [INFO] [MONITOR] 当前无持仓需要监控
2025-12-23 03:20:00 [INFO] [SCAN] 非15分钟节点，跳过开仓扫描
2025-12-23 03:20:00 [INFO] [WAIT] 等待 60.0 秒进入下一轮
2025-12-23 03:21:00 [INFO] [MONITOR] 当前无持仓需要监控
2025-12-23 03:21:00 [INFO] [SCAN] 非15分钟节点，跳过开仓扫描
2025-12-23 03:21:00 [INFO] [WAIT] 等待 60.0 秒进入下一轮
2025-12-23 03:22:00 [INFO] [MONITOR] 当前无持仓需要监控
2025-12-23 03:22:00 [INFO] [SCAN] 非15分钟节点，跳过开仓扫描
2025-12-23 03:22:00 [INFO] [WAIT] 等待 60.0 秒进入下一轮
2025-12-23 03:23:00 [INFO] [MONITOR] 当前无持仓需要监控
2025-12-23 03:23:00 [INFO] [SCAN] 非15分钟节点，跳过开仓扫描
2025-12-23 03:23:00 [INFO] [WAIT] 等待 60.0 秒进入下一轮
2025-12-23 03:24:00 [INFO] [MONITOR] 当前无持仓需要监控
2025-12-23 03:24:00 [INFO] [SCAN] 非15分钟节点，跳过开仓扫描
2025-12-23 03:24:00 [INFO] [WAIT] 等待 60.0 秒进入下一轮
2025-12-23 03:25:00 [INFO] [MONITOR] 当前无持仓需要监控
2025-12-23 03:25:00 [INFO] [SCAN] 非15分钟节点，跳过开仓扫描
2025-12-23 03:25:00 [INFO] [WAIT] 等待 59.9 秒进入下一轮
2025-12-23 03:26:00 [INFO] [MONITOR] 当前无持仓需要监控
2025-12-23 03:26:00 [INFO] [SCAN] 非15分钟节点，跳过开仓扫描
2025-12-23 03:26:00 [INFO] [WAIT] 等待 59.9 秒进入下一轮
2025-12-23 03:27:00 [INFO] [MONITOR] 当前无持仓需要监控
2025-12-23 03:27:00 [INFO] [SCAN] 非15分钟节点，跳过开仓扫描
2025-12-23 03:27:00 [INFO] [WAIT] 等待 60.0 秒进入下一轮
2025-12-23 03:28:00 [INFO] [MONITOR] 当前无持仓需要监控
2025-12-23 03:28:00 [INFO] [SCAN] 非15分钟节点，跳过开仓扫描
2025-12-23 03:28:00 [INFO] [WAIT] 等待 60.0 秒进入下一轮
2025-12-23 03:29:00 [INFO] [MONITOR] 当前无持仓需要监控
2025-12-23 03:29:00 [INFO] [SCAN] 非15分钟节点，跳过开仓扫描
2025-12-23 03:29:00 [INFO] [WAIT] 等待 59.9 秒进入下一轮
2025-12-23 03:30:00 [INFO] [MONITOR] 当前无持仓需要监控
2025-12-23 03:30:00 [INFO] [SCAN] 本轮扫描交易对数量: 217
2025-12-23 03:30:02 [INFO] [SCAN] 本轮无满足条件的标的
2025-12-23 03:30:02 [INFO] [WAIT] 等待 57.8 秒进入下一轮
2025-12-23 03:31:00 [INFO] [MONITOR] 当前无持仓需要监控
2025-12-23 03:31:00 [INFO] [SCAN] 非15分钟节点，跳过开仓扫描
2025-12-23 03:31:00 [INFO] [WAIT] 等待 59.9 秒进入下一轮
2025-12-23 03:32:00 [INFO] [MONITOR] 当前无持仓需要监控
2025-12-23 03:32:00 [INFO] [SCAN] 非15分钟节点，跳过开仓扫描
2025-12-23 03:32:00 [INFO] [WAIT] 等待 60.0 秒进入下一轮
2025-12-23 03:33:00 [INFO] [MONITOR] 当前无持仓需要监控
2025-12-23 03:33:00 [INFO] [SCAN] 非15分钟节点，跳过开仓扫描
2025-12-23 03:33:00 [INFO] [WAIT] 等待 59.9 秒进入下一轮
2025-12-23 03:34:00 [INFO] [MONITOR] 当前无持仓需要监控
2025-12-23 03:34:00 [INFO] [SCAN] 非15分钟节点，跳过开仓扫描
2025-12-23 03:34:00 [INFO] [WAIT] 等待 60.0 秒进入下一轮
2025-12-23 03:35:00 [INFO] [MONITOR] 当前无持仓需要监控
2025-12-23 03:35:00 [INFO] [SCAN] 非15分钟节点，跳过开仓扫描
2025-12-23 03:35:00 [INFO] [WAIT] 等待 59.9 秒进入下一轮
2025-12-23 03:36:00 [INFO] [MONITOR] 当前无持仓需要监控
2025-12-23 03:36:00 [INFO] [SCAN] 非15分钟节点，跳过开仓扫描
2025-12-23 03:36:00 [INFO] [WAIT] 等待 60.0 秒进入下一轮
2025-12-23 03:37:00 [INFO] [MONITOR] 当前无持仓需要监控
2025-12-23 03:37:00 [INFO] [SCAN] 非15分钟节点，跳过开仓扫描
2025-12-23 03:37:00 [INFO] [WAIT] 等待 60.0 秒进入下一轮
2025-12-23 03:38:00 [INFO] [MONITOR] 当前无持仓需要监控
2025-12-23 03:38:00 [INFO] [SCAN] 非15分钟节点，跳过开仓扫描
2025-12-23 03:38:00 [INFO] [WAIT] 等待 60.0 秒进入下一轮
2025-12-23 03:39:00 [INFO] [MONITOR] 当前无持仓需要监控
2025-12-23 03:39:00 [INFO] [SCAN] 非15分钟节点，跳过开仓扫描
2025-12-23 03:39:00 [INFO] [WAIT] 等待 59.9 秒进入下一轮
2025-12-23 03:40:00 [INFO] [MONITOR] 当前无持仓需要监控
2025-12-23 03:40:00 [INFO] [SCAN] 非15分钟节点，跳过开仓扫描
2025-12-23 03:40:00 [INFO] [WAIT] 等待 60.0 秒进入下一轮
2025-12-23 03:41:00 [INFO] [MONITOR] 当前无持仓需要监控
2025-12-23 03:41:00 [INFO] [SCAN] 非15分钟节点，跳过开仓扫描
2025-12-23 03:41:00 [INFO] [WAIT] 等待 60.0 秒进入下一轮
2025-12-23 03:42:00 [INFO] [MONITOR] 当前无持仓需要监控
2025-12-23 03:42:00 [INFO] [SCAN] 非15分钟节点，跳过开仓扫描
2025-12-23 03:42:00 [INFO] [WAIT] 等待 60.0 秒进入下一轮
2025-12-23 03:43:00 [INFO] [MONITOR] 当前无持仓需要监控
2025-12-23 03:43:00 [INFO] [SCAN] 非15分钟节点，跳过开仓扫描
2025-12-23 03:43:00 [INFO] [WAIT] 等待 59.9 秒进入下一轮
2025-12-23 03:44:00 [INFO] [MONITOR] 当前无持仓需要监控
2025-12-23 03:44:00 [INFO] [SCAN] 非15分钟节点，跳过开仓扫描
2025-12-23 03:44:00 [INFO] [WAIT] 等待 60.0 秒进入下一轮
2025-12-23 03:45:00 [INFO] [MONITOR] 当前无持仓需要监控
2025-12-23 03:45:00 [INFO] [SCAN] 本轮扫描交易对数量: 217
2025-12-23 03:45:01 [INFO] [SCAN] 本轮无满足条件的标的
2025-12-23 03:45:01 [INFO] [WAIT] 等待 58.4 秒进入下一轮
2025-12-23 03:46:00 [INFO] [MONITOR] 当前无持仓需要监控
2025-12-23 03:46:00 [INFO] [SCAN] 非15分钟节点，跳过开仓扫描
2025-12-23 03:46:00 [INFO] [WAIT] 等待 60.0 秒进入下一轮
2025-12-23 03:47:00 [INFO] [MONITOR] 当前无持仓需要监控
2025-12-23 03:47:00 [INFO] [SCAN] 非15分钟节点，跳过开仓扫描
2025-12-23 03:47:00 [INFO] [WAIT] 等待 59.9 秒进入下一轮
2025-12-23 03:48:00 [INFO] [MONITOR] 当前无持仓需要监控
2025-12-23 03:48:00 [INFO] [SCAN] 非15分钟节点，跳过开仓扫描
2025-12-23 03:48:00 [INFO] [WAIT] 等待 60.0 秒进入下一轮
2025-12-23 03:49:00 [INFO] [MONITOR] 当前无持仓需要监控
2025-12-23 03:49:00 [INFO] [SCAN] 非15分钟节点，跳过开仓扫描
2025-12-23 03:49:00 [INFO] [WAIT] 等待 59.9 秒进入下一轮
2025-12-23 03:50:00 [INFO] [MONITOR] 当前无持仓需要监控
2025-12-23 03:50:00 [INFO] [SCAN] 非15分钟节点，跳过开仓扫描
2025-12-23 03:50:00 [INFO] [WAIT] 等待 60.0 秒进入下一轮
2025-12-23 03:51:00 [INFO] [MONITOR] 当前无持仓需要监控
2025-12-23 03:51:00 [INFO] [SCAN] 非15分钟节点，跳过开仓扫描
2025-12-23 03:51:00 [INFO] [WAIT] 等待 59.9 秒进入下一轮
2025-12-23 03:52:00 [INFO] [MONITOR] 当前无持仓需要监控
2025-12-23 03:52:00 [INFO] [SCAN] 非15分钟节点，跳过开仓扫描
2025-12-23 03:52:00 [INFO] [WAIT] 等待 60.0 秒进入下一轮
2025-12-23 03:53:00 [INFO] [MONITOR] 当前无持仓需要监控
2025-12-23 03:53:00 [INFO] [SCAN] 非15分钟节点，跳过开仓扫描
2025-12-23 03:53:00 [INFO] [WAIT] 等待 59.9 秒进入下一轮
2025-12-23 03:54:00 [INFO] [MONITOR] 当前无持仓需要监控
2025-12-23 03:54:00 [INFO] [SCAN] 非15分钟节点，跳过开仓扫描
2025-12-23 03:54:00 [INFO] [WAIT] 等待 60.0 秒进入下一轮
2025-12-23 03:55:00 [INFO] [MONITOR] 当前无持仓需要监控
2025-12-23 03:55:00 [INFO] [SCAN] 非15分钟节点，跳过开仓扫描
2025-12-23 03:55:00 [INFO] [WAIT] 等待 59.9 秒进入下一轮
2025-12-23 03:56:00 [INFO] [MONITOR] 当前无持仓需要监控
2025-12-23 03:56:00 [INFO] [SCAN] 非15分钟节点，跳过开仓扫描
2025-12-23 03:56:00 [INFO] [WAIT] 等待 60.0 秒进入下一轮
2025-12-23 03:57:00 [INFO] [MONITOR] 当前无持仓需要监控
2025-12-23 03:57:00 [INFO] [SCAN] 非15分钟节点，跳过开仓扫描
2025-12-23 03:57:00 [INFO] [WAIT] 等待 60.0 秒进入下一轮
2025-12-23 03:58:00 [INFO] [MONITOR] 当前无持仓需要监控
2025-12-23 03:58:00 [INFO] [SCAN] 非15分钟节点，跳过开仓扫描
2025-12-23 03:58:00 [INFO] [WAIT] 等待 59.9 秒进入下一轮
2025-12-23 03:59:00 [INFO] [MONITOR] 当前无持仓需要监控
2025-12-23 03:59:00 [INFO] [SCAN] 非15分钟节点，跳过开仓扫描
2025-12-23 03:59:00 [INFO] [WAIT] 等待 59.9 秒进入下一轮
2025-12-23 04:00:00 [INFO] [MONITOR] 当前无持仓需要监控
2025-12-23 04:00:00 [INFO] [SCAN] 本轮扫描交易对数量: 217
2025-12-23 04:00:02 [INFO] [SCAN] 本轮无满足条件的标的
2025-12-23 04:00:02 [INFO] [WAIT] 等待 57.8 秒进入下一轮
2025-12-23 04:01:00 [INFO] [MONITOR] 当前无持仓需要监控
2025-12-23 04:01:00 [INFO] [SCAN] 非15分钟节点，跳过开仓扫描
2025-12-23 04:01:00 [INFO] [WAIT] 等待 60.0 秒进入下一轮
2025-12-23 04:02:00 [INFO] [MONITOR] 当前无持仓需要监控
2025-12-23 04:02:00 [INFO] [SCAN] 非15分钟节点，跳过开仓扫描
2025-12-23 04:02:00 [INFO] [WAIT] 等待 60.0 秒进入下一轮
2025-12-23 04:03:00 [INFO] [MONITOR] 当前无持仓需要监控
2025-12-23 04:03:00 [INFO] [SCAN] 非15分钟节点，跳过开仓扫描
2025-12-23 04:03:00 [INFO] [WAIT] 等待 60.0 秒进入下一轮
2025-12-23 04:04:00 [INFO] [MONITOR] 当前无持仓需要监控
2025-12-23 04:04:00 [INFO] [SCAN] 非15分钟节点，跳过开仓扫描
2025-12-23 04:04:00 [INFO] [WAIT] 等待 60.0 秒进入下一轮
2025-12-23 04:05:00 [INFO] [MONITOR] 当前无持仓需要监控
2025-12-23 04:05:00 [INFO] [SCAN] 非15分钟节点，跳过开仓扫描
2025-12-23 04:05:00 [INFO] [WAIT] 等待 60.0 秒进入下一轮
2025-12-23 04:06:00 [INFO] [MONITOR] 当前无持仓需要监控
2025-12-23 04:06:00 [INFO] [SCAN] 非15分钟节点，跳过开仓扫描
2025-12-23 04:06:00 [INFO] [WAIT] 等待 60.0 秒进入下一轮
2025-12-23 04:07:00 [INFO] [MONITOR] 当前无持仓需要监控
2025-12-23 04:07:00 [INFO] [SCAN] 非15分钟节点，跳过开仓扫描
2025-12-23 04:07:00 [INFO] [WAIT] 等待 60.0 秒进入下一轮
2025-12-23 04:08:00 [INFO] [MONITOR] 当前无持仓需要监控
2025-12-23 04:08:00 [INFO] [SCAN] 非15分钟节点，跳过开仓扫描
2025-12-23 04:08:00 [INFO] [WAIT] 等待 60.0 秒进入下一轮
2025-12-23 04:09:00 [INFO] [MONITOR] 当前无持仓需要监控
2025-12-23 04:09:00 [INFO] [SCAN] 非15分钟节点，跳过开仓扫描
2025-12-23 04:09:00 [INFO] [WAIT] 等待 59.9 秒进入下一轮
2025-12-23 04:10:00 [INFO] [MONITOR] 当前无持仓需要监控
2025-12-23 04:10:00 [INFO] [SCAN] 非15分钟节点，跳过开仓扫描
2025-12-23 04:10:00 [INFO] [WAIT] 等待 60.0 秒进入下一轮
2025-12-23 04:11:00 [INFO] [MONITOR] 当前无持仓需要监控
2025-12-23 04:11:00 [INFO] [SCAN] 非15分钟节点，跳过开仓扫描
2025-12-23 04:11:00 [INFO] [WAIT] 等待 59.9 秒进入下一轮
2025-12-23 04:12:00 [INFO] [MONITOR] 当前无持仓需要监控
2025-12-23 04:12:00 [INFO] [SCAN] 非15分钟节点，跳过开仓扫描
2025-12-23 04:12:00 [INFO] [WAIT] 等待 60.0 秒进入下一轮
2025-12-23 04:13:00 [INFO] [MONITOR] 当前无持仓需要监控
2025-12-23 04:13:00 [INFO] [SCAN] 非15分钟节点，跳过开仓扫描
2025-12-23 04:13:00 [INFO] [WAIT] 等待 59.9 秒进入下一轮
2025-12-23 04:14:00 [INFO] [MONITOR] 当前无持仓需要监控
2025-12-23 04:14:00 [INFO] [SCAN] 非15分钟节点，跳过开仓扫描
2025-12-23 04:14:00 [INFO] [WAIT] 等待 60.0 秒进入下一轮
2025-12-23 04:15:00 [INFO] [MONITOR] 当前无持仓需要监控
2025-12-23 04:15:00 [INFO] [SCAN] 本轮扫描交易对数量: 217
2025-12-23 04:15:01 [INFO] [SCAN] 本轮无满足条件的标的
2025-12-23 04:15:01 [INFO] [WAIT] 等待 58.3 秒进入下一轮
2025-12-23 04:16:00 [INFO] [MONITOR] 当前无持仓需要监控
2025-12-23 04:16:00 [INFO] [SCAN] 非15分钟节点，跳过开仓扫描
2025-12-23 04:16:00 [INFO] [WAIT] 等待 60.0 秒进入下一轮
2025-12-23 04:17:00 [INFO] [MONITOR] 当前无持仓需要监控
2025-12-23 04:17:00 [INFO] [SCAN] 非15分钟节点，跳过开仓扫描
2025-12-23 04:17:00 [INFO] [WAIT] 等待 59.9 秒进入下一轮
2025-12-23 04:18:00 [INFO] [MONITOR] 当前无持仓需要监控
2025-12-23 04:18:00 [INFO] [SCAN] 非15分钟节点，跳过开仓扫描
2025-12-23 04:18:00 [INFO] [WAIT] 等待 60.0 秒进入下一轮
2025-12-23 04:19:00 [INFO] [MONITOR] 当前无持仓需要监控
2025-12-23 04:19:00 [INFO] [SCAN] 非15分钟节点，跳过开仓扫描
2025-12-23 04:19:00 [INFO] [WAIT] 等待 60.0 秒进入下一轮
2025-12-23 04:20:00 [INFO] [MONITOR] 当前无持仓需要监控
2025-12-23 04:20:00 [INFO] [SCAN] 非15分钟节点，跳过开仓扫描
2025-12-23 04:20:00 [INFO] [WAIT] 等待 60.0 秒进入下一轮
2025-12-23 04:21:00 [INFO] [MONITOR] 当前无持仓需要监控
2025-12-23 04:21:00 [INFO] [SCAN] 非15分钟节点，跳过开仓扫描
2025-12-23 04:21:00 [INFO] [WAIT] 等待 59.9 秒进入下一轮
2025-12-23 04:22:00 [INFO] [MONITOR] 当前无持仓需要监控
2025-12-23 04:22:00 [INFO] [SCAN] 非15分钟节点，跳过开仓扫描
2025-12-23 04:22:00 [INFO] [WAIT] 等待 60.0 秒进入下一轮
2025-12-23 04:23:00 [INFO] [MONITOR] 当前无持仓需要监控
2025-12-23 04:23:00 [INFO] [SCAN] 非15分钟节点，跳过开仓扫描
2025-12-23 04:23:00 [INFO] [WAIT] 等待 59.9 秒进入下一轮
2025-12-23 04:24:00 [INFO] [MONITOR] 当前无持仓需要监控
2025-12-23 04:24:00 [INFO] [SCAN] 非15分钟节点，跳过开仓扫描
2025-12-23 04:24:00 [INFO] [WAIT] 等待 59.9 秒进入下一轮
2025-12-23 04:25:00 [INFO] [MONITOR] 当前无持仓需要监控
2025-12-23 04:25:00 [INFO] [SCAN] 非15分钟节点，跳过开仓扫描
2025-12-23 04:25:00 [INFO] [WAIT] 等待 59.9 秒进入下一轮
2025-12-23 04:26:00 [INFO] [MONITOR] 当前无持仓需要监控
2025-12-23 04:26:00 [INFO] [SCAN] 非15分钟节点，跳过开仓扫描
2025-12-23 04:26:00 [INFO] [WAIT] 等待 59.9 秒进入下一轮
2025-12-23 04:27:00 [INFO] [MONITOR] 当前无持仓需要监控
2025-12-23 04:27:00 [INFO] [SCAN] 非15分钟节点，跳过开仓扫描
2025-12-23 04:27:00 [INFO] [WAIT] 等待 59.9 秒进入下一轮
2025-12-23 04:28:00 [INFO] [MONITOR] 当前无持仓需要监控
2025-12-23 04:28:00 [INFO] [SCAN] 非15分钟节点，跳过开仓扫描
2025-12-23 04:28:00 [INFO] [WAIT] 等待 60.0 秒进入下一轮
2025-12-23 04:29:00 [INFO] [MONITOR] 当前无持仓需要监控
2025-12-23 04:29:00 [INFO] [SCAN] 非15分钟节点，跳过开仓扫描
2025-12-23 04:29:00 [INFO] [WAIT] 等待 59.9 秒进入下一轮
2025-12-23 04:30:00 [INFO] [MONITOR] 当前无持仓需要监控
2025-12-23 04:30:00 [INFO] [SCAN] 本轮扫描交易对数量: 217
2025-12-23 04:30:01 [INFO] [SCAN] 本轮无满足条件的标的
2025-12-23 04:30:01 [INFO] [WAIT] 等待 58.3 秒进入下一轮
2025-12-23 04:31:00 [INFO] [MONITOR] 当前无持仓需要监控
2025-12-23 04:31:00 [INFO] [SCAN] 非15分钟节点，跳过开仓扫描
2025-12-23 04:31:00 [INFO] [WAIT] 等待 60.0 秒进入下一轮
2025-12-23 04:32:00 [INFO] [MONITOR] 当前无持仓需要监控
2025-12-23 04:32:00 [INFO] [SCAN] 非15分钟节点，跳过开仓扫描
2025-12-23 04:32:00 [INFO] [WAIT] 等待 60.0 秒进入下一轮
2025-12-23 04:33:00 [INFO] [MONITOR] 当前无持仓需要监控
2025-12-23 04:33:00 [INFO] [SCAN] 非15分钟节点，跳过开仓扫描
2025-12-23 04:33:00 [INFO] [WAIT] 等待 59.9 秒进入下一轮
2025-12-23 04:34:00 [INFO] [MONITOR] 当前无持仓需要监控
2025-12-23 04:34:00 [INFO] [SCAN] 非15分钟节点，跳过开仓扫描
2025-12-23 04:34:00 [INFO] [WAIT] 等待 59.9 秒进入下一轮
2025-12-23 04:35:00 [INFO] [MONITOR] 当前无持仓需要监控
2025-12-23 04:35:00 [INFO] [SCAN] 非15分钟节点，跳过开仓扫描
2025-12-23 04:35:00 [INFO] [WAIT] 等待 59.9 秒进入下一轮
2025-12-23 04:36:00 [INFO] [MONITOR] 当前无持仓需要监控
2025-12-23 04:36:00 [INFO] [SCAN] 非15分钟节点，跳过开仓扫描
2025-12-23 04:36:00 [INFO] [WAIT] 等待 59.9 秒进入下一轮
2025-12-23 04:37:00 [INFO] [MONITOR] 当前无持仓需要监控
2025-12-23 04:37:00 [INFO] [SCAN] 非15分钟节点，跳过开仓扫描
2025-12-23 04:37:00 [INFO] [WAIT] 等待 59.9 秒进入下一轮
2025-12-23 04:38:00 [INFO] [MONITOR] 当前无持仓需要监控
2025-12-23 04:38:00 [INFO] [SCAN] 非15分钟节点，跳过开仓扫描
2025-12-23 04:38:00 [INFO] [WAIT] 等待 60.0 秒进入下一轮
2025-12-23 04:39:00 [INFO] [MONITOR] 当前无持仓需要监控
2025-12-23 04:39:00 [INFO] [SCAN] 非15分钟节点，跳过开仓扫描
2025-12-23 04:39:00 [INFO] [WAIT] 等待 59.9 秒进入下一轮
2025-12-23 04:40:00 [INFO] [MONITOR] 当前无持仓需要监控
2025-12-23 04:40:00 [INFO] [SCAN] 非15分钟节点，跳过开仓扫描
2025-12-23 04:40:00 [INFO] [WAIT] 等待 60.0 秒进入下一轮
2025-12-23 04:41:00 [INFO] [MONITOR] 当前无持仓需要监控
2025-12-23 04:41:00 [INFO] [SCAN] 非15分钟节点，跳过开仓扫描
2025-12-23 04:41:00 [INFO] [WAIT] 等待 59.9 秒进入下一轮
2025-12-23 04:42:00 [INFO] [MONITOR] 当前无持仓需要监控
2025-12-23 04:42:00 [INFO] [SCAN] 非15分钟节点，跳过开仓扫描
2025-12-23 04:42:00 [INFO] [WAIT] 等待 60.0 秒进入下一轮
2025-12-23 04:43:00 [INFO] [MONITOR] 当前无持仓需要监控
2025-12-23 04:43:00 [INFO] [SCAN] 非15分钟节点，跳过开仓扫描
2025-12-23 04:43:00 [INFO] [WAIT] 等待 60.0 秒进入下一轮
2025-12-23 04:44:00 [INFO] [MONITOR] 当前无持仓需要监控
2025-12-23 04:44:00 [INFO] [SCAN] 非15分钟节点，跳过开仓扫描
2025-12-23 04:44:00 [INFO] [WAIT] 等待 60.0 秒进入下一轮
2025-12-23 04:45:00 [INFO] [MONITOR] 当前无持仓需要监控
2025-12-23 04:45:00 [INFO] [SCAN] 本轮扫描交易对数量: 217
2025-12-23 04:45:01 [INFO] [SCAN] 本轮无满足条件的标的
2025-12-23 04:45:01 [INFO] [WAIT] 等待 58.5 秒进入下一轮
2025-12-23 04:46:00 [INFO] [MONITOR] 当前无持仓需要监控
2025-12-23 04:46:00 [INFO] [SCAN] 非15分钟节点，跳过开仓扫描
2025-12-23 04:46:00 [INFO] [WAIT] 等待 60.0 秒进入下一轮
2025-12-23 04:47:00 [INFO] [MONITOR] 当前无持仓需要监控
2025-12-23 04:47:00 [INFO] [SCAN] 非15分钟节点，跳过开仓扫描
2025-12-23 04:47:00 [INFO] [WAIT] 等待 59.9 秒进入下一轮
2025-12-23 04:48:00 [INFO] [MONITOR] 当前无持仓需要监控
2025-12-23 04:48:00 [INFO] [SCAN] 非15分钟节点，跳过开仓扫描
2025-12-23 04:48:00 [INFO] [WAIT] 等待 60.0 秒进入下一轮
2025-12-23 04:49:00 [INFO] [MONITOR] 当前无持仓需要监控
2025-12-23 04:49:00 [INFO] [SCAN] 非15分钟节点，跳过开仓扫描
2025-12-23 04:49:00 [INFO] [WAIT] 等待 59.9 秒进入下一轮
2025-12-23 04:50:00 [INFO] [MONITOR] 当前无持仓需要监控
2025-12-23 04:50:00 [INFO] [SCAN] 非15分钟节点，跳过开仓扫描
2025-12-23 04:50:00 [INFO] [WAIT] 等待 60.0 秒进入下一轮
2025-12-23 04:51:00 [INFO] [MONITOR] 当前无持仓需要监控
2025-12-23 04:51:00 [INFO] [SCAN] 非15分钟节点，跳过开仓扫描
2025-12-23 04:51:00 [INFO] [WAIT] 等待 60.0 秒进入下一轮
2025-12-23 04:52:00 [INFO] [MONITOR] 当前无持仓需要监控
2025-12-23 04:52:00 [INFO] [SCAN] 非15分钟节点，跳过开仓扫描
2025-12-23 04:52:00 [INFO] [WAIT] 等待 60.0 秒进入下一轮
2025-12-23 04:53:00 [INFO] [MONITOR] 当前无持仓需要监控
2025-12-23 04:53:00 [INFO] [SCAN] 非15分钟节点，跳过开仓扫描
2025-12-23 04:53:00 [INFO] [WAIT] 等待 59.9 秒进入下一轮
2025-12-23 04:54:00 [INFO] [MONITOR] 当前无持仓需要监控
2025-12-23 04:54:00 [INFO] [SCAN] 非15分钟节点，跳过开仓扫描
2025-12-23 04:54:00 [INFO] [WAIT] 等待 59.9 秒进入下一轮
2025-12-23 04:55:00 [INFO] [MONITOR] 当前无持仓需要监控
2025-12-23 04:55:00 [INFO] [SCAN] 非15分钟节点，跳过开仓扫描
2025-12-23 04:55:00 [INFO] [WAIT] 等待 60.0 秒进入下一轮
2025-12-23 04:56:00 [INFO] [MONITOR] 当前无持仓需要监控
2025-12-23 04:56:00 [INFO] [SCAN] 非15分钟节点，跳过开仓扫描
2025-12-23 04:56:00 [INFO] [WAIT] 等待 60.0 秒进入下一轮
2025-12-23 04:57:00 [INFO] [MONITOR] 当前无持仓需要监控
2025-12-23 04:57:00 [INFO] [SCAN] 非15分钟节点，跳过开仓扫描
2025-12-23 04:57:00 [INFO] [WAIT] 等待 60.0 秒进入下一轮
2025-12-23 04:58:00 [INFO] [MONITOR] 当前无持仓需要监控
2025-12-23 04:58:00 [INFO] [SCAN] 非15分钟节点，跳过开仓扫描
2025-12-23 04:58:00 [INFO] [WAIT] 等待 60.0 秒进入下一轮
2025-12-23 04:59:00 [INFO] [MONITOR] 当前无持仓需要监控
2025-12-23 04:59:00 [INFO] [SCAN] 非15分钟节点，跳过开仓扫描
2025-12-23 04:59:00 [INFO] [WAIT] 等待 60.0 秒进入下一轮
2025-12-23 05:00:00 [INFO] [MONITOR] 当前无持仓需要监控
2025-12-23 05:00:00 [INFO] [SCAN] 本轮扫描交易对数量: 217
2025-12-23 05:00:01 [INFO] [SCAN] 本轮无满足条件的标的
2025-12-23 05:00:01 [INFO] [WAIT] 等待 58.4 秒进入下一轮
2025-12-23 05:01:00 [INFO] [MONITOR] 当前无持仓需要监控
2025-12-23 05:01:00 [INFO] [SCAN] 非15分钟节点，跳过开仓扫描
2025-12-23 05:01:00 [INFO] [WAIT] 等待 59.9 秒进入下一轮
2025-12-23 05:02:00 [INFO] [MONITOR] 当前无持仓需要监控
2025-12-23 05:02:00 [INFO] [SCAN] 非15分钟节点，跳过开仓扫描
2025-12-23 05:02:00 [INFO] [WAIT] 等待 60.0 秒进入下一轮
2025-12-23 05:03:00 [INFO] [MONITOR] 当前无持仓需要监控
2025-12-23 05:03:00 [INFO] [SCAN] 非15分钟节点，跳过开仓扫描
2025-12-23 05:03:00 [INFO] [WAIT] 等待 60.0 秒进入下一轮
2025-12-23 05:04:00 [INFO] [MONITOR] 当前无持仓需要监控
2025-12-23 05:04:00 [INFO] [SCAN] 非15分钟节点，跳过开仓扫描
2025-12-23 05:04:00 [INFO] [WAIT] 等待 59.9 秒进入下一轮
2025-12-23 05:05:00 [INFO] [MONITOR] 当前无持仓需要监控
2025-12-23 05:05:00 [INFO] [SCAN] 非15分钟节点，跳过开仓扫描
2025-12-23 05:05:00 [INFO] [WAIT] 等待 60.0 秒进入下一轮
2025-12-23 05:06:00 [INFO] [MONITOR] 当前无持仓需要监控
2025-12-23 05:06:00 [INFO] [SCAN] 非15分钟节点，跳过开仓扫描
2025-12-23 05:06:00 [INFO] [WAIT] 等待 59.9 秒进入下一轮
2025-12-23 05:07:00 [INFO] [MONITOR] 当前无持仓需要监控
2025-12-23 05:07:00 [INFO] [SCAN] 非15分钟节点，跳过开仓扫描
2025-12-23 05:07:00 [INFO] [WAIT] 等待 59.9 秒进入下一轮
2025-12-23 05:08:00 [INFO] [MONITOR] 当前无持仓需要监控
2025-12-23 05:08:00 [INFO] [SCAN] 非15分钟节点，跳过开仓扫描
2025-12-23 05:08:00 [INFO] [WAIT] 等待 60.0 秒进入下一轮
2025-12-23 05:09:00 [INFO] [MONITOR] 当前无持仓需要监控
2025-12-23 05:09:00 [INFO] [SCAN] 非15分钟节点，跳过开仓扫描
2025-12-23 05:09:00 [INFO] [WAIT] 等待 60.0 秒进入下一轮
2025-12-23 05:10:00 [INFO] [MONITOR] 当前无持仓需要监控
2025-12-23 05:10:00 [INFO] [SCAN] 非15分钟节点，跳过开仓扫描
2025-12-23 05:10:00 [INFO] [WAIT] 等待 60.0 秒进入下一轮
2025-12-23 05:11:00 [INFO] [MONITOR] 当前无持仓需要监控
2025-12-23 05:11:00 [INFO] [SCAN] 非15分钟节点，跳过开仓扫描
2025-12-23 05:11:00 [INFO] [WAIT] 等待 59.9 秒进入下一轮
2025-12-23 05:12:00 [INFO] [MONITOR] 当前无持仓需要监控
2025-12-23 05:12:00 [INFO] [SCAN] 非15分钟节点，跳过开仓扫描
2025-12-23 05:12:00 [INFO] [WAIT] 等待 60.0 秒进入下一轮
2025-12-23 05:13:00 [INFO] [MONITOR] 当前无持仓需要监控
2025-12-23 05:13:00 [INFO] [SCAN] 非15分钟节点，跳过开仓扫描
2025-12-23 05:13:00 [INFO] [WAIT] 等待 60.0 秒进入下一轮
2025-12-23 05:14:00 [INFO] [MONITOR] 当前无持仓需要监控
2025-12-23 05:14:00 [INFO] [SCAN] 非15分钟节点，跳过开仓扫描
2025-12-23 05:14:00 [INFO] [WAIT] 等待 59.9 秒进入下一轮
2025-12-23 05:15:00 [INFO] [MONITOR] 当前无持仓需要监控
2025-12-23 05:15:00 [INFO] [SCAN] 本轮扫描交易对数量: 217
2025-12-23 05:15:01 [INFO] [SCAN] 本轮无满足条件的标的
2025-12-23 05:15:01 [INFO] [WAIT] 等待 58.4 秒进入下一轮
2025-12-23 05:16:00 [INFO] [MONITOR] 当前无持仓需要监控
2025-12-23 05:16:00 [INFO] [SCAN] 非15分钟节点，跳过开仓扫描
2025-12-23 05:16:00 [INFO] [WAIT] 等待 60.0 秒进入下一轮
2025-12-23 05:17:00 [INFO] [MONITOR] 当前无持仓需要监控
2025-12-23 05:17:00 [INFO] [SCAN] 非15分钟节点，跳过开仓扫描
2025-12-23 05:17:00 [INFO] [WAIT] 等待 59.9 秒进入下一轮
2025-12-23 05:18:00 [INFO] [MONITOR] 当前无持仓需要监控
2025-12-23 05:18:00 [INFO] [SCAN] 非15分钟节点，跳过开仓扫描
2025-12-23 05:18:00 [INFO] [WAIT] 等待 60.0 秒进入下一轮
2025-12-23 05:19:00 [INFO] [MONITOR] 当前无持仓需要监控
2025-12-23 05:19:00 [INFO] [SCAN] 非15分钟节点，跳过开仓扫描
2025-12-23 05:19:00 [INFO] [WAIT] 等待 59.9 秒进入下一轮
2025-12-23 05:20:00 [INFO] [MONITOR] 当前无持仓需要监控
2025-12-23 05:20:00 [INFO] [SCAN] 非15分钟节点，跳过开仓扫描
2025-12-23 05:20:00 [INFO] [WAIT] 等待 59.9 秒进入下一轮
2025-12-23 05:21:00 [INFO] [MONITOR] 当前无持仓需要监控
2025-12-23 05:21:00 [INFO] [SCAN] 非15分钟节点，跳过开仓扫描
2025-12-23 05:21:00 [INFO] [WAIT] 等待 60.0 秒进入下一轮
2025-12-23 05:22:00 [INFO] [MONITOR] 当前无持仓需要监控
2025-12-23 05:22:00 [INFO] [SCAN] 非15分钟节点，跳过开仓扫描
2025-12-23 05:22:00 [INFO] [WAIT] 等待 60.0 秒进入下一轮
2025-12-23 05:23:00 [INFO] [MONITOR] 当前无持仓需要监控
2025-12-23 05:23:00 [INFO] [SCAN] 非15分钟节点，跳过开仓扫描
2025-12-23 05:23:00 [INFO] [WAIT] 等待 60.0 秒进入下一轮
2025-12-23 05:24:00 [INFO] [MONITOR] 当前无持仓需要监控
2025-12-23 05:24:00 [INFO] [SCAN] 非15分钟节点，跳过开仓扫描
2025-12-23 05:24:00 [INFO] [WAIT] 等待 60.0 秒进入下一轮
2025-12-23 05:25:00 [INFO] [MONITOR] 当前无持仓需要监控
2025-12-23 05:25:00 [INFO] [SCAN] 非15分钟节点，跳过开仓扫描
2025-12-23 05:25:00 [INFO] [WAIT] 等待 60.0 秒进入下一轮
2025-12-23 05:26:00 [INFO] [MONITOR] 当前无持仓需要监控
2025-12-23 05:26:00 [INFO] [SCAN] 非15分钟节点，跳过开仓扫描
2025-12-23 05:26:00 [INFO] [WAIT] 等待 60.0 秒进入下一轮
2025-12-23 05:27:00 [INFO] [MONITOR] 当前无持仓需要监控
2025-12-23 05:27:00 [INFO] [SCAN] 非15分钟节点，跳过开仓扫描
2025-12-23 05:27:00 [INFO] [WAIT] 等待 59.9 秒进入下一轮
2025-12-23 05:28:00 [INFO] [MONITOR] 当前无持仓需要监控
2025-12-23 05:28:00 [INFO] [SCAN] 非15分钟节点，跳过开仓扫描
2025-12-23 05:28:00 [INFO] [WAIT] 等待 59.9 秒进入下一轮
2025-12-23 05:29:00 [INFO] [MONITOR] 当前无持仓需要监控
2025-12-23 05:29:00 [INFO] [SCAN] 非15分钟节点，跳过开仓扫描
2025-12-23 05:29:00 [INFO] [WAIT] 等待 59.9 秒进入下一轮
2025-12-23 05:30:00 [INFO] [MONITOR] 当前无持仓需要监控
2025-12-23 05:30:00 [INFO] [SCAN] 本轮扫描交易对数量: 217
2025-12-23 05:30:01 [INFO] [LEVERAGE] 设置杠杆为 6x...
2025-12-23 05:30:01 [INFO] [LIVE SHORT] 开空头仓位: 1 个
2025-12-23 05:30:01 [INFO] [LIVE SELL] 做空 LUMIA/USDT:USDT: 163.3 @ 0.1102
2025-12-23 05:30:01 [INFO] [LIVE MARKET] 创建市价单 LUMIA/USDT:USDT: sell 163.3
2025-12-23 05:30:01 [INFO] [LIVE SUCCESS] LUMIA/USDT:USDT 市价单创建成功 ID:786066969 成交:163.3
2025-12-23 05:30:01 [INFO] [LIVE OK] 空头开仓: 1/1 成功
2025-12-23 05:30:02 [INFO] [PROTECT] LUMIA/USDT:USDT 更新止盈 0.108
2025-12-23 05:30:02 [INFO] [PROTECT] LUMIA/USDT:USDT 更新止损 0.1179
2025-12-23 05:30:02 [INFO] [WAIT] 等待 57.5 秒进入下一轮
2025-12-23 05:31:00 [INFO] [CANCEL] LUMIA/USDT:USDT 已取消止盈单 4000000109479962
2025-12-23 05:31:00 [INFO] [CANCEL] LUMIA/USDT:USDT 已取消止损单 4000000109479974
2025-12-23 05:31:00 [INFO] [PROTECT] LUMIA/USDT:USDT 更新止盈 0.1078
2025-12-23 05:31:00 [INFO] [PROTECT] LUMIA/USDT:USDT 更新止损 0.1179
2025-12-23 05:31:00 [INFO] [MONITOR] 持仓#1 symbol=LUMIA/USDT:USDT qty=163.3 tp=0.1078 sl=0.1179 entry_time=2025-12-23 05:30:01 min_price=0.1096
2025-12-23 05:31:00 [INFO] [SCAN] 非15分钟节点，跳过开仓扫描
2025-12-23 05:31:00 [INFO] [WAIT] 等待 59.7 秒进入下一轮
2025-12-23 05:32:00 [INFO] [CANCEL] LUMIA/USDT:USDT 已取消止盈单 4000000109487122
2025-12-23 05:32:00 [INFO] [CANCEL] LUMIA/USDT:USDT 已取消止损单 4000000109487126
2025-12-23 05:32:00 [INFO] [PROTECT] LUMIA/USDT:USDT 更新止盈 0.1071
2025-12-23 05:32:00 [INFO] [PROTECT] LUMIA/USDT:USDT 更新止损 0.1179
2025-12-23 05:32:00 [INFO] [MONITOR] 持仓#1 symbol=LUMIA/USDT:USDT qty=163.3 tp=0.1071 sl=0.1179 entry_time=2025-12-23 05:30:01 min_price=0.1091
2025-12-23 05:32:00 [INFO] [SCAN] 非15分钟节点，跳过开仓扫描
2025-12-23 05:32:00 [INFO] [WAIT] 等待 59.7 秒进入下一轮
2025-12-23 05:33:00 [INFO] [CANCEL] LUMIA/USDT:USDT 已取消止盈单 4000000109494990
2025-12-23 05:33:00 [INFO] [CANCEL] LUMIA/USDT:USDT 已取消止损单 4000000109494991
2025-12-23 05:33:00 [INFO] [PROTECT] LUMIA/USDT:USDT 更新止盈 0.1071
2025-12-23 05:33:00 [INFO] [PROTECT] LUMIA/USDT:USDT 更新止损 0.1179
2025-12-23 05:33:00 [INFO] [MONITOR] 持仓#1 symbol=LUMIA/USDT:USDT qty=163.3 tp=0.1071 sl=0.1179 entry_time=2025-12-23 05:30:01 min_price=0.1089
2025-12-23 05:33:00 [INFO] [SCAN] 非15分钟节点，跳过开仓扫描
2025-12-23 05:33:00 [INFO] [WAIT] 等待 59.8 秒进入下一轮
2025-12-23 05:34:00 [INFO] [CANCEL] LUMIA/USDT:USDT 已取消止盈单 4000000109504221
2025-12-23 05:34:00 [INFO] [CANCEL] LUMIA/USDT:USDT 已取消止损单 4000000109504231
2025-12-23 05:34:00 [INFO] [PROTECT] LUMIA/USDT:USDT 更新止盈 0.1071
2025-12-23 05:34:00 [INFO] [PROTECT] LUMIA/USDT:USDT 更新止损 0.1179
2025-12-23 05:34:00 [INFO] [MONITOR] 持仓#1 symbol=LUMIA/USDT:USDT qty=163.3 tp=0.1071 sl=0.1179 entry_time=2025-12-23 05:30:01 min_price=0.1085
2025-12-23 05:34:00 [INFO] [SCAN] 非15分钟节点，跳过开仓扫描
2025-12-23 05:34:00 [INFO] [WAIT] 等待 59.8 秒进入下一轮
2025-12-23 05:35:00 [INFO] [CANCEL] LUMIA/USDT:USDT 已取消止盈单 4000000109515738
2025-12-23 05:35:00 [INFO] [CANCEL] LUMIA/USDT:USDT 已取消止损单 4000000109515742
2025-12-23 05:35:00 [INFO] [PROTECT] LUMIA/USDT:USDT 更新止盈 0.1071
2025-12-23 05:35:00 [INFO] [PROTECT] LUMIA/USDT:USDT 更新止损 0.1179
2025-12-23 05:35:00 [INFO] [MONITOR] 持仓#1 symbol=LUMIA/USDT:USDT qty=163.3 tp=0.1071 sl=0.1179 entry_time=2025-12-23 05:30:01 min_price=0.1085
2025-12-23 05:35:00 [INFO] [SCAN] 非15分钟节点，跳过开仓扫描
2025-12-23 05:35:00 [INFO] [WAIT] 等待 59.7 秒进入下一轮
2025-12-23 05:36:00 [INFO] [CANCEL] LUMIA/USDT:USDT 已取消止盈单 4000000109527120
2025-12-23 05:36:00 [INFO] [CANCEL] LUMIA/USDT:USDT 已取消止损单 4000000109527127
2025-12-23 05:36:00 [INFO] [PROTECT] LUMIA/USDT:USDT 更新止盈 0.1071
2025-12-23 05:36:00 [INFO] [PROTECT] LUMIA/USDT:USDT 更新止损 0.1179
2025-12-23 05:36:00 [INFO] [MONITOR] 持仓#1 symbol=LUMIA/USDT:USDT qty=163.3 tp=0.1071 sl=0.1179 entry_time=2025-12-23 05:30:01 min_price=0.1085
2025-12-23 05:36:00 [INFO] [SCAN] 非15分钟节点，跳过开仓扫描
2025-12-23 05:36:00 [INFO] [WAIT] 等待 59.8 秒进入下一轮
2025-12-23 05:37:00 [INFO] [CANCEL] LUMIA/USDT:USDT 已取消止盈单 4000000109538725
2025-12-23 05:37:00 [INFO] [CANCEL] LUMIA/USDT:USDT 已取消止损单 4000000109538738
2025-12-23 05:37:00 [INFO] [PROTECT] LUMIA/USDT:USDT 更新止盈 0.1071
2025-12-23 05:37:00 [INFO] [PROTECT] LUMIA/USDT:USDT 更新止损 0.1179
2025-12-23 05:37:00 [INFO] [MONITOR] 持仓#1 symbol=LUMIA/USDT:USDT qty=163.3 tp=0.1071 sl=0.1179 entry_time=2025-12-23 05:30:01 min_price=0.1085
2025-12-23 05:37:00 [INFO] [SCAN] 非15分钟节点，跳过开仓扫描
2025-12-23 05:37:00 [INFO] [WAIT] 等待 59.7 秒进入下一轮
2025-12-23 05:38:00 [INFO] [CANCEL] LUMIA/USDT:USDT 已取消止盈单 4000000109548231
2025-12-23 05:38:00 [INFO] [CANCEL] LUMIA/USDT:USDT 已取消止损单 4000000109548236
2025-12-23 05:38:00 [INFO] [PROTECT] LUMIA/USDT:USDT 更新止盈 0.1071
2025-12-23 05:38:00 [INFO] [PROTECT] LUMIA/USDT:USDT 更新止损 0.1179
2025-12-23 05:38:00 [INFO] [MONITOR] 持仓#1 symbol=LUMIA/USDT:USDT qty=163.3 tp=0.1071 sl=0.1179 entry_time=2025-12-23 05:30:01 min_price=0.1085
2025-12-23 05:38:00 [INFO] [SCAN] 非15分钟节点，跳过开仓扫描
2025-12-23 05:38:00 [INFO] [WAIT] 等待 59.7 秒进入下一轮
2025-12-23 05:39:00 [INFO] [CANCEL] LUMIA/USDT:USDT 已取消止盈单 4000000109556046
2025-12-23 05:39:00 [INFO] [CANCEL] LUMIA/USDT:USDT 已取消止损单 4000000109556051
2025-12-23 05:39:00 [INFO] [PROTECT] LUMIA/USDT:USDT 更新止盈 0.1071
2025-12-23 05:39:00 [INFO] [PROTECT] LUMIA/USDT:USDT 更新止损 0.1179
2025-12-23 05:39:00 [INFO] [MONITOR] 持仓#1 symbol=LUMIA/USDT:USDT qty=163.3 tp=0.1071 sl=0.1179 entry_time=2025-12-23 05:30:01 min_price=0.1085
2025-12-23 05:39:00 [INFO] [SCAN] 非15分钟节点，跳过开仓扫描
2025-12-23 05:39:00 [INFO] [WAIT] 等待 59.7 秒进入下一轮
2025-12-23 05:40:00 [INFO] [CANCEL] LUMIA/USDT:USDT 已取消止盈单 4000000109564511
2025-12-23 05:40:00 [INFO] [CANCEL] LUMIA/USDT:USDT 已取消止损单 4000000109564513
2025-12-23 05:40:00 [INFO] [PROTECT] LUMIA/USDT:USDT 更新止盈 0.1071
2025-12-23 05:40:00 [INFO] [PROTECT] LUMIA/USDT:USDT 更新止损 0.1179
2025-12-23 05:40:00 [INFO] [MONITOR] 持仓#1 symbol=LUMIA/USDT:USDT qty=163.3 tp=0.1071 sl=0.1179 entry_time=2025-12-23 05:30:01 min_price=0.1085
2025-12-23 05:40:00 [INFO] [SCAN] 非15分钟节点，跳过开仓扫描
2025-12-23 05:40:00 [INFO] [WAIT] 等待 59.7 秒进入下一轮
2025-12-23 05:41:00 [INFO] [CANCEL] LUMIA/USDT:USDT 已取消止盈单 4000000109572001
2025-12-23 05:41:00 [INFO] [CANCEL] LUMIA/USDT:USDT 已取消止损单 4000000109572007
2025-12-23 05:41:00 [INFO] [PROTECT] LUMIA/USDT:USDT 更新止盈 0.1071
2025-12-23 05:41:00 [INFO] [PROTECT] LUMIA/USDT:USDT 更新止损 0.1179
2025-12-23 05:41:00 [INFO] [MONITOR] 持仓#1 symbol=LUMIA/USDT:USDT qty=163.3 tp=0.1071 sl=0.1179 entry_time=2025-12-23 05:30:01 min_price=0.1085
2025-12-23 05:41:00 [INFO] [SCAN] 非15分钟节点，跳过开仓扫描
2025-12-23 05:41:00 [INFO] [WAIT] 等待 59.7 秒进入下一轮
2025-12-23 05:42:00 [INFO] [CANCEL] LUMIA/USDT:USDT 已取消止盈单 4000000109579567
2025-12-23 05:42:00 [INFO] [CANCEL] LUMIA/USDT:USDT 已取消止损单 4000000109579575
2025-12-23 05:42:00 [INFO] [PROTECT] LUMIA/USDT:USDT 更新止盈 0.1071
2025-12-23 05:42:00 [INFO] [PROTECT] LUMIA/USDT:USDT 更新止损 0.1179
2025-12-23 05:42:00 [INFO] [MONITOR] 持仓#1 symbol=LUMIA/USDT:USDT qty=163.3 tp=0.1071 sl=0.1179 entry_time=2025-12-23 05:30:01 min_price=0.1085
2025-12-23 05:42:00 [INFO] [SCAN] 非15分钟节点，跳过开仓扫描
2025-12-23 05:42:00 [INFO] [WAIT] 等待 59.8 秒进入下一轮
2025-12-23 05:43:00 [INFO] [CANCEL] LUMIA/USDT:USDT 已取消止盈单 4000000109587355
2025-12-23 05:43:00 [INFO] [CANCEL] LUMIA/USDT:USDT 已取消止损单 4000000109587360
2025-12-23 05:43:00 [INFO] [PROTECT] LUMIA/USDT:USDT 更新止盈 0.1071
2025-12-23 05:43:00 [INFO] [PROTECT] LUMIA/USDT:USDT 更新止损 0.1179
2025-12-23 05:43:00 [INFO] [MONITOR] 持仓#1 symbol=LUMIA/USDT:USDT qty=163.3 tp=0.1071 sl=0.1179 entry_time=2025-12-23 05:30:01 min_price=0.1085
2025-12-23 05:43:00 [INFO] [SCAN] 非15分钟节点，跳过开仓扫描
2025-12-23 05:43:00 [INFO] [WAIT] 等待 59.7 秒进入下一轮
2025-12-23 05:44:00 [INFO] [CANCEL] LUMIA/USDT:USDT 已取消止盈单 4000000109594505
2025-12-23 05:44:00 [INFO] [CANCEL] LUMIA/USDT:USDT 已取消止损单 4000000109594509
2025-12-23 05:44:00 [INFO] [PROTECT] LUMIA/USDT:USDT 更新止盈 0.1071
2025-12-23 05:44:00 [INFO] [PROTECT] LUMIA/USDT:USDT 更新止损 0.1179
2025-12-23 05:44:00 [INFO] [MONITOR] 持仓#1 symbol=LUMIA/USDT:USDT qty=163.3 tp=0.1071 sl=0.1179 entry_time=2025-12-23 05:30:01 min_price=0.1085
2025-12-23 05:44:00 [INFO] [SCAN] 非15分钟节点，跳过开仓扫描
2025-12-23 05:44:00 [INFO] [WAIT] 等待 59.7 秒进入下一轮
2025-12-23 05:45:00 [INFO] [CANCEL] LUMIA/USDT:USDT 已取消止盈单 4000000109601489
2025-12-23 05:45:00 [INFO] [CANCEL] LUMIA/USDT:USDT 已取消止损单 4000000109601492
2025-12-23 05:45:00 [INFO] [PROTECT] LUMIA/USDT:USDT 更新止盈 0.1071
2025-12-23 05:45:00 [INFO] [PROTECT] LUMIA/USDT:USDT 更新止损 0.1179
2025-12-23 05:45:00 [INFO] [MONITOR] 持仓#1 symbol=LUMIA/USDT:USDT qty=163.3 tp=0.1071 sl=0.1179 entry_time=2025-12-23 05:30:01 min_price=0.1085
2025-12-23 05:45:00 [INFO] [SCAN] 本轮扫描交易对数量: 217
2025-12-23 05:45:01 [INFO] [SCAN] 本轮无满足条件的标的
2025-12-23 05:45:01 [INFO] [WAIT] 等待 58.2 秒进入下一轮
2025-12-23 05:46:00 [INFO] [CANCEL] LUMIA/USDT:USDT 已取消止盈单 4000000109608547
2025-12-23 05:46:00 [INFO] [CANCEL] LUMIA/USDT:USDT 已取消止损单 4000000109608549
2025-12-23 05:46:00 [INFO] [PROTECT] LUMIA/USDT:USDT 更新止盈 0.1071
2025-12-23 05:46:00 [INFO] [PROTECT] LUMIA/USDT:USDT 更新止损 0.1179
2025-12-23 05:46:00 [INFO] [MONITOR] 持仓#1 symbol=LUMIA/USDT:USDT qty=163.3 tp=0.1071 sl=0.1179 entry_time=2025-12-23 05:30:01 min_price=0.1085
2025-12-23 05:46:00 [INFO] [SCAN] 非15分钟节点，跳过开仓扫描
2025-12-23 05:46:00 [INFO] [WAIT] 等待 59.8 秒进入下一轮
2025-12-23 05:47:00 [INFO] [CANCEL] LUMIA/USDT:USDT 已取消止盈单 4000000109615619
2025-12-23 05:47:00 [INFO] [CANCEL] LUMIA/USDT:USDT 已取消止损单 4000000109615621
2025-12-23 05:47:00 [INFO] [PROTECT] LUMIA/USDT:USDT 更新止盈 0.1071
2025-12-23 05:47:00 [INFO] [PROTECT] LUMIA/USDT:USDT 更新止损 0.1179
2025-12-23 05:47:00 [INFO] [MONITOR] 持仓#1 symbol=LUMIA/USDT:USDT qty=163.3 tp=0.1071 sl=0.1179 entry_time=2025-12-23 05:30:01 min_price=0.1085
2025-12-23 05:47:00 [INFO] [SCAN] 非15分钟节点，跳过开仓扫描
2025-12-23 05:47:00 [INFO] [WAIT] 等待 59.8 秒进入下一轮
2025-12-23 05:48:00 [INFO] [CANCEL] LUMIA/USDT:USDT 已取消止盈单 4000000109623182
2025-12-23 05:48:00 [INFO] [CANCEL] LUMIA/USDT:USDT 已取消止损单 4000000109623187
2025-12-23 05:48:00 [INFO] [PROTECT] LUMIA/USDT:USDT 更新止盈 0.1071
2025-12-23 05:48:00 [INFO] [PROTECT] LUMIA/USDT:USDT 更新止损 0.1179
2025-12-23 05:48:00 [INFO] [MONITOR] 持仓#1 symbol=LUMIA/USDT:USDT qty=163.3 tp=0.1071 sl=0.1179 entry_time=2025-12-23 05:30:01 min_price=0.1085
2025-12-23 05:48:00 [INFO] [SCAN] 非15分钟节点，跳过开仓扫描
2025-12-23 05:48:00 [INFO] [WAIT] 等待 59.8 秒进入下一轮
2025-12-23 05:49:00 [INFO] [CANCEL] LUMIA/USDT:USDT 已取消止盈单 4000000109631361
2025-12-23 05:49:00 [INFO] [CANCEL] LUMIA/USDT:USDT 已取消止损单 4000000109631365
2025-12-23 05:49:00 [INFO] [PROTECT] LUMIA/USDT:USDT 更新止盈 0.1071
2025-12-23 05:49:00 [INFO] [PROTECT] LUMIA/USDT:USDT 更新止损 0.1179
2025-12-23 05:49:00 [INFO] [MONITOR] 持仓#1 symbol=LUMIA/USDT:USDT qty=163.3 tp=0.1071 sl=0.1179 entry_time=2025-12-23 05:30:01 min_price=0.1085
2025-12-23 05:49:00 [INFO] [SCAN] 非15分钟节点，跳过开仓扫描
2025-12-23 05:49:00 [INFO] [WAIT] 等待 59.8 秒进入下一轮
2025-12-23 05:50:00 [INFO] [CANCEL] LUMIA/USDT:USDT 已取消止盈单 4000000109639814
2025-12-23 05:50:00 [INFO] [CANCEL] LUMIA/USDT:USDT 已取消止损单 4000000109639819
2025-12-23 05:50:00 [INFO] [PROTECT] LUMIA/USDT:USDT 更新止盈 0.1071
2025-12-23 05:50:00 [INFO] [PROTECT] LUMIA/USDT:USDT 更新止损 0.1179
2025-12-23 05:50:00 [INFO] [MONITOR] 持仓#1 symbol=LUMIA/USDT:USDT qty=163.3 tp=0.1071 sl=0.1179 entry_time=2025-12-23 05:30:01 min_price=0.1085
2025-12-23 05:50:00 [INFO] [SCAN] 非15分钟节点，跳过开仓扫描
2025-12-23 05:50:00 [INFO] [WAIT] 等待 59.7 秒进入下一轮
2025-12-23 05:51:00 [INFO] [CANCEL] LUMIA/USDT:USDT 已取消止盈单 4000000109647376
2025-12-23 05:51:00 [INFO] [CANCEL] LUMIA/USDT:USDT 已取消止损单 4000000109647384
2025-12-23 05:51:00 [INFO] [PROTECT] LUMIA/USDT:USDT 更新止盈 0.1071
2025-12-23 05:51:00 [INFO] [PROTECT] LUMIA/USDT:USDT 更新止损 0.1179
2025-12-23 05:51:00 [INFO] [MONITOR] 持仓#1 symbol=LUMIA/USDT:USDT qty=163.3 tp=0.1071 sl=0.1179 entry_time=2025-12-23 05:30:01 min_price=0.1085
2025-12-23 05:51:00 [INFO] [SCAN] 非15分钟节点，跳过开仓扫描
2025-12-23 05:51:00 [INFO] [WAIT] 等待 59.7 秒进入下一轮
2025-12-23 05:52:00 [INFO] [CANCEL] LUMIA/USDT:USDT 已取消止盈单 4000000109655578
2025-12-23 05:52:00 [INFO] [CANCEL] LUMIA/USDT:USDT 已取消止损单 4000000109655579
2025-12-23 05:52:00 [INFO] [PROTECT] LUMIA/USDT:USDT 更新止盈 0.1071
2025-12-23 05:52:00 [INFO] [PROTECT] LUMIA/USDT:USDT 更新止损 0.1179
2025-12-23 05:52:00 [INFO] [MONITOR] 持仓#1 symbol=LUMIA/USDT:USDT qty=163.3 tp=0.1071 sl=0.1179 entry_time=2025-12-23 05:30:01 min_price=0.1085
2025-12-23 05:52:00 [INFO] [SCAN] 非15分钟节点，跳过开仓扫描
2025-12-23 05:52:00 [INFO] [WAIT] 等待 59.7 秒进入下一轮
2025-12-23 05:53:00 [INFO] [CANCEL] LUMIA/USDT:USDT 已取消止盈单 4000000109663046
2025-12-23 05:53:00 [INFO] [CANCEL] LUMIA/USDT:USDT 已取消止损单 4000000109663059
2025-12-23 05:53:00 [INFO] [PROTECT] LUMIA/USDT:USDT 更新止盈 0.1071
2025-12-23 05:53:00 [INFO] [PROTECT] LUMIA/USDT:USDT 更新止损 0.1179
2025-12-23 05:53:00 [INFO] [MONITOR] 持仓#1 symbol=LUMIA/USDT:USDT qty=163.3 tp=0.1071 sl=0.1179 entry_time=2025-12-23 05:30:01 min_price=0.1085
2025-12-23 05:53:00 [INFO] [SCAN] 非15分钟节点，跳过开仓扫描
2025-12-23 05:53:00 [INFO] [WAIT] 等待 59.7 秒进入下一轮
2025-12-23 05:54:00 [INFO] [CANCEL] LUMIA/USDT:USDT 已取消止盈单 4000000109670386
2025-12-23 05:54:00 [INFO] [CANCEL] LUMIA/USDT:USDT 已取消止损单 4000000109670389
2025-12-23 05:54:00 [INFO] [PROTECT] LUMIA/USDT:USDT 更新止盈 0.1071
2025-12-23 05:54:00 [INFO] [PROTECT] LUMIA/USDT:USDT 更新止损 0.1179
2025-12-23 05:54:00 [INFO] [MONITOR] 持仓#1 symbol=LUMIA/USDT:USDT qty=163.3 tp=0.1071 sl=0.1179 entry_time=2025-12-23 05:30:01 min_price=0.1085
2025-12-23 05:54:00 [INFO] [SCAN] 非15分钟节点，跳过开仓扫描
2025-12-23 05:54:00 [INFO] [WAIT] 等待 59.8 秒进入下一轮
2025-12-23 05:55:00 [INFO] [CANCEL] LUMIA/USDT:USDT 已取消止盈单 4000000109678099
2025-12-23 05:55:00 [INFO] [CANCEL] LUMIA/USDT:USDT 已取消止损单 4000000109678107
2025-12-23 05:55:00 [INFO] [PROTECT] LUMIA/USDT:USDT 更新止盈 0.1071
2025-12-23 05:55:00 [INFO] [PROTECT] LUMIA/USDT:USDT 更新止损 0.1179
2025-12-23 05:55:00 [INFO] [MONITOR] 持仓#1 symbol=LUMIA/USDT:USDT qty=163.3 tp=0.1071 sl=0.1179 entry_time=2025-12-23 05:30:01 min_price=0.1085
2025-12-23 05:55:00 [INFO] [SCAN] 非15分钟节点，跳过开仓扫描
2025-12-23 05:55:00 [INFO] [WAIT] 等待 59.8 秒进入下一轮
2025-12-23 05:56:00 [INFO] [CANCEL] LUMIA/USDT:USDT 已取消止盈单 4000000109684776
2025-12-23 05:56:00 [INFO] [CANCEL] LUMIA/USDT:USDT 已取消止损单 4000000109684781
2025-12-23 05:56:00 [INFO] [PROTECT] LUMIA/USDT:USDT 更新止盈 0.1071
2025-12-23 05:56:00 [INFO] [PROTECT] LUMIA/USDT:USDT 更新止损 0.1179
2025-12-23 05:56:00 [INFO] [MONITOR] 持仓#1 symbol=LUMIA/USDT:USDT qty=163.3 tp=0.1071 sl=0.1179 entry_time=2025-12-23 05:30:01 min_price=0.1085
2025-12-23 05:56:00 [INFO] [SCAN] 非15分钟节点，跳过开仓扫描
2025-12-23 05:56:00 [INFO] [WAIT] 等待 59.8 秒进入下一轮
2025-12-23 05:57:00 [INFO] [CANCEL] LUMIA/USDT:USDT 已取消止盈单 4000000109691683
2025-12-23 05:57:00 [INFO] [CANCEL] LUMIA/USDT:USDT 已取消止损单 4000000109691690
2025-12-23 05:57:00 [INFO] [PROTECT] LUMIA/USDT:USDT 更新止盈 0.1071
2025-12-23 05:57:00 [INFO] [PROTECT] LUMIA/USDT:USDT 更新止损 0.1179
2025-12-23 05:57:00 [INFO] [MONITOR] 持仓#1 symbol=LUMIA/USDT:USDT qty=163.3 tp=0.1071 sl=0.1179 entry_time=2025-12-23 05:30:01 min_price=0.1085
2025-12-23 05:57:00 [INFO] [SCAN] 非15分钟节点，跳过开仓扫描
2025-12-23 05:57:00 [INFO] [WAIT] 等待 59.7 秒进入下一轮
2025-12-23 05:58:00 [INFO] [CANCEL] LUMIA/USDT:USDT 已取消止盈单 4000000109699098
2025-12-23 05:58:00 [INFO] [CANCEL] LUMIA/USDT:USDT 已取消止损单 4000000109699107
2025-12-23 05:58:00 [INFO] [PROTECT] LUMIA/USDT:USDT 更新止盈 0.1071
2025-12-23 05:58:00 [INFO] [PROTECT] LUMIA/USDT:USDT 更新止损 0.1179
2025-12-23 05:58:00 [INFO] [MONITOR] 持仓#1 symbol=LUMIA/USDT:USDT qty=163.3 tp=0.1071 sl=0.1179 entry_time=2025-12-23 05:30:01 min_price=0.1085
2025-12-23 05:58:00 [INFO] [SCAN] 非15分钟节点，跳过开仓扫描
2025-12-23 05:58:00 [INFO] [WAIT] 等待 59.8 秒进入下一轮
2025-12-23 05:59:00 [INFO] [CANCEL] LUMIA/USDT:USDT 已取消止盈单 4000000109706001
2025-12-23 05:59:00 [WARNING] [CANCEL WARNING] LUMIA/USDT:USDT Algo接口取消止损单失败 (4000000109706004): Algo cancel HTTP 400: {'code': -2011, 'msg': 'Unknown order sent.'}
2025-12-23 05:59:00 [INFO] [PROTECT] LUMIA/USDT:USDT 更新止盈 0.1071
2025-12-23 05:59:00 [INFO] [PROTECT] LUMIA/USDT:USDT 更新止损 0.1179
2025-12-23 05:59:00 [INFO] [MONITOR] 持仓#1 symbol=LUMIA/USDT:USDT qty=163.3 tp=0.1071 sl=0.1179 entry_time=2025-12-23 05:30:01 min_price=0.1085
2025-12-23 05:59:00 [INFO] [SCAN] 非15分钟节点，跳过开仓扫描
2025-12-23 05:59:00 [INFO] [WAIT] 等待 59.7 秒进入下一轮
2025-12-23 06:00:00 [INFO] [CANCEL] LUMIA/USDT:USDT 已取消止盈单 4000000109712873
2025-12-23 06:00:00 [INFO] [CANCEL] LUMIA/USDT:USDT 已取消止损单 4000000109712879
2025-12-23 06:00:00 [INFO] [PROTECT] LUMIA/USDT:USDT 更新止盈 0.1071
2025-12-23 06:00:00 [INFO] [PROTECT] LUMIA/USDT:USDT 更新止损 0.1179
2025-12-23 06:00:00 [INFO] [MONITOR] 持仓#1 symbol=LUMIA/USDT:USDT qty=163.3 tp=0.1071 sl=0.1179 entry_time=2025-12-23 05:30:01 min_price=0.1085
2025-12-23 06:00:00 [INFO] [SCAN] 本轮扫描交易对数量: 217
2025-12-23 06:00:01 [INFO] [SCAN] 本轮无满足条件的标的
2025-12-23 06:00:01 [INFO] [WAIT] 等待 58.0 秒进入下一轮
2025-12-23 06:01:00 [INFO] [CANCEL] LUMIA/USDT:USDT 已取消止盈单 4000000109719980
2025-12-23 06:01:00 [WARNING] [CANCEL WARNING] LUMIA/USDT:USDT Algo接口取消止损单失败 (4000000109719981): Algo cancel HTTP 400: {'code': -2011, 'msg': 'Unknown order sent.'}
2025-12-23 06:01:00 [INFO] [PROTECT] LUMIA/USDT:USDT 更新止盈 0.1071
2025-12-23 06:01:00 [ERROR] [PROTECT ERROR] LUMIA/USDT:USDT 更新止损失败: Algo order HTTP 400: {'code': -2021, 'msg': 'Order would immediately trigger.'}
2025-12-23 06:01:00 [INFO] [MONITOR] 持仓#1 symbol=LUMIA/USDT:USDT qty=163.3 tp=0.1071 sl=0.1179 entry_time=2025-12-23 05:30:01 min_price=0.1085
2025-12-23 06:01:00 [INFO] [SCAN] 非15分钟节点，跳过开仓扫描
2025-12-23 06:01:00 [INFO] [WAIT] 等待 59.7 秒进入下一轮
2025-12-23 06:02:00 [WARNING] [KLINE WARNING] 获取 LUMIA/USDT:USDT 1m K线失败: binance GET https://fapi.binance.com/fapi/v1/klines?interval=1m&limit=2&symbol=LUMIAUSDT
2025-12-23 06:02:00 [ERROR] [ERROR] 主循环异常: 'NoneType' object is not subscriptable
2025-12-23 06:02:00 [INFO] [WAIT] 等待 59.9 秒进入下一轮
2025-12-23 06:03:00 [INFO] [CANCEL] LUMIA/USDT:USDT 已取消止盈单 4000000109728628
2025-12-23 06:03:00 [WARNING] [CANCEL WARNING] LUMIA/USDT:USDT Algo接口取消止损单失败 (4000000109719981): Algo cancel HTTP 400: {'code': -2011, 'msg': 'Unknown order sent.'}
2025-12-23 06:03:00 [INFO] [PROTECT] LUMIA/USDT:USDT 更新止盈 0.1071
2025-12-23 06:03:00 [INFO] [PROTECT] LUMIA/USDT:USDT 更新止损 0.1179
2025-12-23 06:03:00 [INFO] [MONITOR] 持仓#1 symbol=LUMIA/USDT:USDT qty=163.3 tp=0.1071 sl=0.1179 entry_time=2025-12-23 05:30:01 min_price=0.1085
2025-12-23 06:03:00 [INFO] [SCAN] 非15分钟节点，跳过开仓扫描
2025-12-23 06:03:00 [INFO] [WAIT] 等待 59.8 秒进入下一轮
2025-12-23 06:04:00 [INFO] [CANCEL] LUMIA/USDT:USDT 已取消止盈单 4000000109745030
2025-12-23 06:04:00 [WARNING] [CANCEL WARNING] LUMIA/USDT:USDT Algo接口取消止损单失败 (4000000109745039): Algo cancel HTTP 400: {'code': -2011, 'msg': 'Unknown order sent.'}
2025-12-23 06:04:00 [INFO] [PROTECT] LUMIA/USDT:USDT 更新止盈 0.1071
2025-12-23 06:04:00 [ERROR] [PROTECT ERROR] LUMIA/USDT:USDT 更新止损失败: Algo order HTTP 400: {'code': -2021, 'msg': 'Order would immediately trigger.'}
2025-12-23 06:04:00 [INFO] [MONITOR] 持仓#1 symbol=LUMIA/USDT:USDT qty=163.3 tp=0.1071 sl=0.1179 entry_time=2025-12-23 05:30:01 min_price=0.1085
2025-12-23 06:04:00 [INFO] [SCAN] 非15分钟节点，跳过开仓扫描
2025-12-23 06:04:00 [INFO] [WAIT] 等待 59.7 秒进入下一轮
2025-12-23 06:05:00 [WARNING] [KLINE WARNING] 获取 LUMIA/USDT:USDT 1m K线失败: binance GET https://fapi.binance.com/fapi/v1/klines?interval=1m&limit=2&symbol=LUMIAUSDT
2025-12-23 06:05:00 [ERROR] [ERROR] 主循环异常: 'NoneType' object is not subscriptable
2025-12-23 06:05:00 [INFO] [WAIT] 等待 59.9 秒进入下一轮
2025-12-23 06:06:00 [INFO] [CANCEL] LUMIA/USDT:USDT 已取消止盈单 4000000109753381
2025-12-23 06:06:00 [WARNING] [CANCEL WARNING] LUMIA/USDT:USDT Algo接口取消止损单失败 (4000000109745039): Algo cancel HTTP 400: {'code': -2011, 'msg': 'Unknown order sent.'}
2025-12-23 06:06:00 [INFO] [PROTECT] LUMIA/USDT:USDT 更新止盈 0.1071
2025-12-23 06:06:00 [ERROR] [PROTECT ERROR] LUMIA/USDT:USDT 更新止损失败: Algo order HTTP 400: {'code': -2021, 'msg': 'Order would immediately trigger.'}
2025-12-23 06:06:00 [INFO] [MONITOR] 持仓#1 symbol=LUMIA/USDT:USDT qty=163.3 tp=0.1071 sl=0.1179 entry_time=2025-12-23 05:30:01 min_price=0.1085
2025-12-23 06:06:00 [INFO] [SCAN] 非15分钟节点，跳过开仓扫描
2025-12-23 06:06:00 [INFO] [WAIT] 等待 59.7 秒进入下一轮
2025-12-23 06:07:00 [INFO] [CANCEL] LUMIA/USDT:USDT 已取消止盈单 4000000109769492
2025-12-23 06:07:00 [WARNING] [CANCEL WARNING] LUMIA/USDT:USDT Algo接口取消止损单失败 (4000000109745039): Algo cancel HTTP 400: {'code': -2011, 'msg': 'Unknown order sent.'}
2025-12-23 06:07:00 [INFO] [PROTECT] LUMIA/USDT:USDT 更新止盈 0.1071
2025-12-23 06:07:00 [ERROR] [PROTECT ERROR] LUMIA/USDT:USDT 更新止损失败: Algo order HTTP 400: {'code': -2021, 'msg': 'Order would immediately trigger.'}
2025-12-23 06:07:00 [INFO] [MONITOR] 持仓#1 symbol=LUMIA/USDT:USDT qty=163.3 tp=0.1071 sl=0.1179 entry_time=2025-12-23 05:30:01 min_price=0.1085
2025-12-23 06:07:00 [INFO] [SCAN] 非15分钟节点，跳过开仓扫描
2025-12-23 06:07:00 [INFO] [WAIT] 等待 59.7 秒进入下一轮
2025-12-23 06:08:00 [INFO] [CANCEL] LUMIA/USDT:USDT 已取消止盈单 4000000109777248
2025-12-23 06:08:00 [WARNING] [CANCEL WARNING] LUMIA/USDT:USDT Algo接口取消止损单失败 (4000000109745039): Algo cancel HTTP 400: {'code': -2011, 'msg': 'Unknown order sent.'}
2025-12-23 06:08:00 [INFO] [PROTECT] LUMIA/USDT:USDT 更新止盈 0.1071
2025-12-23 06:08:00 [ERROR] [PROTECT ERROR] LUMIA/USDT:USDT 更新止损失败: Algo order HTTP 400: {'code': -2021, 'msg': 'Order would immediately trigger.'}
2025-12-23 06:08:00 [INFO] [MONITOR] 持仓#1 symbol=LUMIA/USDT:USDT qty=163.3 tp=0.1071 sl=0.1179 entry_time=2025-12-23 05:30:01 min_price=0.1085
2025-12-23 06:08:00 [INFO] [SCAN] 非15分钟节点，跳过开仓扫描
2025-12-23 06:08:00 [INFO] [WAIT] 等待 59.7 秒进入下一轮
2025-12-23 06:09:00 [INFO] [CANCEL] LUMIA/USDT:USDT 已取消止盈单 4000000109784746
2025-12-23 06:09:00 [WARNING] [CANCEL WARNING] LUMIA/USDT:USDT Algo接口取消止损单失败 (4000000109745039): Algo cancel HTTP 400: {'code': -2011, 'msg': 'Unknown order sent.'}
2025-12-23 06:09:00 [INFO] [PROTECT] LUMIA/USDT:USDT 更新止盈 0.1071
2025-12-23 06:09:00 [ERROR] [PROTECT ERROR] LUMIA/USDT:USDT 更新止损失败: Algo order HTTP 400: {'code': -2021, 'msg': 'Order would immediately trigger.'}
2025-12-23 06:09:00 [INFO] [MONITOR] 持仓#1 symbol=LUMIA/USDT:USDT qty=163.3 tp=0.1071 sl=0.1179 entry_time=2025-12-23 05:30:01 min_price=0.1085
2025-12-23 06:09:00 [INFO] [SCAN] 非15分钟节点，跳过开仓扫描
2025-12-23 06:09:00 [INFO] [WAIT] 等待 59.7 秒进入下一轮
2025-12-23 06:10:00 [INFO] [CANCEL] LUMIA/USDT:USDT 已取消止盈单 4000000109792230
2025-12-23 06:10:00 [WARNING] [CANCEL WARNING] LUMIA/USDT:USDT Algo接口取消止损单失败 (4000000109745039): Algo cancel HTTP 400: {'code': -2011, 'msg': 'Unknown order sent.'}
2025-12-23 06:10:00 [INFO] [PROTECT] LUMIA/USDT:USDT 更新止盈 0.1071
2025-12-23 06:10:00 [ERROR] [PROTECT ERROR] LUMIA/USDT:USDT 更新止损失败: Algo order HTTP 400: {'code': -2021, 'msg': 'Order would immediately trigger.'}
2025-12-23 06:10:00 [INFO] [MONITOR] 持仓#1 symbol=LUMIA/USDT:USDT qty=163.3 tp=0.1071 sl=0.1179 entry_time=2025-12-23 05:30:01 min_price=0.1085
2025-12-23 06:10:00 [INFO] [SCAN] 非15分钟节点，跳过开仓扫描
2025-12-23 06:10:00 [INFO] [WAIT] 等待 59.8 秒进入下一轮
2025-12-23 06:11:00 [INFO] [CANCEL] LUMIA/USDT:USDT 已取消止盈单 4000000109799400
2025-12-23 06:11:00 [WARNING] [CANCEL WARNING] LUMIA/USDT:USDT Algo接口取消止损单失败 (4000000109745039): Algo cancel HTTP 400: {'code': -2011, 'msg': 'Unknown order sent.'}
2025-12-23 06:11:00 [INFO] [PROTECT] LUMIA/USDT:USDT 更新止盈 0.1071
2025-12-23 06:11:00 [ERROR] [PROTECT ERROR] LUMIA/USDT:USDT 更新止损失败: Algo order HTTP 400: {'code': -2021, 'msg': 'Order would immediately trigger.'}
2025-12-23 06:11:00 [INFO] [MONITOR] 持仓#1 symbol=LUMIA/USDT:USDT qty=163.3 tp=0.1071 sl=0.1179 entry_time=2025-12-23 05:30:01 min_price=0.1085
2025-12-23 06:11:00 [INFO] [SCAN] 非15分钟节点，跳过开仓扫描
2025-12-23 06:11:00 [INFO] [WAIT] 等待 59.7 秒进入下一轮
2025-12-23 06:12:00 [INFO] [CANCEL] LUMIA/USDT:USDT 已取消止盈单 4000000109807040
2025-12-23 06:12:00 [WARNING] [CANCEL WARNING] LUMIA/USDT:USDT Algo接口取消止损单失败 (4000000109745039): Algo cancel HTTP 400: {'code': -2011, 'msg': 'Unknown order sent.'}
2025-12-23 06:12:00 [INFO] [PROTECT] LUMIA/USDT:USDT 更新止盈 0.1071
2025-12-23 06:12:00 [ERROR] [PROTECT ERROR] LUMIA/USDT:USDT 更新止损失败: Algo order HTTP 400: {'code': -2021, 'msg': 'Order would immediately trigger.'}
2025-12-23 06:12:00 [INFO] [MONITOR] 持仓#1 symbol=LUMIA/USDT:USDT qty=163.3 tp=0.1071 sl=0.1179 entry_time=2025-12-23 05:30:01 min_price=0.1085
2025-12-23 06:12:00 [INFO] [SCAN] 非15分钟节点，跳过开仓扫描
2025-12-23 06:12:00 [INFO] [WAIT] 等待 59.7 秒进入下一轮
2025-12-23 06:13:00 [INFO] [CANCEL] LUMIA/USDT:USDT 已取消止盈单 4000000109814120
2025-12-23 06:13:00 [WARNING] [CANCEL WARNING] LUMIA/USDT:USDT Algo接口取消止损单失败 (4000000109745039): Algo cancel HTTP 400: {'code': -2011, 'msg': 'Unknown order sent.'}
2025-12-23 06:13:00 [INFO] [PROTECT] LUMIA/USDT:USDT 更新止盈 0.1071
2025-12-23 06:13:00 [ERROR] [PROTECT ERROR] LUMIA/USDT:USDT 更新止损失败: Algo order HTTP 400: {'code': -2021, 'msg': 'Order would immediately trigger.'}
2025-12-23 06:13:00 [INFO] [MONITOR] 持仓#1 symbol=LUMIA/USDT:USDT qty=163.3 tp=0.1071 sl=0.1179 entry_time=2025-12-23 05:30:01 min_price=0.1085
2025-12-23 06:13:00 [INFO] [SCAN] 非15分钟节点，跳过开仓扫描
2025-12-23 06:13:00 [INFO] [WAIT] 等待 59.7 秒进入下一轮
2025-12-23 06:14:00 [INFO] [CANCEL] LUMIA/USDT:USDT 已取消止盈单 4000000109821726
2025-12-23 06:14:00 [WARNING] [CANCEL WARNING] LUMIA/USDT:USDT Algo接口取消止损单失败 (4000000109745039): Algo cancel HTTP 400: {'code': -2011, 'msg': 'Unknown order sent.'}
2025-12-23 06:14:00 [INFO] [PROTECT] LUMIA/USDT:USDT 更新止盈 0.1071
2025-12-23 06:14:00 [ERROR] [PROTECT ERROR] LUMIA/USDT:USDT 更新止损失败: Algo order HTTP 400: {'code': -2021, 'msg': 'Order would immediately trigger.'}
2025-12-23 06:14:00 [INFO] [MONITOR] 持仓#1 symbol=LUMIA/USDT:USDT qty=163.3 tp=0.1071 sl=0.1179 entry_time=2025-12-23 05:30:01 min_price=0.1085
2025-12-23 06:14:00 [INFO] [SCAN] 非15分钟节点，跳过开仓扫描
2025-12-23 06:14:00 [INFO] [WAIT] 等待 59.8 秒进入下一轮
2025-12-23 06:15:00 [INFO] [CANCEL] LUMIA/USDT:USDT 已取消止盈单 4000000109832402
2025-12-23 06:15:00 [WARNING] [CANCEL WARNING] LUMIA/USDT:USDT Algo接口取消止损单失败 (4000000109745039): Algo cancel HTTP 400: {'code': -2011, 'msg': 'Unknown order sent.'}
2025-12-23 06:15:00 [INFO] [PROTECT] LUMIA/USDT:USDT 更新止盈 0.1071
2025-12-23 06:15:00 [ERROR] [PROTECT ERROR] LUMIA/USDT:USDT 更新止损失败: Algo order HTTP 400: {'code': -2021, 'msg': 'Order would immediately trigger.'}
2025-12-23 06:15:00 [INFO] [MONITOR] 持仓#1 symbol=LUMIA/USDT:USDT qty=163.3 tp=0.1071 sl=0.1179 entry_time=2025-12-23 05:30:01 min_price=0.1085
2025-12-23 06:15:00 [INFO] [SCAN] 本轮扫描交易对数量: 217
2025-12-23 06:15:01 [INFO] [SCAN] 本轮无满足条件的标的
2025-12-23 06:15:01 [INFO] [WAIT] 等待 58.3 秒进入下一轮
2025-12-23 06:16:00 [INFO] [CANCEL] LUMIA/USDT:USDT 已取消止盈单 4000000109841836
2025-12-23 06:16:00 [WARNING] [CANCEL WARNING] LUMIA/USDT:USDT Algo接口取消止损单失败 (4000000109745039): Algo cancel HTTP 400: {'code': -2011, 'msg': 'Unknown order sent.'}
2025-12-23 06:16:00 [INFO] [PROTECT] LUMIA/USDT:USDT 更新止盈 0.1071
2025-12-23 06:16:00 [ERROR] [PROTECT ERROR] LUMIA/USDT:USDT 更新止损失败: Algo order HTTP 400: {'code': -2021, 'msg': 'Order would immediately trigger.'}
2025-12-23 06:16:00 [INFO] [MONITOR] 持仓#1 symbol=LUMIA/USDT:USDT qty=163.3 tp=0.1071 sl=0.1179 entry_time=2025-12-23 05:30:01 min_price=0.1085
2025-12-23 06:16:00 [INFO] [SCAN] 非15分钟节点，跳过开仓扫描
2025-12-23 06:16:00 [INFO] [WAIT] 等待 59.8 秒进入下一轮
2025-12-23 06:17:00 [INFO] [CANCEL] LUMIA/USDT:USDT 已取消止盈单 4000000109851408
2025-12-23 06:17:00 [WARNING] [CANCEL WARNING] LUMIA/USDT:USDT Algo接口取消止损单失败 (4000000109745039): Algo cancel HTTP 400: {'code': -2011, 'msg': 'Unknown order sent.'}
2025-12-23 06:17:00 [INFO] [PROTECT] LUMIA/USDT:USDT 更新止盈 0.1071
2025-12-23 06:17:00 [ERROR] [PROTECT ERROR] LUMIA/USDT:USDT 更新止损失败: Algo order HTTP 400: {'code': -2021, 'msg': 'Order would immediately trigger.'}
2025-12-23 06:17:00 [INFO] [MONITOR] 持仓#1 symbol=LUMIA/USDT:USDT qty=163.3 tp=0.1071 sl=0.1179 entry_time=2025-12-23 05:30:01 min_price=0.1085
2025-12-23 06:17:00 [INFO] [SCAN] 非15分钟节点，跳过开仓扫描
2025-12-23 06:17:00 [INFO] [WAIT] 等待 59.7 秒进入下一轮
2025-12-23 06:18:00 [INFO] [CANCEL] LUMIA/USDT:USDT 已取消止盈单 4000000109860340
2025-12-23 06:18:00 [WARNING] [CANCEL WARNING] LUMIA/USDT:USDT Algo接口取消止损单失败 (4000000109745039): Algo cancel HTTP 400: {'code': -2011, 'msg': 'Unknown order sent.'}
2025-12-23 06:18:00 [INFO] [PROTECT] LUMIA/USDT:USDT 更新止盈 0.1071
2025-12-23 06:18:00 [ERROR] [PROTECT ERROR] LUMIA/USDT:USDT 更新止损失败: Algo order HTTP 400: {'code': -2021, 'msg': 'Order would immediately trigger.'}
2025-12-23 06:18:00 [INFO] [MONITOR] 持仓#1 symbol=LUMIA/USDT:USDT qty=163.3 tp=0.1071 sl=0.1179 entry_time=2025-12-23 05:30:01 min_price=0.1085
2025-12-23 06:18:00 [INFO] [SCAN] 非15分钟节点，跳过开仓扫描
2025-12-23 06:18:00 [INFO] [WAIT] 等待 59.8 秒进入下一轮
2025-12-23 06:19:00 [INFO] [CANCEL] LUMIA/USDT:USDT 已取消止盈单 4000000109872906
2025-12-23 06:19:00 [WARNING] [CANCEL WARNING] LUMIA/USDT:USDT Algo接口取消止损单失败 (4000000109745039): Algo cancel HTTP 400: {'code': -2011, 'msg': 'Unknown order sent.'}
2025-12-23 06:19:00 [INFO] [PROTECT] LUMIA/USDT:USDT 更新止盈 0.1071
2025-12-23 06:19:00 [ERROR] [PROTECT ERROR] LUMIA/USDT:USDT 更新止损失败: Algo order HTTP 400: {'code': -2021, 'msg': 'Order would immediately trigger.'}
2025-12-23 06:19:00 [INFO] [MONITOR] 持仓#1 symbol=LUMIA/USDT:USDT qty=163.3 tp=0.1071 sl=0.1179 entry_time=2025-12-23 05:30:01 min_price=0.1085
2025-12-23 06:19:00 [INFO] [SCAN] 非15分钟节点，跳过开仓扫描
2025-12-23 06:19:00 [INFO] [WAIT] 等待 59.7 秒进入下一轮
2025-12-23 06:20:00 [INFO] [CANCEL] LUMIA/USDT:USDT 已取消止盈单 4000000109885308
2025-12-23 06:20:00 [WARNING] [CANCEL WARNING] LUMIA/USDT:USDT Algo接口取消止损单失败 (4000000109745039): Algo cancel HTTP 400: {'code': -2011, 'msg': 'Unknown order sent.'}
2025-12-23 06:20:00 [INFO] [PROTECT] LUMIA/USDT:USDT 更新止盈 0.1071
2025-12-23 06:20:00 [ERROR] [PROTECT ERROR] LUMIA/USDT:USDT 更新止损失败: Algo order HTTP 400: {'code': -2021, 'msg': 'Order would immediately trigger.'}
2025-12-23 06:20:00 [INFO] [MONITOR] 持仓#1 symbol=LUMIA/USDT:USDT qty=163.3 tp=0.1071 sl=0.1179 entry_time=2025-12-23 05:30:01 min_price=0.1085
2025-12-23 06:20:00 [INFO] [SCAN] 非15分钟节点，跳过开仓扫描
2025-12-23 06:20:00 [INFO] [WAIT] 等待 59.6 秒进入下一轮
2025-12-23 06:21:00 [INFO] [CANCEL] LUMIA/USDT:USDT 已取消止盈单 4000000109896922
2025-12-23 06:21:00 [WARNING] [CANCEL WARNING] LUMIA/USDT:USDT Algo接口取消止损单失败 (4000000109745039): Algo cancel HTTP 400: {'code': -2011, 'msg': 'Unknown order sent.'}
2025-12-23 06:21:00 [INFO] [PROTECT] LUMIA/USDT:USDT 更新止盈 0.1071
2025-12-23 06:21:00 [ERROR] [PROTECT ERROR] LUMIA/USDT:USDT 更新止损失败: Algo order HTTP 400: {'code': -2021, 'msg': 'Order would immediately trigger.'}
2025-12-23 06:21:00 [INFO] [MONITOR] 持仓#1 symbol=LUMIA/USDT:USDT qty=163.3 tp=0.1071 sl=0.1179 entry_time=2025-12-23 05:30:01 min_price=0.1085
2025-12-23 06:21:00 [INFO] [SCAN] 非15分钟节点，跳过开仓扫描
2025-12-23 06:21:00 [INFO] [WAIT] 等待 59.7 秒进入下一轮
2025-12-23 06:22:00 [INFO] [CANCEL] LUMIA/USDT:USDT 已取消止盈单 4000000109907540
2025-12-23 06:22:00 [WARNING] [CANCEL WARNING] LUMIA/USDT:USDT Algo接口取消止损单失败 (4000000109745039): Algo cancel HTTP 400: {'code': -2011, 'msg': 'Unknown order sent.'}
2025-12-23 06:22:00 [INFO] [PROTECT] LUMIA/USDT:USDT 更新止盈 0.1071
2025-12-23 06:22:00 [ERROR] [PROTECT ERROR] LUMIA/USDT:USDT 更新止损失败: Algo order HTTP 400: {'code': -2021, 'msg': 'Order would immediately trigger.'}
2025-12-23 06:22:00 [INFO] [MONITOR] 持仓#1 symbol=LUMIA/USDT:USDT qty=163.3 tp=0.1071 sl=0.1179 entry_time=2025-12-23 05:30:01 min_price=0.1085
2025-12-23 06:22:00 [INFO] [SCAN] 非15分钟节点，跳过开仓扫描
2025-12-23 06:22:00 [INFO] [WAIT] 等待 59.7 秒进入下一轮
2025-12-23 06:23:00 [INFO] [CANCEL] LUMIA/USDT:USDT 已取消止盈单 4000000109916721
2025-12-23 06:23:00 [WARNING] [CANCEL WARNING] LUMIA/USDT:USDT Algo接口取消止损单失败 (4000000109745039): Algo cancel HTTP 400: {'code': -2011, 'msg': 'Unknown order sent.'}
2025-12-23 06:23:00 [INFO] [PROTECT] LUMIA/USDT:USDT 更新止盈 0.1071
2025-12-23 06:23:00 [ERROR] [PROTECT ERROR] LUMIA/USDT:USDT 更新止损失败: Algo order HTTP 400: {'code': -2021, 'msg': 'Order would immediately trigger.'}
2025-12-23 06:23:00 [INFO] [MONITOR] 持仓#1 symbol=LUMIA/USDT:USDT qty=163.3 tp=0.1071 sl=0.1179 entry_time=2025-12-23 05:30:01 min_price=0.1085
2025-12-23 06:23:00 [INFO] [SCAN] 非15分钟节点，跳过开仓扫描
2025-12-23 06:23:00 [INFO] [WAIT] 等待 59.7 秒进入下一轮
2025-12-23 06:24:00 [INFO] [CANCEL] LUMIA/USDT:USDT 已取消止盈单 4000000109926804
2025-12-23 06:24:00 [WARNING] [CANCEL WARNING] LUMIA/USDT:USDT Algo接口取消止损单失败 (4000000109745039): Algo cancel HTTP 400: {'code': -2011, 'msg': 'Unknown order sent.'}
2025-12-23 06:24:00 [INFO] [PROTECT] LUMIA/USDT:USDT 更新止盈 0.1071
2025-12-23 06:24:00 [ERROR] [PROTECT ERROR] LUMIA/USDT:USDT 更新止损失败: Algo order HTTP 400: {'code': -2021, 'msg': 'Order would immediately trigger.'}
2025-12-23 06:24:00 [INFO] [MONITOR] 持仓#1 symbol=LUMIA/USDT:USDT qty=163.3 tp=0.1071 sl=0.1179 entry_time=2025-12-23 05:30:01 min_price=0.1085
2025-12-23 06:24:00 [INFO] [SCAN] 非15分钟节点，跳过开仓扫描
2025-12-23 06:24:00 [INFO] [WAIT] 等待 59.7 秒进入下一轮
2025-12-23 06:25:00 [INFO] [CANCEL] LUMIA/USDT:USDT 已取消止盈单 4000000109936981
2025-12-23 06:25:00 [WARNING] [CANCEL WARNING] LUMIA/USDT:USDT Algo接口取消止损单失败 (4000000109745039): Algo cancel HTTP 400: {'code': -2011, 'msg': 'Unknown order sent.'}
2025-12-23 06:25:00 [INFO] [PROTECT] LUMIA/USDT:USDT 更新止盈 0.1071
2025-12-23 06:25:00 [ERROR] [PROTECT ERROR] LUMIA/USDT:USDT 更新止损失败: Algo order HTTP 400: {'code': -2021, 'msg': 'Order would immediately trigger.'}
2025-12-23 06:25:00 [INFO] [MONITOR] 持仓#1 symbol=LUMIA/USDT:USDT qty=163.3 tp=0.1071 sl=0.1179 entry_time=2025-12-23 05:30:01 min_price=0.1085
2025-12-23 06:25:00 [INFO] [SCAN] 非15分钟节点，跳过开仓扫描
2025-12-23 06:25:00 [INFO] [WAIT] 等待 59.8 秒进入下一轮
2025-12-23 06:26:00 [INFO] [CANCEL] LUMIA/USDT:USDT 已取消止盈单 4000000109947139
2025-12-23 06:26:00 [WARNING] [CANCEL WARNING] LUMIA/USDT:USDT Algo接口取消止损单失败 (4000000109745039): Algo cancel HTTP 400: {'code': -2011, 'msg': 'Unknown order sent.'}
2025-12-23 06:26:00 [INFO] [PROTECT] LUMIA/USDT:USDT 更新止盈 0.1071
2025-12-23 06:26:00 [ERROR] [PROTECT ERROR] LUMIA/USDT:USDT 更新止损失败: Algo order HTTP 400: {'code': -2021, 'msg': 'Order would immediately trigger.'}
2025-12-23 06:26:00 [INFO] [MONITOR] 持仓#1 symbol=LUMIA/USDT:USDT qty=163.3 tp=0.1071 sl=0.1179 entry_time=2025-12-23 05:30:01 min_price=0.1085
2025-12-23 06:26:00 [INFO] [SCAN] 非15分钟节点，跳过开仓扫描
2025-12-23 06:26:00 [INFO] [WAIT] 等待 59.8 秒进入下一轮
2025-12-23 06:27:00 [INFO] [CANCEL] LUMIA/USDT:USDT 已取消止盈单 4000000109957938
2025-12-23 06:27:00 [WARNING] [CANCEL WARNING] LUMIA/USDT:USDT Algo接口取消止损单失败 (4000000109745039): Algo cancel HTTP 400: {'code': -2011, 'msg': 'Unknown order sent.'}
2025-12-23 06:27:00 [INFO] [PROTECT] LUMIA/USDT:USDT 更新止盈 0.1071
2025-12-23 06:27:00 [ERROR] [PROTECT ERROR] LUMIA/USDT:USDT 更新止损失败: Algo order HTTP 400: {'code': -2021, 'msg': 'Order would immediately trigger.'}
2025-12-23 06:27:00 [INFO] [MONITOR] 持仓#1 symbol=LUMIA/USDT:USDT qty=163.3 tp=0.1071 sl=0.1179 entry_time=2025-12-23 05:30:01 min_price=0.1085
2025-12-23 06:27:00 [INFO] [SCAN] 非15分钟节点，跳过开仓扫描
2025-12-23 06:27:00 [INFO] [WAIT] 等待 59.7 秒进入下一轮
2025-12-23 06:28:00 [INFO] [CANCEL] LUMIA/USDT:USDT 已取消止盈单 4000000109968320
2025-12-23 06:28:00 [WARNING] [CANCEL WARNING] LUMIA/USDT:USDT Algo接口取消止损单失败 (4000000109745039): Algo cancel HTTP 400: {'code': -2011, 'msg': 'Unknown order sent.'}
2025-12-23 06:28:00 [INFO] [PROTECT] LUMIA/USDT:USDT 更新止盈 0.1071
2025-12-23 06:28:00 [ERROR] [PROTECT ERROR] LUMIA/USDT:USDT 更新止损失败: Algo order HTTP 400: {'code': -2021, 'msg': 'Order would immediately trigger.'}
2025-12-23 06:28:00 [INFO] [MONITOR] 持仓#1 symbol=LUMIA/USDT:USDT qty=163.3 tp=0.1071 sl=0.1179 entry_time=2025-12-23 05:30:01 min_price=0.1085
2025-12-23 06:28:00 [INFO] [SCAN] 非15分钟节点，跳过开仓扫描
2025-12-23 06:28:00 [INFO] [WAIT] 等待 59.7 秒进入下一轮
2025-12-23 06:29:00 [INFO] [CANCEL] LUMIA/USDT:USDT 已取消止盈单 4000000109976006
2025-12-23 06:29:00 [WARNING] [CANCEL WARNING] LUMIA/USDT:USDT Algo接口取消止损单失败 (4000000109745039): Algo cancel HTTP 400: {'code': -2011, 'msg': 'Unknown order sent.'}
2025-12-23 06:29:00 [INFO] [PROTECT] LUMIA/USDT:USDT 更新止盈 0.1071
2025-12-23 06:29:00 [ERROR] [PROTECT ERROR] LUMIA/USDT:USDT 更新止损失败: Algo order HTTP 400: {'code': -2021, 'msg': 'Order would immediately trigger.'}
2025-12-23 06:29:00 [INFO] [MONITOR] 持仓#1 symbol=LUMIA/USDT:USDT qty=163.3 tp=0.1071 sl=0.1179 entry_time=2025-12-23 05:30:01 min_price=0.1085
2025-12-23 06:29:00 [INFO] [SCAN] 非15分钟节点，跳过开仓扫描
2025-12-23 06:29:00 [INFO] [WAIT] 等待 59.7 秒进入下一轮
2025-12-23 06:30:00 [INFO] [CANCEL] LUMIA/USDT:USDT 已取消止盈单 4000000109984241
2025-12-23 06:30:00 [WARNING] [CANCEL WARNING] LUMIA/USDT:USDT Algo接口取消止损单失败 (4000000109745039): Algo cancel HTTP 400: {'code': -2011, 'msg': 'Unknown order sent.'}
2025-12-23 06:30:00 [INFO] [PROTECT] LUMIA/USDT:USDT 更新止盈 0.1071
2025-12-23 06:30:00 [ERROR] [PROTECT ERROR] LUMIA/USDT:USDT 更新止损失败: Algo order HTTP 400: {'code': -2021, 'msg': 'Order would immediately trigger.'}
2025-12-23 06:30:00 [INFO] [MONITOR] 持仓#1 symbol=LUMIA/USDT:USDT qty=163.3 tp=0.1071 sl=0.1179 entry_time=2025-12-23 05:30:01 min_price=0.1085
2025-12-23 06:30:00 [INFO] [SCAN] 本轮扫描交易对数量: 217
2025-12-23 06:30:02 [INFO] [SCAN] 本轮无满足条件的标的
2025-12-23 06:30:02 [INFO] [WAIT] 等待 57.9 秒进入下一轮
2025-12-23 06:31:00 [INFO] [CANCEL] LUMIA/USDT:USDT 已取消止盈单 4000000109991548
2025-12-23 06:31:00 [WARNING] [CANCEL WARNING] LUMIA/USDT:USDT Algo接口取消止损单失败 (4000000109745039): Algo cancel HTTP 400: {'code': -2011, 'msg': 'Unknown order sent.'}
2025-12-23 06:31:00 [INFO] [PROTECT] LUMIA/USDT:USDT 更新止盈 0.1071
2025-12-23 06:31:00 [ERROR] [PROTECT ERROR] LUMIA/USDT:USDT 更新止损失败: Algo order HTTP 400: {'code': -2021, 'msg': 'Order would immediately trigger.'}
2025-12-23 06:31:00 [INFO] [MONITOR] 持仓#1 symbol=LUMIA/USDT:USDT qty=163.3 tp=0.1071 sl=0.1179 entry_time=2025-12-23 05:30:01 min_price=0.1085
2025-12-23 06:31:00 [INFO] [SCAN] 非15分钟节点，跳过开仓扫描
2025-12-23 06:31:00 [INFO] [WAIT] 等待 59.7 秒进入下一轮
2025-12-23 06:32:00 [INFO] [CANCEL] LUMIA/USDT:USDT 已取消止盈单 4000000110001621
2025-12-23 06:32:00 [WARNING] [CANCEL WARNING] LUMIA/USDT:USDT Algo接口取消止损单失败 (4000000109745039): Algo cancel HTTP 400: {'code': -2011, 'msg': 'Unknown order sent.'}
2025-12-23 06:32:00 [INFO] [PROTECT] LUMIA/USDT:USDT 更新止盈 0.1071
2025-12-23 06:32:00 [ERROR] [PROTECT ERROR] LUMIA/USDT:USDT 更新止损失败: Algo order HTTP 400: {'code': -2021, 'msg': 'Order would immediately trigger.'}
2025-12-23 06:32:00 [INFO] [MONITOR] 持仓#1 symbol=LUMIA/USDT:USDT qty=163.3 tp=0.1071 sl=0.1179 entry_time=2025-12-23 05:30:01 min_price=0.1085
2025-12-23 06:32:00 [INFO] [SCAN] 非15分钟节点，跳过开仓扫描
2025-12-23 06:32:00 [INFO] [WAIT] 等待 59.8 秒进入下一轮
2025-12-23 06:33:00 [INFO] [CANCEL] LUMIA/USDT:USDT 已取消止盈单 4000000110010594
2025-12-23 06:33:00 [WARNING] [CANCEL WARNING] LUMIA/USDT:USDT Algo接口取消止损单失败 (4000000109745039): Algo cancel HTTP 400: {'code': -2011, 'msg': 'Unknown order sent.'}
2025-12-23 06:33:00 [INFO] [PROTECT] LUMIA/USDT:USDT 更新止盈 0.1071
2025-12-23 06:33:00 [ERROR] [PROTECT ERROR] LUMIA/USDT:USDT 更新止损失败: Algo order HTTP 400: {'code': -2021, 'msg': 'Order would immediately trigger.'}
2025-12-23 06:33:00 [INFO] [MONITOR] 持仓#1 symbol=LUMIA/USDT:USDT qty=163.3 tp=0.1071 sl=0.1179 entry_time=2025-12-23 05:30:01 min_price=0.1085
2025-12-23 06:33:00 [INFO] [SCAN] 非15分钟节点，跳过开仓扫描
2025-12-23 06:33:00 [INFO] [WAIT] 等待 59.7 秒进入下一轮
2025-12-23 06:34:00 [INFO] [CANCEL] LUMIA/USDT:USDT 已取消止盈单 4000000110019944
2025-12-23 06:34:00 [WARNING] [CANCEL WARNING] LUMIA/USDT:USDT Algo接口取消止损单失败 (4000000109745039): Algo cancel HTTP 400: {'code': -2011, 'msg': 'Unknown order sent.'}
2025-12-23 06:34:00 [INFO] [PROTECT] LUMIA/USDT:USDT 更新止盈 0.1071
2025-12-23 06:34:00 [ERROR] [PROTECT ERROR] LUMIA/USDT:USDT 更新止损失败: Algo order HTTP 400: {'code': -2021, 'msg': 'Order would immediately trigger.'}
2025-12-23 06:34:00 [INFO] [MONITOR] 持仓#1 symbol=LUMIA/USDT:USDT qty=163.3 tp=0.1071 sl=0.1179 entry_time=2025-12-23 05:30:01 min_price=0.1085
2025-12-23 06:34:00 [INFO] [SCAN] 非15分钟节点，跳过开仓扫描
2025-12-23 06:34:00 [INFO] [WAIT] 等待 59.7 秒进入下一轮
2025-12-23 06:35:00 [INFO] [CANCEL] LUMIA/USDT:USDT 已取消止盈单 4000000110028693
2025-12-23 06:35:00 [WARNING] [CANCEL WARNING] LUMIA/USDT:USDT Algo接口取消止损单失败 (4000000109745039): Algo cancel HTTP 400: {'code': -2011, 'msg': 'Unknown order sent.'}
2025-12-23 06:35:00 [INFO] [PROTECT] LUMIA/USDT:USDT 更新止盈 0.1071
2025-12-23 06:35:00 [ERROR] [PROTECT ERROR] LUMIA/USDT:USDT 更新止损失败: Algo order HTTP 400: {'code': -2021, 'msg': 'Order would immediately trigger.'}
2025-12-23 06:35:00 [INFO] [MONITOR] 持仓#1 symbol=LUMIA/USDT:USDT qty=163.3 tp=0.1071 sl=0.1179 entry_time=2025-12-23 05:30:01 min_price=0.1085
2025-12-23 06:35:00 [INFO] [SCAN] 非15分钟节点，跳过开仓扫描
2025-12-23 06:35:00 [INFO] [WAIT] 等待 59.7 秒进入下一轮
2025-12-23 06:36:00 [INFO] [CANCEL] LUMIA/USDT:USDT 已取消止盈单 4000000110037412
2025-12-23 06:36:00 [WARNING] [CANCEL WARNING] LUMIA/USDT:USDT Algo接口取消止损单失败 (4000000109745039): Algo cancel HTTP 400: {'code': -2011, 'msg': 'Unknown order sent.'}
2025-12-23 06:36:00 [INFO] [PROTECT] LUMIA/USDT:USDT 更新止盈 0.1071
2025-12-23 06:36:00 [ERROR] [PROTECT ERROR] LUMIA/USDT:USDT 更新止损失败: Algo order HTTP 400: {'code': -2021, 'msg': 'Order would immediately trigger.'}
2025-12-23 06:36:00 [INFO] [MONITOR] 持仓#1 symbol=LUMIA/USDT:USDT qty=163.3 tp=0.1071 sl=0.1179 entry_time=2025-12-23 05:30:01 min_price=0.1085
2025-12-23 06:36:00 [INFO] [SCAN] 非15分钟节点，跳过开仓扫描
2025-12-23 06:36:00 [INFO] [WAIT] 等待 59.7 秒进入下一轮
2025-12-23 06:37:00 [INFO] [CANCEL] LUMIA/USDT:USDT 已取消止盈单 4000000110046700
2025-12-23 06:37:00 [WARNING] [CANCEL WARNING] LUMIA/USDT:USDT Algo接口取消止损单失败 (4000000109745039): Algo cancel HTTP 400: {'code': -2011, 'msg': 'Unknown order sent.'}
2025-12-23 06:37:00 [INFO] [PROTECT] LUMIA/USDT:USDT 更新止盈 0.1071
2025-12-23 06:37:00 [ERROR] [PROTECT ERROR] LUMIA/USDT:USDT 更新止损失败: Algo order HTTP 400: {'code': -2021, 'msg': 'Order would immediately trigger.'}
2025-12-23 06:37:00 [INFO] [MONITOR] 持仓#1 symbol=LUMIA/USDT:USDT qty=163.3 tp=0.1071 sl=0.1179 entry_time=2025-12-23 05:30:01 min_price=0.1085
2025-12-23 06:37:00 [INFO] [SCAN] 非15分钟节点，跳过开仓扫描
2025-12-23 06:37:00 [INFO] [WAIT] 等待 59.8 秒进入下一轮
2025-12-23 06:38:00 [INFO] [CANCEL] LUMIA/USDT:USDT 已取消止盈单 4000000110054326
2025-12-23 06:38:00 [WARNING] [CANCEL WARNING] LUMIA/USDT:USDT Algo接口取消止损单失败 (4000000109745039): Algo cancel HTTP 400: {'code': -2011, 'msg': 'Unknown order sent.'}
2025-12-23 06:38:00 [INFO] [PROTECT] LUMIA/USDT:USDT 更新止盈 0.1071
2025-12-23 06:38:00 [ERROR] [PROTECT ERROR] LUMIA/USDT:USDT 更新止损失败: Algo order HTTP 400: {'code': -2021, 'msg': 'Order would immediately trigger.'}
2025-12-23 06:38:00 [INFO] [MONITOR] 持仓#1 symbol=LUMIA/USDT:USDT qty=163.3 tp=0.1071 sl=0.1179 entry_time=2025-12-23 05:30:01 min_price=0.1085
2025-12-23 06:38:00 [INFO] [SCAN] 非15分钟节点，跳过开仓扫描
2025-12-23 06:38:00 [INFO] [WAIT] 等待 59.7 秒进入下一轮
2025-12-23 06:39:00 [INFO] [CANCEL] LUMIA/USDT:USDT 已取消止盈单 4000000110062366
2025-12-23 06:39:00 [WARNING] [CANCEL WARNING] LUMIA/USDT:USDT Algo接口取消止损单失败 (4000000109745039): Algo cancel HTTP 400: {'code': -2011, 'msg': 'Unknown order sent.'}
2025-12-23 06:39:00 [INFO] [PROTECT] LUMIA/USDT:USDT 更新止盈 0.1071
2025-12-23 06:39:00 [ERROR] [PROTECT ERROR] LUMIA/USDT:USDT 更新止损失败: Algo order HTTP 400: {'code': -2021, 'msg': 'Order would immediately trigger.'}
2025-12-23 06:39:00 [INFO] [MONITOR] 持仓#1 symbol=LUMIA/USDT:USDT qty=163.3 tp=0.1071 sl=0.1179 entry_time=2025-12-23 05:30:01 min_price=0.1085
2025-12-23 06:39:00 [INFO] [SCAN] 非15分钟节点，跳过开仓扫描
2025-12-23 06:39:00 [INFO] [WAIT] 等待 59.8 秒进入下一轮
2025-12-23 06:40:00 [INFO] [CANCEL] LUMIA/USDT:USDT 已取消止盈单 4000000110069940
2025-12-23 06:40:00 [WARNING] [CANCEL WARNING] LUMIA/USDT:USDT Algo接口取消止损单失败 (4000000109745039): Algo cancel HTTP 400: {'code': -2011, 'msg': 'Unknown order sent.'}
2025-12-23 06:40:00 [INFO] [PROTECT] LUMIA/USDT:USDT 更新止盈 0.1071
2025-12-23 06:40:00 [ERROR] [PROTECT ERROR] LUMIA/USDT:USDT 更新止损失败: Algo order HTTP 400: {'code': -2021, 'msg': 'Order would immediately trigger.'}
2025-12-23 06:40:00 [INFO] [MONITOR] 持仓#1 symbol=LUMIA/USDT:USDT qty=163.3 tp=0.1071 sl=0.1179 entry_time=2025-12-23 05:30:01 min_price=0.1085
2025-12-23 06:40:00 [INFO] [SCAN] 非15分钟节点，跳过开仓扫描
2025-12-23 06:40:00 [INFO] [WAIT] 等待 59.7 秒进入下一轮
2025-12-23 06:41:00 [INFO] [CANCEL] LUMIA/USDT:USDT 已取消止盈单 4000000110078012
2025-12-23 06:41:00 [WARNING] [CANCEL WARNING] LUMIA/USDT:USDT Algo接口取消止损单失败 (4000000109745039): Algo cancel HTTP 400: {'code': -2011, 'msg': 'Unknown order sent.'}
2025-12-23 06:41:00 [INFO] [PROTECT] LUMIA/USDT:USDT 更新止盈 0.1071
2025-12-23 06:41:00 [ERROR] [PROTECT ERROR] LUMIA/USDT:USDT 更新止损失败: Algo order HTTP 400: {'code': -2021, 'msg': 'Order would immediately trigger.'}
2025-12-23 06:41:00 [INFO] [MONITOR] 持仓#1 symbol=LUMIA/USDT:USDT qty=163.3 tp=0.1071 sl=0.1179 entry_time=2025-12-23 05:30:01 min_price=0.1085
2025-12-23 06:41:00 [INFO] [SCAN] 非15分钟节点，跳过开仓扫描
2025-12-23 06:41:00 [INFO] [WAIT] 等待 59.8 秒进入下一轮
2025-12-23 06:42:00 [WARNING] [KLINE WARNING] 获取 LUMIA/USDT:USDT 1m K线失败: binance GET https://fapi.binance.com/fapi/v1/klines?interval=1m&limit=2&symbol=LUMIAUSDT
2025-12-23 06:42:00 [ERROR] [ERROR] 主循环异常: 'NoneType' object is not subscriptable
2025-12-23 06:42:00 [INFO] [WAIT] 等待 60.0 秒进入下一轮
2025-12-23 06:43:00 [INFO] [CANCEL] LUMIA/USDT:USDT 已取消止盈单 4000000110085340
2025-12-23 06:43:00 [WARNING] [CANCEL WARNING] LUMIA/USDT:USDT Algo接口取消止损单失败 (4000000109745039): Algo cancel HTTP 400: {'code': -2011, 'msg': 'Unknown order sent.'}
2025-12-23 06:43:00 [INFO] [PROTECT] LUMIA/USDT:USDT 更新止盈 0.1071
2025-12-23 06:43:00 [ERROR] [PROTECT ERROR] LUMIA/USDT:USDT 更新止损失败: Algo order HTTP 400: {'code': -2021, 'msg': 'Order would immediately trigger.'}
2025-12-23 06:43:00 [INFO] [MONITOR] 持仓#1 symbol=LUMIA/USDT:USDT qty=163.3 tp=0.1071 sl=0.1179 entry_time=2025-12-23 05:30:01 min_price=0.1085
2025-12-23 06:43:00 [INFO] [SCAN] 非15分钟节点，跳过开仓扫描
2025-12-23 06:43:00 [INFO] [WAIT] 等待 59.7 秒进入下一轮
2025-12-23 06:44:00 [INFO] [CANCEL] LUMIA/USDT:USDT 已取消止盈单 4000000110101951
2025-12-23 06:44:00 [WARNING] [CANCEL WARNING] LUMIA/USDT:USDT Algo接口取消止损单失败 (4000000109745039): Algo cancel HTTP 400: {'code': -2011, 'msg': 'Unknown order sent.'}
2025-12-23 06:44:00 [INFO] [PROTECT] LUMIA/USDT:USDT 更新止盈 0.1071
2025-12-23 06:44:00 [ERROR] [PROTECT ERROR] LUMIA/USDT:USDT 更新止损失败: Algo order HTTP 400: {'code': -2021, 'msg': 'Order would immediately trigger.'}
2025-12-23 06:44:00 [INFO] [MONITOR] 持仓#1 symbol=LUMIA/USDT:USDT qty=163.3 tp=0.1071 sl=0.1179 entry_time=2025-12-23 05:30:01 min_price=0.1085
2025-12-23 06:44:00 [INFO] [SCAN] 非15分钟节点，跳过开仓扫描
2025-12-23 06:44:00 [INFO] [WAIT] 等待 59.7 秒进入下一轮
2025-12-23 06:45:00 [INFO] [CANCEL] LUMIA/USDT:USDT 已取消止盈单 4000000110110064
2025-12-23 06:45:00 [WARNING] [CANCEL WARNING] LUMIA/USDT:USDT Algo接口取消止损单失败 (4000000109745039): Algo cancel HTTP 400: {'code': -2011, 'msg': 'Unknown order sent.'}
2025-12-23 06:45:00 [INFO] [PROTECT] LUMIA/USDT:USDT 更新止盈 0.1071
2025-12-23 06:45:00 [ERROR] [PROTECT ERROR] LUMIA/USDT:USDT 更新止损失败: Algo order HTTP 400: {'code': -2021, 'msg': 'Order would immediately trigger.'}
2025-12-23 06:45:00 [INFO] [MONITOR] 持仓#1 symbol=LUMIA/USDT:USDT qty=163.3 tp=0.1071 sl=0.1179 entry_time=2025-12-23 05:30:01 min_price=0.1085
2025-12-23 06:45:00 [INFO] [SCAN] 本轮扫描交易对数量: 217
2025-12-23 06:45:02 [INFO] [SCAN] 本轮无满足条件的标的
2025-12-23 06:45:02 [INFO] [WAIT] 等待 57.2 秒进入下一轮
2025-12-23 06:46:00 [INFO] [CANCEL] LUMIA/USDT:USDT 已取消止盈单 4000000110117831
2025-12-23 06:46:00 [WARNING] [CANCEL WARNING] LUMIA/USDT:USDT Algo接口取消止损单失败 (4000000109745039): Algo cancel HTTP 400: {'code': -2011, 'msg': 'Unknown order sent.'}
2025-12-23 06:46:00 [INFO] [PROTECT] LUMIA/USDT:USDT 更新止盈 0.1071
2025-12-23 06:46:00 [ERROR] [PROTECT ERROR] LUMIA/USDT:USDT 更新止损失败: Algo order HTTP 400: {'code': -2021, 'msg': 'Order would immediately trigger.'}
2025-12-23 06:46:00 [INFO] [MONITOR] 持仓#1 symbol=LUMIA/USDT:USDT qty=163.3 tp=0.1071 sl=0.1179 entry_time=2025-12-23 05:30:01 min_price=0.1085
2025-12-23 06:46:00 [INFO] [SCAN] 非15分钟节点，跳过开仓扫描
2025-12-23 06:46:00 [INFO] [WAIT] 等待 59.7 秒进入下一轮
2025-12-23 06:47:00 [WARNING] [KLINE WARNING] 获取 LUMIA/USDT:USDT 1m K线失败: binance GET https://fapi.binance.com/fapi/v1/klines?interval=1m&limit=2&symbol=LUMIAUSDT
2025-12-23 06:47:00 [ERROR] [ERROR] 主循环异常: 'NoneType' object is not subscriptable
2025-12-23 06:47:00 [INFO] [WAIT] 等待 59.9 秒进入下一轮
2025-12-23 06:48:00 [INFO] [CANCEL] LUMIA/USDT:USDT 已取消止盈单 4000000110125261
2025-12-23 06:48:00 [WARNING] [CANCEL WARNING] LUMIA/USDT:USDT Algo接口取消止损单失败 (4000000109745039): Algo cancel HTTP 400: {'code': -2011, 'msg': 'Unknown order sent.'}
2025-12-23 06:48:00 [INFO] [PROTECT] LUMIA/USDT:USDT 更新止盈 0.1071
2025-12-23 06:48:00 [ERROR] [PROTECT ERROR] LUMIA/USDT:USDT 更新止损失败: Algo order HTTP 400: {'code': -2021, 'msg': 'Order would immediately trigger.'}
2025-12-23 06:48:00 [INFO] [MONITOR] 持仓#1 symbol=LUMIA/USDT:USDT qty=163.3 tp=0.1071 sl=0.1179 entry_time=2025-12-23 05:30:01 min_price=0.1085
2025-12-23 06:48:00 [INFO] [SCAN] 非15分钟节点，跳过开仓扫描
2025-12-23 06:48:00 [INFO] [WAIT] 等待 59.7 秒进入下一轮
2025-12-23 06:49:00 [INFO] [CANCEL] LUMIA/USDT:USDT 已取消止盈单 4000000110139926
2025-12-23 06:49:00 [WARNING] [CANCEL WARNING] LUMIA/USDT:USDT Algo接口取消止损单失败 (4000000109745039): Algo cancel HTTP 400: {'code': -2011, 'msg': 'Unknown order sent.'}
2025-12-23 06:49:00 [INFO] [PROTECT] LUMIA/USDT:USDT 更新止盈 0.1071
2025-12-23 06:49:00 [ERROR] [PROTECT ERROR] LUMIA/USDT:USDT 更新止损失败: Algo order HTTP 400: {'code': -2021, 'msg': 'Order would immediately trigger.'}
2025-12-23 06:49:00 [INFO] [MONITOR] 持仓#1 symbol=LUMIA/USDT:USDT qty=163.3 tp=0.1071 sl=0.1179 entry_time=2025-12-23 05:30:01 min_price=0.1085
2025-12-23 06:49:00 [INFO] [SCAN] 非15分钟节点，跳过开仓扫描
2025-12-23 06:49:00 [INFO] [WAIT] 等待 59.7 秒进入下一轮
2025-12-23 06:50:00 [INFO] [CANCEL] LUMIA/USDT:USDT 已取消止盈单 4000000110147870
2025-12-23 06:50:00 [WARNING] [CANCEL WARNING] LUMIA/USDT:USDT Algo接口取消止损单失败 (4000000109745039): Algo cancel HTTP 400: {'code': -2011, 'msg': 'Unknown order sent.'}
2025-12-23 06:50:00 [INFO] [PROTECT] LUMIA/USDT:USDT 更新止盈 0.1071
2025-12-23 06:50:00 [ERROR] [PROTECT ERROR] LUMIA/USDT:USDT 更新止损失败: Algo order HTTP 400: {'code': -2021, 'msg': 'Order would immediately trigger.'}
2025-12-23 06:50:00 [INFO] [MONITOR] 持仓#1 symbol=LUMIA/USDT:USDT qty=163.3 tp=0.1071 sl=0.1179 entry_time=2025-12-23 05:30:01 min_price=0.1085
2025-12-23 06:50:00 [INFO] [SCAN] 非15分钟节点，跳过开仓扫描
2025-12-23 06:50:00 [INFO] [WAIT] 等待 59.7 秒进入下一轮
2025-12-23 06:51:00 [INFO] [CANCEL] LUMIA/USDT:USDT 已取消止盈单 4000000110155258
2025-12-23 06:51:00 [WARNING] [CANCEL WARNING] LUMIA/USDT:USDT Algo接口取消止损单失败 (4000000109745039): Algo cancel HTTP 400: {'code': -2011, 'msg': 'Unknown order sent.'}
2025-12-23 06:51:00 [INFO] [PROTECT] LUMIA/USDT:USDT 更新止盈 0.1071
2025-12-23 06:51:00 [ERROR] [PROTECT ERROR] LUMIA/USDT:USDT 更新止损失败: Algo order HTTP 400: {'code': -2021, 'msg': 'Order would immediately trigger.'}
2025-12-23 06:51:00 [INFO] [MONITOR] 持仓#1 symbol=LUMIA/USDT:USDT qty=163.3 tp=0.1071 sl=0.1179 entry_time=2025-12-23 05:30:01 min_price=0.1085
2025-12-23 06:51:00 [INFO] [SCAN] 非15分钟节点，跳过开仓扫描
2025-12-23 06:51:00 [INFO] [WAIT] 等待 59.7 秒进入下一轮
2025-12-23 06:52:00 [INFO] [CANCEL] LUMIA/USDT:USDT 已取消止盈单 4000000110163485
2025-12-23 06:52:00 [WARNING] [CANCEL WARNING] LUMIA/USDT:USDT Algo接口取消止损单失败 (4000000109745039): Algo cancel HTTP 400: {'code': -2011, 'msg': 'Unknown order sent.'}
2025-12-23 06:52:00 [INFO] [PROTECT] LUMIA/USDT:USDT 更新止盈 0.1071
2025-12-23 06:52:00 [ERROR] [PROTECT ERROR] LUMIA/USDT:USDT 更新止损失败: Algo order HTTP 400: {'code': -2021, 'msg': 'Order would immediately trigger.'}
2025-12-23 06:52:00 [INFO] [MONITOR] 持仓#1 symbol=LUMIA/USDT:USDT qty=163.3 tp=0.1071 sl=0.1179 entry_time=2025-12-23 05:30:01 min_price=0.1085
2025-12-23 06:52:00 [INFO] [SCAN] 非15分钟节点，跳过开仓扫描
2025-12-23 06:52:00 [INFO] [WAIT] 等待 59.7 秒进入下一轮
2025-12-23 06:53:00 [INFO] [CANCEL] LUMIA/USDT:USDT 已取消止盈单 4000000110171447
2025-12-23 06:53:00 [WARNING] [CANCEL WARNING] LUMIA/USDT:USDT Algo接口取消止损单失败 (4000000109745039): Algo cancel HTTP 400: {'code': -2011, 'msg': 'Unknown order sent.'}
2025-12-23 06:53:00 [INFO] [PROTECT] LUMIA/USDT:USDT 更新止盈 0.1071
2025-12-23 06:53:00 [ERROR] [PROTECT ERROR] LUMIA/USDT:USDT 更新止损失败: Algo order HTTP 400: {'code': -2021, 'msg': 'Order would immediately trigger.'}
2025-12-23 06:53:00 [INFO] [MONITOR] 持仓#1 symbol=LUMIA/USDT:USDT qty=163.3 tp=0.1071 sl=0.1179 entry_time=2025-12-23 05:30:01 min_price=0.1085
2025-12-23 06:53:00 [INFO] [SCAN] 非15分钟节点，跳过开仓扫描
2025-12-23 06:53:00 [INFO] [WAIT] 等待 59.7 秒进入下一轮
2025-12-23 06:54:00 [INFO] [CANCEL] LUMIA/USDT:USDT 已取消止盈单 4000000110179444
2025-12-23 06:54:00 [WARNING] [CANCEL WARNING] LUMIA/USDT:USDT Algo接口取消止损单失败 (4000000109745039): Algo cancel HTTP 400: {'code': -2011, 'msg': 'Unknown order sent.'}
2025-12-23 06:54:00 [INFO] [PROTECT] LUMIA/USDT:USDT 更新止盈 0.1071
2025-12-23 06:54:00 [ERROR] [PROTECT ERROR] LUMIA/USDT:USDT 更新止损失败: Algo order HTTP 400: {'code': -2021, 'msg': 'Order would immediately trigger.'}
2025-12-23 06:54:00 [INFO] [MONITOR] 持仓#1 symbol=LUMIA/USDT:USDT qty=163.3 tp=0.1071 sl=0.1179 entry_time=2025-12-23 05:30:01 min_price=0.1085
2025-12-23 06:54:00 [INFO] [SCAN] 非15分钟节点，跳过开仓扫描
2025-12-23 06:54:00 [INFO] [WAIT] 等待 59.7 秒进入下一轮
2025-12-23 06:55:00 [INFO] [CANCEL] LUMIA/USDT:USDT 已取消止盈单 4000000110188094
2025-12-23 06:55:00 [WARNING] [CANCEL WARNING] LUMIA/USDT:USDT Algo接口取消止损单失败 (4000000109745039): Algo cancel HTTP 400: {'code': -2011, 'msg': 'Unknown order sent.'}
2025-12-23 06:55:00 [INFO] [PROTECT] LUMIA/USDT:USDT 更新止盈 0.1071
2025-12-23 06:55:00 [ERROR] [PROTECT ERROR] LUMIA/USDT:USDT 更新止损失败: Algo order HTTP 400: {'code': -2021, 'msg': 'Order would immediately trigger.'}
2025-12-23 06:55:00 [INFO] [MONITOR] 持仓#1 symbol=LUMIA/USDT:USDT qty=163.3 tp=0.1071 sl=0.1179 entry_time=2025-12-23 05:30:01 min_price=0.1085
2025-12-23 06:55:00 [INFO] [SCAN] 非15分钟节点，跳过开仓扫描
2025-12-23 06:55:00 [INFO] [WAIT] 等待 59.7 秒进入下一轮
2025-12-23 06:56:00 [INFO] [CANCEL] LUMIA/USDT:USDT 已取消止盈单 4000000110195715
2025-12-23 06:56:00 [WARNING] [CANCEL WARNING] LUMIA/USDT:USDT Algo接口取消止损单失败 (4000000109745039): Algo cancel HTTP 400: {'code': -2011, 'msg': 'Unknown order sent.'}
2025-12-23 06:56:00 [INFO] [PROTECT] LUMIA/USDT:USDT 更新止盈 0.1071
2025-12-23 06:56:00 [ERROR] [PROTECT ERROR] LUMIA/USDT:USDT 更新止损失败: Algo order HTTP 400: {'code': -2021, 'msg': 'Order would immediately trigger.'}
2025-12-23 06:56:00 [INFO] [MONITOR] 持仓#1 symbol=LUMIA/USDT:USDT qty=163.3 tp=0.1071 sl=0.1179 entry_time=2025-12-23 05:30:01 min_price=0.1085
2025-12-23 06:56:00 [INFO] [SCAN] 非15分钟节点，跳过开仓扫描
2025-12-23 06:56:00 [INFO] [WAIT] 等待 59.7 秒进入下一轮
2025-12-23 06:57:00 [INFO] [CANCEL] LUMIA/USDT:USDT 已取消止盈单 4000000110203689
2025-12-23 06:57:00 [WARNING] [CANCEL WARNING] LUMIA/USDT:USDT Algo接口取消止损单失败 (4000000109745039): Algo cancel HTTP 400: {'code': -2011, 'msg': 'Unknown order sent.'}
2025-12-23 06:57:00 [INFO] [PROTECT] LUMIA/USDT:USDT 更新止盈 0.1071
2025-12-23 06:57:00 [ERROR] [PROTECT ERROR] LUMIA/USDT:USDT 更新止损失败: Algo order HTTP 400: {'code': -2021, 'msg': 'Order would immediately trigger.'}
2025-12-23 06:57:00 [INFO] [MONITOR] 持仓#1 symbol=LUMIA/USDT:USDT qty=163.3 tp=0.1071 sl=0.1179 entry_time=2025-12-23 05:30:01 min_price=0.1085
2025-12-23 06:57:00 [INFO] [SCAN] 非15分钟节点，跳过开仓扫描
2025-12-23 06:57:00 [INFO] [WAIT] 等待 59.7 秒进入下一轮
2025-12-23 06:58:00 [INFO] [CANCEL] LUMIA/USDT:USDT 已取消止盈单 4000000110211322
2025-12-23 06:58:00 [WARNING] [CANCEL WARNING] LUMIA/USDT:USDT Algo接口取消止损单失败 (4000000109745039): Algo cancel HTTP 400: {'code': -2011, 'msg': 'Unknown order sent.'}
2025-12-23 06:58:00 [INFO] [PROTECT] LUMIA/USDT:USDT 更新止盈 0.1071
2025-12-23 06:58:00 [ERROR] [PROTECT ERROR] LUMIA/USDT:USDT 更新止损失败: Algo order HTTP 400: {'code': -2021, 'msg': 'Order would immediately trigger.'}
2025-12-23 06:58:00 [INFO] [MONITOR] 持仓#1 symbol=LUMIA/USDT:USDT qty=163.3 tp=0.1071 sl=0.1179 entry_time=2025-12-23 05:30:01 min_price=0.1085
2025-12-23 06:58:00 [INFO] [SCAN] 非15分钟节点，跳过开仓扫描
2025-12-23 06:58:00 [INFO] [WAIT] 等待 59.7 秒进入下一轮
2025-12-23 06:59:00 [INFO] [CANCEL] LUMIA/USDT:USDT 已取消止盈单 4000000110218649
2025-12-23 06:59:00 [WARNING] [CANCEL WARNING] LUMIA/USDT:USDT Algo接口取消止损单失败 (4000000109745039): Algo cancel HTTP 400: {'code': -2011, 'msg': 'Unknown order sent.'}
2025-12-23 06:59:00 [INFO] [PROTECT] LUMIA/USDT:USDT 更新止盈 0.1071
2025-12-23 06:59:00 [ERROR] [PROTECT ERROR] LUMIA/USDT:USDT 更新止损失败: Algo order HTTP 400: {'code': -2021, 'msg': 'Order would immediately trigger.'}
2025-12-23 06:59:00 [INFO] [MONITOR] 持仓#1 symbol=LUMIA/USDT:USDT qty=163.3 tp=0.1071 sl=0.1179 entry_time=2025-12-23 05:30:01 min_price=0.1085
2025-12-23 06:59:00 [INFO] [SCAN] 非15分钟节点，跳过开仓扫描
2025-12-23 06:59:00 [INFO] [WAIT] 等待 59.7 秒进入下一轮
2025-12-23 07:00:00 [INFO] [CANCEL] LUMIA/USDT:USDT 已取消止盈单 4000000110225364
2025-12-23 07:00:00 [WARNING] [CANCEL WARNING] LUMIA/USDT:USDT Algo接口取消止损单失败 (4000000109745039): Algo cancel HTTP 400: {'code': -2011, 'msg': 'Unknown order sent.'}
2025-12-23 07:00:00 [INFO] [PROTECT] LUMIA/USDT:USDT 更新止盈 0.1071
2025-12-23 07:00:00 [ERROR] [PROTECT ERROR] LUMIA/USDT:USDT 更新止损失败: Algo order HTTP 400: {'code': -2021, 'msg': 'Order would immediately trigger.'}
2025-12-23 07:00:00 [INFO] [MONITOR] 持仓#1 symbol=LUMIA/USDT:USDT qty=163.3 tp=0.1071 sl=0.1179 entry_time=2025-12-23 05:30:01 min_price=0.1085
2025-12-23 07:00:00 [INFO] [SCAN] 本轮扫描交易对数量: 217
2025-12-23 07:00:02 [INFO] [SCAN] 本轮无满足条件的标的
2025-12-23 07:00:02 [INFO] [WAIT] 等待 57.8 秒进入下一轮
2025-12-23 07:01:00 [INFO] [CANCEL] LUMIA/USDT:USDT 已取消止盈单 4000000110232178
2025-12-23 07:01:00 [WARNING] [CANCEL WARNING] LUMIA/USDT:USDT Algo接口取消止损单失败 (4000000109745039): Algo cancel HTTP 400: {'code': -2011, 'msg': 'Unknown order sent.'}
2025-12-23 07:01:00 [INFO] [PROTECT] LUMIA/USDT:USDT 更新止盈 0.1071
2025-12-23 07:01:00 [ERROR] [PROTECT ERROR] LUMIA/USDT:USDT 更新止损失败: Algo order HTTP 400: {'code': -2021, 'msg': 'Order would immediately trigger.'}
2025-12-23 07:01:00 [INFO] [MONITOR] 持仓#1 symbol=LUMIA/USDT:USDT qty=163.3 tp=0.1071 sl=0.1179 entry_time=2025-12-23 05:30:01 min_price=0.1085
2025-12-23 07:01:00 [INFO] [SCAN] 非15分钟节点，跳过开仓扫描
2025-12-23 07:01:00 [INFO] [WAIT] 等待 59.7 秒进入下一轮
2025-12-23 07:02:00 [INFO] [CANCEL] LUMIA/USDT:USDT 已取消止盈单 4000000110242059
2025-12-23 07:02:00 [WARNING] [CANCEL WARNING] LUMIA/USDT:USDT Algo接口取消止损单失败 (4000000109745039): Algo cancel HTTP 400: {'code': -2011, 'msg': 'Unknown order sent.'}
2025-12-23 07:02:00 [INFO] [PROTECT] LUMIA/USDT:USDT 更新止盈 0.1071
2025-12-23 07:02:00 [ERROR] [PROTECT ERROR] LUMIA/USDT:USDT 更新止损失败: Algo order HTTP 400: {'code': -2021, 'msg': 'Order would immediately trigger.'}
2025-12-23 07:02:00 [INFO] [MONITOR] 持仓#1 symbol=LUMIA/USDT:USDT qty=163.3 tp=0.1071 sl=0.1179 entry_time=2025-12-23 05:30:01 min_price=0.1085
2025-12-23 07:02:00 [INFO] [SCAN] 非15分钟节点，跳过开仓扫描
2025-12-23 07:02:00 [INFO] [WAIT] 等待 59.7 秒进入下一轮
2025-12-23 07:03:00 [INFO] [CANCEL] LUMIA/USDT:USDT 已取消止盈单 4000000110250055
2025-12-23 07:03:00 [WARNING] [CANCEL WARNING] LUMIA/USDT:USDT Algo接口取消止损单失败 (4000000109745039): Algo cancel HTTP 400: {'code': -2011, 'msg': 'Unknown order sent.'}
2025-12-23 07:03:00 [INFO] [PROTECT] LUMIA/USDT:USDT 更新止盈 0.1071
2025-12-23 07:03:00 [ERROR] [PROTECT ERROR] LUMIA/USDT:USDT 更新止损失败: Algo order HTTP 400: {'code': -2021, 'msg': 'Order would immediately trigger.'}
2025-12-23 07:03:00 [INFO] [MONITOR] 持仓#1 symbol=LUMIA/USDT:USDT qty=163.3 tp=0.1071 sl=0.1179 entry_time=2025-12-23 05:30:01 min_price=0.1085
2025-12-23 07:03:00 [INFO] [SCAN] 非15分钟节点，跳过开仓扫描
2025-12-23 07:03:00 [INFO] [WAIT] 等待 59.7 秒进入下一轮
2025-12-23 07:04:00 [INFO] [CANCEL] LUMIA/USDT:USDT 已取消止盈单 4000000110257534
2025-12-23 07:04:00 [WARNING] [CANCEL WARNING] LUMIA/USDT:USDT Algo接口取消止损单失败 (4000000109745039): Algo cancel HTTP 400: {'code': -2011, 'msg': 'Unknown order sent.'}
2025-12-23 07:04:00 [INFO] [PROTECT] LUMIA/USDT:USDT 更新止盈 0.1071
2025-12-23 07:04:00 [ERROR] [PROTECT ERROR] LUMIA/USDT:USDT 更新止损失败: Algo order HTTP 400: {'code': -2021, 'msg': 'Order would immediately trigger.'}
2025-12-23 07:04:00 [INFO] [MONITOR] 持仓#1 symbol=LUMIA/USDT:USDT qty=163.3 tp=0.1071 sl=0.1179 entry_time=2025-12-23 05:30:01 min_price=0.1085
2025-12-23 07:04:00 [INFO] [SCAN] 非15分钟节点，跳过开仓扫描
2025-12-23 07:04:00 [INFO] [WAIT] 等待 59.7 秒进入下一轮
2025-12-23 07:05:00 [INFO] [CANCEL] LUMIA/USDT:USDT 已取消止盈单 4000000110265118
2025-12-23 07:05:00 [WARNING] [CANCEL WARNING] LUMIA/USDT:USDT Algo接口取消止损单失败 (4000000109745039): Algo cancel HTTP 400: {'code': -2011, 'msg': 'Unknown order sent.'}
2025-12-23 07:05:00 [INFO] [PROTECT] LUMIA/USDT:USDT 更新止盈 0.1071
2025-12-23 07:05:00 [ERROR] [PROTECT ERROR] LUMIA/USDT:USDT 更新止损失败: Algo order HTTP 400: {'code': -2021, 'msg': 'Order would immediately trigger.'}
2025-12-23 07:05:00 [INFO] [MONITOR] 持仓#1 symbol=LUMIA/USDT:USDT qty=163.3 tp=0.1071 sl=0.1179 entry_time=2025-12-23 05:30:01 min_price=0.1085
2025-12-23 07:05:00 [INFO] [SCAN] 非15分钟节点，跳过开仓扫描
2025-12-23 07:05:00 [INFO] [WAIT] 等待 59.7 秒进入下一轮
2025-12-23 07:06:00 [INFO] [CANCEL] LUMIA/USDT:USDT 已取消止盈单 4000000110272850
2025-12-23 07:06:00 [WARNING] [CANCEL WARNING] LUMIA/USDT:USDT Algo接口取消止损单失败 (4000000109745039): Algo cancel HTTP 400: {'code': -2011, 'msg': 'Unknown order sent.'}
2025-12-23 07:06:00 [INFO] [PROTECT] LUMIA/USDT:USDT 更新止盈 0.1071
2025-12-23 07:06:00 [ERROR] [PROTECT ERROR] LUMIA/USDT:USDT 更新止损失败: Algo order HTTP 400: {'code': -2021, 'msg': 'Order would immediately trigger.'}
2025-12-23 07:06:00 [INFO] [MONITOR] 持仓#1 symbol=LUMIA/USDT:USDT qty=163.3 tp=0.1071 sl=0.1179 entry_time=2025-12-23 05:30:01 min_price=0.1085
2025-12-23 07:06:00 [INFO] [SCAN] 非15分钟节点，跳过开仓扫描
2025-12-23 07:06:00 [INFO] [WAIT] 等待 59.8 秒进入下一轮
2025-12-23 07:07:00 [INFO] [CANCEL] LUMIA/USDT:USDT 已取消止盈单 4000000110280300
2025-12-23 07:07:00 [WARNING] [CANCEL WARNING] LUMIA/USDT:USDT Algo接口取消止损单失败 (4000000109745039): Algo cancel HTTP 400: {'code': -2011, 'msg': 'Unknown order sent.'}
2025-12-23 07:07:00 [INFO] [PROTECT] LUMIA/USDT:USDT 更新止盈 0.1071
2025-12-23 07:07:00 [ERROR] [PROTECT ERROR] LUMIA/USDT:USDT 更新止损失败: Algo order HTTP 400: {'code': -2021, 'msg': 'Order would immediately trigger.'}
2025-12-23 07:07:00 [INFO] [MONITOR] 持仓#1 symbol=LUMIA/USDT:USDT qty=163.3 tp=0.1071 sl=0.1179 entry_time=2025-12-23 05:30:01 min_price=0.1085
2025-12-23 07:07:00 [INFO] [SCAN] 非15分钟节点，跳过开仓扫描
2025-12-23 07:07:00 [INFO] [WAIT] 等待 59.7 秒进入下一轮
2025-12-23 07:08:00 [INFO] [CANCEL] LUMIA/USDT:USDT 已取消止盈单 4000000110287729
2025-12-23 07:08:00 [WARNING] [CANCEL WARNING] LUMIA/USDT:USDT Algo接口取消止损单失败 (4000000109745039): Algo cancel HTTP 400: {'code': -2011, 'msg': 'Unknown order sent.'}
2025-12-23 07:08:00 [INFO] [PROTECT] LUMIA/USDT:USDT 更新止盈 0.1071
2025-12-23 07:08:00 [ERROR] [PROTECT ERROR] LUMIA/USDT:USDT 更新止损失败: Algo order HTTP 400: {'code': -2021, 'msg': 'Order would immediately trigger.'}
2025-12-23 07:08:00 [INFO] [MONITOR] 持仓#1 symbol=LUMIA/USDT:USDT qty=163.3 tp=0.1071 sl=0.1179 entry_time=2025-12-23 05:30:01 min_price=0.1085
2025-12-23 07:08:00 [INFO] [SCAN] 非15分钟节点，跳过开仓扫描
2025-12-23 07:08:00 [INFO] [WAIT] 等待 59.7 秒进入下一轮
2025-12-23 07:09:00 [INFO] [CANCEL] LUMIA/USDT:USDT 已取消止盈单 4000000110295266
2025-12-23 07:09:00 [WARNING] [CANCEL WARNING] LUMIA/USDT:USDT Algo接口取消止损单失败 (4000000109745039): Algo cancel HTTP 400: {'code': -2011, 'msg': 'Unknown order sent.'}
2025-12-23 07:09:00 [INFO] [PROTECT] LUMIA/USDT:USDT 更新止盈 0.1071
2025-12-23 07:09:00 [ERROR] [PROTECT ERROR] LUMIA/USDT:USDT 更新止损失败: Algo order HTTP 400: {'code': -2021, 'msg': 'Order would immediately trigger.'}
2025-12-23 07:09:00 [INFO] [MONITOR] 持仓#1 symbol=LUMIA/USDT:USDT qty=163.3 tp=0.1071 sl=0.1179 entry_time=2025-12-23 05:30:01 min_price=0.1085
2025-12-23 07:09:00 [INFO] [SCAN] 非15分钟节点，跳过开仓扫描
2025-12-23 07:09:00 [INFO] [WAIT] 等待 59.7 秒进入下一轮
2025-12-23 07:10:00 [INFO] [CANCEL] LUMIA/USDT:USDT 已取消止盈单 4000000110302683
2025-12-23 07:10:00 [WARNING] [CANCEL WARNING] LUMIA/USDT:USDT Algo接口取消止损单失败 (4000000109745039): Algo cancel HTTP 400: {'code': -2011, 'msg': 'Unknown order sent.'}
2025-12-23 07:10:00 [INFO] [PROTECT] LUMIA/USDT:USDT 更新止盈 0.1071
2025-12-23 07:10:00 [ERROR] [PROTECT ERROR] LUMIA/USDT:USDT 更新止损失败: Algo order HTTP 400: {'code': -2021, 'msg': 'Order would immediately trigger.'}
2025-12-23 07:10:00 [INFO] [MONITOR] 持仓#1 symbol=LUMIA/USDT:USDT qty=163.3 tp=0.1071 sl=0.1179 entry_time=2025-12-23 05:30:01 min_price=0.1085
2025-12-23 07:10:00 [INFO] [SCAN] 非15分钟节点，跳过开仓扫描
2025-12-23 07:10:00 [INFO] [WAIT] 等待 59.8 秒进入下一轮
2025-12-23 07:11:00 [INFO] [CANCEL] LUMIA/USDT:USDT 已取消止盈单 4000000110310052
2025-12-23 07:11:00 [WARNING] [CANCEL WARNING] LUMIA/USDT:USDT Algo接口取消止损单失败 (4000000109745039): Algo cancel HTTP 400: {'code': -2011, 'msg': 'Unknown order sent.'}
2025-12-23 07:11:00 [INFO] [PROTECT] LUMIA/USDT:USDT 更新止盈 0.1071
2025-12-23 07:11:00 [ERROR] [PROTECT ERROR] LUMIA/USDT:USDT 更新止损失败: Algo order HTTP 400: {'code': -2021, 'msg': 'Order would immediately trigger.'}
2025-12-23 07:11:00 [INFO] [MONITOR] 持仓#1 symbol=LUMIA/USDT:USDT qty=163.3 tp=0.1071 sl=0.1179 entry_time=2025-12-23 05:30:01 min_price=0.1085
2025-12-23 07:11:00 [INFO] [SCAN] 非15分钟节点，跳过开仓扫描
2025-12-23 07:11:00 [INFO] [WAIT] 等待 59.7 秒进入下一轮
2025-12-23 07:12:00 [INFO] [CANCEL] LUMIA/USDT:USDT 已取消止盈单 4000000110317294
2025-12-23 07:12:00 [WARNING] [CANCEL WARNING] LUMIA/USDT:USDT Algo接口取消止损单失败 (4000000109745039): Algo cancel HTTP 400: {'code': -2011, 'msg': 'Unknown order sent.'}
2025-12-23 07:12:00 [INFO] [PROTECT] LUMIA/USDT:USDT 更新止盈 0.1071
2025-12-23 07:12:00 [ERROR] [PROTECT ERROR] LUMIA/USDT:USDT 更新止损失败: Algo order HTTP 400: {'code': -2021, 'msg': 'Order would immediately trigger.'}
2025-12-23 07:12:00 [INFO] [MONITOR] 持仓#1 symbol=LUMIA/USDT:USDT qty=163.3 tp=0.1071 sl=0.1179 entry_time=2025-12-23 05:30:01 min_price=0.1085
2025-12-23 07:12:00 [INFO] [SCAN] 非15分钟节点，跳过开仓扫描
2025-12-23 07:12:00 [INFO] [WAIT] 等待 59.7 秒进入下一轮
2025-12-23 07:13:00 [INFO] [CANCEL] LUMIA/USDT:USDT 已取消止盈单 4000000110325557
2025-12-23 07:13:00 [WARNING] [CANCEL WARNING] LUMIA/USDT:USDT Algo接口取消止损单失败 (4000000109745039): Algo cancel HTTP 400: {'code': -2011, 'msg': 'Unknown order sent.'}
2025-12-23 07:13:00 [INFO] [PROTECT] LUMIA/USDT:USDT 更新止盈 0.1071
2025-12-23 07:13:00 [ERROR] [PROTECT ERROR] LUMIA/USDT:USDT 更新止损失败: Algo order HTTP 400: {'code': -2021, 'msg': 'Order would immediately trigger.'}
2025-12-23 07:13:00 [INFO] [MONITOR] 持仓#1 symbol=LUMIA/USDT:USDT qty=163.3 tp=0.1071 sl=0.1179 entry_time=2025-12-23 05:30:01 min_price=0.1085
2025-12-23 07:13:00 [INFO] [SCAN] 非15分钟节点，跳过开仓扫描
2025-12-23 07:13:00 [INFO] [WAIT] 等待 59.7 秒进入下一轮
2025-12-23 07:14:00 [INFO] [CANCEL] LUMIA/USDT:USDT 已取消止盈单 4000000110334964
2025-12-23 07:14:00 [WARNING] [CANCEL WARNING] LUMIA/USDT:USDT Algo接口取消止损单失败 (4000000109745039): Algo cancel HTTP 400: {'code': -2011, 'msg': 'Unknown order sent.'}
2025-12-23 07:14:00 [INFO] [PROTECT] LUMIA/USDT:USDT 更新止盈 0.1071
2025-12-23 07:14:00 [ERROR] [PROTECT ERROR] LUMIA/USDT:USDT 更新止损失败: Algo order HTTP 400: {'code': -2021, 'msg': 'Order would immediately trigger.'}
2025-12-23 07:14:00 [INFO] [MONITOR] 持仓#1 symbol=LUMIA/USDT:USDT qty=163.3 tp=0.1071 sl=0.1179 entry_time=2025-12-23 05:30:01 min_price=0.1085
2025-12-23 07:14:00 [INFO] [SCAN] 非15分钟节点，跳过开仓扫描
2025-12-23 07:14:00 [INFO] [WAIT] 等待 59.7 秒进入下一轮
2025-12-23 07:15:00 [INFO] [CANCEL] LUMIA/USDT:USDT 已取消止盈单 4000000110341976
2025-12-23 07:15:00 [WARNING] [CANCEL WARNING] LUMIA/USDT:USDT Algo接口取消止损单失败 (4000000109745039): Algo cancel HTTP 400: {'code': -2011, 'msg': 'Unknown order sent.'}
2025-12-23 07:15:00 [INFO] [PROTECT] LUMIA/USDT:USDT 更新止盈 0.1071
2025-12-23 07:15:00 [ERROR] [PROTECT ERROR] LUMIA/USDT:USDT 更新止损失败: Algo order HTTP 400: {'code': -2021, 'msg': 'Order would immediately trigger.'}
2025-12-23 07:15:00 [INFO] [MONITOR] 持仓#1 symbol=LUMIA/USDT:USDT qty=163.3 tp=0.1071 sl=0.1179 entry_time=2025-12-23 05:30:01 min_price=0.1085
2025-12-23 07:15:00 [INFO] [SCAN] 本轮扫描交易对数量: 217
2025-12-23 07:15:02 [INFO] [SCAN] 本轮无满足条件的标的
2025-12-23 07:15:02 [INFO] [WAIT] 等待 57.9 秒进入下一轮
2025-12-23 07:16:00 [INFO] [CANCEL] LUMIA/USDT:USDT 已取消止盈单 4000000110349597
2025-12-23 07:16:00 [WARNING] [CANCEL WARNING] LUMIA/USDT:USDT Algo接口取消止损单失败 (4000000109745039): Algo cancel HTTP 400: {'code': -2011, 'msg': 'Unknown order sent.'}
2025-12-23 07:16:00 [INFO] [PROTECT] LUMIA/USDT:USDT 更新止盈 0.1071
2025-12-23 07:16:00 [ERROR] [PROTECT ERROR] LUMIA/USDT:USDT 更新止损失败: Algo order HTTP 400: {'code': -2021, 'msg': 'Order would immediately trigger.'}
2025-12-23 07:16:00 [INFO] [MONITOR] 持仓#1 symbol=LUMIA/USDT:USDT qty=163.3 tp=0.1071 sl=0.1179 entry_time=2025-12-23 05:30:01 min_price=0.1085
2025-12-23 07:16:00 [INFO] [SCAN] 非15分钟节点，跳过开仓扫描
2025-12-23 07:16:00 [INFO] [WAIT] 等待 59.7 秒进入下一轮
2025-12-23 07:17:00 [INFO] [CANCEL] LUMIA/USDT:USDT 已取消止盈单 4000000110357363
2025-12-23 07:17:00 [WARNING] [CANCEL WARNING] LUMIA/USDT:USDT Algo接口取消止损单失败 (4000000109745039): Algo cancel HTTP 400: {'code': -2011, 'msg': 'Unknown order sent.'}
2025-12-23 07:17:00 [INFO] [PROTECT] LUMIA/USDT:USDT 更新止盈 0.1071
2025-12-23 07:17:00 [ERROR] [PROTECT ERROR] LUMIA/USDT:USDT 更新止损失败: Algo order HTTP 400: {'code': -2021, 'msg': 'Order would immediately trigger.'}
2025-12-23 07:17:00 [INFO] [MONITOR] 持仓#1 symbol=LUMIA/USDT:USDT qty=163.3 tp=0.1071 sl=0.1179 entry_time=2025-12-23 05:30:01 min_price=0.1085
2025-12-23 07:17:00 [INFO] [SCAN] 非15分钟节点，跳过开仓扫描
2025-12-23 07:17:00 [INFO] [WAIT] 等待 59.8 秒进入下一轮
2025-12-23 07:18:00 [INFO] [CANCEL] LUMIA/USDT:USDT 已取消止盈单 4000000110365446
2025-12-23 07:18:00 [WARNING] [CANCEL WARNING] LUMIA/USDT:USDT Algo接口取消止损单失败 (4000000109745039): Algo cancel HTTP 400: {'code': -2011, 'msg': 'Unknown order sent.'}
2025-12-23 07:18:00 [INFO] [PROTECT] LUMIA/USDT:USDT 更新止盈 0.1071
2025-12-23 07:18:00 [ERROR] [PROTECT ERROR] LUMIA/USDT:USDT 更新止损失败: Algo order HTTP 400: {'code': -2021, 'msg': 'Order would immediately trigger.'}
2025-12-23 07:18:00 [INFO] [MONITOR] 持仓#1 symbol=LUMIA/USDT:USDT qty=163.3 tp=0.1071 sl=0.1179 entry_time=2025-12-23 05:30:01 min_price=0.1085
2025-12-23 07:18:00 [INFO] [SCAN] 非15分钟节点，跳过开仓扫描
2025-12-23 07:18:00 [INFO] [WAIT] 等待 59.8 秒进入下一轮
2025-12-23 07:19:00 [INFO] [CANCEL] LUMIA/USDT:USDT 已取消止盈单 4000000110374340
2025-12-23 07:19:00 [WARNING] [CANCEL WARNING] LUMIA/USDT:USDT Algo接口取消止损单失败 (4000000109745039): Algo cancel HTTP 400: {'code': -2011, 'msg': 'Unknown order sent.'}
2025-12-23 07:19:00 [INFO] [PROTECT] LUMIA/USDT:USDT 更新止盈 0.1071
2025-12-23 07:19:00 [ERROR] [PROTECT ERROR] LUMIA/USDT:USDT 更新止损失败: Algo order HTTP 400: {'code': -2021, 'msg': 'Order would immediately trigger.'}
2025-12-23 07:19:00 [INFO] [MONITOR] 持仓#1 symbol=LUMIA/USDT:USDT qty=163.3 tp=0.1071 sl=0.1179 entry_time=2025-12-23 05:30:01 min_price=0.1085
2025-12-23 07:19:00 [INFO] [SCAN] 非15分钟节点，跳过开仓扫描
2025-12-23 07:19:00 [INFO] [WAIT] 等待 59.7 秒进入下一轮
2025-12-23 07:20:00 [INFO] [CANCEL] LUMIA/USDT:USDT 已取消止盈单 4000000110382523
2025-12-23 07:20:00 [WARNING] [CANCEL WARNING] LUMIA/USDT:USDT Algo接口取消止损单失败 (4000000109745039): Algo cancel HTTP 400: {'code': -2011, 'msg': 'Unknown order sent.'}
2025-12-23 07:20:00 [INFO] [PROTECT] LUMIA/USDT:USDT 更新止盈 0.1071
2025-12-23 07:20:00 [ERROR] [PROTECT ERROR] LUMIA/USDT:USDT 更新止损失败: Algo order HTTP 400: {'code': -2021, 'msg': 'Order would immediately trigger.'}
2025-12-23 07:20:00 [INFO] [MONITOR] 持仓#1 symbol=LUMIA/USDT:USDT qty=163.3 tp=0.1071 sl=0.1179 entry_time=2025-12-23 05:30:01 min_price=0.1085
2025-12-23 07:20:00 [INFO] [SCAN] 非15分钟节点，跳过开仓扫描
2025-12-23 07:20:00 [INFO] [WAIT] 等待 59.4 秒进入下一轮
2025-12-23 07:21:00 [INFO] [CANCEL] LUMIA/USDT:USDT 已取消止盈单 4000000110390582
2025-12-23 07:21:00 [WARNING] [CANCEL WARNING] LUMIA/USDT:USDT Algo接口取消止损单失败 (4000000109745039): Algo cancel HTTP 400: {'code': -2011, 'msg': 'Unknown order sent.'}
2025-12-23 07:21:00 [INFO] [PROTECT] LUMIA/USDT:USDT 更新止盈 0.1071
2025-12-23 07:21:00 [ERROR] [PROTECT ERROR] LUMIA/USDT:USDT 更新止损失败: Algo order HTTP 400: {'code': -2021, 'msg': 'Order would immediately trigger.'}
2025-12-23 07:21:00 [INFO] [MONITOR] 持仓#1 symbol=LUMIA/USDT:USDT qty=163.3 tp=0.1071 sl=0.1179 entry_time=2025-12-23 05:30:01 min_price=0.1085
2025-12-23 07:21:00 [INFO] [SCAN] 非15分钟节点，跳过开仓扫描
2025-12-23 07:21:00 [INFO] [WAIT] 等待 59.8 秒进入下一轮
2025-12-23 07:22:00 [INFO] [CANCEL] LUMIA/USDT:USDT 已取消止盈单 4000000110398039
2025-12-23 07:22:00 [WARNING] [CANCEL WARNING] LUMIA/USDT:USDT Algo接口取消止损单失败 (4000000109745039): Algo cancel HTTP 400: {'code': -2011, 'msg': 'Unknown order sent.'}
2025-12-23 07:22:00 [INFO] [PROTECT] LUMIA/USDT:USDT 更新止盈 0.1071
2025-12-23 07:22:00 [ERROR] [PROTECT ERROR] LUMIA/USDT:USDT 更新止损失败: Algo order HTTP 400: {'code': -2021, 'msg': 'Order would immediately trigger.'}
2025-12-23 07:22:00 [INFO] [MONITOR] 持仓#1 symbol=LUMIA/USDT:USDT qty=163.3 tp=0.1071 sl=0.1179 entry_time=2025-12-23 05:30:01 min_price=0.1085
2025-12-23 07:22:00 [INFO] [SCAN] 非15分钟节点，跳过开仓扫描
2025-12-23 07:22:00 [INFO] [WAIT] 等待 59.7 秒进入下一轮
2025-12-23 07:23:00 [INFO] [CANCEL] LUMIA/USDT:USDT 已取消止盈单 4000000110406190
2025-12-23 07:23:00 [WARNING] [CANCEL WARNING] LUMIA/USDT:USDT Algo接口取消止损单失败 (4000000109745039): Algo cancel HTTP 400: {'code': -2011, 'msg': 'Unknown order sent.'}
2025-12-23 07:23:00 [INFO] [PROTECT] LUMIA/USDT:USDT 更新止盈 0.1071
2025-12-23 07:23:00 [ERROR] [PROTECT ERROR] LUMIA/USDT:USDT 更新止损失败: Algo order HTTP 400: {'code': -2021, 'msg': 'Order would immediately trigger.'}
2025-12-23 07:23:00 [INFO] [MONITOR] 持仓#1 symbol=LUMIA/USDT:USDT qty=163.3 tp=0.1071 sl=0.1179 entry_time=2025-12-23 05:30:01 min_price=0.1085
2025-12-23 07:23:00 [INFO] [SCAN] 非15分钟节点，跳过开仓扫描
2025-12-23 07:23:00 [INFO] [WAIT] 等待 59.7 秒进入下一轮
2025-12-23 07:24:00 [INFO] [CANCEL] LUMIA/USDT:USDT 已取消止盈单 4000000110414032
2025-12-23 07:24:00 [WARNING] [CANCEL WARNING] LUMIA/USDT:USDT Algo接口取消止损单失败 (4000000109745039): Algo cancel HTTP 400: {'code': -2011, 'msg': 'Unknown order sent.'}
2025-12-23 07:24:00 [INFO] [PROTECT] LUMIA/USDT:USDT 更新止盈 0.1071
2025-12-23 07:24:00 [ERROR] [PROTECT ERROR] LUMIA/USDT:USDT 更新止损失败: Algo order HTTP 400: {'code': -2021, 'msg': 'Order would immediately trigger.'}
2025-12-23 07:24:00 [INFO] [MONITOR] 持仓#1 symbol=LUMIA/USDT:USDT qty=163.3 tp=0.1071 sl=0.1179 entry_time=2025-12-23 05:30:01 min_price=0.1085
2025-12-23 07:24:00 [INFO] [SCAN] 非15分钟节点，跳过开仓扫描
2025-12-23 07:24:00 [INFO] [WAIT] 等待 59.8 秒进入下一轮
2025-12-23 07:25:00 [INFO] [CANCEL] LUMIA/USDT:USDT 已取消止盈单 4000000110421619
2025-12-23 07:25:00 [WARNING] [CANCEL WARNING] LUMIA/USDT:USDT Algo接口取消止损单失败 (4000000109745039): Algo cancel HTTP 400: {'code': -2011, 'msg': 'Unknown order sent.'}
2025-12-23 07:25:00 [INFO] [PROTECT] LUMIA/USDT:USDT 更新止盈 0.1071
2025-12-23 07:25:00 [ERROR] [PROTECT ERROR] LUMIA/USDT:USDT 更新止损失败: Algo order HTTP 400: {'code': -2021, 'msg': 'Order would immediately trigger.'}
2025-12-23 07:25:00 [INFO] [MONITOR] 持仓#1 symbol=LUMIA/USDT:USDT qty=163.3 tp=0.1071 sl=0.1179 entry_time=2025-12-23 05:30:01 min_price=0.1085
2025-12-23 07:25:00 [INFO] [SCAN] 非15分钟节点，跳过开仓扫描
2025-12-23 07:25:00 [INFO] [WAIT] 等待 59.7 秒进入下一轮
2025-12-23 07:26:00 [INFO] [CANCEL] LUMIA/USDT:USDT 已取消止盈单 4000000110429098
2025-12-23 07:26:00 [WARNING] [CANCEL WARNING] LUMIA/USDT:USDT Algo接口取消止损单失败 (4000000109745039): Algo cancel HTTP 400: {'code': -2011, 'msg': 'Unknown order sent.'}
2025-12-23 07:26:00 [INFO] [PROTECT] LUMIA/USDT:USDT 更新止盈 0.1071
2025-12-23 07:26:00 [ERROR] [PROTECT ERROR] LUMIA/USDT:USDT 更新止损失败: Algo order HTTP 400: {'code': -2021, 'msg': 'Order would immediately trigger.'}
2025-12-23 07:26:00 [INFO] [MONITOR] 持仓#1 symbol=LUMIA/USDT:USDT qty=163.3 tp=0.1071 sl=0.1179 entry_time=2025-12-23 05:30:01 min_price=0.1085
2025-12-23 07:26:00 [INFO] [SCAN] 非15分钟节点，跳过开仓扫描
2025-12-23 07:26:00 [INFO] [WAIT] 等待 59.7 秒进入下一轮
2025-12-23 07:27:00 [INFO] [CANCEL] LUMIA/USDT:USDT 已取消止盈单 4000000110436160
2025-12-23 07:27:00 [WARNING] [CANCEL WARNING] LUMIA/USDT:USDT Algo接口取消止损单失败 (4000000109745039): Algo cancel HTTP 400: {'code': -2011, 'msg': 'Unknown order sent.'}
2025-12-23 07:27:00 [INFO] [PROTECT] LUMIA/USDT:USDT 更新止盈 0.1071
2025-12-23 07:27:00 [ERROR] [PROTECT ERROR] LUMIA/USDT:USDT 更新止损失败: Algo order HTTP 400: {'code': -2021, 'msg': 'Order would immediately trigger.'}
2025-12-23 07:27:00 [INFO] [MONITOR] 持仓#1 symbol=LUMIA/USDT:USDT qty=163.3 tp=0.1071 sl=0.1179 entry_time=2025-12-23 05:30:01 min_price=0.1085
2025-12-23 07:27:00 [INFO] [SCAN] 非15分钟节点，跳过开仓扫描
2025-12-23 07:27:00 [INFO] [WAIT] 等待 59.7 秒进入下一轮
2025-12-23 07:28:00 [INFO] [CANCEL] LUMIA/USDT:USDT 已取消止盈单 4000000110443405
2025-12-23 07:28:00 [WARNING] [CANCEL WARNING] LUMIA/USDT:USDT Algo接口取消止损单失败 (4000000109745039): Algo cancel HTTP 400: {'code': -2011, 'msg': 'Unknown order sent.'}
2025-12-23 07:28:00 [INFO] [PROTECT] LUMIA/USDT:USDT 更新止盈 0.1071
2025-12-23 07:28:00 [ERROR] [PROTECT ERROR] LUMIA/USDT:USDT 更新止损失败: Algo order HTTP 400: {'code': -2021, 'msg': 'Order would immediately trigger.'}
2025-12-23 07:28:00 [INFO] [MONITOR] 持仓#1 symbol=LUMIA/USDT:USDT qty=163.3 tp=0.1071 sl=0.1179 entry_time=2025-12-23 05:30:01 min_price=0.1085
2025-12-23 07:28:00 [INFO] [SCAN] 非15分钟节点，跳过开仓扫描
2025-12-23 07:28:00 [INFO] [WAIT] 等待 59.7 秒进入下一轮
2025-12-23 07:29:00 [INFO] [CANCEL] LUMIA/USDT:USDT 已取消止盈单 4000000110450484
2025-12-23 07:29:00 [WARNING] [CANCEL WARNING] LUMIA/USDT:USDT Algo接口取消止损单失败 (4000000109745039): Algo cancel HTTP 400: {'code': -2011, 'msg': 'Unknown order sent.'}
2025-12-23 07:29:00 [INFO] [PROTECT] LUMIA/USDT:USDT 更新止盈 0.1071
2025-12-23 07:29:00 [ERROR] [PROTECT ERROR] LUMIA/USDT:USDT 更新止损失败: Algo order HTTP 400: {'code': -2021, 'msg': 'Order would immediately trigger.'}
2025-12-23 07:29:00 [INFO] [MONITOR] 持仓#1 symbol=LUMIA/USDT:USDT qty=163.3 tp=0.1071 sl=0.1179 entry_time=2025-12-23 05:30:01 min_price=0.1085
2025-12-23 07:29:00 [INFO] [SCAN] 非15分钟节点，跳过开仓扫描
2025-12-23 07:29:00 [INFO] [WAIT] 等待 59.7 秒进入下一轮
2025-12-23 07:30:00 [INFO] [CANCEL] LUMIA/USDT:USDT 已取消止盈单 4000000110457354
2025-12-23 07:30:00 [WARNING] [CANCEL WARNING] LUMIA/USDT:USDT Algo接口取消止损单失败 (4000000109745039): Algo cancel HTTP 400: {'code': -2011, 'msg': 'Unknown order sent.'}
2025-12-23 07:30:00 [INFO] [PROTECT] LUMIA/USDT:USDT 更新止盈 0.1071
2025-12-23 07:30:00 [ERROR] [PROTECT ERROR] LUMIA/USDT:USDT 更新止损失败: Algo order HTTP 400: {'code': -2021, 'msg': 'Order would immediately trigger.'}
2025-12-23 07:30:00 [INFO] [MONITOR] 持仓#1 symbol=LUMIA/USDT:USDT qty=163.3 tp=0.1071 sl=0.1179 entry_time=2025-12-23 05:30:01 min_price=0.1085
2025-12-23 07:30:00 [INFO] [SCAN] 本轮扫描交易对数量: 217
2025-12-23 07:30:02 [INFO] [SCAN] 本轮无满足条件的标的
2025-12-23 07:30:02 [INFO] [WAIT] 等待 57.3 秒进入下一轮
2025-12-23 07:31:00 [INFO] [CANCEL] LUMIA/USDT:USDT 已取消止盈单 4000000110464155
2025-12-23 07:31:00 [WARNING] [CANCEL WARNING] LUMIA/USDT:USDT Algo接口取消止损单失败 (4000000109745039): Algo cancel HTTP 400: {'code': -2011, 'msg': 'Unknown order sent.'}
2025-12-23 07:31:00 [INFO] [PROTECT] LUMIA/USDT:USDT 更新止盈 0.1071
2025-12-23 07:31:00 [ERROR] [PROTECT ERROR] LUMIA/USDT:USDT 更新止损失败: Algo order HTTP 400: {'code': -2021, 'msg': 'Order would immediately trigger.'}
2025-12-23 07:31:00 [INFO] [MONITOR] 持仓#1 symbol=LUMIA/USDT:USDT qty=163.3 tp=0.1071 sl=0.1179 entry_time=2025-12-23 05:30:01 min_price=0.1085
2025-12-23 07:31:00 [INFO] [SCAN] 非15分钟节点，跳过开仓扫描
2025-12-23 07:31:00 [INFO] [WAIT] 等待 59.8 秒进入下一轮
2025-12-23 07:32:00 [INFO] [CANCEL] LUMIA/USDT:USDT 已取消止盈单 4000000110471446
2025-12-23 07:32:00 [WARNING] [CANCEL WARNING] LUMIA/USDT:USDT Algo接口取消止损单失败 (4000000109745039): Algo cancel HTTP 400: {'code': -2011, 'msg': 'Unknown order sent.'}
2025-12-23 07:32:00 [INFO] [PROTECT] LUMIA/USDT:USDT 更新止盈 0.1071
2025-12-23 07:32:00 [ERROR] [PROTECT ERROR] LUMIA/USDT:USDT 更新止损失败: Algo order HTTP 400: {'code': -2021, 'msg': 'Order would immediately trigger.'}
2025-12-23 07:32:00 [INFO] [MONITOR] 持仓#1 symbol=LUMIA/USDT:USDT qty=163.3 tp=0.1071 sl=0.1179 entry_time=2025-12-23 05:30:01 min_price=0.1085
2025-12-23 07:32:00 [INFO] [SCAN] 非15分钟节点，跳过开仓扫描
2025-12-23 07:32:00 [INFO] [WAIT] 等待 59.7 秒进入下一轮
2025-12-23 07:33:00 [INFO] [CANCEL] LUMIA/USDT:USDT 已取消止盈单 4000000110478728
2025-12-23 07:33:00 [WARNING] [CANCEL WARNING] LUMIA/USDT:USDT Algo接口取消止损单失败 (4000000109745039): Algo cancel HTTP 400: {'code': -2011, 'msg': 'Unknown order sent.'}
2025-12-23 07:33:00 [INFO] [PROTECT] LUMIA/USDT:USDT 更新止盈 0.1071
2025-12-23 07:33:00 [ERROR] [PROTECT ERROR] LUMIA/USDT:USDT 更新止损失败: Algo order HTTP 400: {'code': -2021, 'msg': 'Order would immediately trigger.'}
2025-12-23 07:33:00 [INFO] [MONITOR] 持仓#1 symbol=LUMIA/USDT:USDT qty=163.3 tp=0.1071 sl=0.1179 entry_time=2025-12-23 05:30:01 min_price=0.1085
2025-12-23 07:33:00 [INFO] [SCAN] 非15分钟节点，跳过开仓扫描
2025-12-23 07:33:00 [INFO] [WAIT] 等待 59.8 秒进入下一轮
2025-12-23 07:34:00 [INFO] [CANCEL] LUMIA/USDT:USDT 已取消止盈单 4000000110485681
2025-12-23 07:34:00 [WARNING] [CANCEL WARNING] LUMIA/USDT:USDT Algo接口取消止损单失败 (4000000109745039): Algo cancel HTTP 400: {'code': -2011, 'msg': 'Unknown order sent.'}
2025-12-23 07:34:00 [INFO] [PROTECT] LUMIA/USDT:USDT 更新止盈 0.1071
2025-12-23 07:34:00 [ERROR] [PROTECT ERROR] LUMIA/USDT:USDT 更新止损失败: Algo order HTTP 400: {'code': -2021, 'msg': 'Order would immediately trigger.'}
2025-12-23 07:34:00 [INFO] [MONITOR] 持仓#1 symbol=LUMIA/USDT:USDT qty=163.3 tp=0.1071 sl=0.1179 entry_time=2025-12-23 05:30:01 min_price=0.1085
2025-12-23 07:34:00 [INFO] [SCAN] 非15分钟节点，跳过开仓扫描
2025-12-23 07:34:00 [INFO] [WAIT] 等待 59.7 秒进入下一轮
2025-12-23 07:35:00 [INFO] [CANCEL] LUMIA/USDT:USDT 已取消止盈单 4000000110492192
2025-12-23 07:35:00 [WARNING] [CANCEL WARNING] LUMIA/USDT:USDT Algo接口取消止损单失败 (4000000109745039): Algo cancel HTTP 400: {'code': -2011, 'msg': 'Unknown order sent.'}
2025-12-23 07:35:00 [INFO] [PROTECT] LUMIA/USDT:USDT 更新止盈 0.1071
2025-12-23 07:35:00 [ERROR] [PROTECT ERROR] LUMIA/USDT:USDT 更新止损失败: Algo order HTTP 400: {'code': -2021, 'msg': 'Order would immediately trigger.'}
2025-12-23 07:35:00 [INFO] [MONITOR] 持仓#1 symbol=LUMIA/USDT:USDT qty=163.3 tp=0.1071 sl=0.1179 entry_time=2025-12-23 05:30:01 min_price=0.1085
2025-12-23 07:35:00 [INFO] [SCAN] 非15分钟节点，跳过开仓扫描
2025-12-23 07:35:00 [INFO] [WAIT] 等待 59.7 秒进入下一轮
2025-12-23 07:36:00 [INFO] [CANCEL] LUMIA/USDT:USDT 已取消止盈单 4000000110499256
2025-12-23 07:36:00 [WARNING] [CANCEL WARNING] LUMIA/USDT:USDT Algo接口取消止损单失败 (4000000109745039): Algo cancel HTTP 400: {'code': -2011, 'msg': 'Unknown order sent.'}
2025-12-23 07:36:00 [INFO] [PROTECT] LUMIA/USDT:USDT 更新止盈 0.1071
2025-12-23 07:36:00 [ERROR] [PROTECT ERROR] LUMIA/USDT:USDT 更新止损失败: Algo order HTTP 400: {'code': -2021, 'msg': 'Order would immediately trigger.'}
2025-12-23 07:36:00 [INFO] [MONITOR] 持仓#1 symbol=LUMIA/USDT:USDT qty=163.3 tp=0.1071 sl=0.1179 entry_time=2025-12-23 05:30:01 min_price=0.1085
2025-12-23 07:36:00 [INFO] [SCAN] 非15分钟节点，跳过开仓扫描
2025-12-23 07:36:00 [INFO] [WAIT] 等待 59.7 秒进入下一轮
2025-12-23 07:37:00 [INFO] [CANCEL] LUMIA/USDT:USDT 已取消止盈单 4000000110506235
2025-12-23 07:37:00 [WARNING] [CANCEL WARNING] LUMIA/USDT:USDT Algo接口取消止损单失败 (4000000109745039): Algo cancel HTTP 400: {'code': -2011, 'msg': 'Unknown order sent.'}
2025-12-23 07:37:00 [INFO] [PROTECT] LUMIA/USDT:USDT 更新止盈 0.1071
2025-12-23 07:37:00 [ERROR] [PROTECT ERROR] LUMIA/USDT:USDT 更新止损失败: Algo order HTTP 400: {'code': -2021, 'msg': 'Order would immediately trigger.'}
2025-12-23 07:37:00 [INFO] [MONITOR] 持仓#1 symbol=LUMIA/USDT:USDT qty=163.3 tp=0.1071 sl=0.1179 entry_time=2025-12-23 05:30:01 min_price=0.1085
2025-12-23 07:37:00 [INFO] [SCAN] 非15分钟节点，跳过开仓扫描
2025-12-23 07:37:00 [INFO] [WAIT] 等待 59.8 秒进入下一轮
2025-12-23 07:38:00 [INFO] [CANCEL] LUMIA/USDT:USDT 已取消止盈单 4000000110513881
2025-12-23 07:38:00 [WARNING] [CANCEL WARNING] LUMIA/USDT:USDT Algo接口取消止损单失败 (4000000109745039): Algo cancel HTTP 400: {'code': -2011, 'msg': 'Unknown order sent.'}
2025-12-23 07:38:00 [INFO] [PROTECT] LUMIA/USDT:USDT 更新止盈 0.1071
2025-12-23 07:38:00 [ERROR] [PROTECT ERROR] LUMIA/USDT:USDT 更新止损失败: Algo order HTTP 400: {'code': -2021, 'msg': 'Order would immediately trigger.'}
2025-12-23 07:38:00 [INFO] [MONITOR] 持仓#1 symbol=LUMIA/USDT:USDT qty=163.3 tp=0.1071 sl=0.1179 entry_time=2025-12-23 05:30:01 min_price=0.1085
2025-12-23 07:38:00 [INFO] [SCAN] 非15分钟节点，跳过开仓扫描
2025-12-23 07:38:00 [INFO] [WAIT] 等待 59.8 秒进入下一轮
2025-12-23 07:39:00 [INFO] [CANCEL] LUMIA/USDT:USDT 已取消止盈单 4000000110521340
2025-12-23 07:39:00 [WARNING] [CANCEL WARNING] LUMIA/USDT:USDT Algo接口取消止损单失败 (4000000109745039): Algo cancel HTTP 400: {'code': -2011, 'msg': 'Unknown order sent.'}
2025-12-23 07:39:00 [INFO] [PROTECT] LUMIA/USDT:USDT 更新止盈 0.1071
2025-12-23 07:39:00 [ERROR] [PROTECT ERROR] LUMIA/USDT:USDT 更新止损失败: Algo order HTTP 400: {'code': -2021, 'msg': 'Order would immediately trigger.'}
2025-12-23 07:39:00 [INFO] [MONITOR] 持仓#1 symbol=LUMIA/USDT:USDT qty=163.3 tp=0.1071 sl=0.1179 entry_time=2025-12-23 05:30:01 min_price=0.1085
2025-12-23 07:39:00 [INFO] [SCAN] 非15分钟节点，跳过开仓扫描
2025-12-23 07:39:00 [INFO] [WAIT] 等待 59.7 秒进入下一轮
2025-12-23 07:40:00 [INFO] [CANCEL] LUMIA/USDT:USDT 已取消止盈单 4000000110528730
2025-12-23 07:40:00 [WARNING] [CANCEL WARNING] LUMIA/USDT:USDT Algo接口取消止损单失败 (4000000109745039): Algo cancel HTTP 400: {'code': -2011, 'msg': 'Unknown order sent.'}
2025-12-23 07:40:00 [INFO] [PROTECT] LUMIA/USDT:USDT 更新止盈 0.1071
2025-12-23 07:40:00 [ERROR] [PROTECT ERROR] LUMIA/USDT:USDT 更新止损失败: Algo order HTTP 400: {'code': -2021, 'msg': 'Order would immediately trigger.'}
2025-12-23 07:40:00 [INFO] [MONITOR] 持仓#1 symbol=LUMIA/USDT:USDT qty=163.3 tp=0.1071 sl=0.1179 entry_time=2025-12-23 05:30:01 min_price=0.1085
2025-12-23 07:40:00 [INFO] [SCAN] 非15分钟节点，跳过开仓扫描
2025-12-23 07:40:00 [INFO] [WAIT] 等待 59.8 秒进入下一轮
2025-12-23 07:41:00 [INFO] [CANCEL] LUMIA/USDT:USDT 已取消止盈单 4000000110535455
2025-12-23 07:41:00 [WARNING] [CANCEL WARNING] LUMIA/USDT:USDT Algo接口取消止损单失败 (4000000109745039): Algo cancel HTTP 400: {'code': -2011, 'msg': 'Unknown order sent.'}
2025-12-23 07:41:00 [INFO] [PROTECT] LUMIA/USDT:USDT 更新止盈 0.1071
2025-12-23 07:41:00 [ERROR] [PROTECT ERROR] LUMIA/USDT:USDT 更新止损失败: Algo order HTTP 400: {'code': -2021, 'msg': 'Order would immediately trigger.'}
2025-12-23 07:41:00 [INFO] [MONITOR] 持仓#1 symbol=LUMIA/USDT:USDT qty=163.3 tp=0.1071 sl=0.1179 entry_time=2025-12-23 05:30:01 min_price=0.1085
2025-12-23 07:41:00 [INFO] [SCAN] 非15分钟节点，跳过开仓扫描
2025-12-23 07:41:00 [INFO] [WAIT] 等待 59.7 秒进入下一轮
2025-12-23 07:42:00 [INFO] [CANCEL] LUMIA/USDT:USDT 已取消止盈单 4000000110542781
2025-12-23 07:42:00 [WARNING] [CANCEL WARNING] LUMIA/USDT:USDT Algo接口取消止损单失败 (4000000109745039): Algo cancel HTTP 400: {'code': -2011, 'msg': 'Unknown order sent.'}
2025-12-23 07:42:00 [INFO] [PROTECT] LUMIA/USDT:USDT 更新止盈 0.1071
2025-12-23 07:42:00 [ERROR] [PROTECT ERROR] LUMIA/USDT:USDT 更新止损失败: Algo order HTTP 400: {'code': -2021, 'msg': 'Order would immediately trigger.'}
2025-12-23 07:42:00 [INFO] [MONITOR] 持仓#1 symbol=LUMIA/USDT:USDT qty=163.3 tp=0.1071 sl=0.1179 entry_time=2025-12-23 05:30:01 min_price=0.1085
2025-12-23 07:42:00 [INFO] [SCAN] 非15分钟节点，跳过开仓扫描
2025-12-23 07:42:00 [INFO] [WAIT] 等待 59.7 秒进入下一轮
2025-12-23 07:43:00 [INFO] [CANCEL] LUMIA/USDT:USDT 已取消止盈单 4000000110550120
2025-12-23 07:43:00 [WARNING] [CANCEL WARNING] LUMIA/USDT:USDT Algo接口取消止损单失败 (4000000109745039): Algo cancel HTTP 400: {'code': -2011, 'msg': 'Unknown order sent.'}
2025-12-23 07:43:00 [INFO] [PROTECT] LUMIA/USDT:USDT 更新止盈 0.1071
2025-12-23 07:43:00 [ERROR] [PROTECT ERROR] LUMIA/USDT:USDT 更新止损失败: Algo order HTTP 400: {'code': -2021, 'msg': 'Order would immediately trigger.'}
2025-12-23 07:43:00 [INFO] [MONITOR] 持仓#1 symbol=LUMIA/USDT:USDT qty=163.3 tp=0.1071 sl=0.1179 entry_time=2025-12-23 05:30:01 min_price=0.1085
2025-12-23 07:43:00 [INFO] [SCAN] 非15分钟节点，跳过开仓扫描
2025-12-23 07:43:00 [INFO] [WAIT] 等待 59.7 秒进入下一轮
2025-12-23 07:44:00 [INFO] [CANCEL] LUMIA/USDT:USDT 已取消止盈单 4000000110557662
2025-12-23 07:44:00 [WARNING] [CANCEL WARNING] LUMIA/USDT:USDT Algo接口取消止损单失败 (4000000109745039): Algo cancel HTTP 400: {'code': -2011, 'msg': 'Unknown order sent.'}
2025-12-23 07:44:00 [INFO] [PROTECT] LUMIA/USDT:USDT 更新止盈 0.1071
2025-12-23 07:44:00 [ERROR] [PROTECT ERROR] LUMIA/USDT:USDT 更新止损失败: Algo order HTTP 400: {'code': -2021, 'msg': 'Order would immediately trigger.'}
2025-12-23 07:44:00 [INFO] [MONITOR] 持仓#1 symbol=LUMIA/USDT:USDT qty=163.3 tp=0.1071 sl=0.1179 entry_time=2025-12-23 05:30:01 min_price=0.1085
2025-12-23 07:44:00 [INFO] [SCAN] 非15分钟节点，跳过开仓扫描
2025-12-23 07:44:00 [INFO] [WAIT] 等待 59.8 秒进入下一轮
2025-12-23 07:45:00 [INFO] [CANCEL] LUMIA/USDT:USDT 已取消止盈单 4000000110564744
2025-12-23 07:45:00 [WARNING] [CANCEL WARNING] LUMIA/USDT:USDT Algo接口取消止损单失败 (4000000109745039): Algo cancel HTTP 400: {'code': -2011, 'msg': 'Unknown order sent.'}
2025-12-23 07:45:00 [INFO] [PROTECT] LUMIA/USDT:USDT 更新止盈 0.1071
2025-12-23 07:45:00 [ERROR] [PROTECT ERROR] LUMIA/USDT:USDT 更新止损失败: Algo order HTTP 400: {'code': -2021, 'msg': 'Order would immediately trigger.'}
2025-12-23 07:45:00 [INFO] [MONITOR] 持仓#1 symbol=LUMIA/USDT:USDT qty=163.3 tp=0.1071 sl=0.1179 entry_time=2025-12-23 05:30:01 min_price=0.1085
2025-12-23 07:45:00 [INFO] [SCAN] 本轮扫描交易对数量: 217
2025-12-23 07:45:02 [INFO] [SCAN] 本轮无满足条件的标的
2025-12-23 07:45:02 [INFO] [WAIT] 等待 57.4 秒进入下一轮
2025-12-23 07:46:00 [INFO] [CANCEL] LUMIA/USDT:USDT 已取消止盈单 4000000110571779
2025-12-23 07:46:00 [WARNING] [CANCEL WARNING] LUMIA/USDT:USDT Algo接口取消止损单失败 (4000000109745039): Algo cancel HTTP 400: {'code': -2011, 'msg': 'Unknown order sent.'}
2025-12-23 07:46:00 [INFO] [PROTECT] LUMIA/USDT:USDT 更新止盈 0.1071
2025-12-23 07:46:00 [ERROR] [PROTECT ERROR] LUMIA/USDT:USDT 更新止损失败: Algo order HTTP 400: {'code': -2021, 'msg': 'Order would immediately trigger.'}
2025-12-23 07:46:00 [INFO] [MONITOR] 持仓#1 symbol=LUMIA/USDT:USDT qty=163.3 tp=0.1071 sl=0.1179 entry_time=2025-12-23 05:30:01 min_price=0.1085
2025-12-23 07:46:00 [INFO] [SCAN] 非15分钟节点，跳过开仓扫描
2025-12-23 07:46:00 [INFO] [WAIT] 等待 59.8 秒进入下一轮
2025-12-23 07:47:00 [INFO] [CANCEL] LUMIA/USDT:USDT 已取消止盈单 4000000110579249
2025-12-23 07:47:00 [WARNING] [CANCEL WARNING] LUMIA/USDT:USDT Algo接口取消止损单失败 (4000000109745039): Algo cancel HTTP 400: {'code': -2011, 'msg': 'Unknown order sent.'}
2025-12-23 07:47:00 [INFO] [PROTECT] LUMIA/USDT:USDT 更新止盈 0.1071
2025-12-23 07:47:00 [ERROR] [PROTECT ERROR] LUMIA/USDT:USDT 更新止损失败: Algo order HTTP 400: {'code': -2021, 'msg': 'Order would immediately trigger.'}
2025-12-23 07:47:00 [INFO] [MONITOR] 持仓#1 symbol=LUMIA/USDT:USDT qty=163.3 tp=0.1071 sl=0.1179 entry_time=2025-12-23 05:30:01 min_price=0.1085
2025-12-23 07:47:00 [INFO] [SCAN] 非15分钟节点，跳过开仓扫描
2025-12-23 07:47:00 [INFO] [WAIT] 等待 59.8 秒进入下一轮
2025-12-23 07:48:00 [INFO] [CANCEL] LUMIA/USDT:USDT 已取消止盈单 4000000110586208
2025-12-23 07:48:00 [WARNING] [CANCEL WARNING] LUMIA/USDT:USDT Algo接口取消止损单失败 (4000000109745039): Algo cancel HTTP 400: {'code': -2011, 'msg': 'Unknown order sent.'}
2025-12-23 07:48:00 [INFO] [PROTECT] LUMIA/USDT:USDT 更新止盈 0.1071
2025-12-23 07:48:00 [ERROR] [PROTECT ERROR] LUMIA/USDT:USDT 更新止损失败: Algo order HTTP 400: {'code': -2021, 'msg': 'Order would immediately trigger.'}
2025-12-23 07:48:00 [INFO] [MONITOR] 持仓#1 symbol=LUMIA/USDT:USDT qty=163.3 tp=0.1071 sl=0.1179 entry_time=2025-12-23 05:30:01 min_price=0.1085
2025-12-23 07:48:00 [INFO] [SCAN] 非15分钟节点，跳过开仓扫描
2025-12-23 07:48:00 [INFO] [WAIT] 等待 59.7 秒进入下一轮
2025-12-23 07:49:00 [INFO] [CANCEL] LUMIA/USDT:USDT 已取消止盈单 4000000110594268
2025-12-23 07:49:00 [WARNING] [CANCEL WARNING] LUMIA/USDT:USDT Algo接口取消止损单失败 (4000000109745039): Algo cancel HTTP 400: {'code': -2011, 'msg': 'Unknown order sent.'}
2025-12-23 07:49:00 [INFO] [PROTECT] LUMIA/USDT:USDT 更新止盈 0.1071
2025-12-23 07:49:00 [ERROR] [PROTECT ERROR] LUMIA/USDT:USDT 更新止损失败: Algo order HTTP 400: {'code': -2021, 'msg': 'Order would immediately trigger.'}
2025-12-23 07:49:00 [INFO] [MONITOR] 持仓#1 symbol=LUMIA/USDT:USDT qty=163.3 tp=0.1071 sl=0.1179 entry_time=2025-12-23 05:30:01 min_price=0.1085
2025-12-23 07:49:00 [INFO] [SCAN] 非15分钟节点，跳过开仓扫描
2025-12-23 07:49:00 [INFO] [WAIT] 等待 59.8 秒进入下一轮
2025-12-23 07:50:00 [INFO] [CANCEL] LUMIA/USDT:USDT 已取消止盈单 4000000110601742
2025-12-23 07:50:00 [WARNING] [CANCEL WARNING] LUMIA/USDT:USDT Algo接口取消止损单失败 (4000000109745039): Algo cancel HTTP 400: {'code': -2011, 'msg': 'Unknown order sent.'}
2025-12-23 07:50:00 [INFO] [PROTECT] LUMIA/USDT:USDT 更新止盈 0.1071
2025-12-23 07:50:00 [ERROR] [PROTECT ERROR] LUMIA/USDT:USDT 更新止损失败: Algo order HTTP 400: {'code': -2021, 'msg': 'Order would immediately trigger.'}
2025-12-23 07:50:00 [INFO] [MONITOR] 持仓#1 symbol=LUMIA/USDT:USDT qty=163.3 tp=0.1071 sl=0.1179 entry_time=2025-12-23 05:30:01 min_price=0.1085
2025-12-23 07:50:00 [INFO] [SCAN] 非15分钟节点，跳过开仓扫描
2025-12-23 07:50:00 [INFO] [WAIT] 等待 59.8 秒进入下一轮
2025-12-23 07:51:00 [INFO] [CANCEL] LUMIA/USDT:USDT 已取消止盈单 4000000110609038
2025-12-23 07:51:00 [WARNING] [CANCEL WARNING] LUMIA/USDT:USDT Algo接口取消止损单失败 (4000000109745039): Algo cancel HTTP 400: {'code': -2011, 'msg': 'Unknown order sent.'}
2025-12-23 07:51:00 [INFO] [PROTECT] LUMIA/USDT:USDT 更新止盈 0.1071
2025-12-23 07:51:00 [ERROR] [PROTECT ERROR] LUMIA/USDT:USDT 更新止损失败: Algo order HTTP 400: {'code': -2021, 'msg': 'Order would immediately trigger.'}
2025-12-23 07:51:00 [INFO] [MONITOR] 持仓#1 symbol=LUMIA/USDT:USDT qty=163.3 tp=0.1071 sl=0.1179 entry_time=2025-12-23 05:30:01 min_price=0.1085
2025-12-23 07:51:00 [INFO] [SCAN] 非15分钟节点，跳过开仓扫描
2025-12-23 07:51:00 [INFO] [WAIT] 等待 59.7 秒进入下一轮
2025-12-23 07:52:00 [INFO] [CANCEL] LUMIA/USDT:USDT 已取消止盈单 4000000110616572
2025-12-23 07:52:00 [WARNING] [CANCEL WARNING] LUMIA/USDT:USDT Algo接口取消止损单失败 (4000000109745039): Algo cancel HTTP 400: {'code': -2011, 'msg': 'Unknown order sent.'}
2025-12-23 07:52:00 [INFO] [PROTECT] LUMIA/USDT:USDT 更新止盈 0.1071
2025-12-23 07:52:00 [ERROR] [PROTECT ERROR] LUMIA/USDT:USDT 更新止损失败: Algo order HTTP 400: {'code': -2021, 'msg': 'Order would immediately trigger.'}
2025-12-23 07:52:00 [INFO] [MONITOR] 持仓#1 symbol=LUMIA/USDT:USDT qty=163.3 tp=0.1071 sl=0.1179 entry_time=2025-12-23 05:30:01 min_price=0.1085
2025-12-23 07:52:00 [INFO] [SCAN] 非15分钟节点，跳过开仓扫描
2025-12-23 07:52:00 [INFO] [WAIT] 等待 59.7 秒进入下一轮
2025-12-23 07:53:00 [INFO] [CANCEL] LUMIA/USDT:USDT 已取消止盈单 4000000110624322
2025-12-23 07:53:00 [WARNING] [CANCEL WARNING] LUMIA/USDT:USDT Algo接口取消止损单失败 (4000000109745039): Algo cancel HTTP 400: {'code': -2011, 'msg': 'Unknown order sent.'}
2025-12-23 07:53:00 [INFO] [PROTECT] LUMIA/USDT:USDT 更新止盈 0.1071
2025-12-23 07:53:00 [ERROR] [PROTECT ERROR] LUMIA/USDT:USDT 更新止损失败: Algo order HTTP 400: {'code': -2021, 'msg': 'Order would immediately trigger.'}
2025-12-23 07:53:00 [INFO] [MONITOR] 持仓#1 symbol=LUMIA/USDT:USDT qty=163.3 tp=0.1071 sl=0.1179 entry_time=2025-12-23 05:30:01 min_price=0.1085
2025-12-23 07:53:00 [INFO] [SCAN] 非15分钟节点，跳过开仓扫描
2025-12-23 07:53:00 [INFO] [WAIT] 等待 59.7 秒进入下一轮
2025-12-23 07:54:00 [INFO] [CANCEL] LUMIA/USDT:USDT 已取消止盈单 4000000110631613
2025-12-23 07:54:00 [WARNING] [CANCEL WARNING] LUMIA/USDT:USDT Algo接口取消止损单失败 (4000000109745039): Algo cancel HTTP 400: {'code': -2011, 'msg': 'Unknown order sent.'}
2025-12-23 07:54:00 [INFO] [PROTECT] LUMIA/USDT:USDT 更新止盈 0.1071
2025-12-23 07:54:00 [ERROR] [PROTECT ERROR] LUMIA/USDT:USDT 更新止损失败: Algo order HTTP 400: {'code': -2021, 'msg': 'Order would immediately trigger.'}
2025-12-23 07:54:00 [INFO] [MONITOR] 持仓#1 symbol=LUMIA/USDT:USDT qty=163.3 tp=0.1071 sl=0.1179 entry_time=2025-12-23 05:30:01 min_price=0.1085
2025-12-23 07:54:00 [INFO] [SCAN] 非15分钟节点，跳过开仓扫描
2025-12-23 07:54:00 [INFO] [WAIT] 等待 59.7 秒进入下一轮
2025-12-23 07:55:00 [INFO] [CANCEL] LUMIA/USDT:USDT 已取消止盈单 4000000110638919
2025-12-23 07:55:00 [WARNING] [CANCEL WARNING] LUMIA/USDT:USDT Algo接口取消止损单失败 (4000000109745039): Algo cancel HTTP 400: {'code': -2011, 'msg': 'Unknown order sent.'}
2025-12-23 07:55:00 [INFO] [PROTECT] LUMIA/USDT:USDT 更新止盈 0.1071
2025-12-23 07:55:00 [ERROR] [PROTECT ERROR] LUMIA/USDT:USDT 更新止损失败: Algo order HTTP 400: {'code': -2021, 'msg': 'Order would immediately trigger.'}
2025-12-23 07:55:00 [INFO] [MONITOR] 持仓#1 symbol=LUMIA/USDT:USDT qty=163.3 tp=0.1071 sl=0.1179 entry_time=2025-12-23 05:30:01 min_price=0.1085
2025-12-23 07:55:00 [INFO] [SCAN] 非15分钟节点，跳过开仓扫描
2025-12-23 07:55:00 [INFO] [WAIT] 等待 59.7 秒进入下一轮
2025-12-23 07:56:00 [INFO] [CANCEL] LUMIA/USDT:USDT 已取消止盈单 4000000110646572
2025-12-23 07:56:00 [WARNING] [CANCEL WARNING] LUMIA/USDT:USDT Algo接口取消止损单失败 (4000000109745039): Algo cancel HTTP 400: {'code': -2011, 'msg': 'Unknown order sent.'}
2025-12-23 07:56:00 [INFO] [PROTECT] LUMIA/USDT:USDT 更新止盈 0.1071
2025-12-23 07:56:00 [ERROR] [PROTECT ERROR] LUMIA/USDT:USDT 更新止损失败: Algo order HTTP 400: {'code': -2021, 'msg': 'Order would immediately trigger.'}
2025-12-23 07:56:00 [INFO] [MONITOR] 持仓#1 symbol=LUMIA/USDT:USDT qty=163.3 tp=0.1071 sl=0.1179 entry_time=2025-12-23 05:30:01 min_price=0.1085
2025-12-23 07:56:00 [INFO] [SCAN] 非15分钟节点，跳过开仓扫描
2025-12-23 07:56:00 [INFO] [WAIT] 等待 59.7 秒进入下一轮
2025-12-23 07:57:00 [INFO] [CANCEL] LUMIA/USDT:USDT 已取消止盈单 4000000110653831
2025-12-23 07:57:00 [WARNING] [CANCEL WARNING] LUMIA/USDT:USDT Algo接口取消止损单失败 (4000000109745039): Algo cancel HTTP 400: {'code': -2011, 'msg': 'Unknown order sent.'}
2025-12-23 07:57:00 [INFO] [PROTECT] LUMIA/USDT:USDT 更新止盈 0.1071
2025-12-23 07:57:00 [ERROR] [PROTECT ERROR] LUMIA/USDT:USDT 更新止损失败: Algo order HTTP 400: {'code': -2021, 'msg': 'Order would immediately trigger.'}
2025-12-23 07:57:00 [INFO] [MONITOR] 持仓#1 symbol=LUMIA/USDT:USDT qty=163.3 tp=0.1071 sl=0.1179 entry_time=2025-12-23 05:30:01 min_price=0.1085
2025-12-23 07:57:00 [INFO] [SCAN] 非15分钟节点，跳过开仓扫描
2025-12-23 07:57:00 [INFO] [WAIT] 等待 59.7 秒进入下一轮
2025-12-23 07:58:00 [INFO] [CANCEL] LUMIA/USDT:USDT 已取消止盈单 4000000110661053
2025-12-23 07:58:00 [WARNING] [CANCEL WARNING] LUMIA/USDT:USDT Algo接口取消止损单失败 (4000000109745039): Algo cancel HTTP 400: {'code': -2011, 'msg': 'Unknown order sent.'}
2025-12-23 07:58:00 [INFO] [PROTECT] LUMIA/USDT:USDT 更新止盈 0.1071
2025-12-23 07:58:00 [ERROR] [PROTECT ERROR] LUMIA/USDT:USDT 更新止损失败: Algo order HTTP 400: {'code': -2021, 'msg': 'Order would immediately trigger.'}
2025-12-23 07:58:00 [INFO] [MONITOR] 持仓#1 symbol=LUMIA/USDT:USDT qty=163.3 tp=0.1071 sl=0.1179 entry_time=2025-12-23 05:30:01 min_price=0.1085
2025-12-23 07:58:00 [INFO] [SCAN] 非15分钟节点，跳过开仓扫描
2025-12-23 07:58:00 [INFO] [WAIT] 等待 59.7 秒进入下一轮
2025-12-23 07:59:00 [INFO] [CANCEL] LUMIA/USDT:USDT 已取消止盈单 4000000110668546
2025-12-23 07:59:00 [WARNING] [CANCEL WARNING] LUMIA/USDT:USDT Algo接口取消止损单失败 (4000000109745039): Algo cancel HTTP 400: {'code': -2011, 'msg': 'Unknown order sent.'}
2025-12-23 07:59:00 [INFO] [PROTECT] LUMIA/USDT:USDT 更新止盈 0.1071
2025-12-23 07:59:00 [ERROR] [PROTECT ERROR] LUMIA/USDT:USDT 更新止损失败: Algo order HTTP 400: {'code': -2021, 'msg': 'Order would immediately trigger.'}
2025-12-23 07:59:00 [INFO] [MONITOR] 持仓#1 symbol=LUMIA/USDT:USDT qty=163.3 tp=0.1071 sl=0.1179 entry_time=2025-12-23 05:30:01 min_price=0.1085
2025-12-23 07:59:00 [INFO] [SCAN] 非15分钟节点，跳过开仓扫描
2025-12-23 07:59:00 [INFO] [WAIT] 等待 59.7 秒进入下一轮
2025-12-23 08:00:00 [INFO] [CANCEL] LUMIA/USDT:USDT 已取消止盈单 4000000110675750
2025-12-23 08:00:00 [WARNING] [CANCEL WARNING] LUMIA/USDT:USDT Algo接口取消止损单失败 (4000000109745039): Algo cancel HTTP 400: {'code': -2011, 'msg': 'Unknown order sent.'}
2025-12-23 08:00:00 [INFO] [PROTECT] LUMIA/USDT:USDT 更新止盈 0.1071
2025-12-23 08:00:00 [ERROR] [PROTECT ERROR] LUMIA/USDT:USDT 更新止损失败: Algo order HTTP 400: {'code': -2021, 'msg': 'Order would immediately trigger.'}
2025-12-23 08:00:00 [INFO] [MONITOR] 持仓#1 symbol=LUMIA/USDT:USDT qty=163.3 tp=0.1071 sl=0.1179 entry_time=2025-12-23 05:30:01 min_price=0.1085
2025-12-23 08:00:00 [INFO] [SCAN] 本轮扫描交易对数量: 217
2025-12-23 08:00:04 [INFO] [SCAN] 本轮无满足条件的标的
2025-12-23 08:00:04 [INFO] [WAIT] 等待 55.9 秒进入下一轮
2025-12-23 08:01:00 [INFO] [CANCEL] LUMIA/USDT:USDT 已取消止盈单 4000000110682779
2025-12-23 08:01:00 [WARNING] [CANCEL WARNING] LUMIA/USDT:USDT Algo接口取消止损单失败 (4000000109745039): Algo cancel HTTP 400: {'code': -2011, 'msg': 'Unknown order sent.'}
2025-12-23 08:01:00 [INFO] [PROTECT] LUMIA/USDT:USDT 更新止盈 0.1071
2025-12-23 08:01:02 [ERROR] [PROTECT ERROR] LUMIA/USDT:USDT 更新止损失败: Algo order HTTP 408: {'code': -1007, 'msg': 'Timeout waiting for response from backend server. Send status unknown; execution status unknown.'}
2025-12-23 08:01:02 [INFO] [MONITOR] 持仓#1 symbol=LUMIA/USDT:USDT qty=163.3 tp=0.1071 sl=0.1179 entry_time=2025-12-23 05:30:01 min_price=0.1085
2025-12-23 08:01:02 [INFO] [SCAN] 非15分钟节点，跳过开仓扫描
2025-12-23 08:01:02 [INFO] [WAIT] 等待 57.8 秒进入下一轮
2025-12-23 08:02:00 [INFO] [CANCEL] LUMIA/USDT:USDT 已取消止盈单 4000000110690756
2025-12-23 08:02:00 [WARNING] [CANCEL WARNING] LUMIA/USDT:USDT Algo接口取消止损单失败 (4000000109745039): Algo cancel HTTP 400: {'code': -2011, 'msg': 'Unknown order sent.'}
2025-12-23 08:02:00 [INFO] [PROTECT] LUMIA/USDT:USDT 更新止盈 0.1071
2025-12-23 08:02:00 [ERROR] [PROTECT ERROR] LUMIA/USDT:USDT 更新止损失败: Algo order HTTP 400: {'code': -2021, 'msg': 'Order would immediately trigger.'}
2025-12-23 08:02:00 [INFO] [MONITOR] 持仓#1 symbol=LUMIA/USDT:USDT qty=163.3 tp=0.1071 sl=0.1179 entry_time=2025-12-23 05:30:01 min_price=0.1085
2025-12-23 08:02:00 [INFO] [SCAN] 非15分钟节点，跳过开仓扫描
2025-12-23 08:02:00 [INFO] [WAIT] 等待 59.7 秒进入下一轮
2025-12-23 08:03:00 [INFO] [CANCEL] LUMIA/USDT:USDT 已取消止盈单 4000000110697950
2025-12-23 08:03:00 [WARNING] [CANCEL WARNING] LUMIA/USDT:USDT Algo接口取消止损单失败 (4000000109745039): Algo cancel HTTP 400: {'code': -2011, 'msg': 'Unknown order sent.'}
2025-12-23 08:03:00 [INFO] [PROTECT] LUMIA/USDT:USDT 更新止盈 0.1071
2025-12-23 08:03:00 [ERROR] [PROTECT ERROR] LUMIA/USDT:USDT 更新止损失败: Algo order HTTP 400: {'code': -2021, 'msg': 'Order would immediately trigger.'}
2025-12-23 08:03:00 [INFO] [MONITOR] 持仓#1 symbol=LUMIA/USDT:USDT qty=163.3 tp=0.1071 sl=0.1179 entry_time=2025-12-23 05:30:01 min_price=0.1085
2025-12-23 08:03:00 [INFO] [SCAN] 非15分钟节点，跳过开仓扫描
2025-12-23 08:03:00 [INFO] [WAIT] 等待 59.8 秒进入下一轮
2025-12-23 08:04:00 [INFO] [CANCEL] LUMIA/USDT:USDT 已取消止盈单 4000000110705581
2025-12-23 08:04:00 [WARNING] [CANCEL WARNING] LUMIA/USDT:USDT Algo接口取消止损单失败 (4000000109745039): Algo cancel HTTP 400: {'code': -2011, 'msg': 'Unknown order sent.'}
2025-12-23 08:04:00 [INFO] [PROTECT] LUMIA/USDT:USDT 更新止盈 0.1071
2025-12-23 08:04:00 [ERROR] [PROTECT ERROR] LUMIA/USDT:USDT 更新止损失败: Algo order HTTP 400: {'code': -2021, 'msg': 'Order would immediately trigger.'}
2025-12-23 08:04:00 [INFO] [MONITOR] 持仓#1 symbol=LUMIA/USDT:USDT qty=163.3 tp=0.1071 sl=0.1179 entry_time=2025-12-23 05:30:01 min_price=0.1085
2025-12-23 08:04:00 [INFO] [SCAN] 非15分钟节点，跳过开仓扫描
2025-12-23 08:04:00 [INFO] [WAIT] 等待 59.7 秒进入下一轮
2025-12-23 08:05:00 [INFO] [CANCEL] LUMIA/USDT:USDT 已取消止盈单 4000000110713565
2025-12-23 08:05:00 [WARNING] [CANCEL WARNING] LUMIA/USDT:USDT Algo接口取消止损单失败 (4000000109745039): Algo cancel HTTP 400: {'code': -2011, 'msg': 'Unknown order sent.'}
2025-12-23 08:05:00 [INFO] [PROTECT] LUMIA/USDT:USDT 更新止盈 0.1071
2025-12-23 08:05:01 [ERROR] [PROTECT ERROR] LUMIA/USDT:USDT 更新止损失败: Algo order HTTP 400: {'code': -2021, 'msg': 'Order would immediately trigger.'}
2025-12-23 08:05:01 [INFO] [MONITOR] 持仓#1 symbol=LUMIA/USDT:USDT qty=163.3 tp=0.1071 sl=0.1179 entry_time=2025-12-23 05:30:01 min_price=0.1085
2025-12-23 08:05:01 [INFO] [SCAN] 非15分钟节点，跳过开仓扫描
2025-12-23 08:05:01 [INFO] [WAIT] 等待 58.8 秒进入下一轮
2025-12-23 08:06:00 [INFO] [CANCEL] LUMIA/USDT:USDT 已取消止盈单 4000000110720825
2025-12-23 08:06:00 [WARNING] [CANCEL WARNING] LUMIA/USDT:USDT Algo接口取消止损单失败 (4000000109745039): Algo cancel HTTP 400: {'code': -2011, 'msg': 'Unknown order sent.'}
2025-12-23 08:06:00 [INFO] [PROTECT] LUMIA/USDT:USDT 更新止盈 0.1071
2025-12-23 08:06:00 [ERROR] [PROTECT ERROR] LUMIA/USDT:USDT 更新止损失败: Algo order HTTP 400: {'code': -2021, 'msg': 'Order would immediately trigger.'}
2025-12-23 08:06:00 [INFO] [MONITOR] 持仓#1 symbol=LUMIA/USDT:USDT qty=163.3 tp=0.1071 sl=0.1179 entry_time=2025-12-23 05:30:01 min_price=0.1085
2025-12-23 08:06:00 [INFO] [SCAN] 非15分钟节点，跳过开仓扫描
2025-12-23 08:06:00 [INFO] [WAIT] 等待 59.7 秒进入下一轮
2025-12-23 08:07:00 [INFO] [CANCEL] LUMIA/USDT:USDT 已取消止盈单 4000000110728349
2025-12-23 08:07:00 [WARNING] [CANCEL WARNING] LUMIA/USDT:USDT Algo接口取消止损单失败 (4000000109745039): Algo cancel HTTP 400: {'code': -2011, 'msg': 'Unknown order sent.'}
2025-12-23 08:07:00 [INFO] [PROTECT] LUMIA/USDT:USDT 更新止盈 0.1071
2025-12-23 08:07:00 [ERROR] [PROTECT ERROR] LUMIA/USDT:USDT 更新止损失败: Algo order HTTP 400: {'code': -2021, 'msg': 'Order would immediately trigger.'}
2025-12-23 08:07:00 [INFO] [MONITOR] 持仓#1 symbol=LUMIA/USDT:USDT qty=163.3 tp=0.1071 sl=0.1179 entry_time=2025-12-23 05:30:01 min_price=0.1085
2025-12-23 08:07:00 [INFO] [SCAN] 非15分钟节点，跳过开仓扫描
2025-12-23 08:07:00 [INFO] [WAIT] 等待 59.7 秒进入下一轮
2025-12-23 08:08:00 [INFO] [CANCEL] LUMIA/USDT:USDT 已取消止盈单 4000000110735991
2025-12-23 08:08:00 [WARNING] [CANCEL WARNING] LUMIA/USDT:USDT Algo接口取消止损单失败 (4000000109745039): Algo cancel HTTP 400: {'code': -2011, 'msg': 'Unknown order sent.'}
2025-12-23 08:08:00 [INFO] [PROTECT] LUMIA/USDT:USDT 更新止盈 0.1071
2025-12-23 08:08:00 [ERROR] [PROTECT ERROR] LUMIA/USDT:USDT 更新止损失败: Algo order HTTP 400: {'code': -2021, 'msg': 'Order would immediately trigger.'}
2025-12-23 08:08:00 [INFO] [MONITOR] 持仓#1 symbol=LUMIA/USDT:USDT qty=163.3 tp=0.1071 sl=0.1179 entry_time=2025-12-23 05:30:01 min_price=0.1085
2025-12-23 08:08:00 [INFO] [SCAN] 非15分钟节点，跳过开仓扫描
2025-12-23 08:08:00 [INFO] [WAIT] 等待 59.7 秒进入下一轮
2025-12-23 08:09:00 [INFO] [CANCEL] LUMIA/USDT:USDT 已取消止盈单 4000000110743050
2025-12-23 08:09:00 [WARNING] [CANCEL WARNING] LUMIA/USDT:USDT Algo接口取消止损单失败 (4000000109745039): Algo cancel HTTP 400: {'code': -2011, 'msg': 'Unknown order sent.'}
2025-12-23 08:09:00 [INFO] [PROTECT] LUMIA/USDT:USDT 更新止盈 0.1071
2025-12-23 08:09:00 [ERROR] [PROTECT ERROR] LUMIA/USDT:USDT 更新止损失败: Algo order HTTP 400: {'code': -2021, 'msg': 'Order would immediately trigger.'}
2025-12-23 08:09:00 [INFO] [MONITOR] 持仓#1 symbol=LUMIA/USDT:USDT qty=163.3 tp=0.1071 sl=0.1179 entry_time=2025-12-23 05:30:01 min_price=0.1085
2025-12-23 08:09:00 [INFO] [SCAN] 非15分钟节点，跳过开仓扫描
2025-12-23 08:09:00 [INFO] [WAIT] 等待 59.7 秒进入下一轮
2025-12-23 08:10:00 [INFO] [CANCEL] LUMIA/USDT:USDT 已取消止盈单 4000000110750356
2025-12-23 08:10:00 [WARNING] [CANCEL WARNING] LUMIA/USDT:USDT Algo接口取消止损单失败 (4000000109745039): Algo cancel HTTP 400: {'code': -2011, 'msg': 'Unknown order sent.'}
2025-12-23 08:10:00 [INFO] [PROTECT] LUMIA/USDT:USDT 更新止盈 0.1071
2025-12-23 08:10:00 [ERROR] [PROTECT ERROR] LUMIA/USDT:USDT 更新止损失败: Algo order HTTP 400: {'code': -2021, 'msg': 'Order would immediately trigger.'}
2025-12-23 08:10:00 [INFO] [MONITOR] 持仓#1 symbol=LUMIA/USDT:USDT qty=163.3 tp=0.1071 sl=0.1179 entry_time=2025-12-23 05:30:01 min_price=0.1085
2025-12-23 08:10:00 [INFO] [SCAN] 非15分钟节点，跳过开仓扫描
2025-12-23 08:10:00 [INFO] [WAIT] 等待 59.7 秒进入下一轮
2025-12-23 08:11:00 [INFO] [CANCEL] LUMIA/USDT:USDT 已取消止盈单 4000000110757625
2025-12-23 08:11:00 [WARNING] [CANCEL WARNING] LUMIA/USDT:USDT Algo接口取消止损单失败 (4000000109745039): Algo cancel HTTP 400: {'code': -2011, 'msg': 'Unknown order sent.'}
2025-12-23 08:11:00 [INFO] [PROTECT] LUMIA/USDT:USDT 更新止盈 0.1071
2025-12-23 08:11:00 [ERROR] [PROTECT ERROR] LUMIA/USDT:USDT 更新止损失败: Algo order HTTP 400: {'code': -2021, 'msg': 'Order would immediately trigger.'}
2025-12-23 08:11:00 [INFO] [MONITOR] 持仓#1 symbol=LUMIA/USDT:USDT qty=163.3 tp=0.1071 sl=0.1179 entry_time=2025-12-23 05:30:01 min_price=0.1085
2025-12-23 08:11:00 [INFO] [SCAN] 非15分钟节点，跳过开仓扫描
2025-12-23 08:11:00 [INFO] [WAIT] 等待 59.7 秒进入下一轮
2025-12-23 08:12:00 [INFO] [CANCEL] LUMIA/USDT:USDT 已取消止盈单 4000000110765393
2025-12-23 08:12:00 [WARNING] [CANCEL WARNING] LUMIA/USDT:USDT Algo接口取消止损单失败 (4000000109745039): Algo cancel HTTP 400: {'code': -2011, 'msg': 'Unknown order sent.'}
2025-12-23 08:12:00 [INFO] [PROTECT] LUMIA/USDT:USDT 更新止盈 0.1071
2025-12-23 08:12:00 [ERROR] [PROTECT ERROR] LUMIA/USDT:USDT 更新止损失败: Algo order HTTP 400: {'code': -2021, 'msg': 'Order would immediately trigger.'}
2025-12-23 08:12:00 [INFO] [MONITOR] 持仓#1 symbol=LUMIA/USDT:USDT qty=163.3 tp=0.1071 sl=0.1179 entry_time=2025-12-23 05:30:01 min_price=0.1085
2025-12-23 08:12:00 [INFO] [SCAN] 非15分钟节点，跳过开仓扫描
2025-12-23 08:12:00 [INFO] [WAIT] 等待 59.8 秒进入下一轮
2025-12-23 08:13:00 [INFO] [CANCEL] LUMIA/USDT:USDT 已取消止盈单 4000000110773072
2025-12-23 08:13:00 [WARNING] [CANCEL WARNING] LUMIA/USDT:USDT Algo接口取消止损单失败 (4000000109745039): Algo cancel HTTP 400: {'code': -2011, 'msg': 'Unknown order sent.'}
2025-12-23 08:13:00 [INFO] [PROTECT] LUMIA/USDT:USDT 更新止盈 0.1071
2025-12-23 08:13:00 [ERROR] [PROTECT ERROR] LUMIA/USDT:USDT 更新止损失败: Algo order HTTP 400: {'code': -2021, 'msg': 'Order would immediately trigger.'}
2025-12-23 08:13:00 [INFO] [MONITOR] 持仓#1 symbol=LUMIA/USDT:USDT qty=163.3 tp=0.1071 sl=0.1179 entry_time=2025-12-23 05:30:01 min_price=0.1085
2025-12-23 08:13:00 [INFO] [SCAN] 非15分钟节点，跳过开仓扫描
2025-12-23 08:13:00 [INFO] [WAIT] 等待 59.7 秒进入下一轮
2025-12-23 08:14:00 [INFO] [CANCEL] LUMIA/USDT:USDT 已取消止盈单 4000000110781039
2025-12-23 08:14:00 [WARNING] [CANCEL WARNING] LUMIA/USDT:USDT Algo接口取消止损单失败 (4000000109745039): Algo cancel HTTP 400: {'code': -2011, 'msg': 'Unknown order sent.'}
2025-12-23 08:14:00 [INFO] [PROTECT] LUMIA/USDT:USDT 更新止盈 0.1071
2025-12-23 08:14:00 [ERROR] [PROTECT ERROR] LUMIA/USDT:USDT 更新止损失败: Algo order HTTP 400: {'code': -2021, 'msg': 'Order would immediately trigger.'}
2025-12-23 08:14:00 [INFO] [MONITOR] 持仓#1 symbol=LUMIA/USDT:USDT qty=163.3 tp=0.1071 sl=0.1179 entry_time=2025-12-23 05:30:01 min_price=0.1085
2025-12-23 08:14:00 [INFO] [SCAN] 非15分钟节点，跳过开仓扫描
2025-12-23 08:14:00 [INFO] [WAIT] 等待 59.7 秒进入下一轮
2025-12-23 08:15:00 [INFO] [CANCEL] LUMIA/USDT:USDT 已取消止盈单 4000000110787879
2025-12-23 08:15:00 [WARNING] [CANCEL WARNING] LUMIA/USDT:USDT Algo接口取消止损单失败 (4000000109745039): Algo cancel HTTP 400: {'code': -2011, 'msg': 'Unknown order sent.'}
2025-12-23 08:15:00 [INFO] [PROTECT] LUMIA/USDT:USDT 更新止盈 0.1071
2025-12-23 08:15:00 [ERROR] [PROTECT ERROR] LUMIA/USDT:USDT 更新止损失败: Algo order HTTP 400: {'code': -2021, 'msg': 'Order would immediately trigger.'}
2025-12-23 08:15:00 [INFO] [MONITOR] 持仓#1 symbol=LUMIA/USDT:USDT qty=163.3 tp=0.1071 sl=0.1179 entry_time=2025-12-23 05:30:01 min_price=0.1085
2025-12-23 08:15:00 [INFO] [SCAN] 本轮扫描交易对数量: 217
2025-12-23 08:15:02 [INFO] [SCAN] 本轮无满足条件的标的
2025-12-23 08:15:02 [INFO] [WAIT] 等待 57.4 秒进入下一轮
2025-12-23 08:16:00 [INFO] [CANCEL] LUMIA/USDT:USDT 已取消止盈单 4000000110794903
2025-12-23 08:16:00 [WARNING] [CANCEL WARNING] LUMIA/USDT:USDT Algo接口取消止损单失败 (4000000109745039): Algo cancel HTTP 400: {'code': -2011, 'msg': 'Unknown order sent.'}
2025-12-23 08:16:00 [INFO] [PROTECT] LUMIA/USDT:USDT 更新止盈 0.1071
2025-12-23 08:16:00 [ERROR] [PROTECT ERROR] LUMIA/USDT:USDT 更新止损失败: Algo order HTTP 400: {'code': -2021, 'msg': 'Order would immediately trigger.'}
2025-12-23 08:16:00 [INFO] [MONITOR] 持仓#1 symbol=LUMIA/USDT:USDT qty=163.3 tp=0.1071 sl=0.1179 entry_time=2025-12-23 05:30:01 min_price=0.1085
2025-12-23 08:16:00 [INFO] [SCAN] 非15分钟节点，跳过开仓扫描
2025-12-23 08:16:00 [INFO] [WAIT] 等待 59.7 秒进入下一轮
2025-12-23 08:17:00 [INFO] [CANCEL] LUMIA/USDT:USDT 已取消止盈单 4000000110801881
2025-12-23 08:17:00 [WARNING] [CANCEL WARNING] LUMIA/USDT:USDT Algo接口取消止损单失败 (4000000109745039): Algo cancel HTTP 400: {'code': -2011, 'msg': 'Unknown order sent.'}
2025-12-23 08:17:00 [INFO] [PROTECT] LUMIA/USDT:USDT 更新止盈 0.1071
2025-12-23 08:17:00 [ERROR] [PROTECT ERROR] LUMIA/USDT:USDT 更新止损失败: Algo order HTTP 400: {'code': -2021, 'msg': 'Order would immediately trigger.'}
2025-12-23 08:17:00 [INFO] [MONITOR] 持仓#1 symbol=LUMIA/USDT:USDT qty=163.3 tp=0.1071 sl=0.1179 entry_time=2025-12-23 05:30:01 min_price=0.1085
2025-12-23 08:17:00 [INFO] [SCAN] 非15分钟节点，跳过开仓扫描
2025-12-23 08:17:00 [INFO] [WAIT] 等待 59.7 秒进入下一轮
2025-12-23 08:18:00 [INFO] [CANCEL] LUMIA/USDT:USDT 已取消止盈单 4000000110809227
2025-12-23 08:18:00 [WARNING] [CANCEL WARNING] LUMIA/USDT:USDT Algo接口取消止损单失败 (4000000109745039): Algo cancel HTTP 400: {'code': -2011, 'msg': 'Unknown order sent.'}
2025-12-23 08:18:00 [INFO] [PROTECT] LUMIA/USDT:USDT 更新止盈 0.1071
2025-12-23 08:18:00 [ERROR] [PROTECT ERROR] LUMIA/USDT:USDT 更新止损失败: Algo order HTTP 400: {'code': -2021, 'msg': 'Order would immediately trigger.'}
2025-12-23 08:18:00 [INFO] [MONITOR] 持仓#1 symbol=LUMIA/USDT:USDT qty=163.3 tp=0.1071 sl=0.1179 entry_time=2025-12-23 05:30:01 min_price=0.1085
2025-12-23 08:18:00 [INFO] [SCAN] 非15分钟节点，跳过开仓扫描
2025-12-23 08:18:00 [INFO] [WAIT] 等待 59.8 秒进入下一轮
2025-12-23 08:19:00 [INFO] [CANCEL] LUMIA/USDT:USDT 已取消止盈单 4000000110817087
2025-12-23 08:19:00 [WARNING] [CANCEL WARNING] LUMIA/USDT:USDT Algo接口取消止损单失败 (4000000109745039): Algo cancel HTTP 400: {'code': -2011, 'msg': 'Unknown order sent.'}
2025-12-23 08:19:00 [INFO] [PROTECT] LUMIA/USDT:USDT 更新止盈 0.1071
2025-12-23 08:19:00 [ERROR] [PROTECT ERROR] LUMIA/USDT:USDT 更新止损失败: Algo order HTTP 400: {'code': -2021, 'msg': 'Order would immediately trigger.'}
2025-12-23 08:19:00 [INFO] [MONITOR] 持仓#1 symbol=LUMIA/USDT:USDT qty=163.3 tp=0.1071 sl=0.1179 entry_time=2025-12-23 05:30:01 min_price=0.1085
2025-12-23 08:19:00 [INFO] [SCAN] 非15分钟节点，跳过开仓扫描
2025-12-23 08:19:00 [INFO] [WAIT] 等待 59.7 秒进入下一轮
2025-12-23 08:20:00 [INFO] [CANCEL] LUMIA/USDT:USDT 已取消止盈单 4000000110824559
2025-12-23 08:20:00 [WARNING] [CANCEL WARNING] LUMIA/USDT:USDT Algo接口取消止损单失败 (4000000109745039): Algo cancel HTTP 400: {'code': -2011, 'msg': 'Unknown order sent.'}
2025-12-23 08:20:00 [INFO] [PROTECT] LUMIA/USDT:USDT 更新止盈 0.1071
2025-12-23 08:20:00 [ERROR] [PROTECT ERROR] LUMIA/USDT:USDT 更新止损失败: Algo order HTTP 400: {'code': -2021, 'msg': 'Order would immediately trigger.'}
2025-12-23 08:20:00 [INFO] [MONITOR] 持仓#1 symbol=LUMIA/USDT:USDT qty=163.3 tp=0.1071 sl=0.1179 entry_time=2025-12-23 05:30:01 min_price=0.1085
2025-12-23 08:20:00 [INFO] [SCAN] 非15分钟节点，跳过开仓扫描
2025-12-23 08:20:00 [INFO] [WAIT] 等待 59.8 秒进入下一轮
2025-12-23 08:21:00 [INFO] [CANCEL] LUMIA/USDT:USDT 已取消止盈单 4000000110831410
2025-12-23 08:21:00 [WARNING] [CANCEL WARNING] LUMIA/USDT:USDT Algo接口取消止损单失败 (4000000109745039): Algo cancel HTTP 400: {'code': -2011, 'msg': 'Unknown order sent.'}
2025-12-23 08:21:00 [INFO] [PROTECT] LUMIA/USDT:USDT 更新止盈 0.1071
2025-12-23 08:21:00 [ERROR] [PROTECT ERROR] LUMIA/USDT:USDT 更新止损失败: Algo order HTTP 400: {'code': -2021, 'msg': 'Order would immediately trigger.'}
2025-12-23 08:21:00 [INFO] [MONITOR] 持仓#1 symbol=LUMIA/USDT:USDT qty=163.3 tp=0.1071 sl=0.1179 entry_time=2025-12-23 05:30:01 min_price=0.1085
2025-12-23 08:21:00 [INFO] [SCAN] 非15分钟节点，跳过开仓扫描
2025-12-23 08:21:00 [INFO] [WAIT] 等待 59.7 秒进入下一轮
2025-12-23 08:22:00 [INFO] [CANCEL] LUMIA/USDT:USDT 已取消止盈单 4000000110838668
2025-12-23 08:22:00 [WARNING] [CANCEL WARNING] LUMIA/USDT:USDT Algo接口取消止损单失败 (4000000109745039): Algo cancel HTTP 400: {'code': -2011, 'msg': 'Unknown order sent.'}
2025-12-23 08:22:00 [INFO] [PROTECT] LUMIA/USDT:USDT 更新止盈 0.1071
2025-12-23 08:22:00 [ERROR] [PROTECT ERROR] LUMIA/USDT:USDT 更新止损失败: Algo order HTTP 400: {'code': -2021, 'msg': 'Order would immediately trigger.'}
2025-12-23 08:22:00 [INFO] [MONITOR] 持仓#1 symbol=LUMIA/USDT:USDT qty=163.3 tp=0.1071 sl=0.1179 entry_time=2025-12-23 05:30:01 min_price=0.1085
2025-12-23 08:22:00 [INFO] [SCAN] 非15分钟节点，跳过开仓扫描
2025-12-23 08:22:00 [INFO] [WAIT] 等待 59.8 秒进入下一轮
2025-12-23 08:23:00 [INFO] [CANCEL] LUMIA/USDT:USDT 已取消止盈单 4000000110845553
2025-12-23 08:23:00 [WARNING] [CANCEL WARNING] LUMIA/USDT:USDT Algo接口取消止损单失败 (4000000109745039): Algo cancel HTTP 400: {'code': -2011, 'msg': 'Unknown order sent.'}
2025-12-23 08:23:00 [INFO] [PROTECT] LUMIA/USDT:USDT 更新止盈 0.1071
2025-12-23 08:23:00 [ERROR] [PROTECT ERROR] LUMIA/USDT:USDT 更新止损失败: Algo order HTTP 400: {'code': -2021, 'msg': 'Order would immediately trigger.'}
2025-12-23 08:23:00 [INFO] [MONITOR] 持仓#1 symbol=LUMIA/USDT:USDT qty=163.3 tp=0.1071 sl=0.1179 entry_time=2025-12-23 05:30:01 min_price=0.1085
2025-12-23 08:23:00 [INFO] [SCAN] 非15分钟节点，跳过开仓扫描
2025-12-23 08:23:00 [INFO] [WAIT] 等待 59.8 秒进入下一轮
2025-12-23 08:24:00 [INFO] [CANCEL] LUMIA/USDT:USDT 已取消止盈单 4000000110852387
2025-12-23 08:24:00 [WARNING] [CANCEL WARNING] LUMIA/USDT:USDT Algo接口取消止损单失败 (4000000109745039): Algo cancel HTTP 400: {'code': -2011, 'msg': 'Unknown order sent.'}
2025-12-23 08:24:00 [INFO] [PROTECT] LUMIA/USDT:USDT 更新止盈 0.1071
2025-12-23 08:24:00 [ERROR] [PROTECT ERROR] LUMIA/USDT:USDT 更新止损失败: Algo order HTTP 400: {'code': -2021, 'msg': 'Order would immediately trigger.'}
2025-12-23 08:24:00 [INFO] [MONITOR] 持仓#1 symbol=LUMIA/USDT:USDT qty=163.3 tp=0.1071 sl=0.1179 entry_time=2025-12-23 05:30:01 min_price=0.1085
2025-12-23 08:24:00 [INFO] [SCAN] 非15分钟节点，跳过开仓扫描
2025-12-23 08:24:00 [INFO] [WAIT] 等待 59.7 秒进入下一轮
2025-12-23 08:25:00 [INFO] [CANCEL] LUMIA/USDT:USDT 已取消止盈单 4000000110859112
2025-12-23 08:25:00 [WARNING] [CANCEL WARNING] LUMIA/USDT:USDT Algo接口取消止损单失败 (4000000109745039): Algo cancel HTTP 400: {'code': -2011, 'msg': 'Unknown order sent.'}
2025-12-23 08:25:00 [INFO] [PROTECT] LUMIA/USDT:USDT 更新止盈 0.1071
2025-12-23 08:25:01 [ERROR] [PROTECT ERROR] LUMIA/USDT:USDT 更新止损失败: Algo order HTTP 400: {'code': -2021, 'msg': 'Order would immediately trigger.'}
2025-12-23 08:25:01 [INFO] [MONITOR] 持仓#1 symbol=LUMIA/USDT:USDT qty=163.3 tp=0.1071 sl=0.1179 entry_time=2025-12-23 05:30:01 min_price=0.1085
2025-12-23 08:25:01 [INFO] [SCAN] 非15分钟节点，跳过开仓扫描
2025-12-23 08:25:01 [INFO] [WAIT] 等待 58.8 秒进入下一轮
2025-12-23 08:26:00 [INFO] [CANCEL] LUMIA/USDT:USDT 已取消止盈单 4000000110865611
2025-12-23 08:26:00 [WARNING] [CANCEL WARNING] LUMIA/USDT:USDT Algo接口取消止损单失败 (4000000109745039): Algo cancel HTTP 400: {'code': -2011, 'msg': 'Unknown order sent.'}
2025-12-23 08:26:00 [INFO] [PROTECT] LUMIA/USDT:USDT 更新止盈 0.1071
2025-12-23 08:26:00 [ERROR] [PROTECT ERROR] LUMIA/USDT:USDT 更新止损失败: Algo order HTTP 400: {'code': -2021, 'msg': 'Order would immediately trigger.'}
2025-12-23 08:26:00 [INFO] [MONITOR] 持仓#1 symbol=LUMIA/USDT:USDT qty=163.3 tp=0.1071 sl=0.1179 entry_time=2025-12-23 05:30:01 min_price=0.1085
2025-12-23 08:26:00 [INFO] [SCAN] 非15分钟节点，跳过开仓扫描
2025-12-23 08:26:00 [INFO] [WAIT] 等待 59.7 秒进入下一轮
2025-12-23 08:27:00 [INFO] [CANCEL] LUMIA/USDT:USDT 已取消止盈单 4000000110872398
2025-12-23 08:27:00 [WARNING] [CANCEL WARNING] LUMIA/USDT:USDT Algo接口取消止损单失败 (4000000109745039): Algo cancel HTTP 400: {'code': -2011, 'msg': 'Unknown order sent.'}
2025-12-23 08:27:00 [INFO] [PROTECT] LUMIA/USDT:USDT 更新止盈 0.1071
2025-12-23 08:27:00 [ERROR] [PROTECT ERROR] LUMIA/USDT:USDT 更新止损失败: Algo order HTTP 400: {'code': -2021, 'msg': 'Order would immediately trigger.'}
2025-12-23 08:27:00 [INFO] [MONITOR] 持仓#1 symbol=LUMIA/USDT:USDT qty=163.3 tp=0.1071 sl=0.1179 entry_time=2025-12-23 05:30:01 min_price=0.1085
2025-12-23 08:27:00 [INFO] [SCAN] 非15分钟节点，跳过开仓扫描
2025-12-23 08:27:00 [INFO] [WAIT] 等待 59.7 秒进入下一轮
2025-12-23 08:28:00 [INFO] [CANCEL] LUMIA/USDT:USDT 已取消止盈单 4000000110878925
2025-12-23 08:28:00 [WARNING] [CANCEL WARNING] LUMIA/USDT:USDT Algo接口取消止损单失败 (4000000109745039): Algo cancel HTTP 400: {'code': -2011, 'msg': 'Unknown order sent.'}
2025-12-23 08:28:00 [INFO] [PROTECT] LUMIA/USDT:USDT 更新止盈 0.1071
2025-12-23 08:28:00 [ERROR] [PROTECT ERROR] LUMIA/USDT:USDT 更新止损失败: Algo order HTTP 400: {'code': -2021, 'msg': 'Order would immediately trigger.'}
2025-12-23 08:28:00 [INFO] [MONITOR] 持仓#1 symbol=LUMIA/USDT:USDT qty=163.3 tp=0.1071 sl=0.1179 entry_time=2025-12-23 05:30:01 min_price=0.1085
2025-12-23 08:28:00 [INFO] [SCAN] 非15分钟节点，跳过开仓扫描
2025-12-23 08:28:00 [INFO] [WAIT] 等待 59.7 秒进入下一轮
2025-12-23 08:29:00 [INFO] [CANCEL] LUMIA/USDT:USDT 已取消止盈单 4000000110885669
2025-12-23 08:29:00 [WARNING] [CANCEL WARNING] LUMIA/USDT:USDT Algo接口取消止损单失败 (4000000109745039): Algo cancel HTTP 400: {'code': -2011, 'msg': 'Unknown order sent.'}
2025-12-23 08:29:00 [INFO] [PROTECT] LUMIA/USDT:USDT 更新止盈 0.1071
2025-12-23 08:29:00 [ERROR] [PROTECT ERROR] LUMIA/USDT:USDT 更新止损失败: Algo order HTTP 400: {'code': -2021, 'msg': 'Order would immediately trigger.'}
2025-12-23 08:29:00 [INFO] [MONITOR] 持仓#1 symbol=LUMIA/USDT:USDT qty=163.3 tp=0.1071 sl=0.1179 entry_time=2025-12-23 05:30:01 min_price=0.1085
2025-12-23 08:29:00 [INFO] [SCAN] 非15分钟节点，跳过开仓扫描
2025-12-23 08:29:00 [INFO] [WAIT] 等待 59.7 秒进入下一轮
2025-12-23 08:29:56 [INFO] [EXIT] 用户中断
2025-12-23 08:56:01 [INFO] [SYSTEM] 初始化组件...
2025-12-23 08:56:02 [INFO] [OK] API连接成功 - LIVE
2025-12-23 08:56:02 [INFO] [BALANCE] USDT总余额: 19.54
2025-12-23 08:56:02 [INFO] [INFO] 找到 535 个活跃USDT永续合约
2025-12-23 08:56:02 [INFO] [OK] 交易执行器初始化成功
2025-12-23 08:56:03 [INFO] [OK] API连接测试成功，耗时: 1.105秒
2025-12-23 08:56:03 [INFO] [OK] 优化数据处理器初始化成功
2025-12-23 08:56:03 [INFO] [BALANCE] 当前 USDT 余额: 19.54
2025-12-23 08:56:03 [INFO] [SYSTEM] 激活交易对数量: 535
2025-12-23 08:56:03 [INFO] [SYSTEM] find_in_out 策略启动
2025-12-23 08:56:04 [INFO] [BALANCE] 当前总资产: 19.54
2025-12-23 08:56:05 [INFO] [CONFIG] 单仓保证金设置为: 3 USDT
2025-12-23 08:56:05 [INFO] [EXIT] 用户中断
2025-12-23 08:56:18 [INFO] [SYSTEM] 初始化组件...
2025-12-23 08:56:19 [INFO] [OK] API连接成功 - LIVE
2025-12-23 08:56:19 [INFO] [BALANCE] USDT总余额: 19.54
2025-12-23 08:56:19 [INFO] [INFO] 找到 535 个活跃USDT永续合约
2025-12-23 08:56:19 [INFO] [OK] 交易执行器初始化成功
2025-12-23 08:56:20 [INFO] [OK] API连接测试成功，耗时: 1.063秒
2025-12-23 08:56:20 [INFO] [OK] 优化数据处理器初始化成功
2025-12-23 08:56:20 [INFO] [BALANCE] 当前 USDT 余额: 19.54
2025-12-23 08:56:20 [INFO] [SYSTEM] 激活交易对数量: 535
2025-12-23 08:56:20 [INFO] [SYSTEM] find_in_out 策略启动
2025-12-23 08:56:20 [INFO] [BALANCE] 当前总资产: 19.54
2025-12-23 08:56:21 [INFO] [CONFIG] 单仓保证金设置为: 3 USDT
2025-12-23 08:57:00 [INFO] [MONITOR] 当前无持仓需要监控
2025-12-23 08:57:00 [INFO] [SCAN] 非15分钟节点，跳过开仓扫描
2025-12-23 08:57:00 [INFO] [WAIT] 等待 60.0 秒进入下一轮
2025-12-23 08:58:00 [INFO] [MONITOR] 当前无持仓需要监控
2025-12-23 08:58:00 [INFO] [SCAN] 非15分钟节点，跳过开仓扫描
2025-12-23 08:58:00 [INFO] [WAIT] 等待 59.9 秒进入下一轮
2025-12-23 08:59:00 [INFO] [MONITOR] 当前无持仓需要监控
2025-12-23 08:59:00 [INFO] [SCAN] 非15分钟节点，跳过开仓扫描
2025-12-23 08:59:00 [INFO] [WAIT] 等待 59.9 秒进入下一轮
2025-12-23 09:00:00 [INFO] [MONITOR] 当前无持仓需要监控
2025-12-23 09:00:00 [INFO] [SCAN] 本轮扫描交易对数量: 217
2025-12-23 09:00:02 [INFO] [LEVERAGE] 设置杠杆为 6x...
2025-12-23 09:00:02 [INFO] [LIVE SHORT] 开空头仓位: 3 个
2025-12-23 09:00:02 [INFO] [LIVE SELL] 做空 BID/USDT:USDT: 710.3 @ 0.02534
2025-12-23 09:00:02 [INFO] [LIVE MARKET] 创建市价单 BID/USDT:USDT: sell 710.3
2025-12-23 09:00:02 [INFO] [LIVE SUCCESS] BID/USDT:USDT 市价单创建成功 ID:634844033 成交:710.0
2025-12-23 09:00:02 [INFO] [LIVE SELL] 做空 LRC/USDT:USDT: 309.9 @ 0.05808
2025-12-23 09:00:02 [INFO] [LIVE MARKET] 创建市价单 LRC/USDT:USDT: sell 309.9
2025-12-23 09:00:02 [INFO] [LIVE SUCCESS] LRC/USDT:USDT 市价单创建成功 ID:18622883433 成交:309.0
2025-12-23 09:00:02 [INFO] [LIVE SELL] 做空 LSK/USDT:USDT: 92.1 @ 0.1954
2025-12-23 09:00:02 [INFO] [LIVE MARKET] 创建市价单 LSK/USDT:USDT: sell 92.1
2025-12-23 09:00:02 [INFO] [LIVE SUCCESS] LSK/USDT:USDT 市价单创建成功 ID:1883330801 成交:92.0
2025-12-23 09:00:02 [INFO] [LIVE OK] 空头开仓: 3/3 成功
2025-12-23 09:00:02 [INFO] [PROTECT] BID/USDT:USDT 更新止盈 0.02483
2025-12-23 09:00:03 [INFO] [PROTECT] BID/USDT:USDT 更新止损 0.02711
2025-12-23 09:00:04 [INFO] [PROTECT] LRC/USDT:USDT 更新止盈 0.05692
2025-12-23 09:00:04 [INFO] [PROTECT] LRC/USDT:USDT 更新止损 0.06215
2025-12-23 09:00:04 [INFO] [PROTECT] LSK/USDT:USDT 更新止盈 0.1915
2025-12-23 09:00:04 [INFO] [PROTECT] LSK/USDT:USDT 更新止损 0.2091
2025-12-23 09:00:05 [INFO] [WAIT] 等待 54.9 秒进入下一轮
2025-12-23 09:01:00 [INFO] [CANCEL] BID/USDT:USDT 已取消止盈单 4000000111110972
2025-12-23 09:01:00 [INFO] [CANCEL] BID/USDT:USDT 已取消止损单 4000000111110976
2025-12-23 09:01:00 [INFO] [PROTECT] BID/USDT:USDT 更新止盈 0.02483
2025-12-23 09:01:00 [INFO] [PROTECT] BID/USDT:USDT 更新止损 0.02711
2025-12-23 09:01:00 [INFO] [CANCEL] LRC/USDT:USDT 已取消止盈单 4000000111111165
2025-12-23 09:01:00 [INFO] [CANCEL] LRC/USDT:USDT 已取消止损单 4000000111111166
2025-12-23 09:01:00 [INFO] [PROTECT] LRC/USDT:USDT 更新止盈 0.05692
2025-12-23 09:01:00 [INFO] [PROTECT] LRC/USDT:USDT 更新止损 0.06214
2025-12-23 09:01:00 [INFO] [CANCEL] LSK/USDT:USDT 已取消止盈单 4000000111111235
2025-12-23 09:01:00 [INFO] [CANCEL] LSK/USDT:USDT 已取消止损单 4000000111111236
2025-12-23 09:01:00 [INFO] [PROTECT] LSK/USDT:USDT 更新止盈 0.1915
2025-12-23 09:01:00 [INFO] [PROTECT] LSK/USDT:USDT 更新止损 0.2091
2025-12-23 09:01:00 [INFO] [MONITOR] 持仓#1 symbol=BID/USDT:USDT qty=710.3 tp=0.02483 sl=0.02711 entry_time=2025-12-23 09:00:02 min_price=0.02532
2025-12-23 09:01:00 [INFO] [MONITOR] 持仓#2 symbol=LRC/USDT:USDT qty=309.9 tp=0.05692 sl=0.06214 entry_time=2025-12-23 09:00:04 min_price=0.0579
2025-12-23 09:01:00 [INFO] [MONITOR] 持仓#3 symbol=LSK/USDT:USDT qty=92.1 tp=0.1915 sl=0.2091 entry_time=2025-12-23 09:00:04 min_price=0.1952
2025-12-23 09:01:00 [INFO] [SCAN] 非15分钟节点，跳过开仓扫描
2025-12-23 09:01:00 [INFO] [WAIT] 等待 59.3 秒进入下一轮
2025-12-23 09:02:00 [INFO] [CANCEL] BID/USDT:USDT 已取消止盈单 4000000111118767
2025-12-23 09:02:00 [INFO] [CANCEL] BID/USDT:USDT 已取消止损单 4000000111118768
2025-12-23 09:02:00 [INFO] [PROTECT] BID/USDT:USDT 更新止盈 0.02483
2025-12-23 09:02:00 [INFO] [PROTECT] BID/USDT:USDT 更新止损 0.02711
2025-12-23 09:02:00 [INFO] [CANCEL] LRC/USDT:USDT 已取消止盈单 4000000111118793
2025-12-23 09:02:00 [INFO] [CANCEL] LRC/USDT:USDT 已取消止损单 4000000111118795
2025-12-23 09:02:00 [INFO] [PROTECT] LRC/USDT:USDT 更新止盈 0.05692
2025-12-23 09:02:00 [INFO] [PROTECT] LRC/USDT:USDT 更新止损 0.06213
2025-12-23 09:02:00 [INFO] [CANCEL] LSK/USDT:USDT 已取消止盈单 4000000111118857
2025-12-23 09:02:00 [INFO] [CANCEL] LSK/USDT:USDT 已取消止损单 4000000111118875
2025-12-23 09:02:00 [INFO] [PROTECT] LSK/USDT:USDT 更新止盈 0.1915
2025-12-23 09:02:00 [INFO] [PROTECT] LSK/USDT:USDT 更新止损 0.2091
2025-12-23 09:02:00 [INFO] [MONITOR] 持仓#1 symbol=BID/USDT:USDT qty=710.3 tp=0.02483 sl=0.02711 entry_time=2025-12-23 09:00:02 min_price=0.02531
2025-12-23 09:02:00 [INFO] [MONITOR] 持仓#2 symbol=LRC/USDT:USDT qty=309.9 tp=0.05692 sl=0.06213 entry_time=2025-12-23 09:00:04 min_price=0.0579
2025-12-23 09:02:00 [INFO] [MONITOR] 持仓#3 symbol=LSK/USDT:USDT qty=92.1 tp=0.1915 sl=0.2091 entry_time=2025-12-23 09:00:04 min_price=0.1949
2025-12-23 09:02:00 [INFO] [SCAN] 非15分钟节点，跳过开仓扫描
2025-12-23 09:02:00 [INFO] [WAIT] 等待 59.4 秒进入下一轮
2025-12-23 09:03:00 [INFO] [CANCEL] BID/USDT:USDT 已取消止盈单 4000000111126937
2025-12-23 09:03:00 [INFO] [CANCEL] BID/USDT:USDT 已取消止损单 4000000111126942
2025-12-23 09:03:00 [INFO] [PROTECT] BID/USDT:USDT 更新止盈 0.02483
2025-12-23 09:03:00 [INFO] [PROTECT] BID/USDT:USDT 更新止损 0.02711
2025-12-23 09:03:00 [INFO] [CANCEL] LRC/USDT:USDT 已取消止盈单 4000000111126965
2025-12-23 09:03:00 [INFO] [CANCEL] LRC/USDT:USDT 已取消止损单 4000000111126971
2025-12-23 09:03:00 [INFO] [PROTECT] LRC/USDT:USDT 更新止盈 0.0569
2025-12-23 09:03:00 [INFO] [PROTECT] LRC/USDT:USDT 更新止损 0.06212
2025-12-23 09:03:00 [INFO] [CANCEL] LSK/USDT:USDT 已取消止盈单 4000000111127003
2025-12-23 09:03:00 [INFO] [CANCEL] LSK/USDT:USDT 已取消止损单 4000000111127014
2025-12-23 09:03:00 [INFO] [PROTECT] LSK/USDT:USDT 更新止盈 0.1912
2025-12-23 09:03:00 [INFO] [PROTECT] LSK/USDT:USDT 更新止损 0.2091
2025-12-23 09:03:00 [INFO] [MONITOR] 持仓#1 symbol=BID/USDT:USDT qty=710.3 tp=0.02483 sl=0.02711 entry_time=2025-12-23 09:00:02 min_price=0.02531
2025-12-23 09:03:00 [INFO] [MONITOR] 持仓#2 symbol=LRC/USDT:USDT qty=309.9 tp=0.0569 sl=0.06212 entry_time=2025-12-23 09:00:04 min_price=0.0579
2025-12-23 09:03:00 [INFO] [MONITOR] 持仓#3 symbol=LSK/USDT:USDT qty=92.1 tp=0.1912 sl=0.2091 entry_time=2025-12-23 09:00:04 min_price=0.1949
2025-12-23 09:03:00 [INFO] [SCAN] 非15分钟节点，跳过开仓扫描
2025-12-23 09:03:00 [INFO] [WAIT] 等待 59.4 秒进入下一轮
2025-12-23 09:04:00 [INFO] [CANCEL] BID/USDT:USDT 已取消止盈单 4000000111134827
2025-12-23 09:04:00 [INFO] [CANCEL] BID/USDT:USDT 已取消止损单 4000000111134832
2025-12-23 09:04:00 [INFO] [PROTECT] BID/USDT:USDT 更新止盈 0.02483
2025-12-23 09:04:00 [INFO] [PROTECT] BID/USDT:USDT 更新止损 0.02711
2025-12-23 09:04:00 [INFO] [CANCEL] LRC/USDT:USDT 已取消止盈单 4000000111134851
2025-12-23 09:04:00 [INFO] [CANCEL] LRC/USDT:USDT 已取消止损单 4000000111134857
2025-12-23 09:04:00 [INFO] [PROTECT] LRC/USDT:USDT 更新止盈 0.0569
2025-12-23 09:04:00 [INFO] [PROTECT] LRC/USDT:USDT 更新止损 0.06211
2025-12-23 09:04:00 [INFO] [CANCEL] LSK/USDT:USDT 已取消止盈单 4000000111134887
2025-12-23 09:04:00 [INFO] [CANCEL] LSK/USDT:USDT 已取消止损单 4000000111134889
2025-12-23 09:04:00 [INFO] [PROTECT] LSK/USDT:USDT 更新止盈 0.1912
2025-12-23 09:04:00 [INFO] [PROTECT] LSK/USDT:USDT 更新止损 0.2091
2025-12-23 09:04:00 [INFO] [MONITOR] 持仓#1 symbol=BID/USDT:USDT qty=710.3 tp=0.02483 sl=0.02711 entry_time=2025-12-23 09:00:02 min_price=0.02531
2025-12-23 09:04:00 [INFO] [MONITOR] 持仓#2 symbol=LRC/USDT:USDT qty=309.9 tp=0.0569 sl=0.06211 entry_time=2025-12-23 09:00:04 min_price=0.0579
2025-12-23 09:04:00 [INFO] [MONITOR] 持仓#3 symbol=LSK/USDT:USDT qty=92.1 tp=0.1912 sl=0.2091 entry_time=2025-12-23 09:00:04 min_price=0.1949
2025-12-23 09:04:00 [INFO] [SCAN] 非15分钟节点，跳过开仓扫描
2025-12-23 09:04:00 [INFO] [WAIT] 等待 59.3 秒进入下一轮
2025-12-23 09:04:36 [INFO] [EXIT] 用户中断
2025-12-23 09:04:45 [INFO] [SYSTEM] 初始化组件...
2025-12-23 09:04:46 [INFO] [OK] API连接成功 - LIVE
2025-12-23 09:04:46 [INFO] [BALANCE] USDT总余额: 19.44
2025-12-23 09:04:46 [INFO] [INFO] 找到 535 个活跃USDT永续合约
2025-12-23 09:04:46 [INFO] [OK] 交易执行器初始化成功
2025-12-23 09:04:47 [INFO] [OK] API连接测试成功，耗时: 1.091秒
2025-12-23 09:04:47 [INFO] [OK] 优化数据处理器初始化成功
2025-12-23 09:04:47 [INFO] [BALANCE] 当前 USDT 余额: 19.44
2025-12-23 09:04:47 [INFO] [SYSTEM] 激活交易对数量: 535
2025-12-23 09:04:47 [INFO] [SYSTEM] find_in_out 策略启动
2025-12-23 09:04:48 [INFO] [BALANCE] 当前总资产: 19.44
2025-12-23 09:04:49 [INFO] [CONFIG] 单仓保证金设置为: 3 USDT
2025-12-23 09:05:00 [INFO] [MONITOR] 当前无持仓需要监控
2025-12-23 09:05:00 [INFO] [SCAN] 非15分钟节点，跳过开仓扫描
2025-12-23 09:05:00 [INFO] [WAIT] 等待 60.0 秒进入下一轮
2025-12-23 09:05:11 [INFO] [EXIT] 用户中断
2025-12-23 09:05:59 [INFO] [SYSTEM] 初始化组件...
2025-12-23 09:06:00 [INFO] [OK] API连接成功 - LIVE
2025-12-23 09:06:00 [INFO] [BALANCE] USDT总余额: 19.44
2025-12-23 09:06:00 [INFO] [INFO] 找到 535 个活跃USDT永续合约
2025-12-23 09:06:00 [INFO] [OK] 交易执行器初始化成功
2025-12-23 09:06:01 [INFO] [OK] API连接测试成功，耗时: 1.079秒
2025-12-23 09:06:01 [INFO] [OK] 优化数据处理器初始化成功
2025-12-23 09:06:01 [INFO] [BALANCE] 当前 USDT 余额: 19.44
2025-12-23 09:06:01 [INFO] [SYSTEM] 激活交易对数量: 535
2025-12-23 09:06:01 [INFO] [SYSTEM] find_in_out 策略启动
2025-12-23 09:06:02 [INFO] [BALANCE] 当前总资产: 19.44
2025-12-23 09:06:02 [INFO] [CONFIG] 单仓保证金设置为: 3 USDT
2025-12-23 09:07:00 [INFO] [MONITOR] 当前无持仓需要监控
2025-12-23 09:07:00 [INFO] [SCAN] 非15分钟节点，跳过开仓扫描
2025-12-23 09:07:00 [INFO] [WAIT] 等待 59.9 秒进入下一轮
2025-12-23 09:08:00 [INFO] [MONITOR] 当前无持仓需要监控
2025-12-23 09:08:00 [INFO] [SCAN] 非15分钟节点，跳过开仓扫描
2025-12-23 09:08:00 [INFO] [WAIT] 等待 59.9 秒进入下一轮
2025-12-23 09:09:00 [INFO] [MONITOR] 当前无持仓需要监控
2025-12-23 09:09:00 [INFO] [SCAN] 非15分钟节点，跳过开仓扫描
2025-12-23 09:09:00 [INFO] [WAIT] 等待 59.9 秒进入下一轮
2025-12-23 09:10:00 [INFO] [MONITOR] 当前无持仓需要监控
2025-12-23 09:10:00 [INFO] [SCAN] 非15分钟节点，跳过开仓扫描
2025-12-23 09:10:00 [INFO] [WAIT] 等待 60.0 秒进入下一轮
2025-12-23 09:11:00 [INFO] [MONITOR] 当前无持仓需要监控
2025-12-23 09:11:00 [INFO] [SCAN] 非15分钟节点，跳过开仓扫描
2025-12-23 09:11:00 [INFO] [WAIT] 等待 59.9 秒进入下一轮
2025-12-23 09:12:00 [INFO] [MONITOR] 当前无持仓需要监控
2025-12-23 09:12:00 [INFO] [SCAN] 非15分钟节点，跳过开仓扫描
2025-12-23 09:12:00 [INFO] [WAIT] 等待 60.0 秒进入下一轮
2025-12-23 09:13:00 [INFO] [MONITOR] 当前无持仓需要监控
2025-12-23 09:13:00 [INFO] [SCAN] 非15分钟节点，跳过开仓扫描
2025-12-23 09:13:00 [INFO] [WAIT] 等待 59.9 秒进入下一轮
2025-12-23 09:14:00 [INFO] [MONITOR] 当前无持仓需要监控
2025-12-23 09:14:00 [INFO] [SCAN] 非15分钟节点，跳过开仓扫描
2025-12-23 09:14:00 [INFO] [WAIT] 等待 60.0 秒进入下一轮
2025-12-23 09:15:00 [INFO] [MONITOR] 当前无持仓需要监控
2025-12-23 09:15:00 [INFO] [SCAN] 本轮扫描交易对数量: 217
2025-12-23 09:15:01 [INFO] [LEVERAGE] 设置杠杆为 6x...
2025-12-23 09:15:01 [INFO] [LIVE SHORT] 开空头仓位: 2 个
2025-12-23 09:15:01 [INFO] [LIVE SELL] 做空 HOOK/USDT:USDT: 532.4 @ 0.03381
2025-12-23 09:15:01 [INFO] [LIVE MARKET] 创建市价单 HOOK/USDT:USDT: sell 532.4
2025-12-23 09:15:01 [INFO] [LIVE SUCCESS] HOOK/USDT:USDT 市价单创建成功 ID:3557167155 成交:532.4
2025-12-23 09:15:01 [INFO] [LIVE SELL] 做空 PHA/USDT:USDT: 528.3 @ 0.03407
2025-12-23 09:15:01 [INFO] [LIVE MARKET] 创建市价单 PHA/USDT:USDT: sell 528.3
2025-12-23 09:15:01 [INFO] [LIVE SUCCESS] PHA/USDT:USDT 市价单创建成功 ID:1169375614 成交:528.0
2025-12-23 09:15:02 [INFO] [LIVE OK] 空头开仓: 2/2 成功
2025-12-23 09:15:02 [INFO] [PROTECT] HOOK/USDT:USDT 更新止盈 0.03313
2025-12-23 09:15:02 [INFO] [PROTECT] HOOK/USDT:USDT 更新止损 0.03618
2025-12-23 09:15:03 [INFO] [PROTECT] PHA/USDT:USDT 更新止盈 0.03339
2025-12-23 09:15:03 [INFO] [PROTECT] PHA/USDT:USDT 更新止损 0.03645
2025-12-23 09:15:03 [INFO] [WAIT] 等待 56.4 秒进入下一轮
2025-12-23 09:16:00 [INFO] [CANCEL] HOOK/USDT:USDT 已取消止盈单 4000000111216164
2025-12-23 09:16:00 [INFO] [CANCEL] HOOK/USDT:USDT 已取消止损单 4000000111216168
2025-12-23 09:16:00 [INFO] [PROTECT] HOOK/USDT:USDT 更新止盈 0.03313
2025-12-23 09:16:00 [INFO] [PROTECT] HOOK/USDT:USDT 更新止损 0.03618
2025-12-23 09:16:00 [INFO] [CANCEL] PHA/USDT:USDT 已取消止盈单 4000000111216322
2025-12-23 09:16:00 [INFO] [CANCEL] PHA/USDT:USDT 已取消止损单 4000000111216333
2025-12-23 09:16:00 [INFO] [PROTECT] PHA/USDT:USDT 更新止盈 0.03339
2025-12-23 09:16:00 [INFO] [PROTECT] PHA/USDT:USDT 更新止损 0.03645
2025-12-23 09:16:00 [INFO] [MONITOR] 持仓#1 symbol=HOOK/USDT:USDT qty=532.4 tp=0.03313 sl=0.03618 entry_time=2025-12-23 09:15:02 min_price=0.03381
2025-12-23 09:16:00 [INFO] [MONITOR] 持仓#2 symbol=PHA/USDT:USDT qty=528.3 tp=0.03339 sl=0.03645 entry_time=2025-12-23 09:15:03 min_price=0.03407
2025-12-23 09:16:00 [INFO] [SCAN] 非15分钟节点，跳过开仓扫描
2025-12-23 09:16:00 [INFO] [WAIT] 等待 59.5 秒进入下一轮
2025-12-23 09:17:00 [INFO] [CANCEL] HOOK/USDT:USDT 已取消止盈单 4000000111223806
2025-12-23 09:17:00 [INFO] [CANCEL] HOOK/USDT:USDT 已取消止损单 4000000111223810
2025-12-23 09:17:00 [INFO] [PROTECT] HOOK/USDT:USDT 更新止盈 0.03307
2025-12-23 09:17:00 [INFO] [PROTECT] HOOK/USDT:USDT 更新止损 0.03618
2025-12-23 09:17:00 [INFO] [CANCEL] PHA/USDT:USDT 已取消止盈单 4000000111223866
2025-12-23 09:17:00 [INFO] [CANCEL] PHA/USDT:USDT 已取消止损单 4000000111223869
2025-12-23 09:17:00 [INFO] [PROTECT] PHA/USDT:USDT 更新止盈 0.03337
2025-12-23 09:17:00 [INFO] [PROTECT] PHA/USDT:USDT 更新止损 0.03645
2025-12-23 09:17:00 [INFO] [MONITOR] 持仓#1 symbol=HOOK/USDT:USDT qty=532.4 tp=0.03307 sl=0.03618 entry_time=2025-12-23 09:15:02 min_price=0.03372
2025-12-23 09:17:00 [INFO] [MONITOR] 持仓#2 symbol=PHA/USDT:USDT qty=528.3 tp=0.03337 sl=0.03645 entry_time=2025-12-23 09:15:03 min_price=0.03403
2025-12-23 09:17:00 [INFO] [SCAN] 非15分钟节点，跳过开仓扫描
2025-12-23 09:17:00 [INFO] [WAIT] 等待 59.5 秒进入下一轮
2025-12-23 09:18:00 [INFO] [CANCEL] HOOK/USDT:USDT 已取消止盈单 4000000111231114
2025-12-23 09:18:00 [INFO] [CANCEL] HOOK/USDT:USDT 已取消止损单 4000000111231120
2025-12-23 09:18:00 [INFO] [PROTECT] HOOK/USDT:USDT 更新止盈 0.03305
2025-12-23 09:18:00 [INFO] [PROTECT] HOOK/USDT:USDT 更新止损 0.03618
2025-12-23 09:18:00 [INFO] [CANCEL] PHA/USDT:USDT 已取消止盈单 4000000111231150
2025-12-23 09:18:00 [INFO] [CANCEL] PHA/USDT:USDT 已取消止损单 4000000111231152
2025-12-23 09:18:00 [INFO] [PROTECT] PHA/USDT:USDT 更新止盈 0.03337
2025-12-23 09:18:00 [INFO] [PROTECT] PHA/USDT:USDT 更新止损 0.03645
2025-12-23 09:18:00 [INFO] [MONITOR] 持仓#1 symbol=HOOK/USDT:USDT qty=532.4 tp=0.03305 sl=0.03618 entry_time=2025-12-23 09:15:02 min_price=0.03372
2025-12-23 09:18:00 [INFO] [MONITOR] 持仓#2 symbol=PHA/USDT:USDT qty=528.3 tp=0.03337 sl=0.03645 entry_time=2025-12-23 09:15:03 min_price=0.03403
2025-12-23 09:18:00 [INFO] [SCAN] 非15分钟节点，跳过开仓扫描
2025-12-23 09:18:00 [INFO] [WAIT] 等待 59.5 秒进入下一轮
2025-12-23 09:18:18 [INFO] [EXIT] 用户中断
2025-12-23 09:19:40 [INFO] [SYSTEM] 初始化组件...
2025-12-23 09:19:41 [INFO] [OK] API连接成功 - LIVE
2025-12-23 09:19:41 [INFO] [BALANCE] USDT总余额: 19.40
2025-12-23 09:19:41 [INFO] [INFO] 找到 535 个活跃USDT永续合约
2025-12-23 09:19:41 [INFO] [OK] 交易执行器初始化成功
2025-12-23 09:19:42 [INFO] [OK] API连接测试成功，耗时: 1.076秒
2025-12-23 09:19:42 [INFO] [OK] 优化数据处理器初始化成功
2025-12-23 09:19:42 [INFO] [BALANCE] 当前 USDT 余额: 19.40
2025-12-23 09:19:42 [INFO] [SYSTEM] 激活交易对数量: 535
2025-12-23 09:19:42 [INFO] [SYSTEM] find_in_out 策略启动
2025-12-23 09:19:42 [INFO] [BALANCE] 当前总资产: 19.40
2025-12-23 09:19:43 [INFO] [CONFIG] 单仓保证金设置为: 3 USDT
2025-12-23 09:20:00 [INFO] [MONITOR] 当前无持仓需要监控
2025-12-23 09:20:00 [INFO] [SCAN] 非15分钟节点，跳过开仓扫描
2025-12-23 09:20:00 [INFO] [WAIT] 等待 60.0 秒进入下一轮
2025-12-23 09:21:00 [INFO] [MONITOR] 当前无持仓需要监控
2025-12-23 09:21:00 [INFO] [SCAN] 非15分钟节点，跳过开仓扫描
2025-12-23 09:21:00 [INFO] [WAIT] 等待 59.9 秒进入下一轮
2025-12-23 09:22:00 [INFO] [MONITOR] 当前无持仓需要监控
2025-12-23 09:22:00 [INFO] [SCAN] 非15分钟节点，跳过开仓扫描
2025-12-23 09:22:00 [INFO] [WAIT] 等待 59.9 秒进入下一轮
2025-12-23 09:23:00 [INFO] [MONITOR] 当前无持仓需要监控
2025-12-23 09:23:00 [INFO] [SCAN] 非15分钟节点，跳过开仓扫描
2025-12-23 09:23:00 [INFO] [WAIT] 等待 60.0 秒进入下一轮
2025-12-23 09:24:00 [INFO] [MONITOR] 当前无持仓需要监控
2025-12-23 09:24:00 [INFO] [SCAN] 非15分钟节点，跳过开仓扫描
2025-12-23 09:24:00 [INFO] [WAIT] 等待 60.0 秒进入下一轮
2025-12-23 09:25:00 [INFO] [MONITOR] 当前无持仓需要监控
2025-12-23 09:25:00 [INFO] [SCAN] 非15分钟节点，跳过开仓扫描
2025-12-23 09:25:00 [INFO] [WAIT] 等待 59.9 秒进入下一轮
2025-12-23 09:26:00 [INFO] [MONITOR] 当前无持仓需要监控
2025-12-23 09:26:00 [INFO] [SCAN] 非15分钟节点，跳过开仓扫描
2025-12-23 09:26:00 [INFO] [WAIT] 等待 60.0 秒进入下一轮
2025-12-23 09:27:00 [INFO] [MONITOR] 当前无持仓需要监控
2025-12-23 09:27:00 [INFO] [SCAN] 非15分钟节点，跳过开仓扫描
2025-12-23 09:27:00 [INFO] [WAIT] 等待 60.0 秒进入下一轮
2025-12-23 09:28:00 [INFO] [MONITOR] 当前无持仓需要监控
2025-12-23 09:28:00 [INFO] [SCAN] 非15分钟节点，跳过开仓扫描
2025-12-23 09:28:00 [INFO] [WAIT] 等待 60.0 秒进入下一轮
2025-12-23 09:29:00 [INFO] [MONITOR] 当前无持仓需要监控
2025-12-23 09:29:00 [INFO] [SCAN] 非15分钟节点，跳过开仓扫描
2025-12-23 09:29:00 [INFO] [WAIT] 等待 59.9 秒进入下一轮
2025-12-23 09:30:00 [INFO] [MONITOR] 当前无持仓需要监控
2025-12-23 09:30:00 [INFO] [SCAN] 本轮扫描交易对数量: 217
2025-12-23 09:30:02 [INFO] [SCAN] 本轮无满足条件的标的
2025-12-23 09:30:02 [INFO] [WAIT] 等待 57.4 秒进入下一轮
2025-12-23 09:31:00 [INFO] [MONITOR] 当前无持仓需要监控
2025-12-23 09:31:00 [INFO] [SCAN] 非15分钟节点，跳过开仓扫描
2025-12-23 09:31:00 [INFO] [WAIT] 等待 59.9 秒进入下一轮
2025-12-23 09:32:00 [INFO] [MONITOR] 当前无持仓需要监控
2025-12-23 09:32:00 [INFO] [SCAN] 非15分钟节点，跳过开仓扫描
2025-12-23 09:32:00 [INFO] [WAIT] 等待 60.0 秒进入下一轮
2025-12-23 09:33:00 [INFO] [MONITOR] 当前无持仓需要监控
2025-12-23 09:33:00 [INFO] [SCAN] 非15分钟节点，跳过开仓扫描
2025-12-23 09:33:00 [INFO] [WAIT] 等待 59.9 秒进入下一轮
2025-12-23 09:34:00 [INFO] [MONITOR] 当前无持仓需要监控
2025-12-23 09:34:00 [INFO] [SCAN] 非15分钟节点，跳过开仓扫描
2025-12-23 09:34:00 [INFO] [WAIT] 等待 59.9 秒进入下一轮
2025-12-23 09:35:00 [INFO] [MONITOR] 当前无持仓需要监控
2025-12-23 09:35:00 [INFO] [SCAN] 非15分钟节点，跳过开仓扫描
2025-12-23 09:35:00 [INFO] [WAIT] 等待 60.0 秒进入下一轮
2025-12-23 09:36:00 [INFO] [MONITOR] 当前无持仓需要监控
2025-12-23 09:36:00 [INFO] [SCAN] 非15分钟节点，跳过开仓扫描
2025-12-23 09:36:00 [INFO] [WAIT] 等待 59.9 秒进入下一轮
2025-12-23 09:37:00 [INFO] [MONITOR] 当前无持仓需要监控
2025-12-23 09:37:00 [INFO] [SCAN] 非15分钟节点，跳过开仓扫描
2025-12-23 09:37:00 [INFO] [WAIT] 等待 59.9 秒进入下一轮
2025-12-23 09:38:00 [INFO] [MONITOR] 当前无持仓需要监控
2025-12-23 09:38:00 [INFO] [SCAN] 非15分钟节点，跳过开仓扫描
2025-12-23 09:38:00 [INFO] [WAIT] 等待 60.0 秒进入下一轮
2025-12-23 09:39:00 [INFO] [MONITOR] 当前无持仓需要监控
2025-12-23 09:39:00 [INFO] [SCAN] 非15分钟节点，跳过开仓扫描
2025-12-23 09:39:00 [INFO] [WAIT] 等待 59.9 秒进入下一轮
2025-12-23 09:40:00 [INFO] [MONITOR] 当前无持仓需要监控
2025-12-23 09:40:00 [INFO] [SCAN] 非15分钟节点，跳过开仓扫描
2025-12-23 09:40:00 [INFO] [WAIT] 等待 60.0 秒进入下一轮
2025-12-23 09:41:00 [INFO] [MONITOR] 当前无持仓需要监控
2025-12-23 09:41:00 [INFO] [SCAN] 非15分钟节点，跳过开仓扫描
2025-12-23 09:41:00 [INFO] [WAIT] 等待 60.0 秒进入下一轮
2025-12-23 09:42:00 [INFO] [MONITOR] 当前无持仓需要监控
2025-12-23 09:42:00 [INFO] [SCAN] 非15分钟节点，跳过开仓扫描
2025-12-23 09:42:00 [INFO] [WAIT] 等待 59.9 秒进入下一轮
2025-12-23 09:43:00 [INFO] [MONITOR] 当前无持仓需要监控
2025-12-23 09:43:00 [INFO] [SCAN] 非15分钟节点，跳过开仓扫描
2025-12-23 09:43:00 [INFO] [WAIT] 等待 59.9 秒进入下一轮
2025-12-23 09:44:00 [INFO] [MONITOR] 当前无持仓需要监控
2025-12-23 09:44:00 [INFO] [SCAN] 非15分钟节点，跳过开仓扫描
2025-12-23 09:44:00 [INFO] [WAIT] 等待 59.9 秒进入下一轮
2025-12-23 09:45:00 [INFO] [MONITOR] 当前无持仓需要监控
2025-12-23 09:45:00 [INFO] [SCAN] 本轮扫描交易对数量: 217
2025-12-23 09:45:02 [INFO] [LEVERAGE] 设置杠杆为 6x...
2025-12-23 09:45:02 [INFO] [LIVE SHORT] 开空头仓位: 1 个
2025-12-23 09:45:02 [INFO] [LIVE SELL] 做空 VINE/USDT:USDT: 616.4 @ 0.0292
2025-12-23 09:45:02 [INFO] [LIVE MARKET] 创建市价单 VINE/USDT:USDT: sell 616.4
2025-12-23 09:45:02 [INFO] [LIVE SUCCESS] VINE/USDT:USDT 市价单创建成功 ID:2403937180 成交:616.0
2025-12-23 09:45:02 [INFO] [LIVE OK] 空头开仓: 1/1 成功
2025-12-23 09:45:02 [INFO] [PROTECT] VINE/USDT:USDT 更新止盈 0.02862
2025-12-23 09:45:02 [INFO] [PROTECT] VINE/USDT:USDT 更新止损 0.03124
2025-12-23 09:45:03 [INFO] [WAIT] 等待 56.1 秒进入下一轮
2025-12-23 09:46:00 [INFO] [CANCEL] VINE/USDT:USDT 已取消止盈单 4000000111431026
2025-12-23 09:46:00 [INFO] [CANCEL] VINE/USDT:USDT 已取消止损单 4000000111431031
2025-12-23 09:46:00 [INFO] [PROTECT] VINE/USDT:USDT 更新止盈 0.02845
2025-12-23 09:46:00 [INFO] [PROTECT] VINE/USDT:USDT 更新止损 0.03124
2025-12-23 09:46:00 [INFO] [MONITOR] 持仓#1 symbol=VINE/USDT:USDT qty=616.4 tp=0.02845 sl=0.03124 entry_time=2025-12-23 09:45:02 min_price=0.02903
2025-12-23 09:46:00 [INFO] [SCAN] 非15分钟节点，跳过开仓扫描
2025-12-23 09:46:00 [INFO] [WAIT] 等待 59.8 秒进入下一轮
2025-12-23 09:47:00 [INFO] [CANCEL] VINE/USDT:USDT 已取消止盈单 4000000111437949
2025-12-23 09:47:00 [INFO] [CANCEL] VINE/USDT:USDT 已取消止损单 4000000111437959
2025-12-23 09:47:00 [INFO] [PROTECT] VINE/USDT:USDT 更新止盈 0.02845
2025-12-23 09:47:00 [INFO] [PROTECT] VINE/USDT:USDT 更新止损 0.03124
2025-12-23 09:47:00 [INFO] [MONITOR] 持仓#1 symbol=VINE/USDT:USDT qty=616.4 tp=0.02845 sl=0.03124 entry_time=2025-12-23 09:45:02 min_price=0.029
2025-12-23 09:47:00 [INFO] [SCAN] 非15分钟节点，跳过开仓扫描
2025-12-23 09:47:00 [INFO] [WAIT] 等待 59.7 秒进入下一轮
2025-12-23 09:48:00 [INFO] [CANCEL] VINE/USDT:USDT 已取消止盈单 4000000111445177
2025-12-23 09:48:00 [INFO] [CANCEL] VINE/USDT:USDT 已取消止损单 4000000111445178
2025-12-23 09:48:00 [INFO] [PROTECT] VINE/USDT:USDT 更新止盈 0.02845
2025-12-23 09:48:00 [INFO] [PROTECT] VINE/USDT:USDT 更新止损 0.03124
2025-12-23 09:48:00 [INFO] [MONITOR] 持仓#1 symbol=VINE/USDT:USDT qty=616.4 tp=0.02845 sl=0.03124 entry_time=2025-12-23 09:45:02 min_price=0.029
2025-12-23 09:48:00 [INFO] [SCAN] 非15分钟节点，跳过开仓扫描
2025-12-23 09:48:00 [INFO] [WAIT] 等待 59.7 秒进入下一轮
2025-12-23 09:49:00 [INFO] [CANCEL] VINE/USDT:USDT 已取消止盈单 4000000111451995
2025-12-23 09:49:00 [INFO] [CANCEL] VINE/USDT:USDT 已取消止损单 4000000111452001
2025-12-23 09:49:00 [INFO] [PROTECT] VINE/USDT:USDT 更新止盈 0.02845
2025-12-23 09:49:00 [INFO] [PROTECT] VINE/USDT:USDT 更新止损 0.03124
2025-12-23 09:49:00 [INFO] [MONITOR] 持仓#1 symbol=VINE/USDT:USDT qty=616.4 tp=0.02845 sl=0.03124 entry_time=2025-12-23 09:45:02 min_price=0.029
2025-12-23 09:49:00 [INFO] [SCAN] 非15分钟节点，跳过开仓扫描
2025-12-23 09:49:00 [INFO] [WAIT] 等待 59.7 秒进入下一轮
2025-12-23 09:50:00 [INFO] [CANCEL] VINE/USDT:USDT 已取消止盈单 4000000111458274
2025-12-23 09:50:00 [INFO] [CANCEL] VINE/USDT:USDT 已取消止损单 4000000111458284
2025-12-23 09:50:00 [INFO] [PROTECT] VINE/USDT:USDT 更新止盈 0.02841
2025-12-23 09:50:00 [INFO] [PROTECT] VINE/USDT:USDT 更新止损 0.03123
2025-12-23 09:50:00 [INFO] [MONITOR] 持仓#1 symbol=VINE/USDT:USDT qty=616.4 tp=0.02841 sl=0.03123 entry_time=2025-12-23 09:45:02 min_price=0.0287
2025-12-23 09:50:00 [INFO] [SCAN] 非15分钟节点，跳过开仓扫描
2025-12-23 09:50:00 [INFO] [WAIT] 等待 59.8 秒进入下一轮
2025-12-23 09:51:00 [INFO] [CANCEL] VINE/USDT:USDT 已取消止盈单 4000000111465022
2025-12-23 09:51:00 [INFO] [CANCEL] VINE/USDT:USDT 已取消止损单 4000000111465025
2025-12-23 09:51:00 [INFO] [PROTECT] VINE/USDT:USDT 更新止盈 0.02841
2025-12-23 09:51:00 [INFO] [PROTECT] VINE/USDT:USDT 更新止损 0.03122
2025-12-23 09:51:00 [INFO] [MONITOR] 持仓#1 symbol=VINE/USDT:USDT qty=616.4 tp=0.02841 sl=0.03122 entry_time=2025-12-23 09:45:02 min_price=0.0287
2025-12-23 09:51:00 [INFO] [SCAN] 非15分钟节点，跳过开仓扫描
2025-12-23 09:51:00 [INFO] [WAIT] 等待 59.7 秒进入下一轮
2025-12-23 09:52:00 [INFO] [CANCEL] VINE/USDT:USDT 已取消止盈单 4000000111471770
2025-12-23 09:52:00 [INFO] [CANCEL] VINE/USDT:USDT 已取消止损单 4000000111471776
2025-12-23 09:52:00 [INFO] [PROTECT] VINE/USDT:USDT 更新止盈 0.02841
2025-12-23 09:52:00 [INFO] [PROTECT] VINE/USDT:USDT 更新止损 0.03121
2025-12-23 09:52:00 [INFO] [MONITOR] 持仓#1 symbol=VINE/USDT:USDT qty=616.4 tp=0.02841 sl=0.03121 entry_time=2025-12-23 09:45:02 min_price=0.0287
2025-12-23 09:52:00 [INFO] [SCAN] 非15分钟节点，跳过开仓扫描
2025-12-23 09:52:00 [INFO] [WAIT] 等待 59.7 秒进入下一轮
2025-12-23 09:53:00 [INFO] [CANCEL] VINE/USDT:USDT 已取消止盈单 4000000111478499
2025-12-23 09:53:00 [INFO] [CANCEL] VINE/USDT:USDT 已取消止损单 4000000111478503
2025-12-23 09:53:00 [INFO] [PROTECT] VINE/USDT:USDT 更新止盈 0.02841
2025-12-23 09:53:00 [INFO] [PROTECT] VINE/USDT:USDT 更新止损 0.0312
2025-12-23 09:53:00 [INFO] [MONITOR] 持仓#1 symbol=VINE/USDT:USDT qty=616.4 tp=0.02841 sl=0.0312 entry_time=2025-12-23 09:45:02 min_price=0.0287
2025-12-23 09:53:00 [INFO] [SCAN] 非15分钟节点，跳过开仓扫描
2025-12-23 09:53:00 [INFO] [WAIT] 等待 59.7 秒进入下一轮
2025-12-23 09:54:00 [INFO] [CANCEL] VINE/USDT:USDT 已取消止盈单 4000000111485032
2025-12-23 09:54:00 [INFO] [CANCEL] VINE/USDT:USDT 已取消止损单 4000000111485033
2025-12-23 09:54:00 [INFO] [PROTECT] VINE/USDT:USDT 更新止盈 0.02841
2025-12-23 09:54:00 [INFO] [PROTECT] VINE/USDT:USDT 更新止损 0.03119
2025-12-23 09:54:00 [INFO] [MONITOR] 持仓#1 symbol=VINE/USDT:USDT qty=616.4 tp=0.02841 sl=0.03119 entry_time=2025-12-23 09:45:02 min_price=0.0287
2025-12-23 09:54:00 [INFO] [SCAN] 非15分钟节点，跳过开仓扫描
2025-12-23 09:54:00 [INFO] [WAIT] 等待 59.8 秒进入下一轮
2025-12-23 09:55:00 [INFO] [CANCEL] VINE/USDT:USDT 已取消止盈单 4000000111491320
2025-12-23 09:55:00 [INFO] [CANCEL] VINE/USDT:USDT 已取消止损单 4000000111491327
2025-12-23 09:55:00 [INFO] [PROTECT] VINE/USDT:USDT 更新止盈 0.02841
2025-12-23 09:55:00 [INFO] [PROTECT] VINE/USDT:USDT 更新止损 0.03119
2025-12-23 09:55:00 [INFO] [MONITOR] 持仓#1 symbol=VINE/USDT:USDT qty=616.4 tp=0.02841 sl=0.03119 entry_time=2025-12-23 09:45:02 min_price=0.0287
2025-12-23 09:55:00 [INFO] [SCAN] 非15分钟节点，跳过开仓扫描
2025-12-23 09:55:00 [INFO] [WAIT] 等待 59.7 秒进入下一轮
2025-12-23 09:56:00 [INFO] [CANCEL] VINE/USDT:USDT 已取消止盈单 4000000111497666
2025-12-23 09:56:00 [INFO] [CANCEL] VINE/USDT:USDT 已取消止损单 4000000111497678
2025-12-23 09:56:00 [INFO] [PROTECT] VINE/USDT:USDT 更新止盈 0.02837
2025-12-23 09:56:00 [INFO] [PROTECT] VINE/USDT:USDT 更新止损 0.03119
2025-12-23 09:56:00 [INFO] [MONITOR] 持仓#1 symbol=VINE/USDT:USDT qty=616.4 tp=0.02837 sl=0.03119 entry_time=2025-12-23 09:45:02 min_price=0.0287
2025-12-23 09:56:00 [INFO] [SCAN] 非15分钟节点，跳过开仓扫描
2025-12-23 09:56:00 [INFO] [WAIT] 等待 59.7 秒进入下一轮
2025-12-23 09:57:00 [INFO] [CANCEL] VINE/USDT:USDT 已取消止盈单 4000000111504619
2025-12-23 09:57:00 [INFO] [CANCEL] VINE/USDT:USDT 已取消止损单 4000000111504623
2025-12-23 09:57:00 [INFO] [PROTECT] VINE/USDT:USDT 更新止盈 0.02837
2025-12-23 09:57:00 [INFO] [PROTECT] VINE/USDT:USDT 更新止损 0.03119
2025-12-23 09:57:00 [INFO] [MONITOR] 持仓#1 symbol=VINE/USDT:USDT qty=616.4 tp=0.02837 sl=0.03119 entry_time=2025-12-23 09:45:02 min_price=0.0287
2025-12-23 09:57:00 [INFO] [SCAN] 非15分钟节点，跳过开仓扫描
2025-12-23 09:57:00 [INFO] [WAIT] 等待 59.7 秒进入下一轮
2025-12-23 09:58:00 [INFO] [CANCEL] VINE/USDT:USDT 已取消止盈单 4000000111511249
2025-12-23 09:58:00 [INFO] [CANCEL] VINE/USDT:USDT 已取消止损单 4000000111511252
2025-12-23 09:58:00 [INFO] [PROTECT] VINE/USDT:USDT 更新止盈 0.02837
2025-12-23 09:58:00 [INFO] [PROTECT] VINE/USDT:USDT 更新止损 0.03119
2025-12-23 09:58:00 [INFO] [MONITOR] 持仓#1 symbol=VINE/USDT:USDT qty=616.4 tp=0.02837 sl=0.03119 entry_time=2025-12-23 09:45:02 min_price=0.0287
2025-12-23 09:58:00 [INFO] [SCAN] 非15分钟节点，跳过开仓扫描
2025-12-23 09:58:00 [INFO] [WAIT] 等待 59.7 秒进入下一轮
2025-12-23 09:59:00 [INFO] [CANCEL] VINE/USDT:USDT 已取消止盈单 4000000111518073
2025-12-23 09:59:00 [INFO] [CANCEL] VINE/USDT:USDT 已取消止损单 4000000111518075
2025-12-23 09:59:00 [INFO] [PROTECT] VINE/USDT:USDT 更新止盈 0.02837
2025-12-23 09:59:00 [INFO] [PROTECT] VINE/USDT:USDT 更新止损 0.03119
2025-12-23 09:59:00 [INFO] [MONITOR] 持仓#1 symbol=VINE/USDT:USDT qty=616.4 tp=0.02837 sl=0.03119 entry_time=2025-12-23 09:45:02 min_price=0.0287
2025-12-23 09:59:00 [INFO] [SCAN] 非15分钟节点，跳过开仓扫描
2025-12-23 09:59:00 [INFO] [WAIT] 等待 59.7 秒进入下一轮
2025-12-23 10:00:00 [INFO] [CANCEL] VINE/USDT:USDT 已取消止盈单 4000000111524524
2025-12-23 10:00:00 [INFO] [CANCEL] VINE/USDT:USDT 已取消止损单 4000000111524526
2025-12-23 10:00:00 [INFO] [PROTECT] VINE/USDT:USDT 更新止盈 0.02837
2025-12-23 10:00:01 [INFO] [PROTECT] VINE/USDT:USDT 更新止损 0.03119
2025-12-23 10:00:01 [INFO] [MONITOR] 持仓#1 symbol=VINE/USDT:USDT qty=616.4 tp=0.02837 sl=0.03119 entry_time=2025-12-23 09:45:02 min_price=0.0287
2025-12-23 10:00:01 [INFO] [SCAN] 本轮扫描交易对数量: 217
2025-12-23 10:00:02 [INFO] [SCAN] 本轮无满足条件的标的
2025-12-23 10:00:02 [INFO] [WAIT] 等待 57.1 秒进入下一轮
2025-12-23 10:01:00 [INFO] [CANCEL] VINE/USDT:USDT 已取消止盈单 4000000111530638
2025-12-23 10:01:00 [INFO] [CANCEL] VINE/USDT:USDT 已取消止损单 4000000111530687
2025-12-23 10:01:00 [INFO] [PROTECT] VINE/USDT:USDT 更新止盈 0.02837
2025-12-23 10:01:00 [INFO] [PROTECT] VINE/USDT:USDT 更新止损 0.03119
2025-12-23 10:01:00 [INFO] [MONITOR] 持仓#1 symbol=VINE/USDT:USDT qty=616.4 tp=0.02837 sl=0.03119 entry_time=2025-12-23 09:45:02 min_price=0.0287
2025-12-23 10:01:00 [INFO] [SCAN] 非15分钟节点，跳过开仓扫描
2025-12-23 10:01:00 [INFO] [WAIT] 等待 59.8 秒进入下一轮
2025-12-23 10:02:00 [INFO] [CANCEL] VINE/USDT:USDT 已取消止盈单 4000000111537452
2025-12-23 10:02:00 [INFO] [CANCEL] VINE/USDT:USDT 已取消止损单 4000000111537461
2025-12-23 10:02:00 [INFO] [PROTECT] VINE/USDT:USDT 更新止盈 0.02837
2025-12-23 10:02:00 [INFO] [PROTECT] VINE/USDT:USDT 更新止损 0.03119
2025-12-23 10:02:00 [INFO] [MONITOR] 持仓#1 symbol=VINE/USDT:USDT qty=616.4 tp=0.02837 sl=0.03119 entry_time=2025-12-23 09:45:02 min_price=0.0287
2025-12-23 10:02:00 [INFO] [SCAN] 非15分钟节点，跳过开仓扫描
2025-12-23 10:02:00 [INFO] [WAIT] 等待 59.7 秒进入下一轮
2025-12-23 10:03:00 [INFO] [CANCEL] VINE/USDT:USDT 已取消止盈单 4000000111544721
2025-12-23 10:03:00 [INFO] [CANCEL] VINE/USDT:USDT 已取消止损单 4000000111544722
2025-12-23 10:03:00 [INFO] [PROTECT] VINE/USDT:USDT 更新止盈 0.02837
2025-12-23 10:03:00 [INFO] [PROTECT] VINE/USDT:USDT 更新止损 0.03119
2025-12-23 10:03:00 [INFO] [MONITOR] 持仓#1 symbol=VINE/USDT:USDT qty=616.4 tp=0.02837 sl=0.03119 entry_time=2025-12-23 09:45:02 min_price=0.0287
2025-12-23 10:03:00 [INFO] [SCAN] 非15分钟节点，跳过开仓扫描
2025-12-23 10:03:00 [INFO] [WAIT] 等待 59.7 秒进入下一轮
2025-12-23 10:04:00 [INFO] [CANCEL] VINE/USDT:USDT 已取消止盈单 4000000111551722
2025-12-23 10:04:00 [INFO] [CANCEL] VINE/USDT:USDT 已取消止损单 4000000111551725
2025-12-23 10:04:00 [INFO] [PROTECT] VINE/USDT:USDT 更新止盈 0.02837
2025-12-23 10:04:00 [INFO] [PROTECT] VINE/USDT:USDT 更新止损 0.03119
2025-12-23 10:04:00 [INFO] [MONITOR] 持仓#1 symbol=VINE/USDT:USDT qty=616.4 tp=0.02837 sl=0.03119 entry_time=2025-12-23 09:45:02 min_price=0.0287
2025-12-23 10:04:00 [INFO] [SCAN] 非15分钟节点，跳过开仓扫描
2025-12-23 10:04:00 [INFO] [WAIT] 等待 59.7 秒进入下一轮
2025-12-23 10:05:00 [INFO] [CANCEL] VINE/USDT:USDT 已取消止盈单 4000000111558823
2025-12-23 10:05:00 [INFO] [CANCEL] VINE/USDT:USDT 已取消止损单 4000000111558826
2025-12-23 10:05:00 [INFO] [PROTECT] VINE/USDT:USDT 更新止盈 0.02834
2025-12-23 10:05:00 [INFO] [PROTECT] VINE/USDT:USDT 更新止损 0.03119
2025-12-23 10:05:00 [INFO] [MONITOR] 持仓#1 symbol=VINE/USDT:USDT qty=616.4 tp=0.02834 sl=0.03119 entry_time=2025-12-23 09:45:02 min_price=0.0287
2025-12-23 10:05:00 [INFO] [SCAN] 非15分钟节点，跳过开仓扫描
2025-12-23 10:05:00 [INFO] [WAIT] 等待 59.8 秒进入下一轮
2025-12-23 10:06:00 [INFO] [CANCEL] VINE/USDT:USDT 已取消止盈单 4000000111566520
2025-12-23 10:06:00 [INFO] [CANCEL] VINE/USDT:USDT 已取消止损单 4000000111566529
2025-12-23 10:06:00 [INFO] [PROTECT] VINE/USDT:USDT 更新止盈 0.02833
2025-12-23 10:06:00 [INFO] [PROTECT] VINE/USDT:USDT 更新止损 0.03119
2025-12-23 10:06:00 [INFO] [MONITOR] 持仓#1 symbol=VINE/USDT:USDT qty=616.4 tp=0.02833 sl=0.03119 entry_time=2025-12-23 09:45:02 min_price=0.0287
2025-12-23 10:06:00 [INFO] [SCAN] 非15分钟节点，跳过开仓扫描
2025-12-23 10:06:00 [INFO] [WAIT] 等待 59.7 秒进入下一轮
2025-12-23 10:07:00 [INFO] [CANCEL] VINE/USDT:USDT 已取消止盈单 4000000111573071
2025-12-23 10:07:00 [INFO] [CANCEL] VINE/USDT:USDT 已取消止损单 4000000111573076
2025-12-23 10:07:00 [INFO] [PROTECT] VINE/USDT:USDT 更新止盈 0.02833
2025-12-23 10:07:00 [INFO] [PROTECT] VINE/USDT:USDT 更新止损 0.03119
2025-12-23 10:07:00 [INFO] [MONITOR] 持仓#1 symbol=VINE/USDT:USDT qty=616.4 tp=0.02833 sl=0.03119 entry_time=2025-12-23 09:45:02 min_price=0.0287
2025-12-23 10:07:00 [INFO] [SCAN] 非15分钟节点，跳过开仓扫描
2025-12-23 10:07:00 [INFO] [WAIT] 等待 59.8 秒进入下一轮
2025-12-23 10:08:00 [INFO] [CANCEL] VINE/USDT:USDT 已取消止盈单 4000000111580286
2025-12-23 10:08:00 [INFO] [CANCEL] VINE/USDT:USDT 已取消止损单 4000000111580288
2025-12-23 10:08:00 [INFO] [PROTECT] VINE/USDT:USDT 更新止盈 0.02832
2025-12-23 10:08:00 [INFO] [PROTECT] VINE/USDT:USDT 更新止损 0.03119
2025-12-23 10:08:00 [INFO] [MONITOR] 持仓#1 symbol=VINE/USDT:USDT qty=616.4 tp=0.02832 sl=0.03119 entry_time=2025-12-23 09:45:02 min_price=0.0287
2025-12-23 10:08:00 [INFO] [SCAN] 非15分钟节点，跳过开仓扫描
2025-12-23 10:08:00 [INFO] [WAIT] 等待 59.8 秒进入下一轮
2025-12-23 10:09:00 [INFO] [CANCEL] VINE/USDT:USDT 已取消止盈单 4000000111587236
2025-12-23 10:09:00 [INFO] [CANCEL] VINE/USDT:USDT 已取消止损单 4000000111587241
2025-12-23 10:09:00 [INFO] [PROTECT] VINE/USDT:USDT 更新止盈 0.02832
2025-12-23 10:09:00 [INFO] [PROTECT] VINE/USDT:USDT 更新止损 0.03119
2025-12-23 10:09:00 [INFO] [MONITOR] 持仓#1 symbol=VINE/USDT:USDT qty=616.4 tp=0.02832 sl=0.03119 entry_time=2025-12-23 09:45:02 min_price=0.0287
2025-12-23 10:09:00 [INFO] [SCAN] 非15分钟节点，跳过开仓扫描
2025-12-23 10:09:00 [INFO] [WAIT] 等待 59.7 秒进入下一轮
2025-12-23 10:09:48 [INFO] [EXIT] 用户中断
2025-12-23 10:09:58 [INFO] [SYSTEM] 初始化组件...
2025-12-23 10:09:59 [INFO] [OK] API连接成功 - LIVE
2025-12-23 10:09:59 [INFO] [BALANCE] USDT总余额: 19.45
2025-12-23 10:09:59 [INFO] [INFO] 找到 535 个活跃USDT永续合约
2025-12-23 10:09:59 [INFO] [OK] 交易执行器初始化成功
2025-12-23 10:10:00 [INFO] [OK] API连接测试成功，耗时: 1.082秒
2025-12-23 10:10:00 [INFO] [OK] 优化数据处理器初始化成功
2025-12-23 10:10:00 [INFO] [BALANCE] 当前 USDT 余额: 19.45
2025-12-23 10:10:00 [INFO] [SYSTEM] 激活交易对数量: 535
2025-12-23 10:10:00 [INFO] [SYSTEM] find_in_out 策略启动
2025-12-23 10:10:01 [INFO] [BALANCE] 当前总资产: 19.45
2025-12-23 10:10:02 [INFO] [CONFIG] 单仓保证金设置为: 3 USDT
2025-12-23 10:11:00 [INFO] [MONITOR] 当前无持仓需要监控
2025-12-23 10:11:00 [INFO] [SCAN] 非15分钟节点，跳过开仓扫描
2025-12-23 10:11:00 [INFO] [WAIT] 等待 60.0 秒进入下一轮
2025-12-23 10:12:00 [INFO] [MONITOR] 当前无持仓需要监控
2025-12-23 10:12:00 [INFO] [SCAN] 非15分钟节点，跳过开仓扫描
2025-12-23 10:12:00 [INFO] [WAIT] 等待 60.0 秒进入下一轮
2025-12-23 10:13:00 [INFO] [MONITOR] 当前无持仓需要监控
2025-12-23 10:13:00 [INFO] [SCAN] 非15分钟节点，跳过开仓扫描
2025-12-23 10:13:00 [INFO] [WAIT] 等待 59.9 秒进入下一轮
2025-12-23 10:14:00 [INFO] [MONITOR] 当前无持仓需要监控
2025-12-23 10:14:00 [INFO] [SCAN] 非15分钟节点，跳过开仓扫描
2025-12-23 10:14:00 [INFO] [WAIT] 等待 60.0 秒进入下一轮
2025-12-23 10:15:00 [INFO] [MONITOR] 当前无持仓需要监控
2025-12-23 10:15:00 [INFO] [SCAN] 本轮扫描交易对数量: 217
2025-12-23 10:15:01 [INFO] [SCAN] 本轮无满足条件的标的
2025-12-23 10:15:01 [INFO] [WAIT] 等待 58.4 秒进入下一轮
2025-12-23 10:16:00 [INFO] [MONITOR] 当前无持仓需要监控
2025-12-23 10:16:00 [INFO] [SCAN] 非15分钟节点，跳过开仓扫描
2025-12-23 10:16:00 [INFO] [WAIT] 等待 60.0 秒进入下一轮
2025-12-23 10:17:00 [INFO] [MONITOR] 当前无持仓需要监控
2025-12-23 10:17:00 [INFO] [SCAN] 非15分钟节点，跳过开仓扫描
2025-12-23 10:17:00 [INFO] [WAIT] 等待 59.9 秒进入下一轮
2025-12-23 10:18:00 [INFO] [MONITOR] 当前无持仓需要监控
2025-12-23 10:18:00 [INFO] [SCAN] 非15分钟节点，跳过开仓扫描
2025-12-23 10:18:00 [INFO] [WAIT] 等待 60.0 秒进入下一轮
2025-12-23 10:19:00 [INFO] [MONITOR] 当前无持仓需要监控
2025-12-23 10:19:00 [INFO] [SCAN] 非15分钟节点，跳过开仓扫描
2025-12-23 10:19:00 [INFO] [WAIT] 等待 59.9 秒进入下一轮
2025-12-23 10:20:00 [INFO] [MONITOR] 当前无持仓需要监控
2025-12-23 10:20:00 [INFO] [SCAN] 非15分钟节点，跳过开仓扫描
2025-12-23 10:20:00 [INFO] [WAIT] 等待 60.0 秒进入下一轮
2025-12-23 10:21:00 [INFO] [MONITOR] 当前无持仓需要监控
2025-12-23 10:21:00 [INFO] [SCAN] 非15分钟节点，跳过开仓扫描
2025-12-23 10:21:00 [INFO] [WAIT] 等待 59.9 秒进入下一轮
2025-12-23 10:22:00 [INFO] [MONITOR] 当前无持仓需要监控
2025-12-23 10:22:00 [INFO] [SCAN] 非15分钟节点，跳过开仓扫描
2025-12-23 10:22:00 [INFO] [WAIT] 等待 60.0 秒进入下一轮
2025-12-23 10:23:00 [INFO] [MONITOR] 当前无持仓需要监控
2025-12-23 10:23:00 [INFO] [SCAN] 非15分钟节点，跳过开仓扫描
2025-12-23 10:23:00 [INFO] [WAIT] 等待 59.9 秒进入下一轮
2025-12-23 10:24:00 [INFO] [MONITOR] 当前无持仓需要监控
2025-12-23 10:24:00 [INFO] [SCAN] 非15分钟节点，跳过开仓扫描
2025-12-23 10:24:00 [INFO] [WAIT] 等待 60.0 秒进入下一轮
2025-12-23 10:25:00 [INFO] [MONITOR] 当前无持仓需要监控
2025-12-23 10:25:00 [INFO] [SCAN] 非15分钟节点，跳过开仓扫描
2025-12-23 10:25:00 [INFO] [WAIT] 等待 60.0 秒进入下一轮
2025-12-23 10:26:00 [INFO] [MONITOR] 当前无持仓需要监控
2025-12-23 10:26:00 [INFO] [SCAN] 非15分钟节点，跳过开仓扫描
2025-12-23 10:26:00 [INFO] [WAIT] 等待 60.0 秒进入下一轮
2025-12-23 10:27:00 [INFO] [MONITOR] 当前无持仓需要监控
2025-12-23 10:27:00 [INFO] [SCAN] 非15分钟节点，跳过开仓扫描
2025-12-23 10:27:00 [INFO] [WAIT] 等待 60.0 秒进入下一轮
2025-12-23 10:28:00 [INFO] [MONITOR] 当前无持仓需要监控
2025-12-23 10:28:00 [INFO] [SCAN] 非15分钟节点，跳过开仓扫描
2025-12-23 10:28:00 [INFO] [WAIT] 等待 59.9 秒进入下一轮
2025-12-23 10:29:00 [INFO] [MONITOR] 当前无持仓需要监控
2025-12-23 10:29:00 [INFO] [SCAN] 非15分钟节点，跳过开仓扫描
2025-12-23 10:29:00 [INFO] [WAIT] 等待 59.9 秒进入下一轮
2025-12-23 10:30:00 [INFO] [MONITOR] 当前无持仓需要监控
2025-12-23 10:30:00 [INFO] [SCAN] 本轮扫描交易对数量: 217
2025-12-23 10:30:01 [INFO] [SCAN] 本轮无满足条件的标的
2025-12-23 10:30:01 [INFO] [WAIT] 等待 58.3 秒进入下一轮
2025-12-23 10:31:00 [INFO] [MONITOR] 当前无持仓需要监控
2025-12-23 10:31:00 [INFO] [SCAN] 非15分钟节点，跳过开仓扫描
2025-12-23 10:31:00 [INFO] [WAIT] 等待 59.9 秒进入下一轮
2025-12-23 10:32:00 [INFO] [MONITOR] 当前无持仓需要监控
2025-12-23 10:32:00 [INFO] [SCAN] 非15分钟节点，跳过开仓扫描
2025-12-23 10:32:00 [INFO] [WAIT] 等待 59.9 秒进入下一轮
2025-12-23 10:33:00 [INFO] [MONITOR] 当前无持仓需要监控
2025-12-23 10:33:00 [INFO] [SCAN] 非15分钟节点，跳过开仓扫描
2025-12-23 10:33:00 [INFO] [WAIT] 等待 60.0 秒进入下一轮
2025-12-23 10:34:00 [INFO] [MONITOR] 当前无持仓需要监控
2025-12-23 10:34:00 [INFO] [SCAN] 非15分钟节点，跳过开仓扫描
2025-12-23 10:34:00 [INFO] [WAIT] 等待 59.9 秒进入下一轮
2025-12-23 10:35:00 [INFO] [MONITOR] 当前无持仓需要监控
2025-12-23 10:35:00 [INFO] [SCAN] 非15分钟节点，跳过开仓扫描
2025-12-23 10:35:00 [INFO] [WAIT] 等待 60.0 秒进入下一轮
2025-12-23 10:36:00 [INFO] [MONITOR] 当前无持仓需要监控
2025-12-23 10:36:00 [INFO] [SCAN] 非15分钟节点，跳过开仓扫描
2025-12-23 10:36:00 [INFO] [WAIT] 等待 59.9 秒进入下一轮
2025-12-23 10:37:00 [INFO] [MONITOR] 当前无持仓需要监控
2025-12-23 10:37:00 [INFO] [SCAN] 非15分钟节点，跳过开仓扫描
2025-12-23 10:37:00 [INFO] [WAIT] 等待 60.0 秒进入下一轮
2025-12-23 10:38:00 [INFO] [MONITOR] 当前无持仓需要监控
2025-12-23 10:38:00 [INFO] [SCAN] 非15分钟节点，跳过开仓扫描
2025-12-23 10:38:00 [INFO] [WAIT] 等待 60.0 秒进入下一轮
2025-12-23 10:39:00 [INFO] [MONITOR] 当前无持仓需要监控
2025-12-23 10:39:00 [INFO] [SCAN] 非15分钟节点，跳过开仓扫描
2025-12-23 10:39:00 [INFO] [WAIT] 等待 60.0 秒进入下一轮
2025-12-23 10:40:00 [INFO] [MONITOR] 当前无持仓需要监控
2025-12-23 10:40:00 [INFO] [SCAN] 非15分钟节点，跳过开仓扫描
2025-12-23 10:40:00 [INFO] [WAIT] 等待 59.9 秒进入下一轮
2025-12-23 10:41:00 [INFO] [MONITOR] 当前无持仓需要监控
2025-12-23 10:41:00 [INFO] [SCAN] 非15分钟节点，跳过开仓扫描
2025-12-23 10:41:00 [INFO] [WAIT] 等待 60.0 秒进入下一轮
2025-12-23 10:42:00 [INFO] [MONITOR] 当前无持仓需要监控
2025-12-23 10:42:00 [INFO] [SCAN] 非15分钟节点，跳过开仓扫描
2025-12-23 10:42:00 [INFO] [WAIT] 等待 60.0 秒进入下一轮
2025-12-23 10:43:00 [INFO] [MONITOR] 当前无持仓需要监控
2025-12-23 10:43:00 [INFO] [SCAN] 非15分钟节点，跳过开仓扫描
2025-12-23 10:43:00 [INFO] [WAIT] 等待 59.9 秒进入下一轮
2025-12-23 10:44:00 [INFO] [MONITOR] 当前无持仓需要监控
2025-12-23 10:44:00 [INFO] [SCAN] 非15分钟节点，跳过开仓扫描
2025-12-23 10:44:00 [INFO] [WAIT] 等待 60.0 秒进入下一轮
2025-12-23 10:45:00 [INFO] [MONITOR] 当前无持仓需要监控
2025-12-23 10:45:00 [INFO] [SCAN] 本轮扫描交易对数量: 217
2025-12-23 10:45:01 [INFO] [SCAN] 本轮无满足条件的标的
2025-12-23 10:45:01 [INFO] [WAIT] 等待 58.5 秒进入下一轮
2025-12-23 10:46:00 [INFO] [MONITOR] 当前无持仓需要监控
2025-12-23 10:46:00 [INFO] [SCAN] 非15分钟节点，跳过开仓扫描
2025-12-23 10:46:00 [INFO] [WAIT] 等待 60.0 秒进入下一轮
2025-12-23 10:47:00 [INFO] [MONITOR] 当前无持仓需要监控
2025-12-23 10:47:00 [INFO] [SCAN] 非15分钟节点，跳过开仓扫描
2025-12-23 10:47:00 [INFO] [WAIT] 等待 59.9 秒进入下一轮
2025-12-23 10:48:00 [INFO] [MONITOR] 当前无持仓需要监控
2025-12-23 10:48:00 [INFO] [SCAN] 非15分钟节点，跳过开仓扫描
2025-12-23 10:48:00 [INFO] [WAIT] 等待 60.0 秒进入下一轮
2025-12-23 10:49:00 [INFO] [MONITOR] 当前无持仓需要监控
2025-12-23 10:49:00 [INFO] [SCAN] 非15分钟节点，跳过开仓扫描
2025-12-23 10:49:00 [INFO] [WAIT] 等待 59.9 秒进入下一轮
2025-12-23 10:50:00 [INFO] [MONITOR] 当前无持仓需要监控
2025-12-23 10:50:00 [INFO] [SCAN] 非15分钟节点，跳过开仓扫描
2025-12-23 10:50:00 [INFO] [WAIT] 等待 59.9 秒进入下一轮
2025-12-23 10:51:00 [INFO] [MONITOR] 当前无持仓需要监控
2025-12-23 10:51:00 [INFO] [SCAN] 非15分钟节点，跳过开仓扫描
2025-12-23 10:51:00 [INFO] [WAIT] 等待 59.9 秒进入下一轮
2025-12-23 10:52:00 [INFO] [MONITOR] 当前无持仓需要监控
2025-12-23 10:52:00 [INFO] [SCAN] 非15分钟节点，跳过开仓扫描
2025-12-23 10:52:00 [INFO] [WAIT] 等待 59.9 秒进入下一轮
2025-12-23 10:53:00 [INFO] [MONITOR] 当前无持仓需要监控
2025-12-23 10:53:00 [INFO] [SCAN] 非15分钟节点，跳过开仓扫描
2025-12-23 10:53:00 [INFO] [WAIT] 等待 59.9 秒进入下一轮
2025-12-23 10:54:00 [INFO] [MONITOR] 当前无持仓需要监控
2025-12-23 10:54:00 [INFO] [SCAN] 非15分钟节点，跳过开仓扫描
2025-12-23 10:54:00 [INFO] [WAIT] 等待 59.9 秒进入下一轮
2025-12-23 10:55:00 [INFO] [MONITOR] 当前无持仓需要监控
2025-12-23 10:55:00 [INFO] [SCAN] 非15分钟节点，跳过开仓扫描
2025-12-23 10:55:00 [INFO] [WAIT] 等待 59.9 秒进入下一轮
2025-12-23 10:56:00 [INFO] [MONITOR] 当前无持仓需要监控
2025-12-23 10:56:00 [INFO] [SCAN] 非15分钟节点，跳过开仓扫描
2025-12-23 10:56:00 [INFO] [WAIT] 等待 59.9 秒进入下一轮
2025-12-23 10:57:00 [INFO] [MONITOR] 当前无持仓需要监控
2025-12-23 10:57:00 [INFO] [SCAN] 非15分钟节点，跳过开仓扫描
2025-12-23 10:57:00 [INFO] [WAIT] 等待 59.9 秒进入下一轮
2025-12-23 10:58:00 [INFO] [MONITOR] 当前无持仓需要监控
2025-12-23 10:58:00 [INFO] [SCAN] 非15分钟节点，跳过开仓扫描
2025-12-23 10:58:00 [INFO] [WAIT] 等待 59.9 秒进入下一轮
2025-12-23 10:59:00 [INFO] [MONITOR] 当前无持仓需要监控
2025-12-23 10:59:00 [INFO] [SCAN] 非15分钟节点，跳过开仓扫描
2025-12-23 10:59:00 [INFO] [WAIT] 等待 60.0 秒进入下一轮
2025-12-23 11:00:00 [INFO] [MONITOR] 当前无持仓需要监控
2025-12-23 11:00:00 [INFO] [SCAN] 本轮扫描交易对数量: 217
2025-12-23 11:00:04 [INFO] [SCAN] 本轮无满足条件的标的
2025-12-23 11:00:04 [INFO] [WAIT] 等待 55.9 秒进入下一轮
2025-12-23 11:01:00 [INFO] [MONITOR] 当前无持仓需要监控
2025-12-23 11:01:00 [INFO] [SCAN] 非15分钟节点，跳过开仓扫描
2025-12-23 11:01:00 [INFO] [WAIT] 等待 60.0 秒进入下一轮
2025-12-23 11:02:00 [INFO] [MONITOR] 当前无持仓需要监控
2025-12-23 11:02:00 [INFO] [SCAN] 非15分钟节点，跳过开仓扫描
2025-12-23 11:02:00 [INFO] [WAIT] 等待 60.0 秒进入下一轮
2025-12-23 11:03:00 [INFO] [MONITOR] 当前无持仓需要监控
2025-12-23 11:03:00 [INFO] [SCAN] 非15分钟节点，跳过开仓扫描
2025-12-23 11:03:00 [INFO] [WAIT] 等待 60.0 秒进入下一轮
2025-12-23 11:04:00 [INFO] [MONITOR] 当前无持仓需要监控
2025-12-23 11:04:00 [INFO] [SCAN] 非15分钟节点，跳过开仓扫描
2025-12-23 11:04:00 [INFO] [WAIT] 等待 59.9 秒进入下一轮
2025-12-23 11:05:00 [INFO] [MONITOR] 当前无持仓需要监控
2025-12-23 11:05:00 [INFO] [SCAN] 非15分钟节点，跳过开仓扫描
2025-12-23 11:05:00 [INFO] [WAIT] 等待 59.9 秒进入下一轮
2025-12-23 11:06:00 [INFO] [MONITOR] 当前无持仓需要监控
2025-12-23 11:06:00 [INFO] [SCAN] 非15分钟节点，跳过开仓扫描
2025-12-23 11:06:00 [INFO] [WAIT] 等待 60.0 秒进入下一轮
2025-12-23 11:07:00 [INFO] [MONITOR] 当前无持仓需要监控
2025-12-23 11:07:00 [INFO] [SCAN] 非15分钟节点，跳过开仓扫描
2025-12-23 11:07:00 [INFO] [WAIT] 等待 60.0 秒进入下一轮
2025-12-23 11:08:00 [INFO] [MONITOR] 当前无持仓需要监控
2025-12-23 11:08:00 [INFO] [SCAN] 非15分钟节点，跳过开仓扫描
2025-12-23 11:08:00 [INFO] [WAIT] 等待 59.9 秒进入下一轮
2025-12-23 11:09:00 [INFO] [MONITOR] 当前无持仓需要监控
2025-12-23 11:09:00 [INFO] [SCAN] 非15分钟节点，跳过开仓扫描
2025-12-23 11:09:00 [INFO] [WAIT] 等待 60.0 秒进入下一轮
2025-12-23 11:10:00 [INFO] [MONITOR] 当前无持仓需要监控
2025-12-23 11:10:00 [INFO] [SCAN] 非15分钟节点，跳过开仓扫描
2025-12-23 11:10:00 [INFO] [WAIT] 等待 60.0 秒进入下一轮
2025-12-23 11:11:00 [INFO] [MONITOR] 当前无持仓需要监控
2025-12-23 11:11:00 [INFO] [SCAN] 非15分钟节点，跳过开仓扫描
2025-12-23 11:11:00 [INFO] [WAIT] 等待 59.9 秒进入下一轮
2025-12-23 11:12:00 [INFO] [MONITOR] 当前无持仓需要监控
2025-12-23 11:12:00 [INFO] [SCAN] 非15分钟节点，跳过开仓扫描
2025-12-23 11:12:00 [INFO] [WAIT] 等待 60.0 秒进入下一轮
2025-12-23 11:13:00 [INFO] [MONITOR] 当前无持仓需要监控
2025-12-23 11:13:00 [INFO] [SCAN] 非15分钟节点，跳过开仓扫描
2025-12-23 11:13:00 [INFO] [WAIT] 等待 59.9 秒进入下一轮
2025-12-23 11:14:00 [INFO] [MONITOR] 当前无持仓需要监控
2025-12-23 11:14:00 [INFO] [SCAN] 非15分钟节点，跳过开仓扫描
2025-12-23 11:14:00 [INFO] [WAIT] 等待 60.0 秒进入下一轮
2025-12-23 11:15:00 [INFO] [MONITOR] 当前无持仓需要监控
2025-12-23 11:15:00 [INFO] [SCAN] 本轮扫描交易对数量: 217
2025-12-23 11:15:02 [INFO] [SCAN] 本轮无满足条件的标的
2025-12-23 11:15:02 [INFO] [WAIT] 等待 57.5 秒进入下一轮
2025-12-23 11:16:00 [INFO] [MONITOR] 当前无持仓需要监控
2025-12-23 11:16:00 [INFO] [SCAN] 非15分钟节点，跳过开仓扫描
2025-12-23 11:16:00 [INFO] [WAIT] 等待 60.0 秒进入下一轮
2025-12-23 11:17:00 [INFO] [MONITOR] 当前无持仓需要监控
2025-12-23 11:17:00 [INFO] [SCAN] 非15分钟节点，跳过开仓扫描
2025-12-23 11:17:00 [INFO] [WAIT] 等待 59.9 秒进入下一轮
2025-12-23 11:18:00 [INFO] [MONITOR] 当前无持仓需要监控
2025-12-23 11:18:00 [INFO] [SCAN] 非15分钟节点，跳过开仓扫描
2025-12-23 11:18:00 [INFO] [WAIT] 等待 60.0 秒进入下一轮
2025-12-23 11:19:00 [INFO] [MONITOR] 当前无持仓需要监控
2025-12-23 11:19:00 [INFO] [SCAN] 非15分钟节点，跳过开仓扫描
2025-12-23 11:19:00 [INFO] [WAIT] 等待 59.9 秒进入下一轮
2025-12-23 11:20:00 [INFO] [MONITOR] 当前无持仓需要监控
2025-12-23 11:20:00 [INFO] [SCAN] 非15分钟节点，跳过开仓扫描
2025-12-23 11:20:00 [INFO] [WAIT] 等待 60.0 秒进入下一轮
2025-12-23 11:21:00 [INFO] [MONITOR] 当前无持仓需要监控
2025-12-23 11:21:00 [INFO] [SCAN] 非15分钟节点，跳过开仓扫描
2025-12-23 11:21:00 [INFO] [WAIT] 等待 60.0 秒进入下一轮
2025-12-23 11:22:00 [INFO] [MONITOR] 当前无持仓需要监控
2025-12-23 11:22:00 [INFO] [SCAN] 非15分钟节点，跳过开仓扫描
2025-12-23 11:22:00 [INFO] [WAIT] 等待 60.0 秒进入下一轮
2025-12-23 11:23:00 [INFO] [MONITOR] 当前无持仓需要监控
2025-12-23 11:23:00 [INFO] [SCAN] 非15分钟节点，跳过开仓扫描
2025-12-23 11:23:00 [INFO] [WAIT] 等待 59.9 秒进入下一轮
2025-12-23 11:24:00 [INFO] [MONITOR] 当前无持仓需要监控
2025-12-23 11:24:00 [INFO] [SCAN] 非15分钟节点，跳过开仓扫描
2025-12-23 11:24:00 [INFO] [WAIT] 等待 60.0 秒进入下一轮
2025-12-23 11:25:00 [INFO] [MONITOR] 当前无持仓需要监控
2025-12-23 11:25:00 [INFO] [SCAN] 非15分钟节点，跳过开仓扫描
2025-12-23 11:25:00 [INFO] [WAIT] 等待 59.9 秒进入下一轮
2025-12-23 11:26:00 [INFO] [MONITOR] 当前无持仓需要监控
2025-12-23 11:26:00 [INFO] [SCAN] 非15分钟节点，跳过开仓扫描
2025-12-23 11:26:00 [INFO] [WAIT] 等待 59.9 秒进入下一轮
2025-12-23 11:27:00 [INFO] [MONITOR] 当前无持仓需要监控
2025-12-23 11:27:00 [INFO] [SCAN] 非15分钟节点，跳过开仓扫描
2025-12-23 11:27:00 [INFO] [WAIT] 等待 60.0 秒进入下一轮
2025-12-23 11:28:00 [INFO] [MONITOR] 当前无持仓需要监控
2025-12-23 11:28:00 [INFO] [SCAN] 非15分钟节点，跳过开仓扫描
2025-12-23 11:28:00 [INFO] [WAIT] 等待 60.0 秒进入下一轮
2025-12-23 11:29:00 [INFO] [MONITOR] 当前无持仓需要监控
2025-12-23 11:29:00 [INFO] [SCAN] 非15分钟节点，跳过开仓扫描
2025-12-23 11:29:00 [INFO] [WAIT] 等待 60.0 秒进入下一轮
2025-12-23 11:30:00 [INFO] [MONITOR] 当前无持仓需要监控
2025-12-23 11:30:00 [INFO] [SCAN] 本轮扫描交易对数量: 217
2025-12-23 11:30:02 [INFO] [SCAN] 本轮无满足条件的标的
2025-12-23 11:30:02 [INFO] [WAIT] 等待 57.1 秒进入下一轮
2025-12-23 11:31:00 [INFO] [MONITOR] 当前无持仓需要监控
2025-12-23 11:31:00 [INFO] [SCAN] 非15分钟节点，跳过开仓扫描
2025-12-23 11:31:00 [INFO] [WAIT] 等待 60.0 秒进入下一轮
2025-12-23 11:32:00 [INFO] [MONITOR] 当前无持仓需要监控
2025-12-23 11:32:00 [INFO] [SCAN] 非15分钟节点，跳过开仓扫描
2025-12-23 11:32:00 [INFO] [WAIT] 等待 60.0 秒进入下一轮
2025-12-23 11:33:00 [INFO] [MONITOR] 当前无持仓需要监控
2025-12-23 11:33:00 [INFO] [SCAN] 非15分钟节点，跳过开仓扫描
2025-12-23 11:33:00 [INFO] [WAIT] 等待 59.9 秒进入下一轮
2025-12-23 11:34:00 [INFO] [MONITOR] 当前无持仓需要监控
2025-12-23 11:34:00 [INFO] [SCAN] 非15分钟节点，跳过开仓扫描
2025-12-23 11:34:00 [INFO] [WAIT] 等待 60.0 秒进入下一轮
2025-12-23 11:35:00 [INFO] [MONITOR] 当前无持仓需要监控
2025-12-23 11:35:00 [INFO] [SCAN] 非15分钟节点，跳过开仓扫描
2025-12-23 11:35:00 [INFO] [WAIT] 等待 59.9 秒进入下一轮
2025-12-23 11:36:00 [INFO] [MONITOR] 当前无持仓需要监控
2025-12-23 11:36:00 [INFO] [SCAN] 非15分钟节点，跳过开仓扫描
2025-12-23 11:36:00 [INFO] [WAIT] 等待 59.9 秒进入下一轮
2025-12-23 11:37:00 [INFO] [MONITOR] 当前无持仓需要监控
2025-12-23 11:37:00 [INFO] [SCAN] 非15分钟节点，跳过开仓扫描
2025-12-23 11:37:00 [INFO] [WAIT] 等待 59.9 秒进入下一轮
2025-12-23 11:38:00 [INFO] [MONITOR] 当前无持仓需要监控
2025-12-23 11:38:00 [INFO] [SCAN] 非15分钟节点，跳过开仓扫描
2025-12-23 11:38:00 [INFO] [WAIT] 等待 60.0 秒进入下一轮
2025-12-23 11:39:00 [INFO] [MONITOR] 当前无持仓需要监控
2025-12-23 11:39:00 [INFO] [SCAN] 非15分钟节点，跳过开仓扫描
2025-12-23 11:39:00 [INFO] [WAIT] 等待 59.9 秒进入下一轮
2025-12-23 11:40:00 [INFO] [MONITOR] 当前无持仓需要监控
2025-12-23 11:40:00 [INFO] [SCAN] 非15分钟节点，跳过开仓扫描
2025-12-23 11:40:00 [INFO] [WAIT] 等待 60.0 秒进入下一轮
2025-12-23 11:41:00 [INFO] [MONITOR] 当前无持仓需要监控
2025-12-23 11:41:00 [INFO] [SCAN] 非15分钟节点，跳过开仓扫描
2025-12-23 11:41:00 [INFO] [WAIT] 等待 59.9 秒进入下一轮
2025-12-23 11:42:00 [INFO] [MONITOR] 当前无持仓需要监控
2025-12-23 11:42:00 [INFO] [SCAN] 非15分钟节点，跳过开仓扫描
2025-12-23 11:42:00 [INFO] [WAIT] 等待 60.0 秒进入下一轮
2025-12-23 11:43:00 [INFO] [MONITOR] 当前无持仓需要监控
2025-12-23 11:43:00 [INFO] [SCAN] 非15分钟节点，跳过开仓扫描
2025-12-23 11:43:00 [INFO] [WAIT] 等待 59.9 秒进入下一轮
2025-12-23 11:44:00 [INFO] [MONITOR] 当前无持仓需要监控
2025-12-23 11:44:00 [INFO] [SCAN] 非15分钟节点，跳过开仓扫描
2025-12-23 11:44:00 [INFO] [WAIT] 等待 59.9 秒进入下一轮
2025-12-23 11:45:00 [INFO] [MONITOR] 当前无持仓需要监控
2025-12-23 11:45:00 [INFO] [SCAN] 本轮扫描交易对数量: 217
2025-12-23 11:45:01 [INFO] [SCAN] 本轮无满足条件的标的
2025-12-23 11:45:01 [INFO] [WAIT] 等待 58.4 秒进入下一轮
2025-12-23 11:46:00 [INFO] [MONITOR] 当前无持仓需要监控
2025-12-23 11:46:00 [INFO] [SCAN] 非15分钟节点，跳过开仓扫描
2025-12-23 11:46:00 [INFO] [WAIT] 等待 59.9 秒进入下一轮
2025-12-23 11:47:00 [INFO] [MONITOR] 当前无持仓需要监控
2025-12-23 11:47:00 [INFO] [SCAN] 非15分钟节点，跳过开仓扫描
2025-12-23 11:47:00 [INFO] [WAIT] 等待 59.9 秒进入下一轮
2025-12-23 11:48:00 [INFO] [MONITOR] 当前无持仓需要监控
2025-12-23 11:48:00 [INFO] [SCAN] 非15分钟节点，跳过开仓扫描
2025-12-23 11:48:00 [INFO] [WAIT] 等待 59.9 秒进入下一轮
2025-12-23 11:49:00 [INFO] [MONITOR] 当前无持仓需要监控
2025-12-23 11:49:00 [INFO] [SCAN] 非15分钟节点，跳过开仓扫描
2025-12-23 11:49:00 [INFO] [WAIT] 等待 60.0 秒进入下一轮
2025-12-23 11:50:00 [INFO] [MONITOR] 当前无持仓需要监控
2025-12-23 11:50:00 [INFO] [SCAN] 非15分钟节点，跳过开仓扫描
2025-12-23 11:50:00 [INFO] [WAIT] 等待 60.0 秒进入下一轮
2025-12-23 11:51:00 [INFO] [MONITOR] 当前无持仓需要监控
2025-12-23 11:51:00 [INFO] [SCAN] 非15分钟节点，跳过开仓扫描
2025-12-23 11:51:00 [INFO] [WAIT] 等待 60.0 秒进入下一轮
2025-12-23 11:52:00 [INFO] [MONITOR] 当前无持仓需要监控
2025-12-23 11:52:00 [INFO] [SCAN] 非15分钟节点，跳过开仓扫描
2025-12-23 11:52:00 [INFO] [WAIT] 等待 60.0 秒进入下一轮
2025-12-23 11:53:00 [INFO] [MONITOR] 当前无持仓需要监控
2025-12-23 11:53:00 [INFO] [SCAN] 非15分钟节点，跳过开仓扫描
2025-12-23 11:53:00 [INFO] [WAIT] 等待 60.0 秒进入下一轮
2025-12-23 11:54:00 [INFO] [MONITOR] 当前无持仓需要监控
2025-12-23 11:54:00 [INFO] [SCAN] 非15分钟节点，跳过开仓扫描
2025-12-23 11:54:00 [INFO] [WAIT] 等待 59.9 秒进入下一轮
2025-12-23 11:55:00 [INFO] [MONITOR] 当前无持仓需要监控
2025-12-23 11:55:00 [INFO] [SCAN] 非15分钟节点，跳过开仓扫描
2025-12-23 11:55:00 [INFO] [WAIT] 等待 60.0 秒进入下一轮
2025-12-23 11:56:00 [INFO] [MONITOR] 当前无持仓需要监控
2025-12-23 11:56:00 [INFO] [SCAN] 非15分钟节点，跳过开仓扫描
2025-12-23 11:56:00 [INFO] [WAIT] 等待 60.0 秒进入下一轮
2025-12-23 11:57:00 [INFO] [MONITOR] 当前无持仓需要监控
2025-12-23 11:57:00 [INFO] [SCAN] 非15分钟节点，跳过开仓扫描
2025-12-23 11:57:00 [INFO] [WAIT] 等待 59.9 秒进入下一轮
2025-12-23 11:58:00 [INFO] [MONITOR] 当前无持仓需要监控
2025-12-23 11:58:00 [INFO] [SCAN] 非15分钟节点，跳过开仓扫描
2025-12-23 11:58:00 [INFO] [WAIT] 等待 59.9 秒进入下一轮
2025-12-23 11:59:00 [INFO] [MONITOR] 当前无持仓需要监控
2025-12-23 11:59:00 [INFO] [SCAN] 非15分钟节点，跳过开仓扫描
2025-12-23 11:59:00 [INFO] [WAIT] 等待 59.9 秒进入下一轮
2025-12-23 12:00:00 [INFO] [MONITOR] 当前无持仓需要监控
2025-12-23 12:00:00 [INFO] [SCAN] 本轮扫描交易对数量: 217
2025-12-23 12:00:02 [INFO] [LEVERAGE] 设置杠杆为 6x...
2025-12-23 12:00:02 [INFO] [LIVE SHORT] 开空头仓位: 1 个
2025-12-23 12:00:02 [INFO] [LIVE SELL] 做空 SANTOS/USDT:USDT: 10.5 @ 1.708
2025-12-23 12:00:02 [INFO] [LIVE MARKET] 创建市价单 SANTOS/USDT:USDT: sell 10.5
2025-12-23 12:00:02 [INFO] [LIVE SUCCESS] SANTOS/USDT:USDT 市价单创建成功 ID:595565782 成交:10.5
2025-12-23 12:00:03 [INFO] [LIVE OK] 空头开仓: 1/1 成功
2025-12-23 12:00:03 [INFO] [PROTECT] SANTOS/USDT:USDT 更新止盈 1.674
2025-12-23 12:00:03 [INFO] [PROTECT] SANTOS/USDT:USDT 更新止损 1.828
2025-12-23 12:00:03 [INFO] [WAIT] 等待 56.4 秒进入下一轮
2025-12-23 12:01:00 [INFO] [CANCEL] SANTOS/USDT:USDT 已取消止盈单 4000000112366657
2025-12-23 12:01:00 [INFO] [CANCEL] SANTOS/USDT:USDT 已取消止损单 4000000112366660
2025-12-23 12:01:00 [INFO] [PROTECT] SANTOS/USDT:USDT 更新止盈 1.674
2025-12-23 12:01:00 [INFO] [PROTECT] SANTOS/USDT:USDT 更新止损 1.828
2025-12-23 12:01:00 [INFO] [MONITOR] 持仓#1 symbol=SANTOS/USDT:USDT qty=10.5 tp=1.674 sl=1.828 entry_time=2025-12-23 12:00:03 min_price=1.706
2025-12-23 12:01:00 [INFO] [SCAN] 非15分钟节点，跳过开仓扫描
2025-12-23 12:01:00 [INFO] [WAIT] 等待 59.7 秒进入下一轮
2025-12-23 12:02:00 [INFO] [CANCEL] SANTOS/USDT:USDT 已取消止盈单 4000000112374344
2025-12-23 12:02:00 [INFO] [CANCEL] SANTOS/USDT:USDT 已取消止损单 4000000112374349
2025-12-23 12:02:00 [INFO] [PROTECT] SANTOS/USDT:USDT 更新止盈 1.674
2025-12-23 12:02:00 [INFO] [PROTECT] SANTOS/USDT:USDT 更新止损 1.828
2025-12-23 12:02:00 [INFO] [MONITOR] 持仓#1 symbol=SANTOS/USDT:USDT qty=10.5 tp=1.674 sl=1.828 entry_time=2025-12-23 12:00:03 min_price=1.706
2025-12-23 12:02:00 [INFO] [SCAN] 非15分钟节点，跳过开仓扫描
2025-12-23 12:02:00 [INFO] [WAIT] 等待 59.7 秒进入下一轮
2025-12-23 12:03:00 [INFO] [CANCEL] SANTOS/USDT:USDT 已取消止盈单 4000000112382786
2025-12-23 12:03:00 [INFO] [CANCEL] SANTOS/USDT:USDT 已取消止损单 4000000112382787
2025-12-23 12:03:00 [INFO] [PROTECT] SANTOS/USDT:USDT 更新止盈 1.674
2025-12-23 12:03:00 [INFO] [PROTECT] SANTOS/USDT:USDT 更新止损 1.828
2025-12-23 12:03:00 [INFO] [MONITOR] 持仓#1 symbol=SANTOS/USDT:USDT qty=10.5 tp=1.674 sl=1.828 entry_time=2025-12-23 12:00:03 min_price=1.706
2025-12-23 12:03:00 [INFO] [SCAN] 非15分钟节点，跳过开仓扫描
2025-12-23 12:03:00 [INFO] [WAIT] 等待 59.8 秒进入下一轮
2025-12-23 12:04:00 [INFO] [CANCEL] SANTOS/USDT:USDT 已取消止盈单 4000000112390992
2025-12-23 12:04:00 [INFO] [CANCEL] SANTOS/USDT:USDT 已取消止损单 4000000112390995
2025-12-23 12:04:00 [INFO] [PROTECT] SANTOS/USDT:USDT 更新止盈 1.674
2025-12-23 12:04:00 [INFO] [PROTECT] SANTOS/USDT:USDT 更新止损 1.828
2025-12-23 12:04:00 [INFO] [MONITOR] 持仓#1 symbol=SANTOS/USDT:USDT qty=10.5 tp=1.674 sl=1.828 entry_time=2025-12-23 12:00:03 min_price=1.706
2025-12-23 12:04:00 [INFO] [SCAN] 非15分钟节点，跳过开仓扫描
2025-12-23 12:04:00 [INFO] [WAIT] 等待 59.8 秒进入下一轮
2025-12-23 12:05:00 [INFO] [CANCEL] SANTOS/USDT:USDT 已取消止盈单 4000000112398065
2025-12-23 12:05:00 [INFO] [CANCEL] SANTOS/USDT:USDT 已取消止损单 4000000112398074
2025-12-23 12:05:00 [INFO] [PROTECT] SANTOS/USDT:USDT 更新止盈 1.674
2025-12-23 12:05:00 [INFO] [PROTECT] SANTOS/USDT:USDT 更新止损 1.828
2025-12-23 12:05:00 [INFO] [MONITOR] 持仓#1 symbol=SANTOS/USDT:USDT qty=10.5 tp=1.674 sl=1.828 entry_time=2025-12-23 12:00:03 min_price=1.706
2025-12-23 12:05:00 [INFO] [SCAN] 非15分钟节点，跳过开仓扫描
2025-12-23 12:05:00 [INFO] [WAIT] 等待 59.8 秒进入下一轮
2025-12-23 12:06:00 [INFO] [CANCEL] SANTOS/USDT:USDT 已取消止盈单 4000000112405110
2025-12-23 12:06:00 [INFO] [CANCEL] SANTOS/USDT:USDT 已取消止损单 4000000112405114
2025-12-23 12:06:00 [INFO] [PROTECT] SANTOS/USDT:USDT 更新止盈 1.674
2025-12-23 12:06:00 [INFO] [PROTECT] SANTOS/USDT:USDT 更新止损 1.828
2025-12-23 12:06:00 [INFO] [MONITOR] 持仓#1 symbol=SANTOS/USDT:USDT qty=10.5 tp=1.674 sl=1.828 entry_time=2025-12-23 12:00:03 min_price=1.706
2025-12-23 12:06:00 [INFO] [SCAN] 非15分钟节点，跳过开仓扫描
2025-12-23 12:06:00 [INFO] [WAIT] 等待 59.8 秒进入下一轮
2025-12-23 12:07:00 [INFO] [CANCEL] SANTOS/USDT:USDT 已取消止盈单 4000000112412804
2025-12-23 12:07:00 [INFO] [CANCEL] SANTOS/USDT:USDT 已取消止损单 4000000112412807
2025-12-23 12:07:00 [INFO] [PROTECT] SANTOS/USDT:USDT 更新止盈 1.674
2025-12-23 12:07:00 [INFO] [PROTECT] SANTOS/USDT:USDT 更新止损 1.828
2025-12-23 12:07:00 [INFO] [MONITOR] 持仓#1 symbol=SANTOS/USDT:USDT qty=10.5 tp=1.674 sl=1.828 entry_time=2025-12-23 12:00:03 min_price=1.706
2025-12-23 12:07:00 [INFO] [SCAN] 非15分钟节点，跳过开仓扫描
2025-12-23 12:07:00 [INFO] [WAIT] 等待 59.7 秒进入下一轮
2025-12-23 12:08:00 [INFO] [CANCEL] SANTOS/USDT:USDT 已取消止盈单 4000000112419577
2025-12-23 12:08:00 [INFO] [CANCEL] SANTOS/USDT:USDT 已取消止损单 4000000112419579
2025-12-23 12:08:00 [INFO] [PROTECT] SANTOS/USDT:USDT 更新止盈 1.674
2025-12-23 12:08:00 [INFO] [PROTECT] SANTOS/USDT:USDT 更新止损 1.828
2025-12-23 12:08:00 [INFO] [MONITOR] 持仓#1 symbol=SANTOS/USDT:USDT qty=10.5 tp=1.674 sl=1.828 entry_time=2025-12-23 12:00:03 min_price=1.706
2025-12-23 12:08:00 [INFO] [SCAN] 非15分钟节点，跳过开仓扫描
2025-12-23 12:08:00 [INFO] [WAIT] 等待 59.7 秒进入下一轮
2025-12-23 12:09:00 [INFO] [CANCEL] SANTOS/USDT:USDT 已取消止盈单 4000000112425966
2025-12-23 12:09:00 [INFO] [CANCEL] SANTOS/USDT:USDT 已取消止损单 4000000112425967
2025-12-23 12:09:00 [INFO] [PROTECT] SANTOS/USDT:USDT 更新止盈 1.674
2025-12-23 12:09:00 [INFO] [PROTECT] SANTOS/USDT:USDT 更新止损 1.828
2025-12-23 12:09:00 [INFO] [MONITOR] 持仓#1 symbol=SANTOS/USDT:USDT qty=10.5 tp=1.674 sl=1.828 entry_time=2025-12-23 12:00:03 min_price=1.706
2025-12-23 12:09:00 [INFO] [SCAN] 非15分钟节点，跳过开仓扫描
2025-12-23 12:09:00 [INFO] [WAIT] 等待 59.7 秒进入下一轮
2025-12-23 12:10:00 [INFO] [CANCEL] SANTOS/USDT:USDT 已取消止盈单 4000000112432550
2025-12-23 12:10:00 [INFO] [CANCEL] SANTOS/USDT:USDT 已取消止损单 4000000112432553
2025-12-23 12:10:00 [INFO] [PROTECT] SANTOS/USDT:USDT 更新止盈 1.674
2025-12-23 12:10:00 [INFO] [PROTECT] SANTOS/USDT:USDT 更新止损 1.828
2025-12-23 12:10:00 [INFO] [MONITOR] 持仓#1 symbol=SANTOS/USDT:USDT qty=10.5 tp=1.674 sl=1.828 entry_time=2025-12-23 12:00:03 min_price=1.706
2025-12-23 12:10:00 [INFO] [SCAN] 非15分钟节点，跳过开仓扫描
2025-12-23 12:10:00 [INFO] [WAIT] 等待 59.5 秒进入下一轮
2025-12-23 12:11:00 [INFO] [CANCEL] SANTOS/USDT:USDT 已取消止盈单 4000000112439493
2025-12-23 12:11:00 [INFO] [CANCEL] SANTOS/USDT:USDT 已取消止损单 4000000112439520
2025-12-23 12:11:00 [INFO] [PROTECT] SANTOS/USDT:USDT 更新止盈 1.674
2025-12-23 12:11:00 [INFO] [PROTECT] SANTOS/USDT:USDT 更新止损 1.828
2025-12-23 12:11:00 [INFO] [MONITOR] 持仓#1 symbol=SANTOS/USDT:USDT qty=10.5 tp=1.674 sl=1.828 entry_time=2025-12-23 12:00:03 min_price=1.706
2025-12-23 12:11:00 [INFO] [SCAN] 非15分钟节点，跳过开仓扫描
2025-12-23 12:11:00 [INFO] [WAIT] 等待 59.7 秒进入下一轮
2025-12-23 12:12:00 [INFO] [CANCEL] SANTOS/USDT:USDT 已取消止盈单 4000000112446711
2025-12-23 12:12:00 [INFO] [CANCEL] SANTOS/USDT:USDT 已取消止损单 4000000112446718
2025-12-23 12:12:00 [INFO] [PROTECT] SANTOS/USDT:USDT 更新止盈 1.674
2025-12-23 12:12:00 [INFO] [PROTECT] SANTOS/USDT:USDT 更新止损 1.828
2025-12-23 12:12:00 [INFO] [MONITOR] 持仓#1 symbol=SANTOS/USDT:USDT qty=10.5 tp=1.674 sl=1.828 entry_time=2025-12-23 12:00:03 min_price=1.706
2025-12-23 12:12:00 [INFO] [SCAN] 非15分钟节点，跳过开仓扫描
2025-12-23 12:12:00 [INFO] [WAIT] 等待 59.8 秒进入下一轮
2025-12-23 12:13:00 [INFO] [CANCEL] SANTOS/USDT:USDT 已取消止盈单 4000000112453515
2025-12-23 12:13:00 [INFO] [CANCEL] SANTOS/USDT:USDT 已取消止损单 4000000112453520
2025-12-23 12:13:00 [INFO] [PROTECT] SANTOS/USDT:USDT 更新止盈 1.674
2025-12-23 12:13:00 [INFO] [PROTECT] SANTOS/USDT:USDT 更新止损 1.828
2025-12-23 12:13:00 [INFO] [MONITOR] 持仓#1 symbol=SANTOS/USDT:USDT qty=10.5 tp=1.674 sl=1.828 entry_time=2025-12-23 12:00:03 min_price=1.706
2025-12-23 12:13:00 [INFO] [SCAN] 非15分钟节点，跳过开仓扫描
2025-12-23 12:13:00 [INFO] [WAIT] 等待 59.8 秒进入下一轮
2025-12-23 12:14:00 [INFO] [CANCEL] SANTOS/USDT:USDT 已取消止盈单 4000000112460323
2025-12-23 12:14:00 [INFO] [CANCEL] SANTOS/USDT:USDT 已取消止损单 4000000112460327
2025-12-23 12:14:00 [INFO] [PROTECT] SANTOS/USDT:USDT 更新止盈 1.674
2025-12-23 12:14:00 [INFO] [PROTECT] SANTOS/USDT:USDT 更新止损 1.828
2025-12-23 12:14:00 [INFO] [MONITOR] 持仓#1 symbol=SANTOS/USDT:USDT qty=10.5 tp=1.674 sl=1.828 entry_time=2025-12-23 12:00:03 min_price=1.706
2025-12-23 12:14:00 [INFO] [SCAN] 非15分钟节点，跳过开仓扫描
2025-12-23 12:14:00 [INFO] [WAIT] 等待 59.7 秒进入下一轮
2025-12-23 12:15:00 [INFO] [CANCEL] SANTOS/USDT:USDT 已取消止盈单 4000000112467416
2025-12-23 12:15:00 [INFO] [CANCEL] SANTOS/USDT:USDT 已取消止损单 4000000112467421
2025-12-23 12:15:00 [INFO] [PROTECT] SANTOS/USDT:USDT 更新止盈 1.674
2025-12-23 12:15:00 [INFO] [PROTECT] SANTOS/USDT:USDT 更新止损 1.828
2025-12-23 12:15:00 [INFO] [MONITOR] 持仓#1 symbol=SANTOS/USDT:USDT qty=10.5 tp=1.674 sl=1.828 entry_time=2025-12-23 12:00:03 min_price=1.706
2025-12-23 12:15:00 [INFO] [SCAN] 本轮扫描交易对数量: 217
2025-12-23 12:15:02 [INFO] [SCAN] 本轮无满足条件的标的
2025-12-23 12:15:02 [INFO] [WAIT] 等待 57.4 秒进入下一轮
2025-12-23 12:16:00 [INFO] [CANCEL] SANTOS/USDT:USDT 已取消止盈单 4000000112474502
2025-12-23 12:16:00 [INFO] [CANCEL] SANTOS/USDT:USDT 已取消止损单 4000000112474527
2025-12-23 12:16:00 [INFO] [PROTECT] SANTOS/USDT:USDT 更新止盈 1.674
2025-12-23 12:16:00 [INFO] [PROTECT] SANTOS/USDT:USDT 更新止损 1.828
2025-12-23 12:16:00 [INFO] [MONITOR] 持仓#1 symbol=SANTOS/USDT:USDT qty=10.5 tp=1.674 sl=1.828 entry_time=2025-12-23 12:00:03 min_price=1.706
2025-12-23 12:16:00 [INFO] [SCAN] 非15分钟节点，跳过开仓扫描
2025-12-23 12:16:00 [INFO] [WAIT] 等待 59.7 秒进入下一轮
2025-12-23 12:17:00 [INFO] [CANCEL] SANTOS/USDT:USDT 已取消止盈单 4000000112482822
2025-12-23 12:17:00 [INFO] [CANCEL] SANTOS/USDT:USDT 已取消止损单 4000000112482826
2025-12-23 12:17:00 [INFO] [PROTECT] SANTOS/USDT:USDT 更新止盈 1.674
2025-12-23 12:17:00 [INFO] [PROTECT] SANTOS/USDT:USDT 更新止损 1.828
2025-12-23 12:17:00 [INFO] [MONITOR] 持仓#1 symbol=SANTOS/USDT:USDT qty=10.5 tp=1.674 sl=1.828 entry_time=2025-12-23 12:00:03 min_price=1.706
2025-12-23 12:17:00 [INFO] [SCAN] 非15分钟节点，跳过开仓扫描
2025-12-23 12:17:00 [INFO] [WAIT] 等待 59.8 秒进入下一轮
2025-12-23 12:18:00 [INFO] [CANCEL] SANTOS/USDT:USDT 已取消止盈单 4000000112491487
2025-12-23 12:18:00 [INFO] [CANCEL] SANTOS/USDT:USDT 已取消止损单 4000000112491498
2025-12-23 12:18:00 [INFO] [PROTECT] SANTOS/USDT:USDT 更新止盈 1.674
2025-12-23 12:18:00 [INFO] [PROTECT] SANTOS/USDT:USDT 更新止损 1.828
2025-12-23 12:18:00 [INFO] [MONITOR] 持仓#1 symbol=SANTOS/USDT:USDT qty=10.5 tp=1.674 sl=1.828 entry_time=2025-12-23 12:00:03 min_price=1.706
2025-12-23 12:18:00 [INFO] [SCAN] 非15分钟节点，跳过开仓扫描
2025-12-23 12:18:00 [INFO] [WAIT] 等待 59.7 秒进入下一轮
2025-12-23 12:19:00 [INFO] [CANCEL] SANTOS/USDT:USDT 已取消止盈单 4000000112499816
2025-12-23 12:19:00 [INFO] [CANCEL] SANTOS/USDT:USDT 已取消止损单 4000000112499821
2025-12-23 12:19:00 [INFO] [PROTECT] SANTOS/USDT:USDT 更新止盈 1.674
2025-12-23 12:19:00 [INFO] [PROTECT] SANTOS/USDT:USDT 更新止损 1.828
2025-12-23 12:19:00 [INFO] [MONITOR] 持仓#1 symbol=SANTOS/USDT:USDT qty=10.5 tp=1.674 sl=1.828 entry_time=2025-12-23 12:00:03 min_price=1.706
2025-12-23 12:19:00 [INFO] [SCAN] 非15分钟节点，跳过开仓扫描
2025-12-23 12:19:00 [INFO] [WAIT] 等待 59.8 秒进入下一轮
2025-12-23 12:20:00 [INFO] [CANCEL] SANTOS/USDT:USDT 已取消止盈单 4000000112507951
2025-12-23 12:20:00 [INFO] [CANCEL] SANTOS/USDT:USDT 已取消止损单 4000000112507956
2025-12-23 12:20:00 [INFO] [PROTECT] SANTOS/USDT:USDT 更新止盈 1.673
2025-12-23 12:20:00 [INFO] [PROTECT] SANTOS/USDT:USDT 更新止损 1.828
2025-12-23 12:20:00 [INFO] [MONITOR] 持仓#1 symbol=SANTOS/USDT:USDT qty=10.5 tp=1.673 sl=1.828 entry_time=2025-12-23 12:00:03 min_price=1.706
2025-12-23 12:20:00 [INFO] [SCAN] 非15分钟节点，跳过开仓扫描
2025-12-23 12:20:00 [INFO] [WAIT] 等待 59.7 秒进入下一轮
2025-12-23 12:21:00 [INFO] [CANCEL] SANTOS/USDT:USDT 已取消止盈单 4000000112515562
2025-12-23 12:21:00 [INFO] [CANCEL] SANTOS/USDT:USDT 已取消止损单 4000000112515563
2025-12-23 12:21:00 [INFO] [PROTECT] SANTOS/USDT:USDT 更新止盈 1.671
2025-12-23 12:21:00 [INFO] [PROTECT] SANTOS/USDT:USDT 更新止损 1.828
2025-12-23 12:21:00 [INFO] [MONITOR] 持仓#1 symbol=SANTOS/USDT:USDT qty=10.5 tp=1.671 sl=1.828 entry_time=2025-12-23 12:00:03 min_price=1.704
2025-12-23 12:21:00 [INFO] [SCAN] 非15分钟节点，跳过开仓扫描
2025-12-23 12:21:00 [INFO] [WAIT] 等待 59.7 秒进入下一轮
2025-12-23 12:22:00 [INFO] [CANCEL] SANTOS/USDT:USDT 已取消止盈单 4000000112522559
2025-12-23 12:22:00 [INFO] [CANCEL] SANTOS/USDT:USDT 已取消止损单 4000000112522569
2025-12-23 12:22:00 [INFO] [PROTECT] SANTOS/USDT:USDT 更新止盈 1.671
2025-12-23 12:22:00 [INFO] [PROTECT] SANTOS/USDT:USDT 更新止损 1.828
2025-12-23 12:22:00 [INFO] [MONITOR] 持仓#1 symbol=SANTOS/USDT:USDT qty=10.5 tp=1.671 sl=1.828 entry_time=2025-12-23 12:00:03 min_price=1.701
2025-12-23 12:22:00 [INFO] [SCAN] 非15分钟节点，跳过开仓扫描
2025-12-23 12:22:00 [INFO] [WAIT] 等待 59.8 秒进入下一轮
2025-12-23 12:23:00 [INFO] [CANCEL] SANTOS/USDT:USDT 已取消止盈单 4000000112529483
2025-12-23 12:23:00 [INFO] [CANCEL] SANTOS/USDT:USDT 已取消止损单 4000000112529488
2025-12-23 12:23:00 [INFO] [PROTECT] SANTOS/USDT:USDT 更新止盈 1.671
2025-12-23 12:23:00 [INFO] [PROTECT] SANTOS/USDT:USDT 更新止损 1.828
2025-12-23 12:23:00 [INFO] [MONITOR] 持仓#1 symbol=SANTOS/USDT:USDT qty=10.5 tp=1.671 sl=1.828 entry_time=2025-12-23 12:00:03 min_price=1.701
2025-12-23 12:23:00 [INFO] [SCAN] 非15分钟节点，跳过开仓扫描
2025-12-23 12:23:00 [INFO] [WAIT] 等待 59.8 秒进入下一轮
2025-12-23 12:24:00 [INFO] [CANCEL] SANTOS/USDT:USDT 已取消止盈单 4000000112536328
2025-12-23 12:24:00 [INFO] [CANCEL] SANTOS/USDT:USDT 已取消止损单 4000000112536330
2025-12-23 12:24:00 [INFO] [PROTECT] SANTOS/USDT:USDT 更新止盈 1.671
2025-12-23 12:24:00 [INFO] [PROTECT] SANTOS/USDT:USDT 更新止损 1.828
2025-12-23 12:24:00 [INFO] [MONITOR] 持仓#1 symbol=SANTOS/USDT:USDT qty=10.5 tp=1.671 sl=1.828 entry_time=2025-12-23 12:00:03 min_price=1.701
2025-12-23 12:24:00 [INFO] [SCAN] 非15分钟节点，跳过开仓扫描
2025-12-23 12:24:00 [INFO] [WAIT] 等待 59.8 秒进入下一轮
2025-12-23 12:25:00 [INFO] [CANCEL] SANTOS/USDT:USDT 已取消止盈单 4000000112543596
2025-12-23 12:25:00 [INFO] [CANCEL] SANTOS/USDT:USDT 已取消止损单 4000000112543605
2025-12-23 12:25:00 [INFO] [PROTECT] SANTOS/USDT:USDT 更新止盈 1.671
2025-12-23 12:25:00 [INFO] [PROTECT] SANTOS/USDT:USDT 更新止损 1.828
2025-12-23 12:25:00 [INFO] [MONITOR] 持仓#1 symbol=SANTOS/USDT:USDT qty=10.5 tp=1.671 sl=1.828 entry_time=2025-12-23 12:00:03 min_price=1.701
2025-12-23 12:25:00 [INFO] [SCAN] 非15分钟节点，跳过开仓扫描
2025-12-23 12:25:00 [INFO] [WAIT] 等待 59.7 秒进入下一轮
2025-12-23 12:26:00 [INFO] [CANCEL] SANTOS/USDT:USDT 已取消止盈单 4000000112550320
2025-12-23 12:26:00 [INFO] [CANCEL] SANTOS/USDT:USDT 已取消止损单 4000000112550328
2025-12-23 12:26:00 [INFO] [PROTECT] SANTOS/USDT:USDT 更新止盈 1.671
2025-12-23 12:26:00 [INFO] [PROTECT] SANTOS/USDT:USDT 更新止损 1.828
2025-12-23 12:26:00 [INFO] [MONITOR] 持仓#1 symbol=SANTOS/USDT:USDT qty=10.5 tp=1.671 sl=1.828 entry_time=2025-12-23 12:00:03 min_price=1.701
2025-12-23 12:26:00 [INFO] [SCAN] 非15分钟节点，跳过开仓扫描
2025-12-23 12:26:00 [INFO] [WAIT] 等待 59.8 秒进入下一轮
2025-12-23 12:27:00 [INFO] [CANCEL] SANTOS/USDT:USDT 已取消止盈单 4000000112557450
2025-12-23 12:27:00 [INFO] [CANCEL] SANTOS/USDT:USDT 已取消止损单 4000000112557454
2025-12-23 12:27:00 [INFO] [PROTECT] SANTOS/USDT:USDT 更新止盈 1.669
2025-12-23 12:27:00 [INFO] [PROTECT] SANTOS/USDT:USDT 更新止损 1.828
2025-12-23 12:27:00 [INFO] [MONITOR] 持仓#1 symbol=SANTOS/USDT:USDT qty=10.5 tp=1.669 sl=1.828 entry_time=2025-12-23 12:00:03 min_price=1.701
2025-12-23 12:27:00 [INFO] [SCAN] 非15分钟节点，跳过开仓扫描
2025-12-23 12:27:00 [INFO] [WAIT] 等待 59.7 秒进入下一轮
2025-12-23 12:28:00 [INFO] [CANCEL] SANTOS/USDT:USDT 已取消止盈单 4000000112564092
2025-12-23 12:28:00 [INFO] [CANCEL] SANTOS/USDT:USDT 已取消止损单 4000000112564094
2025-12-23 12:28:00 [INFO] [PROTECT] SANTOS/USDT:USDT 更新止盈 1.669
2025-12-23 12:28:00 [INFO] [PROTECT] SANTOS/USDT:USDT 更新止损 1.828
2025-12-23 12:28:00 [INFO] [MONITOR] 持仓#1 symbol=SANTOS/USDT:USDT qty=10.5 tp=1.669 sl=1.828 entry_time=2025-12-23 12:00:03 min_price=1.701
2025-12-23 12:28:00 [INFO] [SCAN] 非15分钟节点，跳过开仓扫描
2025-12-23 12:28:00 [INFO] [WAIT] 等待 59.8 秒进入下一轮
2025-12-23 12:29:00 [INFO] [CANCEL] SANTOS/USDT:USDT 已取消止盈单 4000000112571383
2025-12-23 12:29:00 [INFO] [CANCEL] SANTOS/USDT:USDT 已取消止损单 4000000112571386
2025-12-23 12:29:00 [INFO] [PROTECT] SANTOS/USDT:USDT 更新止盈 1.669
2025-12-23 12:29:00 [INFO] [PROTECT] SANTOS/USDT:USDT 更新止损 1.828
2025-12-23 12:29:00 [INFO] [MONITOR] 持仓#1 symbol=SANTOS/USDT:USDT qty=10.5 tp=1.669 sl=1.828 entry_time=2025-12-23 12:00:03 min_price=1.701
2025-12-23 12:29:00 [INFO] [SCAN] 非15分钟节点，跳过开仓扫描
2025-12-23 12:29:00 [INFO] [WAIT] 等待 59.7 秒进入下一轮
2025-12-23 12:30:00 [INFO] [CANCEL] SANTOS/USDT:USDT 已取消止盈单 4000000112578773
2025-12-23 12:30:00 [INFO] [CANCEL] SANTOS/USDT:USDT 已取消止损单 4000000112578780
2025-12-23 12:30:00 [INFO] [PROTECT] SANTOS/USDT:USDT 更新止盈 1.669
2025-12-23 12:30:00 [INFO] [PROTECT] SANTOS/USDT:USDT 更新止损 1.828
2025-12-23 12:30:00 [INFO] [MONITOR] 持仓#1 symbol=SANTOS/USDT:USDT qty=10.5 tp=1.669 sl=1.828 entry_time=2025-12-23 12:00:03 min_price=1.701
2025-12-23 12:30:00 [INFO] [SCAN] 本轮扫描交易对数量: 217
2025-12-23 12:30:03 [INFO] [LEVERAGE] 设置杠杆为 6x...
2025-12-23 12:30:03 [INFO] [LIVE SHORT] 开空头仓位: 1 个
2025-12-23 12:30:03 [INFO] [LIVE SELL] 做空 B/USDT:USDT: 91.4 @ 0.197
2025-12-23 12:30:03 [INFO] [LIVE MARKET] 创建市价单 B/USDT:USDT: sell 91.4
2025-12-23 12:30:03 [INFO] [LIVE SUCCESS] B/USDT:USDT 市价单创建成功 ID:706089483 成交:91.0
2025-12-23 12:30:03 [INFO] [LIVE OK] 空头开仓: 1/1 成功
2025-12-23 12:30:03 [INFO] [PROTECT] B/USDT:USDT 更新止盈 0.1931
2025-12-23 12:30:03 [INFO] [PROTECT] B/USDT:USDT 更新止损 0.2108
2025-12-23 12:30:04 [INFO] [WAIT] 等待 55.5 秒进入下一轮
2025-12-23 12:31:00 [INFO] [CANCEL] SANTOS/USDT:USDT 已取消止盈单 4000000112585716
2025-12-23 12:31:00 [INFO] [CANCEL] SANTOS/USDT:USDT 已取消止损单 4000000112585721
2025-12-23 12:31:00 [INFO] [PROTECT] SANTOS/USDT:USDT 更新止盈 1.669
2025-12-23 12:31:00 [INFO] [PROTECT] SANTOS/USDT:USDT 更新止损 1.828
2025-12-23 12:31:00 [INFO] [CANCEL] B/USDT:USDT 已取消止盈单 4000000112586084
2025-12-23 12:31:00 [INFO] [CANCEL] B/USDT:USDT 已取消止损单 4000000112586094
2025-12-23 12:31:00 [INFO] [PROTECT] B/USDT:USDT 更新止盈 0.1931
2025-12-23 12:31:00 [INFO] [PROTECT] B/USDT:USDT 更新止损 0.2108
2025-12-23 12:31:00 [INFO] [MONITOR] 持仓#1 symbol=SANTOS/USDT:USDT qty=10.5 tp=1.669 sl=1.828 entry_time=2025-12-23 12:00:03 min_price=1.701
2025-12-23 12:31:00 [INFO] [MONITOR] 持仓#2 symbol=B/USDT:USDT qty=91.4 tp=0.1931 sl=0.2108 entry_time=2025-12-23 12:30:03 min_price=0.1968
2025-12-23 12:31:00 [INFO] [SCAN] 非15分钟节点，跳过开仓扫描
2025-12-23 12:31:00 [INFO] [WAIT] 等待 59.6 秒进入下一轮
2025-12-23 12:32:00 [INFO] [CANCEL] SANTOS/USDT:USDT 已取消止盈单 4000000112592684
2025-12-23 12:32:00 [INFO] [CANCEL] SANTOS/USDT:USDT 已取消止损单 4000000112592691
2025-12-23 12:32:00 [INFO] [PROTECT] SANTOS/USDT:USDT 更新止盈 1.669
2025-12-23 12:32:00 [INFO] [PROTECT] SANTOS/USDT:USDT 更新止损 1.828
2025-12-23 12:32:00 [INFO] [CANCEL] B/USDT:USDT 已取消止盈单 4000000112592712
2025-12-23 12:32:00 [INFO] [CANCEL] B/USDT:USDT 已取消止损单 4000000112592713
2025-12-23 12:32:00 [INFO] [PROTECT] B/USDT:USDT 更新止盈 0.193
2025-12-23 12:32:00 [INFO] [PROTECT] B/USDT:USDT 更新止损 0.2108
2025-12-23 12:32:00 [INFO] [MONITOR] 持仓#1 symbol=SANTOS/USDT:USDT qty=10.5 tp=1.669 sl=1.828 entry_time=2025-12-23 12:00:03 min_price=1.701
2025-12-23 12:32:00 [INFO] [MONITOR] 持仓#2 symbol=B/USDT:USDT qty=91.4 tp=0.193 sl=0.2108 entry_time=2025-12-23 12:30:03 min_price=0.1967
2025-12-23 12:32:00 [INFO] [SCAN] 非15分钟节点，跳过开仓扫描
2025-12-23 12:32:00 [INFO] [WAIT] 等待 59.5 秒进入下一轮
2025-12-23 12:33:00 [INFO] [CANCEL] SANTOS/USDT:USDT 已取消止盈单 4000000112600845
2025-12-23 12:33:00 [INFO] [CANCEL] SANTOS/USDT:USDT 已取消止损单 4000000112600849
2025-12-23 12:33:00 [INFO] [PROTECT] SANTOS/USDT:USDT 更新止盈 1.669
2025-12-23 12:33:00 [INFO] [PROTECT] SANTOS/USDT:USDT 更新止损 1.828
2025-12-23 12:33:00 [INFO] [CANCEL] B/USDT:USDT 已取消止盈单 4000000112600876
2025-12-23 12:33:00 [INFO] [CANCEL] B/USDT:USDT 已取消止损单 4000000112600877
2025-12-23 12:33:00 [INFO] [PROTECT] B/USDT:USDT 更新止盈 0.193
2025-12-23 12:33:00 [INFO] [PROTECT] B/USDT:USDT 更新止损 0.2108
2025-12-23 12:33:00 [INFO] [MONITOR] 持仓#1 symbol=SANTOS/USDT:USDT qty=10.5 tp=1.669 sl=1.828 entry_time=2025-12-23 12:00:03 min_price=1.697
2025-12-23 12:33:00 [INFO] [MONITOR] 持仓#2 symbol=B/USDT:USDT qty=91.4 tp=0.193 sl=0.2108 entry_time=2025-12-23 12:30:03 min_price=0.1967
2025-12-23 12:33:00 [INFO] [SCAN] 非15分钟节点，跳过开仓扫描
2025-12-23 12:33:00 [INFO] [WAIT] 等待 59.5 秒进入下一轮
2025-12-23 12:34:00 [INFO] [CANCEL] SANTOS/USDT:USDT 已取消止盈单 4000000112608039
2025-12-23 12:34:00 [INFO] [CANCEL] SANTOS/USDT:USDT 已取消止损单 4000000112608048
2025-12-23 12:34:00 [INFO] [PROTECT] SANTOS/USDT:USDT 更新止盈 1.669
2025-12-23 12:34:00 [INFO] [PROTECT] SANTOS/USDT:USDT 更新止损 1.828
2025-12-23 12:34:00 [INFO] [CANCEL] B/USDT:USDT 已取消止盈单 4000000112608069
2025-12-23 12:34:00 [INFO] [CANCEL] B/USDT:USDT 已取消止损单 4000000112608071
2025-12-23 12:34:00 [INFO] [PROTECT] B/USDT:USDT 更新止盈 0.193
2025-12-23 12:34:00 [INFO] [PROTECT] B/USDT:USDT 更新止损 0.2108
2025-12-23 12:34:00 [INFO] [MONITOR] 持仓#1 symbol=SANTOS/USDT:USDT qty=10.5 tp=1.669 sl=1.828 entry_time=2025-12-23 12:00:03 min_price=1.697
2025-12-23 12:34:00 [INFO] [MONITOR] 持仓#2 symbol=B/USDT:USDT qty=91.4 tp=0.193 sl=0.2108 entry_time=2025-12-23 12:30:03 min_price=0.1967
2025-12-23 12:34:00 [INFO] [SCAN] 非15分钟节点，跳过开仓扫描
2025-12-23 12:34:00 [INFO] [WAIT] 等待 59.5 秒进入下一轮
2025-12-23 12:35:00 [INFO] [CANCEL] SANTOS/USDT:USDT 已取消止盈单 4000000112614943
2025-12-23 12:35:00 [INFO] [CANCEL] SANTOS/USDT:USDT 已取消止损单 4000000112614944
2025-12-23 12:35:00 [INFO] [PROTECT] SANTOS/USDT:USDT 更新止盈 1.666
2025-12-23 12:35:00 [INFO] [PROTECT] SANTOS/USDT:USDT 更新止损 1.828
2025-12-23 12:35:00 [INFO] [CANCEL] B/USDT:USDT 已取消止盈单 4000000112614977
2025-12-23 12:35:01 [INFO] [CANCEL] B/USDT:USDT 已取消止损单 4000000112614979
2025-12-23 12:35:01 [INFO] [PROTECT] B/USDT:USDT 更新止盈 0.193
2025-12-23 12:35:01 [INFO] [PROTECT] B/USDT:USDT 更新止损 0.2108
2025-12-23 12:35:01 [INFO] [MONITOR] 持仓#1 symbol=SANTOS/USDT:USDT qty=10.5 tp=1.666 sl=1.828 entry_time=2025-12-23 12:00:03 min_price=1.697
2025-12-23 12:35:01 [INFO] [MONITOR] 持仓#2 symbol=B/USDT:USDT qty=91.4 tp=0.193 sl=0.2108 entry_time=2025-12-23 12:30:03 min_price=0.1967
2025-12-23 12:35:01 [INFO] [SCAN] 非15分钟节点，跳过开仓扫描
2025-12-23 12:35:01 [INFO] [WAIT] 等待 58.7 秒进入下一轮
2025-12-23 12:36:00 [INFO] [CANCEL] SANTOS/USDT:USDT 已取消止盈单 4000000112622034
2025-12-23 12:36:00 [INFO] [CANCEL] SANTOS/USDT:USDT 已取消止损单 4000000112622091
2025-12-23 12:36:00 [INFO] [PROTECT] SANTOS/USDT:USDT 更新止盈 1.666
2025-12-23 12:36:00 [INFO] [PROTECT] SANTOS/USDT:USDT 更新止损 1.828
2025-12-23 12:36:00 [INFO] [CANCEL] B/USDT:USDT 已取消止盈单 4000000112622142
2025-12-23 12:36:00 [INFO] [CANCEL] B/USDT:USDT 已取消止损单 4000000112622149
2025-12-23 12:36:00 [INFO] [PROTECT] B/USDT:USDT 更新止盈 0.1924
2025-12-23 12:36:00 [INFO] [PROTECT] B/USDT:USDT 更新止损 0.2108
2025-12-23 12:36:00 [INFO] [MONITOR] 持仓#1 symbol=SANTOS/USDT:USDT qty=10.5 tp=1.666 sl=1.828 entry_time=2025-12-23 12:00:03 min_price=1.696
2025-12-23 12:36:00 [INFO] [MONITOR] 持仓#2 symbol=B/USDT:USDT qty=91.4 tp=0.1924 sl=0.2108 entry_time=2025-12-23 12:30:03 min_price=0.1958
2025-12-23 12:36:00 [INFO] [SCAN] 非15分钟节点，跳过开仓扫描
2025-12-23 12:36:00 [INFO] [WAIT] 等待 59.6 秒进入下一轮
2025-12-23 12:37:00 [INFO] [CANCEL] SANTOS/USDT:USDT 已取消止盈单 4000000112629043
2025-12-23 12:37:00 [INFO] [CANCEL] SANTOS/USDT:USDT 已取消止损单 4000000112629055
2025-12-23 12:37:00 [INFO] [PROTECT] SANTOS/USDT:USDT 更新止盈 1.666
2025-12-23 12:37:00 [INFO] [PROTECT] SANTOS/USDT:USDT 更新止损 1.828
2025-12-23 12:37:00 [INFO] [CANCEL] B/USDT:USDT 已取消止盈单 4000000112629081
2025-12-23 12:37:00 [INFO] [CANCEL] B/USDT:USDT 已取消止损单 4000000112629084
2025-12-23 12:37:00 [INFO] [PROTECT] B/USDT:USDT 更新止盈 0.1916
2025-12-23 12:37:00 [INFO] [PROTECT] B/USDT:USDT 更新止损 0.2108
2025-12-23 12:37:00 [INFO] [MONITOR] 持仓#1 symbol=SANTOS/USDT:USDT qty=10.5 tp=1.666 sl=1.828 entry_time=2025-12-23 12:00:03 min_price=1.696
2025-12-23 12:37:00 [INFO] [MONITOR] 持仓#2 symbol=B/USDT:USDT qty=91.4 tp=0.1916 sl=0.2108 entry_time=2025-12-23 12:30:03 min_price=0.1948
2025-12-23 12:37:00 [INFO] [SCAN] 非15分钟节点，跳过开仓扫描
2025-12-23 12:37:00 [INFO] [WAIT] 等待 59.6 秒进入下一轮
2025-12-23 12:38:00 [INFO] [CANCEL] SANTOS/USDT:USDT 已取消止盈单 4000000112635918
2025-12-23 12:38:00 [INFO] [CANCEL] SANTOS/USDT:USDT 已取消止损单 4000000112635921
2025-12-23 12:38:00 [INFO] [PROTECT] SANTOS/USDT:USDT 更新止盈 1.666
2025-12-23 12:38:00 [INFO] [PROTECT] SANTOS/USDT:USDT 更新止损 1.828
2025-12-23 12:38:00 [INFO] [CANCEL] B/USDT:USDT 已取消止盈单 4000000112635938
2025-12-23 12:38:00 [INFO] [CANCEL] B/USDT:USDT 已取消止损单 4000000112635944
2025-12-23 12:38:00 [INFO] [PROTECT] B/USDT:USDT 更新止盈 0.1913
2025-12-23 12:38:00 [INFO] [PROTECT] B/USDT:USDT 更新止损 0.2108
2025-12-23 12:38:00 [INFO] [MONITOR] 持仓#1 symbol=SANTOS/USDT:USDT qty=10.5 tp=1.666 sl=1.828 entry_time=2025-12-23 12:00:03 min_price=1.696
2025-12-23 12:38:00 [INFO] [MONITOR] 持仓#2 symbol=B/USDT:USDT qty=91.4 tp=0.1913 sl=0.2108 entry_time=2025-12-23 12:30:03 min_price=0.1947
2025-12-23 12:38:00 [INFO] [SCAN] 非15分钟节点，跳过开仓扫描
2025-12-23 12:38:00 [INFO] [WAIT] 等待 59.6 秒进入下一轮
2025-12-23 12:39:00 [INFO] [CANCEL] SANTOS/USDT:USDT 已取消止盈单 4000000112643017
2025-12-23 12:39:00 [INFO] [CANCEL] SANTOS/USDT:USDT 已取消止损单 4000000112643022
2025-12-23 12:39:00 [INFO] [PROTECT] SANTOS/USDT:USDT 更新止盈 1.666
2025-12-23 12:39:00 [INFO] [PROTECT] SANTOS/USDT:USDT 更新止损 1.828
2025-12-23 12:39:00 [INFO] [CANCEL] B/USDT:USDT 已取消止盈单 4000000112643049
2025-12-23 12:39:00 [INFO] [CANCEL] B/USDT:USDT 已取消止损单 4000000112643054
2025-12-23 12:39:00 [INFO] [PROTECT] B/USDT:USDT 更新止盈 0.191
2025-12-23 12:39:00 [INFO] [PROTECT] B/USDT:USDT 更新止损 0.2108
2025-12-23 12:39:00 [INFO] [MONITOR] 持仓#1 symbol=SANTOS/USDT:USDT qty=10.5 tp=1.666 sl=1.828 entry_time=2025-12-23 12:00:03 min_price=1.696
2025-12-23 12:39:00 [INFO] [MONITOR] 持仓#2 symbol=B/USDT:USDT qty=91.4 tp=0.191 sl=0.2108 entry_time=2025-12-23 12:30:03 min_price=0.1947
2025-12-23 12:39:00 [INFO] [SCAN] 非15分钟节点，跳过开仓扫描
2025-12-23 12:39:00 [INFO] [WAIT] 等待 59.6 秒进入下一轮
2025-12-23 12:40:00 [INFO] [CANCEL] SANTOS/USDT:USDT 已取消止盈单 4000000112649749
2025-12-23 12:40:00 [INFO] [CANCEL] SANTOS/USDT:USDT 已取消止损单 4000000112649752
2025-12-23 12:40:00 [INFO] [PROTECT] SANTOS/USDT:USDT 更新止盈 1.666
2025-12-23 12:40:00 [INFO] [PROTECT] SANTOS/USDT:USDT 更新止损 1.828
2025-12-23 12:40:00 [INFO] [CANCEL] B/USDT:USDT 已取消止盈单 4000000112649779
2025-12-23 12:40:00 [INFO] [CANCEL] B/USDT:USDT 已取消止损单 4000000112649785
2025-12-23 12:40:00 [INFO] [PROTECT] B/USDT:USDT 更新止盈 0.191
2025-12-23 12:40:00 [INFO] [PROTECT] B/USDT:USDT 更新止损 0.2108
2025-12-23 12:40:00 [INFO] [MONITOR] 持仓#1 symbol=SANTOS/USDT:USDT qty=10.5 tp=1.666 sl=1.828 entry_time=2025-12-23 12:00:03 min_price=1.696
2025-12-23 12:40:00 [INFO] [MONITOR] 持仓#2 symbol=B/USDT:USDT qty=91.4 tp=0.191 sl=0.2108 entry_time=2025-12-23 12:30:03 min_price=0.1947
2025-12-23 12:40:00 [INFO] [SCAN] 非15分钟节点，跳过开仓扫描
2025-12-23 12:40:00 [INFO] [WAIT] 等待 59.5 秒进入下一轮
2025-12-23 12:41:00 [INFO] [CANCEL] SANTOS/USDT:USDT 已取消止盈单 4000000112656225
2025-12-23 12:41:00 [INFO] [CANCEL] SANTOS/USDT:USDT 已取消止损单 4000000112656229
2025-12-23 12:41:00 [INFO] [PROTECT] SANTOS/USDT:USDT 更新止盈 1.664
2025-12-23 12:41:00 [INFO] [PROTECT] SANTOS/USDT:USDT 更新止损 1.828
2025-12-23 12:41:00 [INFO] [CANCEL] B/USDT:USDT 已取消止盈单 4000000112656261
2025-12-23 12:41:00 [INFO] [CANCEL] B/USDT:USDT 已取消止损单 4000000112656264
2025-12-23 12:41:00 [INFO] [PROTECT] B/USDT:USDT 更新止盈 0.191
2025-12-23 12:41:00 [INFO] [PROTECT] B/USDT:USDT 更新止损 0.2108
2025-12-23 12:41:00 [INFO] [MONITOR] 持仓#1 symbol=SANTOS/USDT:USDT qty=10.5 tp=1.664 sl=1.828 entry_time=2025-12-23 12:00:03 min_price=1.696
2025-12-23 12:41:00 [INFO] [MONITOR] 持仓#2 symbol=B/USDT:USDT qty=91.4 tp=0.191 sl=0.2108 entry_time=2025-12-23 12:30:03 min_price=0.1947
2025-12-23 12:41:00 [INFO] [SCAN] 非15分钟节点，跳过开仓扫描
2025-12-23 12:41:00 [INFO] [WAIT] 等待 59.5 秒进入下一轮
2025-12-23 12:42:00 [INFO] [CANCEL] SANTOS/USDT:USDT 已取消止盈单 4000000112662798
2025-12-23 12:42:00 [INFO] [CANCEL] SANTOS/USDT:USDT 已取消止损单 4000000112662800
2025-12-23 12:42:00 [INFO] [PROTECT] SANTOS/USDT:USDT 更新止盈 1.661
2025-12-23 12:42:00 [INFO] [PROTECT] SANTOS/USDT:USDT 更新止损 1.828
2025-12-23 12:42:00 [INFO] [CANCEL] B/USDT:USDT 已取消止盈单 4000000112662832
2025-12-23 12:42:00 [INFO] [CANCEL] B/USDT:USDT 已取消止损单 4000000112662839
2025-12-23 12:42:00 [INFO] [PROTECT] B/USDT:USDT 更新止盈 0.191
2025-12-23 12:42:00 [INFO] [PROTECT] B/USDT:USDT 更新止损 0.2108
2025-12-23 12:42:00 [INFO] [MONITOR] 持仓#1 symbol=SANTOS/USDT:USDT qty=10.5 tp=1.661 sl=1.828 entry_time=2025-12-23 12:00:03 min_price=1.695
2025-12-23 12:42:00 [INFO] [MONITOR] 持仓#2 symbol=B/USDT:USDT qty=91.4 tp=0.191 sl=0.2108 entry_time=2025-12-23 12:30:03 min_price=0.1947
2025-12-23 12:42:00 [INFO] [SCAN] 非15分钟节点，跳过开仓扫描
2025-12-23 12:42:00 [INFO] [WAIT] 等待 59.5 秒进入下一轮
2025-12-23 12:43:00 [INFO] [CANCEL] SANTOS/USDT:USDT 已取消止盈单 4000000112669401
2025-12-23 12:43:00 [INFO] [CANCEL] SANTOS/USDT:USDT 已取消止损单 4000000112669404
2025-12-23 12:43:00 [INFO] [PROTECT] SANTOS/USDT:USDT 更新止盈 1.661
2025-12-23 12:43:00 [INFO] [PROTECT] SANTOS/USDT:USDT 更新止损 1.828
2025-12-23 12:43:00 [INFO] [CANCEL] B/USDT:USDT 已取消止盈单 4000000112669426
2025-12-23 12:43:00 [INFO] [CANCEL] B/USDT:USDT 已取消止损单 4000000112669427
2025-12-23 12:43:00 [INFO] [PROTECT] B/USDT:USDT 更新止盈 0.191
2025-12-23 12:43:00 [INFO] [PROTECT] B/USDT:USDT 更新止损 0.2108
2025-12-23 12:43:00 [INFO] [MONITOR] 持仓#1 symbol=SANTOS/USDT:USDT qty=10.5 tp=1.661 sl=1.828 entry_time=2025-12-23 12:00:03 min_price=1.695
2025-12-23 12:43:00 [INFO] [MONITOR] 持仓#2 symbol=B/USDT:USDT qty=91.4 tp=0.191 sl=0.2108 entry_time=2025-12-23 12:30:03 min_price=0.1947
2025-12-23 12:43:00 [INFO] [SCAN] 非15分钟节点，跳过开仓扫描
2025-12-23 12:43:00 [INFO] [WAIT] 等待 59.6 秒进入下一轮
2025-12-23 12:44:00 [INFO] [CANCEL] SANTOS/USDT:USDT 已取消止盈单 4000000112676234
2025-12-23 12:44:00 [INFO] [CANCEL] SANTOS/USDT:USDT 已取消止损单 4000000112676237
2025-12-23 12:44:00 [INFO] [PROTECT] SANTOS/USDT:USDT 更新止盈 1.661
2025-12-23 12:44:00 [INFO] [PROTECT] SANTOS/USDT:USDT 更新止损 1.828
2025-12-23 12:44:00 [INFO] [CANCEL] B/USDT:USDT 已取消止盈单 4000000112676260
2025-12-23 12:44:00 [INFO] [CANCEL] B/USDT:USDT 已取消止损单 4000000112676264
2025-12-23 12:44:00 [INFO] [PROTECT] B/USDT:USDT 更新止盈 0.191
2025-12-23 12:44:00 [INFO] [PROTECT] B/USDT:USDT 更新止损 0.2108
2025-12-23 12:44:00 [INFO] [MONITOR] 持仓#1 symbol=SANTOS/USDT:USDT qty=10.5 tp=1.661 sl=1.828 entry_time=2025-12-23 12:00:03 min_price=1.695
2025-12-23 12:44:00 [INFO] [MONITOR] 持仓#2 symbol=B/USDT:USDT qty=91.4 tp=0.191 sl=0.2108 entry_time=2025-12-23 12:30:03 min_price=0.1947
2025-12-23 12:44:00 [INFO] [SCAN] 非15分钟节点，跳过开仓扫描
2025-12-23 12:44:00 [INFO] [WAIT] 等待 59.5 秒进入下一轮
2025-12-23 12:45:00 [INFO] [CANCEL] SANTOS/USDT:USDT 已取消止盈单 4000000112682644
2025-12-23 12:45:00 [INFO] [CANCEL] SANTOS/USDT:USDT 已取消止损单 4000000112682646
2025-12-23 12:45:00 [INFO] [PROTECT] SANTOS/USDT:USDT 更新止盈 1.661
2025-12-23 12:45:00 [INFO] [PROTECT] SANTOS/USDT:USDT 更新止损 1.828
2025-12-23 12:45:01 [INFO] [CANCEL] B/USDT:USDT 已取消止盈单 4000000112682735
2025-12-23 12:45:01 [INFO] [CANCEL] B/USDT:USDT 已取消止损单 4000000112682741
2025-12-23 12:45:01 [INFO] [PROTECT] B/USDT:USDT 更新止盈 0.191
2025-12-23 12:45:01 [INFO] [PROTECT] B/USDT:USDT 更新止损 0.2108
2025-12-23 12:45:01 [INFO] [MONITOR] 持仓#1 symbol=SANTOS/USDT:USDT qty=10.5 tp=1.661 sl=1.828 entry_time=2025-12-23 12:00:03 min_price=1.695
2025-12-23 12:45:01 [INFO] [MONITOR] 持仓#2 symbol=B/USDT:USDT qty=91.4 tp=0.191 sl=0.2108 entry_time=2025-12-23 12:30:03 min_price=0.1947
2025-12-23 12:45:01 [INFO] [SCAN] 本轮扫描交易对数量: 217
2025-12-23 12:45:02 [INFO] [SCAN] 本轮无满足条件的标的
2025-12-23 12:45:02 [INFO] [WAIT] 等待 57.3 秒进入下一轮
2025-12-23 12:46:00 [INFO] [CANCEL] SANTOS/USDT:USDT 已取消止盈单 4000000112689410
2025-12-23 12:46:00 [INFO] [CANCEL] SANTOS/USDT:USDT 已取消止损单 4000000112689415
2025-12-23 12:46:00 [INFO] [PROTECT] SANTOS/USDT:USDT 更新止盈 1.661
2025-12-23 12:46:00 [INFO] [PROTECT] SANTOS/USDT:USDT 更新止损 1.828
2025-12-23 12:46:00 [INFO] [CANCEL] B/USDT:USDT 已取消止盈单 4000000112689532
2025-12-23 12:46:00 [INFO] [CANCEL] B/USDT:USDT 已取消止损单 4000000112689542
2025-12-23 12:46:00 [INFO] [PROTECT] B/USDT:USDT 更新止盈 0.191
2025-12-23 12:46:00 [INFO] [PROTECT] B/USDT:USDT 更新止损 0.2108
2025-12-23 12:46:00 [INFO] [MONITOR] 持仓#1 symbol=SANTOS/USDT:USDT qty=10.5 tp=1.661 sl=1.828 entry_time=2025-12-23 12:00:03 min_price=1.695
2025-12-23 12:46:00 [INFO] [MONITOR] 持仓#2 symbol=B/USDT:USDT qty=91.4 tp=0.191 sl=0.2108 entry_time=2025-12-23 12:30:03 min_price=0.1947
2025-12-23 12:46:00 [INFO] [SCAN] 非15分钟节点，跳过开仓扫描
2025-12-23 12:46:00 [INFO] [WAIT] 等待 59.5 秒进入下一轮
2025-12-23 12:47:00 [INFO] [CANCEL] SANTOS/USDT:USDT 已取消止盈单 4000000112696256
2025-12-23 12:47:00 [INFO] [CANCEL] SANTOS/USDT:USDT 已取消止损单 4000000112696261
2025-12-23 12:47:00 [INFO] [PROTECT] SANTOS/USDT:USDT 更新止盈 1.661
2025-12-23 12:47:00 [INFO] [PROTECT] SANTOS/USDT:USDT 更新止损 1.828
2025-12-23 12:47:00 [INFO] [CANCEL] B/USDT:USDT 已取消止盈单 4000000112696286
2025-12-23 12:47:00 [INFO] [CANCEL] B/USDT:USDT 已取消止损单 4000000112696287
2025-12-23 12:47:00 [INFO] [PROTECT] B/USDT:USDT 更新止盈 0.191
2025-12-23 12:47:00 [INFO] [PROTECT] B/USDT:USDT 更新止损 0.2108
2025-12-23 12:47:00 [INFO] [MONITOR] 持仓#1 symbol=SANTOS/USDT:USDT qty=10.5 tp=1.661 sl=1.828 entry_time=2025-12-23 12:00:03 min_price=1.695
2025-12-23 12:47:00 [INFO] [MONITOR] 持仓#2 symbol=B/USDT:USDT qty=91.4 tp=0.191 sl=0.2108 entry_time=2025-12-23 12:30:03 min_price=0.1947
2025-12-23 12:47:00 [INFO] [SCAN] 非15分钟节点，跳过开仓扫描
2025-12-23 12:47:00 [INFO] [WAIT] 等待 59.5 秒进入下一轮
2025-12-23 12:48:00 [INFO] [CANCEL] SANTOS/USDT:USDT 已取消止盈单 4000000112702758
2025-12-23 12:48:00 [INFO] [CANCEL] SANTOS/USDT:USDT 已取消止损单 4000000112702759
2025-12-23 12:48:00 [INFO] [PROTECT] SANTOS/USDT:USDT 更新止盈 1.661
2025-12-23 12:48:00 [INFO] [PROTECT] SANTOS/USDT:USDT 更新止损 1.828
2025-12-23 12:48:00 [INFO] [CANCEL] B/USDT:USDT 已取消止盈单 4000000112702785
2025-12-23 12:48:00 [INFO] [CANCEL] B/USDT:USDT 已取消止损单 4000000112702789
2025-12-23 12:48:00 [INFO] [PROTECT] B/USDT:USDT 更新止盈 0.191
2025-12-23 12:48:00 [INFO] [PROTECT] B/USDT:USDT 更新止损 0.2108
2025-12-23 12:48:00 [INFO] [MONITOR] 持仓#1 symbol=SANTOS/USDT:USDT qty=10.5 tp=1.661 sl=1.828 entry_time=2025-12-23 12:00:03 min_price=1.695
2025-12-23 12:48:00 [INFO] [MONITOR] 持仓#2 symbol=B/USDT:USDT qty=91.4 tp=0.191 sl=0.2108 entry_time=2025-12-23 12:30:03 min_price=0.1947
2025-12-23 12:48:00 [INFO] [SCAN] 非15分钟节点，跳过开仓扫描
2025-12-23 12:48:00 [INFO] [WAIT] 等待 59.5 秒进入下一轮
2025-12-23 12:49:00 [INFO] [CANCEL] SANTOS/USDT:USDT 已取消止盈单 4000000112709147
2025-12-23 12:49:00 [INFO] [CANCEL] SANTOS/USDT:USDT 已取消止损单 4000000112709153
2025-12-23 12:49:00 [INFO] [PROTECT] SANTOS/USDT:USDT 更新止盈 1.661
2025-12-23 12:49:00 [INFO] [PROTECT] SANTOS/USDT:USDT 更新止损 1.828
2025-12-23 12:49:00 [INFO] [CANCEL] B/USDT:USDT 已取消止盈单 4000000112709179
2025-12-23 12:49:00 [INFO] [CANCEL] B/USDT:USDT 已取消止损单 4000000112709181
2025-12-23 12:49:00 [INFO] [PROTECT] B/USDT:USDT 更新止盈 0.191
2025-12-23 12:49:00 [INFO] [PROTECT] B/USDT:USDT 更新止损 0.2108
2025-12-23 12:49:00 [INFO] [MONITOR] 持仓#1 symbol=SANTOS/USDT:USDT qty=10.5 tp=1.661 sl=1.828 entry_time=2025-12-23 12:00:03 min_price=1.695
2025-12-23 12:49:00 [INFO] [MONITOR] 持仓#2 symbol=B/USDT:USDT qty=91.4 tp=0.191 sl=0.2108 entry_time=2025-12-23 12:30:03 min_price=0.1947
2025-12-23 12:49:00 [INFO] [SCAN] 非15分钟节点，跳过开仓扫描
2025-12-23 12:49:00 [INFO] [WAIT] 等待 59.5 秒进入下一轮
2025-12-23 12:50:00 [INFO] [CANCEL] SANTOS/USDT:USDT 已取消止盈单 4000000112715629
2025-12-23 12:50:00 [INFO] [CANCEL] SANTOS/USDT:USDT 已取消止损单 4000000112715630
2025-12-23 12:50:00 [INFO] [PROTECT] SANTOS/USDT:USDT 更新止盈 1.661
2025-12-23 12:50:00 [INFO] [PROTECT] SANTOS/USDT:USDT 更新止损 1.828
2025-12-23 12:50:01 [INFO] [CANCEL] B/USDT:USDT 已取消止盈单 4000000112715656
2025-12-23 12:50:01 [INFO] [CANCEL] B/USDT:USDT 已取消止损单 4000000112715657
2025-12-23 12:50:01 [INFO] [PROTECT] B/USDT:USDT 更新止盈 0.191
2025-12-23 12:50:01 [INFO] [PROTECT] B/USDT:USDT 更新止损 0.2108
2025-12-23 12:50:01 [INFO] [MONITOR] 持仓#1 symbol=SANTOS/USDT:USDT qty=10.5 tp=1.661 sl=1.828 entry_time=2025-12-23 12:00:03 min_price=1.695
2025-12-23 12:50:01 [INFO] [MONITOR] 持仓#2 symbol=B/USDT:USDT qty=91.4 tp=0.191 sl=0.2108 entry_time=2025-12-23 12:30:03 min_price=0.1947
2025-12-23 12:50:01 [INFO] [SCAN] 非15分钟节点，跳过开仓扫描
2025-12-23 12:50:01 [INFO] [WAIT] 等待 58.5 秒进入下一轮
2025-12-23 12:51:00 [INFO] [CANCEL] SANTOS/USDT:USDT 已取消止盈单 4000000112723918
2025-12-23 12:51:00 [INFO] [CANCEL] SANTOS/USDT:USDT 已取消止损单 4000000112723921
2025-12-23 12:51:00 [INFO] [PROTECT] SANTOS/USDT:USDT 更新止盈 1.661
2025-12-23 12:51:00 [INFO] [PROTECT] SANTOS/USDT:USDT 更新止损 1.828
2025-12-23 12:51:00 [INFO] [CANCEL] B/USDT:USDT 已取消止盈单 4000000112724089
2025-12-23 12:51:00 [INFO] [CANCEL] B/USDT:USDT 已取消止损单 4000000112724107
2025-12-23 12:51:00 [INFO] [PROTECT] B/USDT:USDT 更新止盈 0.191
2025-12-23 12:51:00 [INFO] [PROTECT] B/USDT:USDT 更新止损 0.2108
2025-12-23 12:51:00 [INFO] [MONITOR] 持仓#1 symbol=SANTOS/USDT:USDT qty=10.5 tp=1.661 sl=1.828 entry_time=2025-12-23 12:00:03 min_price=1.695
2025-12-23 12:51:00 [INFO] [MONITOR] 持仓#2 symbol=B/USDT:USDT qty=91.4 tp=0.191 sl=0.2108 entry_time=2025-12-23 12:30:03 min_price=0.1947
2025-12-23 12:51:00 [INFO] [SCAN] 非15分钟节点，跳过开仓扫描
2025-12-23 12:51:00 [INFO] [WAIT] 等待 59.5 秒进入下一轮
2025-12-23 12:52:00 [INFO] [CANCEL] SANTOS/USDT:USDT 已取消止盈单 4000000112730938
2025-12-23 12:52:00 [INFO] [CANCEL] SANTOS/USDT:USDT 已取消止损单 4000000112730945
2025-12-23 12:52:00 [INFO] [PROTECT] SANTOS/USDT:USDT 更新止盈 1.661
2025-12-23 12:52:00 [INFO] [PROTECT] SANTOS/USDT:USDT 更新止损 1.828
2025-12-23 12:52:00 [INFO] [CANCEL] B/USDT:USDT 已取消止盈单 4000000112730975
2025-12-23 12:52:00 [INFO] [CANCEL] B/USDT:USDT 已取消止损单 4000000112730978
2025-12-23 12:52:00 [INFO] [PROTECT] B/USDT:USDT 更新止盈 0.191
2025-12-23 12:52:00 [INFO] [PROTECT] B/USDT:USDT 更新止损 0.2108
2025-12-23 12:52:00 [INFO] [MONITOR] 持仓#1 symbol=SANTOS/USDT:USDT qty=10.5 tp=1.661 sl=1.828 entry_time=2025-12-23 12:00:03 min_price=1.695
2025-12-23 12:52:00 [INFO] [MONITOR] 持仓#2 symbol=B/USDT:USDT qty=91.4 tp=0.191 sl=0.2108 entry_time=2025-12-23 12:30:03 min_price=0.1947
2025-12-23 12:52:00 [INFO] [SCAN] 非15分钟节点，跳过开仓扫描
2025-12-23 12:52:00 [INFO] [WAIT] 等待 59.5 秒进入下一轮
2025-12-23 12:53:00 [INFO] [CANCEL] SANTOS/USDT:USDT 已取消止盈单 4000000112737563
2025-12-23 12:53:00 [INFO] [CANCEL] SANTOS/USDT:USDT 已取消止损单 4000000112737567
2025-12-23 12:53:00 [INFO] [PROTECT] SANTOS/USDT:USDT 更新止盈 1.661
2025-12-23 12:53:00 [INFO] [PROTECT] SANTOS/USDT:USDT 更新止损 1.828
2025-12-23 12:53:00 [INFO] [CANCEL] B/USDT:USDT 已取消止盈单 4000000112737593
2025-12-23 12:53:00 [INFO] [CANCEL] B/USDT:USDT 已取消止损单 4000000112737595
2025-12-23 12:53:00 [INFO] [PROTECT] B/USDT:USDT 更新止盈 0.191
2025-12-23 12:53:00 [INFO] [PROTECT] B/USDT:USDT 更新止损 0.2108
2025-12-23 12:53:00 [INFO] [MONITOR] 持仓#1 symbol=SANTOS/USDT:USDT qty=10.5 tp=1.661 sl=1.828 entry_time=2025-12-23 12:00:03 min_price=1.695
2025-12-23 12:53:00 [INFO] [MONITOR] 持仓#2 symbol=B/USDT:USDT qty=91.4 tp=0.191 sl=0.2108 entry_time=2025-12-23 12:30:03 min_price=0.1947
2025-12-23 12:53:00 [INFO] [SCAN] 非15分钟节点，跳过开仓扫描
2025-12-23 12:53:00 [INFO] [WAIT] 等待 59.6 秒进入下一轮
2025-12-23 12:54:00 [INFO] [CANCEL] SANTOS/USDT:USDT 已取消止盈单 4000000112744727
2025-12-23 12:54:00 [INFO] [CANCEL] SANTOS/USDT:USDT 已取消止损单 4000000112744733
2025-12-23 12:54:00 [INFO] [PROTECT] SANTOS/USDT:USDT 更新止盈 1.661
2025-12-23 12:54:00 [INFO] [PROTECT] SANTOS/USDT:USDT 更新止损 1.828
2025-12-23 12:54:00 [INFO] [CANCEL] B/USDT:USDT 已取消止盈单 4000000112744748
2025-12-23 12:54:00 [INFO] [CANCEL] B/USDT:USDT 已取消止损单 4000000112744755
2025-12-23 12:54:00 [INFO] [PROTECT] B/USDT:USDT 更新止盈 0.191
2025-12-23 12:54:00 [INFO] [PROTECT] B/USDT:USDT 更新止损 0.2108
2025-12-23 12:54:00 [INFO] [MONITOR] 持仓#1 symbol=SANTOS/USDT:USDT qty=10.5 tp=1.661 sl=1.828 entry_time=2025-12-23 12:00:03 min_price=1.695
2025-12-23 12:54:00 [INFO] [MONITOR] 持仓#2 symbol=B/USDT:USDT qty=91.4 tp=0.191 sl=0.2108 entry_time=2025-12-23 12:30:03 min_price=0.1947
2025-12-23 12:54:00 [INFO] [SCAN] 非15分钟节点，跳过开仓扫描
2025-12-23 12:54:00 [INFO] [WAIT] 等待 59.6 秒进入下一轮
2025-12-23 12:55:00 [INFO] [CANCEL] SANTOS/USDT:USDT 已取消止盈单 4000000112751075
2025-12-23 12:55:00 [INFO] [CANCEL] SANTOS/USDT:USDT 已取消止损单 4000000112751078
2025-12-23 12:55:00 [INFO] [PROTECT] SANTOS/USDT:USDT 更新止盈 1.661
2025-12-23 12:55:00 [INFO] [PROTECT] SANTOS/USDT:USDT 更新止损 1.828
2025-12-23 12:55:00 [INFO] [CANCEL] B/USDT:USDT 已取消止盈单 4000000112751097
2025-12-23 12:55:00 [INFO] [CANCEL] B/USDT:USDT 已取消止损单 4000000112751103
2025-12-23 12:55:00 [INFO] [PROTECT] B/USDT:USDT 更新止盈 0.191
2025-12-23 12:55:00 [INFO] [PROTECT] B/USDT:USDT 更新止损 0.2108
2025-12-23 12:55:00 [INFO] [MONITOR] 持仓#1 symbol=SANTOS/USDT:USDT qty=10.5 tp=1.661 sl=1.828 entry_time=2025-12-23 12:00:03 min_price=1.695
2025-12-23 12:55:00 [INFO] [MONITOR] 持仓#2 symbol=B/USDT:USDT qty=91.4 tp=0.191 sl=0.2108 entry_time=2025-12-23 12:30:03 min_price=0.1947
2025-12-23 12:55:00 [INFO] [SCAN] 非15分钟节点，跳过开仓扫描
2025-12-23 12:55:00 [INFO] [WAIT] 等待 59.5 秒进入下一轮
2025-12-23 12:56:00 [INFO] [CANCEL] SANTOS/USDT:USDT 已取消止盈单 4000000112757058
2025-12-23 12:56:00 [INFO] [CANCEL] SANTOS/USDT:USDT 已取消止损单 4000000112757061
2025-12-23 12:56:00 [INFO] [PROTECT] SANTOS/USDT:USDT 更新止盈 1.661
2025-12-23 12:56:00 [INFO] [PROTECT] SANTOS/USDT:USDT 更新止损 1.828
2025-12-23 12:56:00 [INFO] [CANCEL] B/USDT:USDT 已取消止盈单 4000000112757097
2025-12-23 12:56:00 [INFO] [CANCEL] B/USDT:USDT 已取消止损单 4000000112757099
2025-12-23 12:56:00 [INFO] [PROTECT] B/USDT:USDT 更新止盈 0.191
2025-12-23 12:56:00 [INFO] [PROTECT] B/USDT:USDT 更新止损 0.2108
2025-12-23 12:56:00 [INFO] [MONITOR] 持仓#1 symbol=SANTOS/USDT:USDT qty=10.5 tp=1.661 sl=1.828 entry_time=2025-12-23 12:00:03 min_price=1.695
2025-12-23 12:56:00 [INFO] [MONITOR] 持仓#2 symbol=B/USDT:USDT qty=91.4 tp=0.191 sl=0.2108 entry_time=2025-12-23 12:30:03 min_price=0.1947
2025-12-23 12:56:00 [INFO] [SCAN] 非15分钟节点，跳过开仓扫描
2025-12-23 12:56:00 [INFO] [WAIT] 等待 59.5 秒进入下一轮
2025-12-23 12:57:00 [INFO] [CANCEL] SANTOS/USDT:USDT 已取消止盈单 4000000112763657
2025-12-23 12:57:00 [INFO] [CANCEL] SANTOS/USDT:USDT 已取消止损单 4000000112763661
2025-12-23 12:57:00 [INFO] [PROTECT] SANTOS/USDT:USDT 更新止盈 1.661
2025-12-23 12:57:00 [INFO] [PROTECT] SANTOS/USDT:USDT 更新止损 1.828
2025-12-23 12:57:00 [INFO] [CANCEL] B/USDT:USDT 已取消止盈单 4000000112763685
2025-12-23 12:57:00 [INFO] [CANCEL] B/USDT:USDT 已取消止损单 4000000112763688
2025-12-23 12:57:00 [INFO] [PROTECT] B/USDT:USDT 更新止盈 0.191
2025-12-23 12:57:00 [INFO] [PROTECT] B/USDT:USDT 更新止损 0.2108
2025-12-23 12:57:00 [INFO] [MONITOR] 持仓#1 symbol=SANTOS/USDT:USDT qty=10.5 tp=1.661 sl=1.828 entry_time=2025-12-23 12:00:03 min_price=1.695
2025-12-23 12:57:00 [INFO] [MONITOR] 持仓#2 symbol=B/USDT:USDT qty=91.4 tp=0.191 sl=0.2108 entry_time=2025-12-23 12:30:03 min_price=0.1947
2025-12-23 12:57:00 [INFO] [SCAN] 非15分钟节点，跳过开仓扫描
2025-12-23 12:57:00 [INFO] [WAIT] 等待 59.5 秒进入下一轮
2025-12-23 12:58:00 [INFO] [CANCEL] SANTOS/USDT:USDT 已取消止盈单 4000000112770744
2025-12-23 12:58:00 [INFO] [CANCEL] SANTOS/USDT:USDT 已取消止损单 4000000112770749
2025-12-23 12:58:00 [INFO] [PROTECT] SANTOS/USDT:USDT 更新止盈 1.661
2025-12-23 12:58:00 [INFO] [PROTECT] SANTOS/USDT:USDT 更新止损 1.828
2025-12-23 12:58:00 [INFO] [CANCEL] B/USDT:USDT 已取消止盈单 4000000112770793
2025-12-23 12:58:00 [INFO] [CANCEL] B/USDT:USDT 已取消止损单 4000000112770795
2025-12-23 12:58:00 [INFO] [PROTECT] B/USDT:USDT 更新止盈 0.191
2025-12-23 12:58:00 [INFO] [PROTECT] B/USDT:USDT 更新止损 0.2108
2025-12-23 12:58:00 [INFO] [MONITOR] 持仓#1 symbol=SANTOS/USDT:USDT qty=10.5 tp=1.661 sl=1.828 entry_time=2025-12-23 12:00:03 min_price=1.695
2025-12-23 12:58:00 [INFO] [MONITOR] 持仓#2 symbol=B/USDT:USDT qty=91.4 tp=0.191 sl=0.2108 entry_time=2025-12-23 12:30:03 min_price=0.1947
2025-12-23 12:58:00 [INFO] [SCAN] 非15分钟节点，跳过开仓扫描
2025-12-23 12:58:00 [INFO] [WAIT] 等待 59.5 秒进入下一轮
2025-12-23 12:59:00 [INFO] [CANCEL] SANTOS/USDT:USDT 已取消止盈单 4000000112777269
2025-12-23 12:59:00 [INFO] [CANCEL] SANTOS/USDT:USDT 已取消止损单 4000000112777274
2025-12-23 12:59:00 [INFO] [PROTECT] SANTOS/USDT:USDT 更新止盈 1.661
2025-12-23 12:59:00 [INFO] [PROTECT] SANTOS/USDT:USDT 更新止损 1.828
2025-12-23 12:59:00 [INFO] [CANCEL] B/USDT:USDT 已取消止盈单 4000000112777294
2025-12-23 12:59:00 [INFO] [CANCEL] B/USDT:USDT 已取消止损单 4000000112777297
2025-12-23 12:59:00 [INFO] [PROTECT] B/USDT:USDT 更新止盈 0.191
2025-12-23 12:59:00 [INFO] [PROTECT] B/USDT:USDT 更新止损 0.2108
2025-12-23 12:59:00 [INFO] [MONITOR] 持仓#1 symbol=SANTOS/USDT:USDT qty=10.5 tp=1.661 sl=1.828 entry_time=2025-12-23 12:00:03 min_price=1.695
2025-12-23 12:59:00 [INFO] [MONITOR] 持仓#2 symbol=B/USDT:USDT qty=91.4 tp=0.191 sl=0.2108 entry_time=2025-12-23 12:30:03 min_price=0.1947
2025-12-23 12:59:00 [INFO] [SCAN] 非15分钟节点，跳过开仓扫描
2025-12-23 12:59:00 [INFO] [WAIT] 等待 59.5 秒进入下一轮
2025-12-23 13:00:00 [INFO] [CANCEL] SANTOS/USDT:USDT 已取消止盈单 4000000112783954
2025-12-23 13:00:00 [INFO] [CANCEL] SANTOS/USDT:USDT 已取消止损单 4000000112783955
2025-12-23 13:00:00 [INFO] [PROTECT] SANTOS/USDT:USDT 更新止盈 1.661
2025-12-23 13:00:01 [INFO] [PROTECT] SANTOS/USDT:USDT 更新止损 1.828
2025-12-23 13:00:01 [INFO] [CANCEL] B/USDT:USDT 已取消止盈单 4000000112783996
2025-12-23 13:00:02 [INFO] [CANCEL] B/USDT:USDT 已取消止损单 4000000112783999
2025-12-23 13:00:02 [INFO] [PROTECT] B/USDT:USDT 更新止盈 0.191
2025-12-23 13:00:02 [INFO] [PROTECT] B/USDT:USDT 更新止损 0.2108
2025-12-23 13:00:02 [INFO] [MONITOR] 持仓#1 symbol=SANTOS/USDT:USDT qty=10.5 tp=1.661 sl=1.828 entry_time=2025-12-23 12:00:03 min_price=1.694
2025-12-23 13:00:02 [INFO] [MONITOR] 持仓#2 symbol=B/USDT:USDT qty=91.4 tp=0.191 sl=0.2108 entry_time=2025-12-23 12:30:03 min_price=0.1947
2025-12-23 13:00:02 [INFO] [SCAN] 本轮扫描交易对数量: 217
2025-12-23 13:00:03 [INFO] [LEVERAGE] 设置杠杆为 6x...
2025-12-23 13:00:03 [INFO] [LIVE SHORT] 开空头仓位: 1 个
2025-12-23 13:00:03 [INFO] [LIVE SELL] 做空 GPS/USDT:USDT: 3582.8 @ 0.005024
2025-12-23 13:00:03 [INFO] [LIVE MARKET] 创建市价单 GPS/USDT:USDT: sell 3582.8
2025-12-23 13:00:03 [INFO] [LIVE SUCCESS] GPS/USDT:USDT 市价单创建成功 ID:1056652517 成交:3582.0
2025-12-23 13:00:03 [INFO] [LIVE OK] 空头开仓: 1/1 成功
2025-12-23 13:00:03 [INFO] [PROTECT] GPS/USDT:USDT 更新止盈 0.004924
2025-12-23 13:00:03 [INFO] [PROTECT] GPS/USDT:USDT 更新止损 0.005376
2025-12-23 13:00:04 [INFO] [WAIT] 等待 55.7 秒进入下一轮
2025-12-23 13:01:00 [INFO] [CANCEL] SANTOS/USDT:USDT 已取消止盈单 4000000112790450
2025-12-23 13:01:00 [INFO] [CANCEL] SANTOS/USDT:USDT 已取消止损单 4000000112790456
2025-12-23 13:01:00 [INFO] [PROTECT] SANTOS/USDT:USDT 更新止盈 1.661
2025-12-23 13:01:00 [INFO] [PROTECT] SANTOS/USDT:USDT 更新止损 1.828
2025-12-23 13:01:00 [INFO] [CANCEL] B/USDT:USDT 已取消止盈单 4000000112790607
2025-12-23 13:01:00 [INFO] [CANCEL] B/USDT:USDT 已取消止损单 4000000112790609
2025-12-23 13:01:00 [INFO] [PROTECT] B/USDT:USDT 更新止盈 0.191
2025-12-23 13:01:00 [INFO] [PROTECT] B/USDT:USDT 更新止损 0.2108
2025-12-23 13:01:00 [INFO] [CANCEL] GPS/USDT:USDT 已取消止盈单 4000000112790764
2025-12-23 13:01:00 [INFO] [CANCEL] GPS/USDT:USDT 已取消止损单 4000000112790765
2025-12-23 13:01:00 [INFO] [PROTECT] GPS/USDT:USDT 更新止盈 0.004918
2025-12-23 13:01:00 [INFO] [PROTECT] GPS/USDT:USDT 更新止损 0.005375
2025-12-23 13:01:00 [INFO] [MONITOR] 持仓#1 symbol=SANTOS/USDT:USDT qty=10.5 tp=1.661 sl=1.828 entry_time=2025-12-23 12:00:03 min_price=1.694
2025-12-23 13:01:00 [INFO] [MONITOR] 持仓#2 symbol=B/USDT:USDT qty=91.4 tp=0.191 sl=0.2108 entry_time=2025-12-23 12:30:03 min_price=0.1947
2025-12-23 13:01:00 [INFO] [MONITOR] 持仓#3 symbol=GPS/USDT:USDT qty=3582.8 tp=0.004918 sl=0.005375 entry_time=2025-12-23 13:00:03 min_price=0.005001
2025-12-23 13:01:00 [INFO] [SCAN] 非15分钟节点，跳过开仓扫描
2025-12-23 13:01:00 [INFO] [WAIT] 等待 59.4 秒进入下一轮
2025-12-23 13:02:00 [INFO] [CANCEL] SANTOS/USDT:USDT 已取消止盈单 4000000112798109
2025-12-23 13:02:00 [INFO] [CANCEL] SANTOS/USDT:USDT 已取消止损单 4000000112798114
2025-12-23 13:02:00 [INFO] [PROTECT] SANTOS/USDT:USDT 更新止盈 1.661
2025-12-23 13:02:00 [INFO] [PROTECT] SANTOS/USDT:USDT 更新止损 1.828
2025-12-23 13:02:00 [INFO] [CANCEL] B/USDT:USDT 已取消止盈单 4000000112798137
2025-12-23 13:02:00 [INFO] [CANCEL] B/USDT:USDT 已取消止损单 4000000112798144
2025-12-23 13:02:00 [INFO] [PROTECT] B/USDT:USDT 更新止盈 0.191
2025-12-23 13:02:00 [INFO] [PROTECT] B/USDT:USDT 更新止损 0.2108
2025-12-23 13:02:00 [INFO] [CANCEL] GPS/USDT:USDT 已取消止盈单 4000000112798161
2025-12-23 13:02:00 [INFO] [CANCEL] GPS/USDT:USDT 已取消止损单 4000000112798166
2025-12-23 13:02:00 [INFO] [PROTECT] GPS/USDT:USDT 更新止盈 0.004884
2025-12-23 13:02:00 [INFO] [PROTECT] GPS/USDT:USDT 更新止损 0.005374
2025-12-23 13:02:00 [INFO] [MONITOR] 持仓#1 symbol=SANTOS/USDT:USDT qty=10.5 tp=1.661 sl=1.828 entry_time=2025-12-23 12:00:03 min_price=1.694
2025-12-23 13:02:00 [INFO] [MONITOR] 持仓#2 symbol=B/USDT:USDT qty=91.4 tp=0.191 sl=0.2108 entry_time=2025-12-23 12:30:03 min_price=0.1947
2025-12-23 13:02:00 [INFO] [MONITOR] 持仓#3 symbol=GPS/USDT:USDT qty=3582.8 tp=0.004884 sl=0.005374 entry_time=2025-12-23 13:00:03 min_price=0.004982
2025-12-23 13:02:00 [INFO] [SCAN] 非15分钟节点，跳过开仓扫描
2025-12-23 13:02:00 [INFO] [WAIT] 等待 59.3 秒进入下一轮
2025-12-23 13:03:00 [INFO] [CANCEL] SANTOS/USDT:USDT 已取消止盈单 4000000112805088
2025-12-23 13:03:00 [INFO] [CANCEL] SANTOS/USDT:USDT 已取消止损单 4000000112805092
2025-12-23 13:03:00 [INFO] [PROTECT] SANTOS/USDT:USDT 更新止盈 1.661
2025-12-23 13:03:00 [INFO] [PROTECT] SANTOS/USDT:USDT 更新止损 1.828
2025-12-23 13:03:00 [INFO] [CANCEL] B/USDT:USDT 已取消止盈单 4000000112805130
2025-12-23 13:03:00 [INFO] [CANCEL] B/USDT:USDT 已取消止损单 4000000112805133
2025-12-23 13:03:00 [INFO] [PROTECT] B/USDT:USDT 更新止盈 0.191
2025-12-23 13:03:00 [INFO] [PROTECT] B/USDT:USDT 更新止损 0.2108
2025-12-23 13:03:00 [INFO] [CANCEL] GPS/USDT:USDT 已取消止盈单 4000000112805152
2025-12-23 13:03:00 [INFO] [CANCEL] GPS/USDT:USDT 已取消止损单 4000000112805154
2025-12-23 13:03:00 [INFO] [PROTECT] GPS/USDT:USDT 更新止盈 0.004881
2025-12-23 13:03:00 [INFO] [PROTECT] GPS/USDT:USDT 更新止损 0.005373
2025-12-23 13:03:00 [INFO] [MONITOR] 持仓#1 symbol=SANTOS/USDT:USDT qty=10.5 tp=1.661 sl=1.828 entry_time=2025-12-23 12:00:03 min_price=1.694
2025-12-23 13:03:00 [INFO] [MONITOR] 持仓#2 symbol=B/USDT:USDT qty=91.4 tp=0.191 sl=0.2108 entry_time=2025-12-23 12:30:03 min_price=0.1947
2025-12-23 13:03:00 [INFO] [MONITOR] 持仓#3 symbol=GPS/USDT:USDT qty=3582.8 tp=0.004881 sl=0.005373 entry_time=2025-12-23 13:00:03 min_price=0.00497
2025-12-23 13:03:00 [INFO] [SCAN] 非15分钟节点，跳过开仓扫描
2025-12-23 13:03:00 [INFO] [WAIT] 等待 59.3 秒进入下一轮
2025-12-23 13:04:00 [INFO] [CANCEL] SANTOS/USDT:USDT 已取消止盈单 4000000112811728
2025-12-23 13:04:00 [INFO] [CANCEL] SANTOS/USDT:USDT 已取消止损单 4000000112811729
2025-12-23 13:04:00 [INFO] [PROTECT] SANTOS/USDT:USDT 更新止盈 1.661
2025-12-23 13:04:00 [INFO] [PROTECT] SANTOS/USDT:USDT 更新止损 1.828
2025-12-23 13:04:00 [INFO] [CANCEL] B/USDT:USDT 已取消止盈单 4000000112811758
2025-12-23 13:04:00 [INFO] [CANCEL] B/USDT:USDT 已取消止损单 4000000112811759
2025-12-23 13:04:00 [INFO] [PROTECT] B/USDT:USDT 更新止盈 0.191
2025-12-23 13:04:00 [INFO] [PROTECT] B/USDT:USDT 更新止损 0.2108
2025-12-23 13:04:00 [INFO] [CANCEL] GPS/USDT:USDT 已取消止盈单 4000000112811788
2025-12-23 13:04:00 [INFO] [CANCEL] GPS/USDT:USDT 已取消止损单 4000000112811789
2025-12-23 13:04:00 [INFO] [PROTECT] GPS/USDT:USDT 更新止盈 0.004876
2025-12-23 13:04:00 [INFO] [PROTECT] GPS/USDT:USDT 更新止损 0.005372
2025-12-23 13:04:00 [INFO] [MONITOR] 持仓#1 symbol=SANTOS/USDT:USDT qty=10.5 tp=1.661 sl=1.828 entry_time=2025-12-23 12:00:03 min_price=1.694
2025-12-23 13:04:00 [INFO] [MONITOR] 持仓#2 symbol=B/USDT:USDT qty=91.4 tp=0.191 sl=0.2108 entry_time=2025-12-23 12:30:03 min_price=0.1947
2025-12-23 13:04:00 [INFO] [MONITOR] 持仓#3 symbol=GPS/USDT:USDT qty=3582.8 tp=0.004876 sl=0.005372 entry_time=2025-12-23 13:00:03 min_price=0.00497
2025-12-23 13:04:00 [INFO] [SCAN] 非15分钟节点，跳过开仓扫描
2025-12-23 13:04:00 [INFO] [WAIT] 等待 59.3 秒进入下一轮
2025-12-23 13:05:00 [INFO] [CANCEL] SANTOS/USDT:USDT 已取消止盈单 4000000112818195
2025-12-23 13:05:00 [INFO] [CANCEL] SANTOS/USDT:USDT 已取消止损单 4000000112818202
2025-12-23 13:05:00 [INFO] [PROTECT] SANTOS/USDT:USDT 更新止盈 1.661
2025-12-23 13:05:00 [INFO] [PROTECT] SANTOS/USDT:USDT 更新止损 1.828
2025-12-23 13:05:01 [INFO] [CANCEL] B/USDT:USDT 已取消止盈单 4000000112818225
2025-12-23 13:05:01 [INFO] [CANCEL] B/USDT:USDT 已取消止损单 4000000112818230
2025-12-23 13:05:01 [INFO] [PROTECT] B/USDT:USDT 更新止盈 0.191
2025-12-23 13:05:01 [INFO] [PROTECT] B/USDT:USDT 更新止损 0.2108
2025-12-23 13:05:02 [INFO] [CANCEL] GPS/USDT:USDT 已取消止盈单 4000000112818248
2025-12-23 13:05:02 [INFO] [CANCEL] GPS/USDT:USDT 已取消止损单 4000000112818250
2025-12-23 13:05:02 [INFO] [PROTECT] GPS/USDT:USDT 更新止盈 0.004876
2025-12-23 13:05:02 [INFO] [PROTECT] GPS/USDT:USDT 更新止损 0.005371
2025-12-23 13:05:02 [INFO] [MONITOR] 持仓#1 symbol=SANTOS/USDT:USDT qty=10.5 tp=1.661 sl=1.828 entry_time=2025-12-23 12:00:03 min_price=1.694
2025-12-23 13:05:02 [INFO] [MONITOR] 持仓#2 symbol=B/USDT:USDT qty=91.4 tp=0.191 sl=0.2108 entry_time=2025-12-23 12:30:03 min_price=0.1947
2025-12-23 13:05:02 [INFO] [MONITOR] 持仓#3 symbol=GPS/USDT:USDT qty=3582.8 tp=0.004876 sl=0.005371 entry_time=2025-12-23 13:00:03 min_price=0.00497
2025-12-23 13:05:02 [INFO] [SCAN] 非15分钟节点，跳过开仓扫描
2025-12-23 13:05:02 [INFO] [WAIT] 等待 57.8 秒进入下一轮
2025-12-23 13:06:00 [INFO] [CANCEL] SANTOS/USDT:USDT 已取消止盈单 4000000112824748
2025-12-23 13:06:00 [INFO] [CANCEL] SANTOS/USDT:USDT 已取消止损单 4000000112824752
2025-12-23 13:06:00 [INFO] [PROTECT] SANTOS/USDT:USDT 更新止盈 1.661
2025-12-23 13:06:00 [INFO] [PROTECT] SANTOS/USDT:USDT 更新止损 1.828
2025-12-23 13:06:00 [INFO] [CANCEL] B/USDT:USDT 已取消止盈单 4000000112825101
2025-12-23 13:06:00 [INFO] [CANCEL] B/USDT:USDT 已取消止损单 4000000112825125
2025-12-23 13:06:00 [INFO] [PROTECT] B/USDT:USDT 更新止盈 0.191
2025-12-23 13:06:00 [INFO] [PROTECT] B/USDT:USDT 更新止损 0.2108
2025-12-23 13:06:00 [INFO] [CANCEL] GPS/USDT:USDT 已取消止盈单 4000000112825147
2025-12-23 13:06:00 [INFO] [CANCEL] GPS/USDT:USDT 已取消止损单 4000000112825150
2025-12-23 13:06:00 [INFO] [PROTECT] GPS/USDT:USDT 更新止盈 0.004876
2025-12-23 13:06:00 [INFO] [PROTECT] GPS/USDT:USDT 更新止损 0.00537
2025-12-23 13:06:00 [INFO] [MONITOR] 持仓#1 symbol=SANTOS/USDT:USDT qty=10.5 tp=1.661 sl=1.828 entry_time=2025-12-23 12:00:03 min_price=1.694
2025-12-23 13:06:00 [INFO] [MONITOR] 持仓#2 symbol=B/USDT:USDT qty=91.4 tp=0.191 sl=0.2108 entry_time=2025-12-23 12:30:03 min_price=0.1947
2025-12-23 13:06:00 [INFO] [MONITOR] 持仓#3 symbol=GPS/USDT:USDT qty=3582.8 tp=0.004876 sl=0.00537 entry_time=2025-12-23 13:00:03 min_price=0.00497
2025-12-23 13:06:00 [INFO] [SCAN] 非15分钟节点，跳过开仓扫描
2025-12-23 13:06:00 [INFO] [WAIT] 等待 59.3 秒进入下一轮
2025-12-23 13:07:00 [INFO] [CANCEL] SANTOS/USDT:USDT 已取消止盈单 4000000112831613
2025-12-23 13:07:00 [INFO] [CANCEL] SANTOS/USDT:USDT 已取消止损单 4000000112831623
2025-12-23 13:07:00 [INFO] [PROTECT] SANTOS/USDT:USDT 更新止盈 1.661
2025-12-23 13:07:00 [INFO] [PROTECT] SANTOS/USDT:USDT 更新止损 1.828
2025-12-23 13:07:00 [INFO] [CANCEL] B/USDT:USDT 已取消止盈单 4000000112831641
2025-12-23 13:07:00 [INFO] [CANCEL] B/USDT:USDT 已取消止损单 4000000112831646
2025-12-23 13:07:00 [INFO] [PROTECT] B/USDT:USDT 更新止盈 0.191
2025-12-23 13:07:00 [INFO] [PROTECT] B/USDT:USDT 更新止损 0.2108
2025-12-23 13:07:00 [INFO] [CANCEL] GPS/USDT:USDT 已取消止盈单 4000000112831670
2025-12-23 13:07:00 [INFO] [CANCEL] GPS/USDT:USDT 已取消止损单 4000000112831672
2025-12-23 13:07:00 [INFO] [PROTECT] GPS/USDT:USDT 更新止盈 0.004876
2025-12-23 13:07:00 [INFO] [PROTECT] GPS/USDT:USDT 更新止损 0.005369
2025-12-23 13:07:00 [INFO] [MONITOR] 持仓#1 symbol=SANTOS/USDT:USDT qty=10.5 tp=1.661 sl=1.828 entry_time=2025-12-23 12:00:03 min_price=1.694
2025-12-23 13:07:00 [INFO] [MONITOR] 持仓#2 symbol=B/USDT:USDT qty=91.4 tp=0.191 sl=0.2108 entry_time=2025-12-23 12:30:03 min_price=0.1947
2025-12-23 13:07:00 [INFO] [MONITOR] 持仓#3 symbol=GPS/USDT:USDT qty=3582.8 tp=0.004876 sl=0.005369 entry_time=2025-12-23 13:00:03 min_price=0.00497
2025-12-23 13:07:00 [INFO] [SCAN] 非15分钟节点，跳过开仓扫描
2025-12-23 13:07:00 [INFO] [WAIT] 等待 59.3 秒进入下一轮
2025-12-23 13:08:00 [INFO] [CANCEL] SANTOS/USDT:USDT 已取消止盈单 4000000112838765
2025-12-23 13:08:00 [INFO] [CANCEL] SANTOS/USDT:USDT 已取消止损单 4000000112838767
2025-12-23 13:08:00 [INFO] [PROTECT] SANTOS/USDT:USDT 更新止盈 1.661
2025-12-23 13:08:00 [INFO] [PROTECT] SANTOS/USDT:USDT 更新止损 1.828
2025-12-23 13:08:00 [INFO] [CANCEL] B/USDT:USDT 已取消止盈单 4000000112838798
2025-12-23 13:08:00 [INFO] [CANCEL] B/USDT:USDT 已取消止损单 4000000112838805
2025-12-23 13:08:00 [INFO] [PROTECT] B/USDT:USDT 更新止盈 0.191
2025-12-23 13:08:00 [INFO] [PROTECT] B/USDT:USDT 更新止损 0.2108
2025-12-23 13:08:00 [INFO] [CANCEL] GPS/USDT:USDT 已取消止盈单 4000000112838835
2025-12-23 13:08:00 [INFO] [CANCEL] GPS/USDT:USDT 已取消止损单 4000000112838836
2025-12-23 13:08:00 [INFO] [PROTECT] GPS/USDT:USDT 更新止盈 0.004876
2025-12-23 13:08:00 [INFO] [PROTECT] GPS/USDT:USDT 更新止损 0.005368
2025-12-23 13:08:00 [INFO] [MONITOR] 持仓#1 symbol=SANTOS/USDT:USDT qty=10.5 tp=1.661 sl=1.828 entry_time=2025-12-23 12:00:03 min_price=1.694
2025-12-23 13:08:00 [INFO] [MONITOR] 持仓#2 symbol=B/USDT:USDT qty=91.4 tp=0.191 sl=0.2108 entry_time=2025-12-23 12:30:03 min_price=0.1947
2025-12-23 13:08:00 [INFO] [MONITOR] 持仓#3 symbol=GPS/USDT:USDT qty=3582.8 tp=0.004876 sl=0.005368 entry_time=2025-12-23 13:00:03 min_price=0.00497
2025-12-23 13:08:00 [INFO] [SCAN] 非15分钟节点，跳过开仓扫描
2025-12-23 13:08:00 [INFO] [WAIT] 等待 59.4 秒进入下一轮
2025-12-23 13:09:00 [INFO] [CANCEL] SANTOS/USDT:USDT 已取消止盈单 4000000112845657
2025-12-23 13:09:00 [INFO] [CANCEL] SANTOS/USDT:USDT 已取消止损单 4000000112845662
2025-12-23 13:09:00 [INFO] [PROTECT] SANTOS/USDT:USDT 更新止盈 1.661
2025-12-23 13:09:00 [INFO] [PROTECT] SANTOS/USDT:USDT 更新止损 1.828
2025-12-23 13:09:00 [INFO] [CANCEL] B/USDT:USDT 已取消止盈单 4000000112845683
2025-12-23 13:09:00 [INFO] [CANCEL] B/USDT:USDT 已取消止损单 4000000112845689
2025-12-23 13:09:00 [INFO] [PROTECT] B/USDT:USDT 更新止盈 0.191
2025-12-23 13:09:00 [INFO] [PROTECT] B/USDT:USDT 更新止损 0.2108
2025-12-23 13:09:00 [INFO] [CANCEL] GPS/USDT:USDT 已取消止盈单 4000000112845710
2025-12-23 13:09:00 [INFO] [CANCEL] GPS/USDT:USDT 已取消止损单 4000000112845717
2025-12-23 13:09:00 [INFO] [PROTECT] GPS/USDT:USDT 更新止盈 0.004876
2025-12-23 13:09:00 [INFO] [PROTECT] GPS/USDT:USDT 更新止损 0.005367
2025-12-23 13:09:00 [INFO] [MONITOR] 持仓#1 symbol=SANTOS/USDT:USDT qty=10.5 tp=1.661 sl=1.828 entry_time=2025-12-23 12:00:03 min_price=1.694
2025-12-23 13:09:00 [INFO] [MONITOR] 持仓#2 symbol=B/USDT:USDT qty=91.4 tp=0.191 sl=0.2108 entry_time=2025-12-23 12:30:03 min_price=0.1947
2025-12-23 13:09:00 [INFO] [MONITOR] 持仓#3 symbol=GPS/USDT:USDT qty=3582.8 tp=0.004876 sl=0.005367 entry_time=2025-12-23 13:00:03 min_price=0.00497
2025-12-23 13:09:00 [INFO] [SCAN] 非15分钟节点，跳过开仓扫描
2025-12-23 13:09:00 [INFO] [WAIT] 等待 59.4 秒进入下一轮
2025-12-23 13:10:00 [INFO] [CANCEL] SANTOS/USDT:USDT 已取消止盈单 4000000112852660
2025-12-23 13:10:00 [INFO] [CANCEL] SANTOS/USDT:USDT 已取消止损单 4000000112852664
2025-12-23 13:10:00 [INFO] [PROTECT] SANTOS/USDT:USDT 更新止盈 1.661
2025-12-23 13:10:00 [INFO] [PROTECT] SANTOS/USDT:USDT 更新止损 1.828
2025-12-23 13:10:00 [INFO] [CANCEL] B/USDT:USDT 已取消止盈单 4000000112852690
2025-12-23 13:10:00 [INFO] [CANCEL] B/USDT:USDT 已取消止损单 4000000112852698
2025-12-23 13:10:01 [INFO] [PROTECT] B/USDT:USDT 更新止盈 0.191
2025-12-23 13:10:01 [INFO] [PROTECT] B/USDT:USDT 更新止损 0.2108
2025-12-23 13:10:01 [INFO] [CANCEL] GPS/USDT:USDT 已取消止盈单 4000000112852714
2025-12-23 13:10:01 [INFO] [CANCEL] GPS/USDT:USDT 已取消止损单 4000000112852726
2025-12-23 13:10:01 [INFO] [PROTECT] GPS/USDT:USDT 更新止盈 0.004876
2025-12-23 13:10:01 [INFO] [PROTECT] GPS/USDT:USDT 更新止损 0.005366
2025-12-23 13:10:01 [INFO] [MONITOR] 持仓#1 symbol=SANTOS/USDT:USDT qty=10.5 tp=1.661 sl=1.828 entry_time=2025-12-23 12:00:03 min_price=1.694
2025-12-23 13:10:01 [INFO] [MONITOR] 持仓#2 symbol=B/USDT:USDT qty=91.4 tp=0.191 sl=0.2108 entry_time=2025-12-23 12:30:03 min_price=0.1947
2025-12-23 13:10:01 [INFO] [MONITOR] 持仓#3 symbol=GPS/USDT:USDT qty=3582.8 tp=0.004876 sl=0.005366 entry_time=2025-12-23 13:00:03 min_price=0.004968
2025-12-23 13:10:01 [INFO] [SCAN] 非15分钟节点，跳过开仓扫描
2025-12-23 13:10:01 [INFO] [WAIT] 等待 58.7 秒进入下一轮
2025-12-23 13:11:00 [INFO] [CANCEL] SANTOS/USDT:USDT 已取消止盈单 4000000112859503
2025-12-23 13:11:00 [INFO] [CANCEL] SANTOS/USDT:USDT 已取消止损单 4000000112859508
2025-12-23 13:11:00 [INFO] [PROTECT] SANTOS/USDT:USDT 更新止盈 1.661
2025-12-23 13:11:00 [INFO] [PROTECT] SANTOS/USDT:USDT 更新止损 1.828
2025-12-23 13:11:00 [INFO] [CANCEL] B/USDT:USDT 已取消止盈单 4000000112859608
2025-12-23 13:11:00 [INFO] [CANCEL] B/USDT:USDT 已取消止损单 4000000112859612
2025-12-23 13:11:00 [INFO] [PROTECT] B/USDT:USDT 更新止盈 0.191
2025-12-23 13:11:00 [INFO] [PROTECT] B/USDT:USDT 更新止损 0.2108
2025-12-23 13:11:00 [INFO] [CANCEL] GPS/USDT:USDT 已取消止盈单 4000000112859641
2025-12-23 13:11:00 [INFO] [CANCEL] GPS/USDT:USDT 已取消止损单 4000000112859645
2025-12-23 13:11:00 [INFO] [PROTECT] GPS/USDT:USDT 更新止盈 0.004865
2025-12-23 13:11:00 [INFO] [PROTECT] GPS/USDT:USDT 更新止损 0.005365
2025-12-23 13:11:00 [INFO] [MONITOR] 持仓#1 symbol=SANTOS/USDT:USDT qty=10.5 tp=1.661 sl=1.828 entry_time=2025-12-23 12:00:03 min_price=1.694
2025-12-23 13:11:00 [INFO] [MONITOR] 持仓#2 symbol=B/USDT:USDT qty=91.4 tp=0.191 sl=0.2108 entry_time=2025-12-23 12:30:03 min_price=0.1947
2025-12-23 13:11:00 [INFO] [MONITOR] 持仓#3 symbol=GPS/USDT:USDT qty=3582.8 tp=0.004865 sl=0.005365 entry_time=2025-12-23 13:00:03 min_price=0.004958
2025-12-23 13:11:00 [INFO] [SCAN] 非15分钟节点，跳过开仓扫描
2025-12-23 13:11:00 [INFO] [WAIT] 等待 59.3 秒进入下一轮
2025-12-23 13:12:00 [INFO] [CANCEL] SANTOS/USDT:USDT 已取消止盈单 4000000112866417
2025-12-23 13:12:00 [INFO] [CANCEL] SANTOS/USDT:USDT 已取消止损单 4000000112866421
2025-12-23 13:12:00 [INFO] [PROTECT] SANTOS/USDT:USDT 更新止盈 1.661
2025-12-23 13:12:00 [INFO] [PROTECT] SANTOS/USDT:USDT 更新止损 1.828
2025-12-23 13:12:00 [INFO] [CANCEL] B/USDT:USDT 已取消止盈单 4000000112866450
2025-12-23 13:12:00 [INFO] [CANCEL] B/USDT:USDT 已取消止损单 4000000112866452
2025-12-23 13:12:00 [INFO] [PROTECT] B/USDT:USDT 更新止盈 0.191
2025-12-23 13:12:00 [INFO] [PROTECT] B/USDT:USDT 更新止损 0.2108
2025-12-23 13:12:00 [INFO] [CANCEL] GPS/USDT:USDT 已取消止盈单 4000000112866478
2025-12-23 13:12:00 [INFO] [CANCEL] GPS/USDT:USDT 已取消止损单 4000000112866480
2025-12-23 13:12:00 [INFO] [PROTECT] GPS/USDT:USDT 更新止盈 0.004865
2025-12-23 13:12:00 [INFO] [PROTECT] GPS/USDT:USDT 更新止损 0.005364
2025-12-23 13:12:00 [INFO] [MONITOR] 持仓#1 symbol=SANTOS/USDT:USDT qty=10.5 tp=1.661 sl=1.828 entry_time=2025-12-23 12:00:03 min_price=1.694
2025-12-23 13:12:00 [INFO] [MONITOR] 持仓#2 symbol=B/USDT:USDT qty=91.4 tp=0.191 sl=0.2108 entry_time=2025-12-23 12:30:03 min_price=0.1947
2025-12-23 13:12:00 [INFO] [MONITOR] 持仓#3 symbol=GPS/USDT:USDT qty=3582.8 tp=0.004865 sl=0.005364 entry_time=2025-12-23 13:00:03 min_price=0.004958
2025-12-23 13:12:00 [INFO] [SCAN] 非15分钟节点，跳过开仓扫描
2025-12-23 13:12:00 [INFO] [WAIT] 等待 59.4 秒进入下一轮
2025-12-23 13:13:00 [INFO] [CANCEL] SANTOS/USDT:USDT 已取消止盈单 4000000112873386
2025-12-23 13:13:00 [INFO] [CANCEL] SANTOS/USDT:USDT 已取消止损单 4000000112873392
2025-12-23 13:13:00 [INFO] [PROTECT] SANTOS/USDT:USDT 更新止盈 1.661
2025-12-23 13:13:00 [INFO] [PROTECT] SANTOS/USDT:USDT 更新止损 1.828
2025-12-23 13:13:00 [INFO] [CANCEL] B/USDT:USDT 已取消止盈单 4000000112873416
2025-12-23 13:13:00 [INFO] [CANCEL] B/USDT:USDT 已取消止损单 4000000112873427
2025-12-23 13:13:00 [INFO] [PROTECT] B/USDT:USDT 更新止盈 0.191
2025-12-23 13:13:00 [INFO] [PROTECT] B/USDT:USDT 更新止损 0.2108
2025-12-23 13:13:00 [INFO] [CANCEL] GPS/USDT:USDT 已取消止盈单 4000000112873450
2025-12-23 13:13:00 [INFO] [CANCEL] GPS/USDT:USDT 已取消止损单 4000000112873453
2025-12-23 13:13:00 [INFO] [PROTECT] GPS/USDT:USDT 更新止盈 0.004853
2025-12-23 13:13:00 [INFO] [PROTECT] GPS/USDT:USDT 更新止损 0.005363
2025-12-23 13:13:00 [INFO] [MONITOR] 持仓#1 symbol=SANTOS/USDT:USDT qty=10.5 tp=1.661 sl=1.828 entry_time=2025-12-23 12:00:03 min_price=1.694
2025-12-23 13:13:00 [INFO] [MONITOR] 持仓#2 symbol=B/USDT:USDT qty=91.4 tp=0.191 sl=0.2108 entry_time=2025-12-23 12:30:03 min_price=0.1947
2025-12-23 13:13:00 [INFO] [MONITOR] 持仓#3 symbol=GPS/USDT:USDT qty=3582.8 tp=0.004853 sl=0.005363 entry_time=2025-12-23 13:00:03 min_price=0.00495
2025-12-23 13:13:00 [INFO] [SCAN] 非15分钟节点，跳过开仓扫描
2025-12-23 13:13:00 [INFO] [WAIT] 等待 59.3 秒进入下一轮
2025-12-23 13:13:06 [INFO] [EXIT] 用户中断
2025-12-23 13:14:17 [INFO] [SYSTEM] 初始化组件...
2025-12-23 13:14:18 [INFO] [OK] API连接成功 - LIVE
2025-12-23 13:14:18 [INFO] [BALANCE] USDT总余额: 19.79
2025-12-23 13:14:18 [INFO] [INFO] 找到 535 个活跃USDT永续合约
2025-12-23 13:14:18 [INFO] [OK] 交易执行器初始化成功
2025-12-23 13:14:19 [INFO] [OK] API连接测试成功，耗时: 1.084秒
2025-12-23 13:14:19 [INFO] [OK] 优化数据处理器初始化成功
2025-12-23 13:14:19 [INFO] [BALANCE] 当前 USDT 余额: 19.79
2025-12-23 13:14:19 [INFO] [SYSTEM] 激活交易对数量: 535
2025-12-23 13:14:19 [INFO] [SYSTEM] find_in_out 策略启动
2025-12-23 13:14:20 [INFO] [BALANCE] 当前总资产: 19.79
2025-12-23 13:14:21 [INFO] [CONFIG] 单仓保证金设置为: 3 USDT
2025-12-23 13:15:00 [INFO] [MONITOR] 当前无持仓需要监控
2025-12-23 13:15:00 [INFO] [SCAN] 本轮扫描交易对数量: 535
2025-12-23 13:15:03 [INFO] [LEVERAGE] 设置杠杆为 6x...
2025-12-23 13:15:04 [INFO] [LIVE SHORT] 开空头仓位: 6 个
2025-12-23 13:15:04 [INFO] [LIVE SELL] 做空 DAM/USDT:USDT: 1068.2 @ 0.01685
2025-12-23 13:15:04 [INFO] [LIVE MARKET] 创建市价单 DAM/USDT:USDT: sell 1068.2
2025-12-23 13:15:04 [INFO] [LIVE SUCCESS] DAM/USDT:USDT 市价单创建成功 ID:435259725 成交:1068.0
2025-12-23 13:15:04 [INFO] [LIVE SELL] 做空 ONG/USDT:USDT: 224.9 @ 0.08002
2025-12-23 13:15:04 [INFO] [LIVE MARKET] 创建市价单 ONG/USDT:USDT: sell 224.9
2025-12-23 13:15:04 [INFO] [LIVE SUCCESS] ONG/USDT:USDT 市价单创建成功 ID:2477862193 成交:224.0
2025-12-23 13:15:04 [INFO] [LIVE SELL] 做空 UB/USDT:USDT: 432.8 @ 0.04159
2025-12-23 13:15:04 [INFO] [LIVE MARKET] 创建市价单 UB/USDT:USDT: sell 432.8
2025-12-23 13:15:04 [INFO] [LIVE SUCCESS] UB/USDT:USDT 市价单创建成功 ID:783502214 成交:432.0
2025-12-23 13:15:04 [INFO] [LIVE SELL] 做空 CVC/USDT:USDT: 416.3 @ 0.04324
2025-12-23 13:15:04 [INFO] [LIVE MARKET] 创建市价单 CVC/USDT:USDT: sell 416.3
2025-12-23 13:15:04 [INFO] [LIVE SUCCESS] CVC/USDT:USDT 市价单创建成功 ID:312810038 成交:416.0
2025-12-23 13:15:04 [INFO] [LIVE SELL] 做空 RVV/USDT:USDT: 5787.8 @ 0.00311
2025-12-23 13:15:04 [INFO] [LIVE MARKET] 创建市价单 RVV/USDT:USDT: sell 5787.8
2025-12-23 13:15:04 [INFO] [LIVE SUCCESS] RVV/USDT:USDT 市价单创建成功 ID:294003787 成交:5787.0
2025-12-23 13:15:04 [INFO] [LIVE SELL] 做空 CETUS/USDT:USDT: 768.6 @ 0.02342
2025-12-23 13:15:04 [INFO] [LIVE MARKET] 创建市价单 CETUS/USDT:USDT: sell 768.6
2025-12-23 13:15:04 [INFO] [LIVE SUCCESS] CETUS/USDT:USDT 市价单创建成功 ID:2089375412 成交:768.0
2025-12-23 13:15:04 [INFO] [LIVE OK] 空头开仓: 6/6 成功
2025-12-23 13:15:04 [INFO] [PROTECT] DAM/USDT:USDT 更新止盈 0.016513，订单止盈 0.01651
2025-12-23 13:15:04 [INFO] [PROTECT] DAM/USDT:USDT 更新止损 0.0173555，订单止损 0.01736
2025-12-23 13:15:05 [INFO] [PROTECT] ONG/USDT:USDT 更新止盈 0.07841959999999999，订单止盈 0.07842
2025-12-23 13:15:05 [INFO] [PROTECT] ONG/USDT:USDT 更新止损 0.0824206，订单止损 0.08242
2025-12-23 13:15:05 [INFO] [PROTECT] UB/USDT:USDT 更新止盈 0.0407582，订单止盈 0.04076
2025-12-23 13:15:05 [INFO] [PROTECT] UB/USDT:USDT 更新止损 0.042837700000000006，订单止损 0.04284
2025-12-23 13:15:06 [INFO] [PROTECT] CVC/USDT:USDT 更新止盈 0.0423752，订单止盈 0.04238
2025-12-23 13:15:06 [INFO] [PROTECT] CVC/USDT:USDT 更新止损 0.0445372，订单止损 0.04454
2025-12-23 13:15:06 [INFO] [PROTECT] RVV/USDT:USDT 更新止盈 0.0030478，订单止盈 0.003048
2025-12-23 13:15:06 [INFO] [PROTECT] RVV/USDT:USDT 更新止损 0.0032033，订单止损 0.003203
2025-12-23 13:15:07 [INFO] [PROTECT] CETUS/USDT:USDT 更新止盈 0.0229516，订单止盈 0.02295
2025-12-23 13:15:07 [INFO] [PROTECT] CETUS/USDT:USDT 更新止损 0.0241226，订单止损 0.02412
2025-12-23 13:15:07 [INFO] [WAIT] 等待 52.4 秒进入下一轮
2025-12-23 13:16:00 [INFO] [CANCEL] DAM/USDT:USDT 已取消止盈单 4000000112894121
2025-12-23 13:16:00 [INFO] [CANCEL] DAM/USDT:USDT 已取消止损单 4000000112894123
2025-12-23 13:16:00 [INFO] [PROTECT] DAM/USDT:USDT 更新止盈 0.016513，订单止盈 0.01651
2025-12-23 13:16:00 [INFO] [PROTECT] DAM/USDT:USDT 更新止损 0.0173529725，订单止损 0.01735
2025-12-23 13:16:00 [INFO] [CANCEL] ONG/USDT:USDT 已取消止盈单 4000000112894162
2025-12-23 13:16:00 [INFO] [CANCEL] ONG/USDT:USDT 已取消止损单 4000000112894166
2025-12-23 13:16:00 [INFO] [PROTECT] ONG/USDT:USDT 更新止盈 0.0783412，订单止盈 0.07834
2025-12-23 13:16:00 [INFO] [PROTECT] ONG/USDT:USDT 更新止损 0.082408047，订单止损 0.08241
2025-12-23 13:16:00 [INFO] [CANCEL] UB/USDT:USDT 已取消止盈单 4000000112894249
2025-12-23 13:16:00 [INFO] [CANCEL] UB/USDT:USDT 已取消止损单 4000000112894250
2025-12-23 13:16:00 [INFO] [PROTECT] UB/USDT:USDT 更新止盈 0.040728799999999996，订单止盈 0.04073
2025-12-23 13:16:00 [INFO] [PROTECT] UB/USDT:USDT 更新止损 0.04283121150000001，订单止损 0.04283
2025-12-23 13:16:00 [INFO] [CANCEL] CVC/USDT:USDT 已取消止盈单 4000000112894308
2025-12-23 13:16:00 [INFO] [CANCEL] CVC/USDT:USDT 已取消止损单 4000000112894310
2025-12-23 13:16:00 [INFO] [PROTECT] CVC/USDT:USDT 更新止盈 0.042042，订单止盈 0.04204
2025-12-23 13:16:00 [INFO] [PROTECT] CVC/USDT:USDT 更新止损 0.044528064，订单止损 0.04453
2025-12-23 13:16:00 [INFO] [CANCEL] RVV/USDT:USDT 已取消止盈单 4000000112894363
2025-12-23 13:16:00 [INFO] [CANCEL] RVV/USDT:USDT 已取消止损单 4000000112894365
2025-12-23 13:16:01 [INFO] [PROTECT] RVV/USDT:USDT 更新止盈 0.0030478，订单止盈 0.003048
2025-12-23 13:16:01 [INFO] [PROTECT] RVV/USDT:USDT 更新止损 0.0032028335，订单止损 0.003203
2025-12-23 13:16:01 [INFO] [CANCEL] CETUS/USDT:USDT 已取消止盈单 4000000112894420
2025-12-23 13:16:01 [INFO] [CANCEL] CETUS/USDT:USDT 已取消止损单 4000000112894422
2025-12-23 13:16:01 [INFO] [PROTECT] CETUS/USDT:USDT 更新止盈 0.0229516，订单止盈 0.02295
2025-12-23 13:16:01 [INFO] [PROTECT] CETUS/USDT:USDT 更新止损 0.024118987，订单止损 0.02412
2025-12-23 13:16:01 [INFO] [MONITOR] 持仓#1 symbol=DAM/USDT:USDT qty=1068.2 tp=0.016513 sl=0.0173529725 entry_time=2025-12-23 13:15:04 min_price=0.01685
2025-12-23 13:16:01 [INFO] [MONITOR] 持仓#2 symbol=ONG/USDT:USDT qty=224.9 tp=0.0783412 sl=0.082408047 entry_time=2025-12-23 13:15:05 min_price=0.07991
2025-12-23 13:16:01 [INFO] [MONITOR] 持仓#3 symbol=UB/USDT:USDT qty=432.8 tp=0.040728799999999996 sl=0.04283121150000001 entry_time=2025-12-23 13:15:05 min_price=0.04154
2025-12-23 13:16:01 [INFO] [MONITOR] 持仓#4 symbol=CVC/USDT:USDT qty=416.3 tp=0.042042 sl=0.044528064 entry_time=2025-12-23 13:15:06 min_price=0.04271
2025-12-23 13:16:01 [INFO] [MONITOR] 持仓#5 symbol=RVV/USDT:USDT qty=5787.8 tp=0.0030478 sl=0.0032028335 entry_time=2025-12-23 13:15:06 min_price=0.00311
2025-12-23 13:16:01 [INFO] [MONITOR] 持仓#6 symbol=CETUS/USDT:USDT qty=768.6 tp=0.0229516 sl=0.024118987 entry_time=2025-12-23 13:15:07 min_price=0.0234
2025-12-23 13:16:01 [INFO] [SCAN] 非15分钟节点，跳过开仓扫描
2025-12-23 13:16:01 [INFO] [WAIT] 等待 58.7 秒进入下一轮
2025-12-23 13:17:00 [INFO] [CANCEL] DAM/USDT:USDT 已取消止盈单 4000000112900264
2025-12-23 13:17:00 [INFO] [CANCEL] DAM/USDT:USDT 已取消止损单 4000000112900267
2025-12-23 13:17:00 [INFO] [PROTECT] DAM/USDT:USDT 更新止盈 0.016493400000000002，订单止盈 0.01649
2025-12-23 13:17:00 [INFO] [PROTECT] DAM/USDT:USDT 更新止损 0.0173503576375，订单止损 0.01735
2025-12-23 13:17:00 [INFO] [CANCEL] ONG/USDT:USDT 已取消止盈单 4000000112900291
2025-12-23 13:17:00 [INFO] [CANCEL] ONG/USDT:USDT 已取消止损单 4000000112900295
2025-12-23 13:17:00 [INFO] [PROTECT] ONG/USDT:USDT 更新止盈 0.0783412，订单止盈 0.07834
2025-12-23 13:17:00 [INFO] [PROTECT] ONG/USDT:USDT 更新止损 0.082394306765，订单止损 0.08239
2025-12-23 13:17:00 [INFO] [CANCEL] UB/USDT:USDT 已取消止盈单 4000000112900322
2025-12-23 13:17:00 [INFO] [CANCEL] UB/USDT:USDT 已取消止损单 4000000112900325
2025-12-23 13:17:00 [INFO] [PROTECT] UB/USDT:USDT 更新止盈 0.040728799999999996，订单止盈 0.04073
2025-12-23 13:17:00 [INFO] [PROTECT] UB/USDT:USDT 更新止损 0.042824655442500005，订单止损 0.04282
2025-12-23 13:17:00 [INFO] [CANCEL] CVC/USDT:USDT 已取消止盈单 4000000112900347
2025-12-23 13:17:00 [INFO] [CANCEL] CVC/USDT:USDT 已取消止损单 4000000112900349
2025-12-23 13:17:00 [INFO] [PROTECT] CVC/USDT:USDT 更新止盈 0.042042，订单止盈 0.04204
2025-12-23 13:17:00 [INFO] [PROTECT] CVC/USDT:USDT 更新止损 0.04451897368，订单止损 0.04452
2025-12-23 13:17:00 [INFO] [CANCEL] RVV/USDT:USDT 已取消止盈单 4000000112900372
2025-12-23 13:17:00 [INFO] [CANCEL] RVV/USDT:USDT 已取消止损单 4000000112900373
2025-12-23 13:17:01 [INFO] [PROTECT] RVV/USDT:USDT 更新止盈 0.0030478，订单止盈 0.003048
2025-12-23 13:17:01 [INFO] [PROTECT] RVV/USDT:USDT 更新止损 0.0032023643325000003，订单止损 0.003202
2025-12-23 13:17:01 [INFO] [CANCEL] CETUS/USDT:USDT 已取消止盈单 4000000112900396
2025-12-23 13:17:01 [INFO] [CANCEL] CETUS/USDT:USDT 已取消止损单 4000000112900398
2025-12-23 13:17:01 [INFO] [PROTECT] CETUS/USDT:USDT 更新止盈 0.022932，订单止盈 0.02293
2025-12-23 13:17:01 [INFO] [PROTECT] CETUS/USDT:USDT 更新止损 0.024115342065，订单止损 0.02412
2025-12-23 13:17:01 [INFO] [MONITOR] 持仓#1 symbol=DAM/USDT:USDT qty=1068.2 tp=0.016493400000000002 sl=0.0173503576375 entry_time=2025-12-23 13:15:04 min_price=0.01683
2025-12-23 13:17:01 [INFO] [MONITOR] 持仓#2 symbol=ONG/USDT:USDT qty=224.9 tp=0.0783412 sl=0.082394306765 entry_time=2025-12-23 13:15:05 min_price=0.07966
2025-12-23 13:17:01 [INFO] [MONITOR] 持仓#3 symbol=UB/USDT:USDT qty=432.8 tp=0.040728799999999996 sl=0.042824655442500005 entry_time=2025-12-23 13:15:05 min_price=0.04152
2025-12-23 13:17:01 [INFO] [MONITOR] 持仓#4 symbol=CVC/USDT:USDT qty=416.3 tp=0.042042 sl=0.04451897368 entry_time=2025-12-23 13:15:06 min_price=0.04271
2025-12-23 13:17:01 [INFO] [MONITOR] 持仓#5 symbol=RVV/USDT:USDT qty=5787.8 tp=0.0030478 sl=0.0032023643325000003 entry_time=2025-12-23 13:15:06 min_price=0.003109
2025-12-23 13:17:01 [INFO] [MONITOR] 持仓#6 symbol=CETUS/USDT:USDT qty=768.6 tp=0.022932 sl=0.024115342065 entry_time=2025-12-23 13:15:07 min_price=0.02339
2025-12-23 13:17:01 [INFO] [SCAN] 非15分钟节点，跳过开仓扫描
2025-12-23 13:17:01 [INFO] [WAIT] 等待 58.7 秒进入下一轮
2025-12-23 13:18:00 [INFO] [CANCEL] DAM/USDT:USDT 已取消止盈单 4000000112907681
2025-12-23 13:18:00 [INFO] [CANCEL] DAM/USDT:USDT 已取消止损单 4000000112907683
2025-12-23 13:18:00 [INFO] [PROTECT] DAM/USDT:USDT 更新止盈 0.016444399999999998，订单止盈 0.01644
2025-12-23 13:18:00 [INFO] [PROTECT] DAM/USDT:USDT 更新止损 0.0173475058493125，订单止损 0.01735
2025-12-23 13:18:00 [INFO] [CANCEL] ONG/USDT:USDT 已取消止盈单 4000000112907710
2025-12-23 13:18:00 [INFO] [CANCEL] ONG/USDT:USDT 已取消止损单 4000000112907715
2025-12-23 13:18:00 [INFO] [PROTECT] ONG/USDT:USDT 更新止盈 0.0782824，订单止盈 0.07828
2025-12-23 13:18:00 [INFO] [PROTECT] ONG/USDT:USDT 更新止损 0.08238063523117499，订单止损 0.08238
2025-12-23 13:18:00 [INFO] [CANCEL] UB/USDT:USDT 已取消止盈单 4000000112907746
2025-12-23 13:18:00 [INFO] [CANCEL] UB/USDT:USDT 已取消止损单 4000000112907750
2025-12-23 13:18:00 [INFO] [PROTECT] UB/USDT:USDT 更新止盈 0.040728799999999996，订单止盈 0.04073
2025-12-23 13:18:00 [INFO] [PROTECT] UB/USDT:USDT 更新止损 0.04281813216528751，订单止损 0.04282
2025-12-23 13:18:00 [INFO] [CANCEL] CVC/USDT:USDT 已取消止盈单 4000000112907770
2025-12-23 13:18:00 [INFO] [CANCEL] CVC/USDT:USDT 已取消止损单 4000000112907771
2025-12-23 13:18:00 [INFO] [PROTECT] CVC/USDT:USDT 更新止盈 0.0420028，订单止盈 0.042
2025-12-23 13:18:00 [INFO] [PROTECT] CVC/USDT:USDT 更新止损 0.0445099288116，订单止损 0.04451
2025-12-23 13:18:00 [INFO] [CANCEL] RVV/USDT:USDT 已取消止盈单 4000000112907799
2025-12-23 13:18:00 [INFO] [CANCEL] RVV/USDT:USDT 已取消止损单 4000000112907800
2025-12-23 13:18:01 [INFO] [PROTECT] RVV/USDT:USDT 更新止盈 0.00304486，订单止盈 0.003045
2025-12-23 13:18:01 [INFO] [PROTECT] RVV/USDT:USDT 更新止损 0.0032018375108375003，订单止损 0.003202
2025-12-23 13:18:01 [INFO] [CANCEL] CETUS/USDT:USDT 已取消止盈单 4000000112907830
2025-12-23 13:18:01 [INFO] [CANCEL] CETUS/USDT:USDT 已取消止损单 4000000112907838
2025-12-23 13:18:01 [INFO] [PROTECT] CETUS/USDT:USDT 更新止盈 0.0229124，订单止盈 0.02291
2025-12-23 13:18:01 [INFO] [PROTECT] CETUS/USDT:USDT 更新止损 0.024111615354675，订单止损 0.02411
2025-12-23 13:18:01 [INFO] [MONITOR] 持仓#1 symbol=DAM/USDT:USDT qty=1068.2 tp=0.016444399999999998 sl=0.0173475058493125 entry_time=2025-12-23 13:15:04 min_price=0.01678
2025-12-23 13:18:01 [INFO] [MONITOR] 持仓#2 symbol=ONG/USDT:USDT qty=224.9 tp=0.0782824 sl=0.08238063523117499 entry_time=2025-12-23 13:15:05 min_price=0.07966
2025-12-23 13:18:01 [INFO] [MONITOR] 持仓#3 symbol=UB/USDT:USDT qty=432.8 tp=0.040728799999999996 sl=0.04281813216528751 entry_time=2025-12-23 13:15:05 min_price=0.04152
2025-12-23 13:18:01 [INFO] [MONITOR] 持仓#4 symbol=CVC/USDT:USDT qty=416.3 tp=0.0420028 sl=0.0445099288116 entry_time=2025-12-23 13:15:06 min_price=0.04271
2025-12-23 13:18:01 [INFO] [MONITOR] 持仓#5 symbol=RVV/USDT:USDT qty=5787.8 tp=0.00304486 sl=0.0032018375108375003 entry_time=2025-12-23 13:15:06 min_price=0.003097
2025-12-23 13:18:01 [INFO] [MONITOR] 持仓#6 symbol=CETUS/USDT:USDT qty=768.6 tp=0.0229124 sl=0.024111615354675 entry_time=2025-12-23 13:15:07 min_price=0.02337
2025-12-23 13:18:01 [INFO] [SCAN] 非15分钟节点，跳过开仓扫描
2025-12-23 13:18:01 [INFO] [WAIT] 等待 58.7 秒进入下一轮
2025-12-23 13:19:00 [INFO] [CANCEL] DAM/USDT:USDT 已取消止盈单 4000000112915047
2025-12-23 13:19:00 [INFO] [CANCEL] DAM/USDT:USDT 已取消止损单 4000000112915048
2025-12-23 13:19:00 [INFO] [PROTECT] DAM/USDT:USDT 更新止盈 0.016444399999999998，订单止盈 0.01644
2025-12-23 13:19:00 [INFO] [PROTECT] DAM/USDT:USDT 更新止损 0.01734466832006594，订单止损 0.01734
2025-12-23 13:19:00 [INFO] [CANCEL] ONG/USDT:USDT 已取消止盈单 4000000112915073
2025-12-23 13:19:00 [INFO] [CANCEL] ONG/USDT:USDT 已取消止损单 4000000112915076
2025-12-23 13:19:00 [INFO] [PROTECT] ONG/USDT:USDT 更新止盈 0.0782824，订单止盈 0.07828
2025-12-23 13:19:00 [INFO] [PROTECT] ONG/USDT:USDT 更新止损 0.08236703205501912，订单止损 0.08237
2025-12-23 13:19:00 [INFO] [CANCEL] UB/USDT:USDT 已取消止盈单 4000000112915106
2025-12-23 13:19:00 [INFO] [CANCEL] UB/USDT:USDT 已取消止损单 4000000112915108
2025-12-23 13:19:00 [INFO] [PROTECT] UB/USDT:USDT 更新止盈 0.040728799999999996，订单止盈 0.04073
2025-12-23 13:19:00 [INFO] [PROTECT] UB/USDT:USDT 更新止损 0.04281164150446107，订单止损 0.04281
2025-12-23 13:19:00 [INFO] [CANCEL] CVC/USDT:USDT 已取消止盈单 4000000112915126
2025-12-23 13:19:00 [INFO] [CANCEL] CVC/USDT:USDT 已取消止损单 4000000112915127
2025-12-23 13:19:00 [INFO] [PROTECT] CVC/USDT:USDT 更新止盈 0.0419146，订单止盈 0.04191
2025-12-23 13:19:00 [INFO] [PROTECT] CVC/USDT:USDT 更新止损 0.044500129167542，订单止损 0.0445
2025-12-23 13:19:00 [INFO] [CANCEL] RVV/USDT:USDT 已取消止盈单 4000000112915147
2025-12-23 13:19:00 [INFO] [CANCEL] RVV/USDT:USDT 已取消止损单 4000000112915148
2025-12-23 13:19:01 [INFO] [PROTECT] RVV/USDT:USDT 更新止盈 0.00303996，订单止盈 0.00304
2025-12-23 13:19:01 [INFO] [PROTECT] RVV/USDT:USDT 更新止损 0.0032013133232833128，订单止损 0.003201
2025-12-23 13:19:01 [INFO] [CANCEL] CETUS/USDT:USDT 已取消止盈单 4000000112915180
2025-12-23 13:19:01 [INFO] [CANCEL] CETUS/USDT:USDT 已取消止损单 4000000112915185
2025-12-23 13:19:01 [INFO] [PROTECT] CETUS/USDT:USDT 更新止盈 0.0228634，订单止盈 0.02286
2025-12-23 13:19:01 [INFO] [PROTECT] CETUS/USDT:USDT 更新止损 0.024107657277901626，订单止损 0.02411
2025-12-23 13:19:01 [INFO] [MONITOR] 持仓#1 symbol=DAM/USDT:USDT qty=1068.2 tp=0.016444399999999998 sl=0.01734466832006594 entry_time=2025-12-23 13:15:04 min_price=0.01678
2025-12-23 13:19:01 [INFO] [MONITOR] 持仓#2 symbol=ONG/USDT:USDT qty=224.9 tp=0.0782824 sl=0.08236703205501912 entry_time=2025-12-23 13:15:05 min_price=0.07966
2025-12-23 13:19:01 [INFO] [MONITOR] 持仓#3 symbol=UB/USDT:USDT qty=432.8 tp=0.040728799999999996 sl=0.04281164150446107 entry_time=2025-12-23 13:15:05 min_price=0.04152
2025-12-23 13:19:01 [INFO] [MONITOR] 持仓#4 symbol=CVC/USDT:USDT qty=416.3 tp=0.0419146 sl=0.044500129167542 entry_time=2025-12-23 13:15:06 min_price=0.04255
2025-12-23 13:19:01 [INFO] [MONITOR] 持仓#5 symbol=RVV/USDT:USDT qty=5787.8 tp=0.00303996 sl=0.0032013133232833128 entry_time=2025-12-23 13:15:06 min_price=0.003097
2025-12-23 13:19:01 [INFO] [MONITOR] 持仓#6 symbol=CETUS/USDT:USDT qty=768.6 tp=0.0228634 sl=0.024107657277901626 entry_time=2025-12-23 13:15:07 min_price=0.02332
2025-12-23 13:19:01 [INFO] [SCAN] 非15分钟节点，跳过开仓扫描
2025-12-23 13:19:01 [INFO] [WAIT] 等待 58.7 秒进入下一轮
2025-12-23 13:20:00 [INFO] [CANCEL] DAM/USDT:USDT 已取消止盈单 4000000112921940
2025-12-23 13:20:00 [INFO] [CANCEL] DAM/USDT:USDT 已取消止损单 4000000112921943
2025-12-23 13:20:00 [INFO] [PROTECT] DAM/USDT:USDT 更新止盈 0.016444399999999998，订单止盈 0.01644
2025-12-23 13:20:00 [INFO] [PROTECT] DAM/USDT:USDT 更新止损 0.01734184497846561，订单止损 0.01734
2025-12-23 13:20:00 [INFO] [CANCEL] ONG/USDT:USDT 已取消止盈单 4000000112921977
2025-12-23 13:20:00 [INFO] [CANCEL] ONG/USDT:USDT 已取消止损单 4000000112921988
2025-12-23 13:20:00 [INFO] [PROTECT] ONG/USDT:USDT 更新止盈 0.0782824，订单止盈 0.07828
2025-12-23 13:20:00 [INFO] [PROTECT] ONG/USDT:USDT 更新止损 0.08235349689474403，订单止损 0.08235
2025-12-23 13:20:00 [INFO] [CANCEL] UB/USDT:USDT 已取消止盈单 4000000112922011
2025-12-23 13:20:00 [INFO] [CANCEL] UB/USDT:USDT 已取消止损单 4000000112922013
2025-12-23 13:20:00 [INFO] [PROTECT] UB/USDT:USDT 更新止盈 0.040728799999999996，订单止盈 0.04073
2025-12-23 13:20:00 [INFO] [PROTECT] UB/USDT:USDT 更新止损 0.04280518329693876，订单止损 0.04281
2025-12-23 13:20:01 [WARNING] [CANCEL WARNING] CVC/USDT:USDT Algo接口取消止盈单失败 (4000000112922032): Algo cancel HTTP 400: {'code': -2011, 'msg': 'Unknown order sent.'}
2025-12-23 13:20:01 [INFO] [MONITOR WARNING] 撤销 CVC/USDT:USDT 止盈单失败
2025-12-23 13:20:01 [INFO] [MONITOR] 保护单已触发，移除监控 (entry: 2025-12-23 13:15:06)
2025-12-23 13:20:01 [INFO] [CANCEL] CVC/USDT:USDT 已取消止损单 4000000112922033
2025-12-23 13:20:01 [INFO] [MONITOR] 撤销对侧保护单结果: True
2025-12-23 13:20:01 [INFO] [CANCEL] RVV/USDT:USDT 已取消止盈单 4000000112922054
2025-12-23 13:20:01 [INFO] [CANCEL] RVV/USDT:USDT 已取消止损单 4000000112922060
2025-12-23 13:20:01 [INFO] [PROTECT] RVV/USDT:USDT 更新止盈 0.00302624，订单止盈 0.003026
2025-12-23 13:20:01 [INFO] [PROTECT] RVV/USDT:USDT 更新止损 0.003200746756666896，订单止损 0.003201
2025-12-23 13:20:01 [INFO] [CANCEL] CETUS/USDT:USDT 已取消止盈单 4000000112922089
2025-12-23 13:20:01 [INFO] [CANCEL] CETUS/USDT:USDT 已取消止损单 4000000112922090
2025-12-23 13:20:02 [INFO] [PROTECT] CETUS/USDT:USDT 更新止盈 0.0228634，订单止盈 0.02286
2025-12-23 13:20:02 [INFO] [PROTECT] CETUS/USDT:USDT 更新止损 0.02410371899151212，订单止损 0.0241
2025-12-23 13:20:02 [INFO] [MONITOR] 持仓#1 symbol=DAM/USDT:USDT qty=1068.2 tp=0.016444399999999998 sl=0.01734184497846561 entry_time=2025-12-23 13:15:04 min_price=0.01678
2025-12-23 13:20:02 [INFO] [MONITOR] 持仓#2 symbol=ONG/USDT:USDT qty=224.9 tp=0.0782824 sl=0.08235349689474403 entry_time=2025-12-23 13:15:05 min_price=0.07966
2025-12-23 13:20:02 [INFO] [MONITOR] 持仓#3 symbol=UB/USDT:USDT qty=432.8 tp=0.040728799999999996 sl=0.04280518329693876 entry_time=2025-12-23 13:15:05 min_price=0.04152
2025-12-23 13:20:02 [INFO] [MONITOR] 持仓#4 symbol=RVV/USDT:USDT qty=5787.8 tp=0.00302624 sl=0.003200746756666896 entry_time=2025-12-23 13:15:06 min_price=0.003088
2025-12-23 13:20:02 [INFO] [MONITOR] 持仓#5 symbol=CETUS/USDT:USDT qty=768.6 tp=0.0228634 sl=0.02410371899151212 entry_time=2025-12-23 13:15:07 min_price=0.02332
2025-12-23 13:20:02 [INFO] [SCAN] 非15分钟节点，跳过开仓扫描
2025-12-23 13:20:02 [INFO] [WAIT] 等待 57.9 秒进入下一轮
2025-12-23 13:21:00 [INFO] [CANCEL] DAM/USDT:USDT 已取消止盈单 4000000112929140
2025-12-23 13:21:00 [INFO] [CANCEL] DAM/USDT:USDT 已取消止损单 4000000112929142
2025-12-23 13:21:00 [INFO] [PROTECT] DAM/USDT:USDT 更新止盈 0.016444399999999998，订单止盈 0.01644
2025-12-23 13:21:00 [INFO] [PROTECT] DAM/USDT:USDT 更新止损 0.017339035753573283，订单止损 0.01734
2025-12-23 13:21:00 [INFO] [CANCEL] ONG/USDT:USDT 已取消止盈单 4000000112929207
2025-12-23 13:21:00 [INFO] [CANCEL] ONG/USDT:USDT 已取消止损单 4000000112929216
2025-12-23 13:21:00 [INFO] [PROTECT] ONG/USDT:USDT 更新止盈 0.0782824，订单止盈 0.07828
2025-12-23 13:21:00 [INFO] [PROTECT] ONG/USDT:USDT 更新止损 0.08234002941027031，订单止损 0.08234
2025-12-23 13:21:00 [INFO] [CANCEL] UB/USDT:USDT 已取消止盈单 4000000112929243
2025-12-23 13:21:00 [INFO] [CANCEL] UB/USDT:USDT 已取消止损单 4000000112929244
2025-12-23 13:21:00 [INFO] [PROTECT] UB/USDT:USDT 更新止盈 0.040728799999999996，订单止盈 0.04073
2025-12-23 13:21:00 [INFO] [PROTECT] UB/USDT:USDT 更新止损 0.04279875738045407，订单止损 0.0428
2025-12-23 13:21:00 [INFO] [CANCEL] RVV/USDT:USDT 已取消止盈单 4000000112929353
2025-12-23 13:21:00 [INFO] [CANCEL] RVV/USDT:USDT 已取消止损单 4000000112929360
2025-12-23 13:21:00 [INFO] [PROTECT] RVV/USDT:USDT 更新止盈 0.00302036，订单止盈 0.00302
2025-12-23 13:21:00 [INFO] [PROTECT] RVV/USDT:USDT 更新止损 0.0032001530228835617，订单止损 0.0032
2025-12-23 13:21:00 [INFO] [CANCEL] CETUS/USDT:USDT 已取消止盈单 4000000112929382
2025-12-23 13:21:01 [INFO] [CANCEL] CETUS/USDT:USDT 已取消止损单 4000000112929384
2025-12-23 13:21:01 [INFO] [PROTECT] CETUS/USDT:USDT 更新止盈 0.0228438，订单止盈 0.02284
2025-12-23 13:21:01 [INFO] [PROTECT] CETUS/USDT:USDT 更新止损 0.024099700396554558，订单止损 0.0241
2025-12-23 13:21:01 [INFO] [MONITOR] 持仓#1 symbol=DAM/USDT:USDT qty=1068.2 tp=0.016444399999999998 sl=0.017339035753573283 entry_time=2025-12-23 13:15:04 min_price=0.01678
2025-12-23 13:21:01 [INFO] [MONITOR] 持仓#2 symbol=ONG/USDT:USDT qty=224.9 tp=0.0782824 sl=0.08234002941027031 entry_time=2025-12-23 13:15:05 min_price=0.07966
2025-12-23 13:21:01 [INFO] [MONITOR] 持仓#3 symbol=UB/USDT:USDT qty=432.8 tp=0.040728799999999996 sl=0.04279875738045407 entry_time=2025-12-23 13:15:05 min_price=0.04152
2025-12-23 13:21:01 [INFO] [MONITOR] 持仓#4 symbol=RVV/USDT:USDT qty=5787.8 tp=0.00302036 sl=0.0032001530228835617 entry_time=2025-12-23 13:15:06 min_price=0.003082
2025-12-23 13:21:01 [INFO] [MONITOR] 持仓#5 symbol=CETUS/USDT:USDT qty=768.6 tp=0.0228438 sl=0.024099700396554558 entry_time=2025-12-23 13:15:07 min_price=0.0233
2025-12-23 13:21:01 [INFO] [SCAN] 非15分钟节点，跳过开仓扫描
2025-12-23 13:21:01 [INFO] [WAIT] 等待 58.9 秒进入下一轮
2025-12-23 13:22:00 [INFO] [CANCEL] DAM/USDT:USDT 已取消止盈单 4000000112936585
2025-12-23 13:22:00 [INFO] [CANCEL] DAM/USDT:USDT 已取消止损单 4000000112936588
2025-12-23 13:22:00 [INFO] [PROTECT] DAM/USDT:USDT 更新止盈 0.016444399999999998，订单止盈 0.01644
2025-12-23 13:22:00 [INFO] [PROTECT] DAM/USDT:USDT 更新止损 0.017336240574805418，订单止损 0.01734
2025-12-23 13:22:00 [INFO] [CANCEL] ONG/USDT:USDT 已取消止盈单 4000000112936622
2025-12-23 13:22:00 [INFO] [CANCEL] ONG/USDT:USDT 已取消止损单 4000000112936627
2025-12-23 13:22:00 [INFO] [PROTECT] ONG/USDT:USDT 更新止盈 0.0782824，订单止盈 0.07828
2025-12-23 13:22:00 [INFO] [PROTECT] ONG/USDT:USDT 更新止损 0.08232662926321896，订单止损 0.08233
2025-12-23 13:22:00 [INFO] [CANCEL] UB/USDT:USDT 已取消止盈单 4000000112936647
2025-12-23 13:22:00 [INFO] [CANCEL] UB/USDT:USDT 已取消止损单 4000000112936649
2025-12-23 13:22:00 [INFO] [PROTECT] UB/USDT:USDT 更新止盈 0.040728799999999996，订单止盈 0.04073
2025-12-23 13:22:00 [INFO] [PROTECT] UB/USDT:USDT 更新止损 0.0427923635935518，订单止损 0.04279
2025-12-23 13:22:00 [INFO] [CANCEL] RVV/USDT:USDT 已取消止盈单 4000000112936666
2025-12-23 13:22:00 [INFO] [CANCEL] RVV/USDT:USDT 已取消止损单 4000000112936673
2025-12-23 13:22:00 [INFO] [PROTECT] RVV/USDT:USDT 更新止盈 0.0030154599999999998，订单止盈 0.003015
2025-12-23 13:22:00 [INFO] [PROTECT] RVV/USDT:USDT 更新止损 0.003199457257769144，订单止损 0.003199
2025-12-23 13:22:00 [INFO] [CANCEL] CETUS/USDT:USDT 已取消止盈单 4000000112936697
2025-12-23 13:22:00 [INFO] [CANCEL] CETUS/USDT:USDT 已取消止损单 4000000112936703
2025-12-23 13:22:01 [INFO] [PROTECT] CETUS/USDT:USDT 更新止盈 0.022824200000000003，订单止盈 0.02282
2025-12-23 13:22:01 [INFO] [PROTECT] CETUS/USDT:USDT 更新止损 0.024095651894571784，订单止损 0.0241
2025-12-23 13:22:01 [INFO] [MONITOR] 持仓#1 symbol=DAM/USDT:USDT qty=1068.2 tp=0.016444399999999998 sl=0.017336240574805418 entry_time=2025-12-23 13:15:04 min_price=0.01678
2025-12-23 13:22:01 [INFO] [MONITOR] 持仓#2 symbol=ONG/USDT:USDT qty=224.9 tp=0.0782824 sl=0.08232662926321896 entry_time=2025-12-23 13:15:05 min_price=0.07966
2025-12-23 13:22:01 [INFO] [MONITOR] 持仓#3 symbol=UB/USDT:USDT qty=432.8 tp=0.040728799999999996 sl=0.0427923635935518 entry_time=2025-12-23 13:15:05 min_price=0.04152
2025-12-23 13:22:01 [INFO] [MONITOR] 持仓#4 symbol=RVV/USDT:USDT qty=5787.8 tp=0.0030154599999999998 sl=0.003199457257769144 entry_time=2025-12-23 13:15:06 min_price=0.003061
2025-12-23 13:22:01 [INFO] [MONITOR] 持仓#5 symbol=CETUS/USDT:USDT qty=768.6 tp=0.022824200000000003 sl=0.024095651894571784 entry_time=2025-12-23 13:15:07 min_price=0.02329
2025-12-23 13:22:01 [INFO] [SCAN] 非15分钟节点，跳过开仓扫描
2025-12-23 13:22:01 [INFO] [WAIT] 等待 59.0 秒进入下一轮
2025-12-23 13:23:00 [INFO] [CANCEL] DAM/USDT:USDT 已取消止盈单 4000000112943929
2025-12-23 13:23:00 [INFO] [CANCEL] DAM/USDT:USDT 已取消止损单 4000000112943934
2025-12-23 13:23:00 [INFO] [PROTECT] DAM/USDT:USDT 更新止盈 0.016444399999999998，订单止盈 0.01644
2025-12-23 13:23:00 [INFO] [PROTECT] DAM/USDT:USDT 更新止损 0.01733340937193139，订单止损 0.01733
2025-12-23 13:23:00 [INFO] [CANCEL] ONG/USDT:USDT 已取消止盈单 4000000112943957
2025-12-23 13:23:00 [INFO] [CANCEL] ONG/USDT:USDT 已取消止损单 4000000112943962
2025-12-23 13:23:00 [INFO] [PROTECT] ONG/USDT:USDT 更新止盈 0.0782824，订单止盈 0.07828
2025-12-23 13:23:00 [INFO] [PROTECT] ONG/USDT:USDT 更新止损 0.08231329611690287，订单止损 0.08231
2025-12-23 13:23:00 [INFO] [CANCEL] UB/USDT:USDT 已取消止盈单 4000000112943991
2025-12-23 13:23:00 [INFO] [CANCEL] UB/USDT:USDT 已取消止损单 4000000112943999
2025-12-23 13:23:00 [INFO] [PROTECT] UB/USDT:USDT 更新止盈 0.0407092，订单止盈 0.04071
2025-12-23 13:23:00 [INFO] [PROTECT] UB/USDT:USDT 更新止损 0.04278600177558404，订单止损 0.04279
2025-12-23 13:23:00 [INFO] [CANCEL] RVV/USDT:USDT 已取消止盈单 4000000112944016
2025-12-23 13:23:00 [INFO] [CANCEL] RVV/USDT:USDT 已取消止损单 4000000112944024
2025-12-23 13:23:00 [INFO] [PROTECT] RVV/USDT:USDT 更新止盈 0.0030154599999999998，订单止盈 0.003015
2025-12-23 13:23:00 [INFO] [PROTECT] RVV/USDT:USDT 更新止损 0.0031987649714802983，订单止损 0.003199
2025-12-23 13:23:00 [INFO] [CANCEL] CETUS/USDT:USDT 已取消止盈单 4000000112944036
2025-12-23 13:23:00 [INFO] [CANCEL] CETUS/USDT:USDT 已取消止损单 4000000112944040
2025-12-23 13:23:01 [INFO] [PROTECT] CETUS/USDT:USDT 更新止盈 0.0228144，订单止盈 0.02281
2025-12-23 13:23:01 [INFO] [PROTECT] CETUS/USDT:USDT 更新止损 0.024091523635098925，订单止损 0.02409
2025-12-23 13:23:01 [INFO] [MONITOR] 持仓#1 symbol=DAM/USDT:USDT qty=1068.2 tp=0.016444399999999998 sl=0.01733340937193139 entry_time=2025-12-23 13:15:04 min_price=0.01677
2025-12-23 13:23:01 [INFO] [MONITOR] 持仓#2 symbol=ONG/USDT:USDT qty=224.9 tp=0.0782824 sl=0.08231329611690287 entry_time=2025-12-23 13:15:05 min_price=0.07966
2025-12-23 13:23:01 [INFO] [MONITOR] 持仓#3 symbol=UB/USDT:USDT qty=432.8 tp=0.0407092 sl=0.04278600177558404 entry_time=2025-12-23 13:15:05 min_price=0.04152
2025-12-23 13:23:01 [INFO] [MONITOR] 持仓#4 symbol=RVV/USDT:USDT qty=5787.8 tp=0.0030154599999999998 sl=0.0031987649714802983 entry_time=2025-12-23 13:15:06 min_price=0.003061
2025-12-23 13:23:01 [INFO] [MONITOR] 持仓#5 symbol=CETUS/USDT:USDT qty=768.6 tp=0.0228144 sl=0.024091523635098925 entry_time=2025-12-23 13:15:07 min_price=0.02327
2025-12-23 13:23:01 [INFO] [SCAN] 非15分钟节点，跳过开仓扫描
2025-12-23 13:23:01 [INFO] [WAIT] 等待 58.9 秒进入下一轮
2025-12-23 13:24:00 [INFO] [CANCEL] DAM/USDT:USDT 已取消止盈单 4000000112950753
2025-12-23 13:24:00 [INFO] [CANCEL] DAM/USDT:USDT 已取消止损单 4000000112950758
2025-12-23 13:24:00 [INFO] [PROTECT] DAM/USDT:USDT 更新止盈 0.016444399999999998，订单止盈 0.01644
2025-12-23 13:24:00 [INFO] [PROTECT] DAM/USDT:USDT 更新止损 0.017330592325071732，订单止损 0.01733
2025-12-23 13:24:00 [INFO] [CANCEL] ONG/USDT:USDT 已取消止盈单 4000000112950780
2025-12-23 13:24:00 [INFO] [CANCEL] ONG/USDT:USDT 已取消止损单 4000000112950789
2025-12-23 13:24:00 [INFO] [PROTECT] ONG/USDT:USDT 更新止盈 0.0782824，订单止盈 0.07828
2025-12-23 13:24:00 [INFO] [PROTECT] ONG/USDT:USDT 更新止损 0.08230002963631836，订单止损 0.0823
2025-12-23 13:24:00 [INFO] [CANCEL] UB/USDT:USDT 已取消止盈单 4000000112950808
2025-12-23 13:24:00 [INFO] [CANCEL] UB/USDT:USDT 已取消止损单 4000000112950810
2025-12-23 13:24:00 [INFO] [PROTECT] UB/USDT:USDT 更新止盈 0.0407092，订单止盈 0.04071
2025-12-23 13:24:00 [INFO] [PROTECT] UB/USDT:USDT 更新止损 0.04277962176670612，订单止损 0.04278
2025-12-23 13:24:00 [INFO] [CANCEL] RVV/USDT:USDT 已取消止盈单 4000000112950830
2025-12-23 13:24:00 [INFO] [CANCEL] RVV/USDT:USDT 已取消止损单 4000000112950831
2025-12-23 13:24:00 [INFO] [PROTECT] RVV/USDT:USDT 更新止盈 0.0030154599999999998，订单止盈 0.003015
2025-12-23 13:24:00 [INFO] [PROTECT] RVV/USDT:USDT 更新止损 0.0031980761466228968，订单止损 0.003198
2025-12-23 13:24:00 [INFO] [CANCEL] CETUS/USDT:USDT 已取消止盈单 4000000112950856
2025-12-23 13:24:00 [INFO] [CANCEL] CETUS/USDT:USDT 已取消止损单 4000000112950859
2025-12-23 13:24:01 [INFO] [PROTECT] CETUS/USDT:USDT 更新止盈 0.0228144，订单止盈 0.02281
2025-12-23 13:24:01 [INFO] [PROTECT] CETUS/USDT:USDT 更新止损 0.024087416016923432，订单止损 0.02409
2025-12-23 13:24:01 [INFO] [MONITOR] 持仓#1 symbol=DAM/USDT:USDT qty=1068.2 tp=0.016444399999999998 sl=0.017330592325071732 entry_time=2025-12-23 13:15:04 min_price=0.01677
2025-12-23 13:24:01 [INFO] [MONITOR] 持仓#2 symbol=ONG/USDT:USDT qty=224.9 tp=0.0782824 sl=0.08230002963631836 entry_time=2025-12-23 13:15:05 min_price=0.07966
2025-12-23 13:24:01 [INFO] [MONITOR] 持仓#3 symbol=UB/USDT:USDT qty=432.8 tp=0.0407092 sl=0.04277962176670612 entry_time=2025-12-23 13:15:05 min_price=0.04151
2025-12-23 13:24:01 [INFO] [MONITOR] 持仓#4 symbol=RVV/USDT:USDT qty=5787.8 tp=0.0030154599999999998 sl=0.0031980761466228968 entry_time=2025-12-23 13:15:06 min_price=0.003061
2025-12-23 13:24:01 [INFO] [MONITOR] 持仓#5 symbol=CETUS/USDT:USDT qty=768.6 tp=0.0228144 sl=0.024087416016923432 entry_time=2025-12-23 13:15:07 min_price=0.02327
2025-12-23 13:24:01 [INFO] [SCAN] 非15分钟节点，跳过开仓扫描
2025-12-23 13:24:01 [INFO] [WAIT] 等待 58.9 秒进入下一轮
2025-12-23 13:25:00 [INFO] [CANCEL] DAM/USDT:USDT 已取消止盈单 4000000112957981
2025-12-23 13:25:00 [INFO] [CANCEL] DAM/USDT:USDT 已取消止损单 4000000112957989
2025-12-23 13:25:00 [INFO] [PROTECT] DAM/USDT:USDT 更新止盈 0.016444399999999998，订单止盈 0.01644
2025-12-23 13:25:00 [INFO] [PROTECT] DAM/USDT:USDT 更新止损 0.017327789363446373，订单止损 0.01733
2025-12-23 13:25:00 [INFO] [CANCEL] ONG/USDT:USDT 已取消止盈单 4000000112958019
2025-12-23 13:25:00 [INFO] [CANCEL] ONG/USDT:USDT 已取消止损单 4000000112958023
2025-12-23 13:25:00 [INFO] [PROTECT] ONG/USDT:USDT 更新止盈 0.0782824，订单止盈 0.07828
2025-12-23 13:25:00 [INFO] [PROTECT] ONG/USDT:USDT 更新止损 0.08228682948813676，订单止损 0.08229
2025-12-23 13:25:00 [INFO] [CANCEL] UB/USDT:USDT 已取消止盈单 4000000112958054
2025-12-23 13:25:00 [INFO] [CANCEL] UB/USDT:USDT 已取消止损单 4000000112958056
2025-12-23 13:25:00 [INFO] [PROTECT] UB/USDT:USDT 更新止盈 0.0407092，订单止盈 0.04071
2025-12-23 13:25:00 [INFO] [PROTECT] UB/USDT:USDT 更新止损 0.04277327365787259，订单止损 0.04277
2025-12-23 13:25:00 [INFO] [CANCEL] RVV/USDT:USDT 已取消止盈单 4000000112958072
2025-12-23 13:25:00 [INFO] [CANCEL] RVV/USDT:USDT 已取消止损单 4000000112958075
2025-12-23 13:25:00 [INFO] [PROTECT] RVV/USDT:USDT 更新止盈 0.0030154599999999998，订单止盈 0.003015
2025-12-23 13:25:00 [INFO] [PROTECT] RVV/USDT:USDT 更新止损 0.003197390765889782，订单止损 0.003197
2025-12-23 13:25:01 [INFO] [CANCEL] CETUS/USDT:USDT 已取消止盈单 4000000112958101
2025-12-23 13:25:01 [INFO] [CANCEL] CETUS/USDT:USDT 已取消止损单 4000000112958105
2025-12-23 13:25:01 [INFO] [PROTECT] CETUS/USDT:USDT 更新止盈 0.0228144，订单止盈 0.02281
2025-12-23 13:25:01 [INFO] [PROTECT] CETUS/USDT:USDT 更新止损 0.024083328936838816，订单止损 0.02408
2025-12-23 13:25:01 [INFO] [MONITOR] 持仓#1 symbol=DAM/USDT:USDT qty=1068.2 tp=0.016444399999999998 sl=0.017327789363446373 entry_time=2025-12-23 13:15:04 min_price=0.01677
2025-12-23 13:25:01 [INFO] [MONITOR] 持仓#2 symbol=ONG/USDT:USDT qty=224.9 tp=0.0782824 sl=0.08228682948813676 entry_time=2025-12-23 13:15:05 min_price=0.07966
2025-12-23 13:25:01 [INFO] [MONITOR] 持仓#3 symbol=UB/USDT:USDT qty=432.8 tp=0.0407092 sl=0.04277327365787259 entry_time=2025-12-23 13:15:05 min_price=0.04151
2025-12-23 13:25:01 [INFO] [MONITOR] 持仓#4 symbol=RVV/USDT:USDT qty=5787.8 tp=0.0030154599999999998 sl=0.003197390765889782 entry_time=2025-12-23 13:15:06 min_price=0.003061
2025-12-23 13:25:01 [INFO] [MONITOR] 持仓#5 symbol=CETUS/USDT:USDT qty=768.6 tp=0.0228144 sl=0.024083328936838816 entry_time=2025-12-23 13:15:07 min_price=0.02327
2025-12-23 13:25:01 [INFO] [SCAN] 非15分钟节点，跳过开仓扫描
2025-12-23 13:25:01 [INFO] [WAIT] 等待 58.9 秒进入下一轮
2025-12-23 13:25:15 [INFO] [EXIT] 用户中断
